-- ITINERA v0.36 · estrutura por etapas + base documental 3
-- Ejecutar en Supabase SQL Editor.
-- Incluye: FP por familias, másteres/doctorados, guía por etapas, glosario, becas y mapas de continuidad.
begin;

create table if not exists public.itinera_life_stages (
  id text primary key,
  title text not null,
  subtitle text,
  content jsonb not null default '{}'::jsonb,
  created_at timestamptz not null default now(),
  updated_at timestamptz not null default now()
);

create table if not exists public.itinera_glossary (
  id text primary key,
  term text not null,
  definition text not null,
  category text not null default 'xeral',
  created_at timestamptz not null default now(),
  updated_at timestamptz not null default now()
);

create table if not exists public.itinera_scholarships (
  id text primary key,
  title text not null,
  body text not null,
  category text not null default 'becas',
  source_id text references public.itinera_sources(id) on delete set null,
  raw jsonb not null default '{}'::jsonb,
  created_at timestamptz not null default now(),
  updated_at timestamptz not null default now()
);

create table if not exists public.itinera_route_maps (
  id text primary key,
  title text not null,
  steps jsonb not null default '[]'::jsonb,
  raw jsonb not null default '{}'::jsonb,
  created_at timestamptz not null default now(),
  updated_at timestamptz not null default now()
);

create table if not exists public.itinera_fp_catalog_details (
  id text primary key,
  study_id text references public.itinera_studies(id) on delete cascade,
  learned text,
  work_context text,
  jobs jsonb not null default '[]'::jsonb,
  modules jsonb not null default '[]'::jsonb,
  source_file text,
  raw jsonb not null default '{}'::jsonb,
  created_at timestamptz not null default now(),
  updated_at timestamptz not null default now()
);

create table if not exists public.itinera_postgraduate_catalog (
  id text primary key,
  study_id text references public.itinera_studies(id) on delete cascade,
  postgraduate_type text not null,
  campus text,
  source_file text,
  raw jsonb not null default '{}'::jsonb,
  created_at timestamptz not null default now(),
  updated_at timestamptz not null default now()
);


insert into public.itinera_sources(id,title,url,category,usefulness,official,jurisdiction)
values ('xunta-fp-catalogo-familias-2025-2026','Xunta FP · catálogo por familias 2025-2026','https://www.edu.xunta.gal/fp/oferta-fp','fp_catalogo','Documentación por familias profesionais con que se aprende, ámbitos de traballo, ocupacións e módulos.',true,'Galicia')
on conflict (id) do update set title=excluded.title,url=excluded.url,category=excluded.category,usefulness=excluded.usefulness,official=excluded.official,jurisdiction=excluded.jurisdiction,updated_at=now();


insert into public.itinera_sources(id,title,url,category,usefulness,official,jurisdiction)
values ('usc-udc-masteres-doctorados','USC/UDC · másteres e doutoramentos','https://www.usc.gal/','universidade_posgrao','Documento achegado sobre másteres e doutoramentos de universidades galegas.',true,'Galicia')
on conflict (id) do update set title=excluded.title,url=excluded.url,category=excluded.category,usefulness=excluded.usefulness,official=excluded.official,jurisdiction=excluded.jurisdiction,updated_at=now();


insert into public.itinera_sources(id,title,url,category,usefulness,official,jurisdiction)
values ('itinera-guia-etapas','ITINERA · guía por etapas vitais e académicas','https://aulatribeca.github.io/itinera/','orientacion','Guía propia de orientación estruturada por etapa vital e académica.',true,'Galicia')
on conflict (id) do update set title=excluded.title,url=excluded.url,category=excluded.category,usefulness=excluded.usefulness,official=excluded.official,jurisdiction=excluded.jurisdiction,updated_at=now();


insert into public.itinera_life_stages(id,title,subtitle,content)
values ('eso','Estou en ESO','Primeiras decisións académicas','{"id": "eso", "title": "Estou en ESO", "subtitle": "Primeiras decisións académicas", "where": "Estás nunha etapa obrigatoria na que empezan as primeiras bifurcacións reais: continuidade ordinaria, elección de materias, FP básica, Bacharelato ou FP de grao medio despois do título.", "options": ["Continuar ata obter o título de ESO.", "Explorar FP básica se hai unha necesidade de vía máis aplicada.", "Preparar Bacharelato se a meta é universidade ou FP superior.", "Preparar FP de grao medio se buscas unha vía profesional máis directa."], "decisions": ["Escoller materias que non pechen portas innecesariamente.", "Detectar se a dificultade é de interese, método, base académica ou circunstancias persoais.", "Usar LUMEN-V se non hai vocación clara."], "requirements": ["Para Bacharelato e FP de grao medio normalmente cómpre o título de ESO ou vías alternativas reguladas.", "Se non hai título, revisar educación de persoas adultas, FP básica ou probas de acceso cando proceda."], "next": ["LUMEN-V para intereses.", "Mapa ESO → Bacharelato / FP.", "Becas e NEAE se hai necesidades específicas."]}'::jsonb)
on conflict (id) do update set title=excluded.title,subtitle=excluded.subtitle,content=excluded.content,updated_at=now();


insert into public.itinera_life_stages(id,title,subtitle,content)
values ('bach','Estou en Bacharelato','Modalidade, materias e acceso','{"id": "bach", "title": "Estou en Bacharelato", "subtitle": "Modalidade, materias e acceso", "where": "Estás nunha etapa curta e decisiva. A modalidade e as materias poden influír na base académica, na ABAU e na admisión universitaria.", "options": ["Universidade mediante ABAU/EBAU.", "FP de grao superior.", "Ensinanzas artísticas, deportivas ou outras vías específicas.", "Reorientación cara a FP se o Bacharelato non encaixa."], "decisions": ["Escoller materias que ponderen e que tamén poidas preparar ben.", "Non confundir nota de corte con nota garantida.", "Comparar grao universitario e FP superior cando ambos levan a ámbitos próximos."], "requirements": ["Consultar ponderacións CIUG e notas de corte orientativas.", "Comprobar se o estudo require proba específica, idioma, praza limitada ou máster habilitante posterior."], "next": ["Simular ruta desde Bacharelato.", "Consultar ponderacións e becas.", "Comparar opcións universitarias e FP superior."]}'::jsonb)
on conflict (id) do update set title=excluded.title,subtitle=excluded.subtitle,content=excluded.content,updated_at=now();


insert into public.itinera_life_stages(id,title,subtitle,content)
values ('fp-start','Quero facer FP','Familias, ciclos, modalidade e saída profesional','{"id": "fp-start", "title": "Quero facer FP", "subtitle": "Familias, ciclos, modalidade e saída profesional", "where": "A FP é unha vía profesionalizante organizada por familias e módulos. Pode servir para traballar, especializarse ou continuar estudando.", "options": ["FP básica.", "Ciclo de grao medio.", "Ciclo de grao superior.", "Curso de especialización.", "Réxime ordinario, dual, modular, presencial, semipresencial ou a distancia segundo oferta."], "decisions": ["Escoller familia profesional antes que un título illado.", "Revisar centros, modalidade e prazas reais.", "Comprobar se o ciclo permite continuidade cara a un nivel superior."], "requirements": ["Acceso segundo nivel: ESO ou equivalente, Bacharelato, FP previa, proba de acceso ou outras vías reguladas.", "A oferta cambia por curso, centro e modalidade."], "next": ["Usar o selector por familias no simulador.", "Revisar ciclos modulares se necesitas compatibilidade con traballo ou vida familiar.", "Consultar saídas profesionais."]}'::jsonb)
on conflict (id) do update set title=excluded.title,subtitle=excluded.subtitle,content=excluded.content,updated_at=now();


insert into public.itinera_life_stages(id,title,subtitle,content)
values ('fp-continue','Estou en FP e quero continuar','Do ciclo á especialización, grao superior ou universidade','{"id": "fp-continue", "title": "Estou en FP e quero continuar", "subtitle": "Do ciclo á especialización, grao superior ou universidade", "where": "Desde FP podes avanzar dentro da mesma familia, cambiar de familia, facer un grao superior, especializarte ou acceder á universidade desde un ciclo superior.", "options": ["Grao medio → grao superior.", "Grao superior → universidade.", "Grao superior → curso de especialización.", "Inserción laboral directa.", "Preparación de fase voluntaria se queres mellorar nota de admisión universitaria."], "decisions": ["Valorar se compensa facer fase voluntaria da ABAU.", "Escoller grao superior relacionado coa meta universitaria.", "Comprobar posibles convalidacións ou recoñecementos."], "requirements": ["A admisión á universidade desde FP superior depende de nota e prazas; a fase voluntaria pode mellorar opcións.", "Os cursos de especialización esixen títulos previos concretos."], "next": ["Simular ruta FP → universidade.", "Consultar cursos de especialización.", "Revisar emprego e becas."]}'::jsonb)
on conflict (id) do update set title=excluded.title,subtitle=excluded.subtitle,content=excluded.content,updated_at=now();


insert into public.itinera_life_stages(id,title,subtitle,content)
values ('university-access','Quero ir á universidade','Graos, admisión, notas, campus e oficialidade','{"id": "university-access", "title": "Quero ir á universidade", "subtitle": "Graos, admisión, notas, campus e oficialidade", "where": "A universidade comeza polo grao, pero a decisión non debe quedar no nome do título. Hai que comprobar plan, campus, prazas, oficialidade, saídas e estudos posteriores.", "options": ["Acceso desde Bacharelato + ABAU.", "Acceso desde FP superior.", "Acceso por maiores de 25, 40 ou 45 segundo normativa.", "Cambio de grao, traslado ou segunda titulación."], "decisions": ["Comprobar se o título é oficial no RUCT.", "Revisar QEDU, plan de estudos, campus e prácticas.", "Identificar se require máster habilitante para exercer."], "requirements": ["Nota de admisión, prazas, criterios de prioridade, proba específica se existe e prazos da convocatoria.", "Becas e custo real de estudar fóra da casa."], "next": ["Buscar graos por universidade ou área.", "Consultar notas, ponderacións e becas.", "Ver mapas grao → máster → doutoramento."]}'::jsonb)
on conflict (id) do update set title=excluded.title,subtitle=excluded.subtitle,content=excluded.content,updated_at=now();


insert into public.itinera_life_stages(id,title,subtitle,content)
values ('in-university','Xa estou na universidade','Reorientación, máster, doutoramento e saída profesional','{"id": "in-university", "title": "Xa estou na universidade", "subtitle": "Reorientación, máster, doutoramento e saída profesional", "where": "Se xa estás nun grao, a orientación tamén importa: podes continuar, cambiar, especializarte, preparar prácticas, opositar, facer máster ou iniciar investigación.", "options": ["Continuar no grao actual.", "Cambiar de grao ou universidade.", "Facer máster oficial ou habilitante.", "Facer doutoramento.", "Buscar prácticas, mobilidade ou saída profesional."], "decisions": ["Diferenciar cansazo puntual, falta de método e erro de elección.", "Revisar recoñecementos de créditos antes de cambiar.", "Planificar máster se a profesión o require."], "requirements": ["Normativa de permanencia, recoñecemento de créditos, requisitos de máster e prazos de admisión.", "Para doutoramento, liña de investigación, dirección e requisitos de acceso."], "next": ["Consultar másteres e doutoramentos.", "Revisar becas universitarias.", "Usar ItineraBot para comparar reorientacións."]}'::jsonb)
on conflict (id) do update set title=excluded.title,subtitle=excluded.subtitle,content=excluded.content,updated_at=now();


insert into public.itinera_life_stages(id,title,subtitle,content)
values ('adult','Son persoa adulta e quero volver estudar','Vías flexibles, probas, modular e compatibilidade','{"id": "adult", "title": "Son persoa adulta e quero volver estudar", "subtitle": "Vías flexibles, probas, modular e compatibilidade", "where": "A orientación adulta debe partir do tempo dispoñible, titulación previa, experiencia laboral, responsabilidades e obxectivo: mellorar emprego, cambiar de sector ou iniciar estudos superiores.", "options": ["Educación de persoas adultas.", "Probas de acceso a grao medio ou superior.", "FP modular, semipresencial ou a distancia.", "Acceso á universidade para maiores de 25, 40 ou 45.", "Acreditación de competencias profesionais."], "decisions": ["Escoller unha ruta sostible, non só a máis rápida.", "Valorar matrícula por módulos se traballas ou tes responsabilidades familiares.", "Revisar becas, prazos e documentación."], "requirements": ["Idade, titulación previa, experiencia, prazos de inscrición e probas específicas segundo vía.", "Oferta real por curso e centro."], "next": ["Ver itinerarios modulares.", "Simular ruta flexible.", "Consultar becas e probas de acceso."]}'::jsonb)
on conflict (id) do update set title=excluded.title,subtitle=excluded.subtitle,content=excluded.content,updated_at=now();


insert into public.itinera_life_stages(id,title,subtitle,content)
values ('vocational','Necesito orientación vocacional','Antes de decidir, coñécete mellor','{"id": "vocational", "title": "Necesito orientación vocacional", "subtitle": "Antes de decidir, coñécete mellor", "where": "Cando non hai unha meta clara, convén empezar por intereses, habilidades, valores, condicións de vida e estilo de aprendizaxe.", "options": ["Usar LUMEN-V.", "Explorar familias profesionais.", "Comparar estudos semellantes.", "Facer unha primeira lista curta de opcións."], "decisions": ["Non decidir só por saída laboral, por presión familiar ou por unha materia concreta.", "Diferenciar interese real, curiosidade superficial e idealización dunha profesión."], "requirements": ["Tempo para explorar, información fiable e contraste con materias, requisitos e realidade profesional."], "next": ["Abrir LUMEN-V.", "Usar perfís de interese.", "Comparar dúas ou tres opcións."]}'::jsonb)
on conflict (id) do update set title=excluded.title,subtitle=excluded.subtitle,content=excluded.content,updated_at=now();


insert into public.itinera_life_stages(id,title,subtitle,content)
values ('scholarships','Necesito becas ou axudas','Ministerio, NEAE, residencia, transporte e universidade','{"id": "scholarships", "title": "Necesito becas ou axudas", "subtitle": "Ministerio, NEAE, residencia, transporte e universidade", "where": "As becas poden facer viable unha ruta, pero dependen de convocatoria, requisitos económicos, académicos, prazo e documentación.", "options": ["Beca xeral do Ministerio.", "Axudas NEAE.", "Becas universitarias ou propias.", "Axudas de residencia, transporte ou comedor cando existan."], "decisions": ["Solicitar dentro de prazo aínda que falten datos definitivos.", "Non esperar á matrícula se a convocatoria permite solicitude previa.", "Preparar documentación familiar, académica e bancaria."], "requirements": ["Cumprir limiares económicos e requisitos académicos. En NEAE, acreditar a situación segundo convocatoria."], "next": ["Abrir sección de becas.", "Revisar prazos oficiais.", "Preguntar a ItineraBot polo teu caso."]}'::jsonb)
on conflict (id) do update set title=excluded.title,subtitle=excluded.subtitle,content=excluded.content,updated_at=now();


insert into public.itinera_life_stages(id,title,subtitle,content)
values ('neae','Teño NEAE, discapacidade ou circunstancias específicas','Apoios, cupos e adaptacións','{"id": "neae", "title": "Teño NEAE, discapacidade ou circunstancias específicas", "subtitle": "Apoios, cupos e adaptacións", "where": "A orientación debe ter en conta necesidades específicas, discapacidade, saúde, conciliación, altas capacidades, dificultades de aprendizaxe ou situación socioeconómica.", "options": ["Axudas NEAE.", "Adaptacións educativas ou de acceso cando procedan.", "Cupos de reserva en determinados procesos.", "Itinerarios máis flexibles ou compatibles con tratamento, traballo ou coidados."], "decisions": ["Non escoller só polo diagnóstico ou etiqueta, senón polo perfil real, apoios e condicións de éxito.", "Preguntar sempre polos dereitos e procedementos oficiais."], "requirements": ["Documentación acreditativa, informes e prazos segundo convocatoria ou administración competente."], "next": ["Consultar becas NEAE.", "Revisar accesibilidade e apoio do centro.", "Usar rutas flexibles."]}'::jsonb)
on conflict (id) do update set title=excluded.title,subtitle=excluded.subtitle,content=excluded.content,updated_at=now();


insert into public.itinera_glossary(id,term,definition,category)
values ('glosario-abau-ebau','ABAU/EBAU','Proba de acceso á universidade. A parte obrigatoria dá acceso e a fase voluntaria pode mellorar a nota de admisión.','xeral')
on conflict (id) do update set term=excluded.term,definition=excluded.definition,category=excluded.category,updated_at=now();


insert into public.itinera_glossary(id,term,definition,category)
values ('glosario-admision','Admisión','Proceso polo que unha persoa solicita praza nun ensino. Pode depender de nota, prazas, requisitos e criterios de prioridade.','xeral')
on conflict (id) do update set term=excluded.term,definition=excluded.definition,category=excluded.category,updated_at=now();


insert into public.itinera_glossary(id,term,definition,category)
values ('glosario-bacharelato','Bacharelato','Etapa postobrigatoria de dous cursos que prepara para universidade, FP superior e outras vías.','xeral')
on conflict (id) do update set term=excluded.term,definition=excluded.definition,category=excluded.category,updated_at=now();


insert into public.itinera_glossary(id,term,definition,category)
values ('glosario-beca-xeral','Beca xeral','Axuda económica do Ministerio para estudos postobrigatorios, condicionada por requisitos académicos e económicos.','becas')
on conflict (id) do update set term=excluded.term,definition=excluded.definition,category=excluded.category,updated_at=now();


insert into public.itinera_glossary(id,term,definition,category)
values ('glosario-beca-neae','Beca NEAE','Axuda para alumnado con necesidade específica de apoio educativo cando cumpre requisitos da convocatoria.','becas')
on conflict (id) do update set term=excluded.term,definition=excluded.definition,category=excluded.category,updated_at=now();


insert into public.itinera_glossary(id,term,definition,category)
values ('glosario-ciclo-formativo','Ciclo formativo','Ensino de FP organizado en módulos profesionais. Pode ser básico, medio ou superior.','fp')
on conflict (id) do update set term=excluded.term,definition=excluded.definition,category=excluded.category,updated_at=now();


insert into public.itinera_glossary(id,term,definition,category)
values ('glosario-ciclo-modular','Ciclo modular','Forma de cursar FP por módulos profesionais, habitual no réxime de persoas adultas, presencial, semipresencial ou a distancia segundo oferta.','fp')
on conflict (id) do update set term=excluded.term,definition=excluded.definition,category=excluded.category,updated_at=now();


insert into public.itinera_glossary(id,term,definition,category)
values ('glosario-curso-de-especializacion','Curso de especialización','Formación posterior a determinados ciclos de FP para adquirir especialización técnica.','xeral')
on conflict (id) do update set term=excluded.term,definition=excluded.definition,category=excluded.category,updated_at=now();


insert into public.itinera_glossary(id,term,definition,category)
values ('glosario-ects','ECTS','Crédito europeo usado na universidade. Orienta a carga de traballo do estudante.','universidade')
on conflict (id) do update set term=excluded.term,definition=excluded.definition,category=excluded.category,updated_at=now();


insert into public.itinera_glossary(id,term,definition,category)
values ('glosario-fct','FCT','Formación en centros de traballo. Módulo de prácticas en empresa ou institución.','xeral')
on conflict (id) do update set term=excluded.term,definition=excluded.definition,category=excluded.category,updated_at=now();


insert into public.itinera_glossary(id,term,definition,category)
values ('glosario-fp-basica','FP básica','Vía de FP dirixida a alumnado que precisa unha alternativa aplicada dentro da educación básica.','fp')
on conflict (id) do update set term=excluded.term,definition=excluded.definition,category=excluded.category,updated_at=now();


insert into public.itinera_glossary(id,term,definition,category)
values ('glosario-fp-grao-medio','FP grao medio','Ciclo de nivel medio que permite obter título de técnico/a e continuar cara a grao superior ou inserción laboral.','fp')
on conflict (id) do update set term=excluded.term,definition=excluded.definition,category=excluded.category,updated_at=now();


insert into public.itinera_glossary(id,term,definition,category)
values ('glosario-fp-grao-superior','FP grao superior','Ciclo de nivel superior que permite obter título de técnico/a superior e acceder á universidade.','fp')
on conflict (id) do update set term=excluded.term,definition=excluded.definition,category=excluded.category,updated_at=now();


insert into public.itinera_glossary(id,term,definition,category)
values ('glosario-grao-universitario','Grao universitario','Primeiro nivel universitario oficial. Adoita ter 240 ECTS e dá unha formación xeral e profesionalizante.','xeral')
on conflict (id) do update set term=excluded.term,definition=excluded.definition,category=excluded.category,updated_at=now();


insert into public.itinera_glossary(id,term,definition,category)
values ('glosario-master-universitario','Máster universitario','Formación avanzada posterior ao grao. Pode ser habilitante, profesionalizante ou investigadora.','xeral')
on conflict (id) do update set term=excluded.term,definition=excluded.definition,category=excluded.category,updated_at=now();


insert into public.itinera_glossary(id,term,definition,category)
values ('glosario-master-habilitante','Máster habilitante','Máster necesario para exercer algunhas profesións reguladas.','xeral')
on conflict (id) do update set term=excluded.term,definition=excluded.definition,category=excluded.category,updated_at=now();


insert into public.itinera_glossary(id,term,definition,category)
values ('glosario-modulo-profesional','Módulo profesional','Materia ou unidade formativa dunha FP.','fp')
on conflict (id) do update set term=excluded.term,definition=excluded.definition,category=excluded.category,updated_at=now();


insert into public.itinera_glossary(id,term,definition,category)
values ('glosario-nota-de-corte','Nota de corte','Nota da última persoa admitida nun estudo e convocatoria. É orientativa, non unha nota fixa garantida.','xeral')
on conflict (id) do update set term=excluded.term,definition=excluded.definition,category=excluded.category,updated_at=now();


insert into public.itinera_glossary(id,term,definition,category)
values ('glosario-ponderacion','Ponderación','Valor polo que unha materia da fase voluntaria multiplica a cualificación para mellorar a nota de admisión.','xeral')
on conflict (id) do update set term=excluded.term,definition=excluded.definition,category=excluded.category,updated_at=now();


insert into public.itinera_glossary(id,term,definition,category)
values ('glosario-qedu','QEDU','Ferramenta oficial para consultar datos orientativos de universidades e titulacións.','universidade')
on conflict (id) do update set term=excluded.term,definition=excluded.definition,category=excluded.category,updated_at=now();


insert into public.itinera_glossary(id,term,definition,category)
values ('glosario-ruct','RUCT','Rexistro oficial de Universidades, Centros e Títulos. Serve para comprobar se un título universitario é oficial.','universidade')
on conflict (id) do update set term=excluded.term,definition=excluded.definition,category=excluded.category,updated_at=now();


insert into public.itinera_glossary(id,term,definition,category)
values ('glosario-doutoramento','Doutoramento','Formación investigadora posterior ao grao e, xeralmente, ao máster. Culmina coa tese doutoral.','universidade')
on conflict (id) do update set term=excluded.term,definition=excluded.definition,category=excluded.category,updated_at=now();


insert into public.itinera_glossary(id,term,definition,category)
values ('glosario-acceso-maiores-de-25','Acceso maiores de 25','Vía de acceso á universidade para persoas adultas que cumpren idade e superan a proba correspondente.','xeral')
on conflict (id) do update set term=excluded.term,definition=excluded.definition,category=excluded.category,updated_at=now();


insert into public.itinera_glossary(id,term,definition,category)
values ('glosario-acceso-maiores-de-40','Acceso maiores de 40','Vía que pode valorar experiencia laboral ou profesional relacionada, segundo universidade e titulación.','xeral')
on conflict (id) do update set term=excluded.term,definition=excluded.definition,category=excluded.category,updated_at=now();


insert into public.itinera_glossary(id,term,definition,category)
values ('glosario-acceso-maiores-de-45','Acceso maiores de 45','Vía específica con proba e/ou entrevista segundo normativa.','xeral')
on conflict (id) do update set term=excluded.term,definition=excluded.definition,category=excluded.category,updated_at=now();


insert into public.itinera_glossary(id,term,definition,category)
values ('glosario-acreditacion-de-competencias','Acreditación de competencias','Procedemento para recoñecer competencias profesionais adquiridas por experiencia laboral ou formación non formal.','xeral')
on conflict (id) do update set term=excluded.term,definition=excluded.definition,category=excluded.category,updated_at=now();


insert into public.itinera_glossary(id,term,definition,category)
values ('glosario-curso-de-especializacion-de-fp','Curso de especialización de FP','Formación de especialización posterior a determinados títulos de FP.','fp')
on conflict (id) do update set term=excluded.term,definition=excluded.definition,category=excluded.category,updated_at=now();


insert into public.itinera_glossary(id,term,definition,category)
values ('glosario-dual-intensiva','Dual intensiva','Modalidade de FP cunha participación relevante da empresa na formación.','xeral')
on conflict (id) do update set term=excluded.term,definition=excluded.definition,category=excluded.category,updated_at=now();


insert into public.itinera_glossary(id,term,definition,category)
values ('glosario-mencion','Mención','Especialización dentro dalgúns graos universitarios.','xeral')
on conflict (id) do update set term=excluded.term,definition=excluded.definition,category=excluded.category,updated_at=now();


insert into public.itinera_glossary(id,term,definition,category)
values ('glosario-plan-de-estudos','Plan de estudos','Conxunto de materias, créditos e estrutura dun título.','xeral')
on conflict (id) do update set term=excluded.term,definition=excluded.definition,category=excluded.category,updated_at=now();


insert into public.itinera_glossary(id,term,definition,category)
values ('glosario-profesion-regulada','Profesión regulada','Profesión que esixe título ou habilitación específica para exercerse legalmente.','xeral')
on conflict (id) do update set term=excluded.term,definition=excluded.definition,category=excluded.category,updated_at=now();


insert into public.itinera_glossary(id,term,definition,category)
values ('glosario-reconecemento-de-creditos','Recoñecemento de créditos','Procedemento polo que unha universidade pode recoñecer estudos previos.','xeral')
on conflict (id) do update set term=excluded.term,definition=excluded.definition,category=excluded.category,updated_at=now();


insert into public.itinera_scholarships(id,title,body,category,source_id,raw)
values ('beca-beca-xeral-do-ministerio','Beca xeral do Ministerio','Axuda para estudos postobrigatorios universitarios e non universitarios. Depende de requisitos económicos e académicos. Cómpre revisar prazos, limiares de renda, patrimonio, rendemento académico e contías.','becas','mefp-becas-xerais',jsonb_build_object('version','0.36','source_upload','3 base de datos itinera.zip'))
on conflict (id) do update set title=excluded.title,body=excluded.body,category=excluded.category,source_id=excluded.source_id,raw=excluded.raw,updated_at=now();


insert into public.itinera_scholarships(id,title,body,category,source_id,raw)
values ('beca-axudas-neae','Axudas NEAE','Dirixidas a alumnado con necesidade específica de apoio educativo cando cumpre os supostos da convocatoria e achega a documentación necesaria.','becas','mefp-becas-neae',jsonb_build_object('version','0.36','source_upload','3 base de datos itinera.zip'))
on conflict (id) do update set title=excluded.title,body=excluded.body,category=excluded.category,source_id=excluded.source_id,raw=excluded.raw,updated_at=now();


insert into public.itinera_scholarships(id,title,body,category,source_id,raw)
values ('beca-residencia-e-desprazamento','Residencia e desprazamento','Algunhas contías ou axudas dependen de estudar fóra do domicilio familiar, distancia, transporte ou condicións de residencia.','becas','mefp-becas-xerais',jsonb_build_object('version','0.36','source_upload','3 base de datos itinera.zip'))
on conflict (id) do update set title=excluded.title,body=excluded.body,category=excluded.category,source_id=excluded.source_id,raw=excluded.raw,updated_at=now();


insert into public.itinera_scholarships(id,title,body,category,source_id,raw)
values ('beca-becas-universitarias-e-propias','Becas universitarias e propias','As universidades poden ter bolsas ou axudas complementarias. Deben revisarse na universidade de destino ademais da convocatoria estatal.','becas','mefp-becas-xerais',jsonb_build_object('version','0.36','source_upload','3 base de datos itinera.zip'))
on conflict (id) do update set title=excluded.title,body=excluded.body,category=excluded.category,source_id=excluded.source_id,raw=excluded.raw,updated_at=now();


insert into public.itinera_scholarships(id,title,body,category,source_id,raw)
values ('beca-erro-frecuente','Erro frecuente','Non se debe esperar a ter todo decidido se a convocatoria xa está aberta. Moitas solicitudes deben presentarse dentro de prazo aínda que a matrícula definitiva chegue despois.','becas','mefp-becas-xerais',jsonb_build_object('version','0.36','source_upload','3 base de datos itinera.zip'))
on conflict (id) do update set title=excluded.title,body=excluded.body,category=excluded.category,source_id=excluded.source_id,raw=excluded.raw,updated_at=now();


insert into public.itinera_route_maps(id,title,steps,raw)
values ('mapa-ruta-universitaria-clasica','Ruta universitaria clásica','["ESO", "Bacharelato", "ABAU/EBAU", "Grao universitario", "Máster se procede", "Emprego ou doutoramento"]'::jsonb,jsonb_build_object('version','0.36'))
on conflict (id) do update set title=excluded.title,steps=excluded.steps,raw=excluded.raw,updated_at=now();


insert into public.itinera_route_maps(id,title,steps,raw)
values ('mapa-ruta-fp-cara-a-universidade','Ruta FP cara á universidade','["ESO", "FP grao medio", "FP grao superior", "Universidade", "Máster se procede"]'::jsonb,jsonb_build_object('version','0.36'))
on conflict (id) do update set title=excluded.title,steps=excluded.steps,raw=excluded.raw,updated_at=now();


insert into public.itinera_route_maps(id,title,steps,raw)
values ('mapa-ruta-profesional-directa','Ruta profesional directa','["ESO", "FP grao medio ou superior", "FCT / dual", "Emprego", "Especialización"]'::jsonb,jsonb_build_object('version','0.36'))
on conflict (id) do update set title=excluded.title,steps=excluded.steps,raw=excluded.raw,updated_at=now();


insert into public.itinera_route_maps(id,title,steps,raw)
values ('mapa-ruta-adulta-flexible','Ruta adulta flexible','["Experiencia ou estudos previos", "Proba de acceso ou EPA", "FP modular / distancia", "Título", "Emprego ou continuidade"]'::jsonb,jsonb_build_object('version','0.36'))
on conflict (id) do update set title=excluded.title,steps=excluded.steps,raw=excluded.raw,updated_at=now();


insert into public.itinera_route_maps(id,title,steps,raw)
values ('mapa-ruta-investigadora','Ruta investigadora','["Grao", "Máster universitario", "Doutoramento", "Tese", "Investigación / docencia universitaria"]'::jsonb,jsonb_build_object('version','0.36'))
on conflict (id) do update set title=excluded.title,steps=excluded.steps,raw=excluded.raw,updated_at=now();


insert into public.itinera_studies(id,name,type,level,family,jurisdiction,official_title,route,subjects,ponderation_subjects,route_options,availability_by_province,sources,source_url,source_id,raw,data_quality,verified_at,last_seen_at,updated_at)
values (
  'fp-v36-cb-acceso-e-conservacion-en-instalacions-deportivas',
  'Acceso e conservación en instalacións deportivas',
  'fpb',
  'Ciclo formativo de grao básico',
  'Actividades físicas e deportivas',
  'Galicia',
  true,
  'Consultar requisitos, prazas, centros, modalidade e fontes oficiais antes de decidir.',
  '["Arquivamento e comunicación", "Ciencias aplicadas I", "Comunicación e ciencias sociais I", "Itinerario persoal para a empregabilidade", "Reparación de avarías e reposición de utensilios", "Técnicas administrativas básicas", "Acceso de usuarios e organización da instalación físicode-", "Asistencia na organización de espazos e actividades, e na re-", "Atención á clientela", "Ciencias aplicadas II", "Comunicación e ciencias sociais II", "Operacións básicas de prevención nas instalacións deportivas"]'::jsonb,
  '[{"subject": "Non aplica ou consultar fonte oficial", "weight": "consultar fonte oficial"}]'::jsonb,
  '[]'::jsonb,
  '{"Galicia": ["Consultar oferta por provincia, centro, modalidade e curso na Xunta FP."]}'::jsonb,
  '["xunta-fp-catalogo-familias-2025-2026", "xunta-fp-ciclos", "todofp-familias"]'::jsonb,
  'https://www.edu.xunta.gal/fp/oferta-fp',
  'xunta-fp-catalogo-familias-2025-2026',
  '{"source_upload": "3 base de datos itinera.zip", "source_file": "01-actividades_fisicas_e_deportivas_v7.pdf", "duration_hours": 2000, "modules": [{"code": "MP3004", "name": "Arquivamento e comunicación", "hours": 146}, {"code": "AM3163", "name": "Ciencias aplicadas I", "hours": 146}, {"code": "AM3161", "name": "Comunicación e ciencias sociais I", "hours": 175}, {"code": "MP3159", "name": "Itinerario persoal para a empregabilidade", "hours": 60}, {"code": "MP3150", "name": "Reparación de avarías e reposición de utensilios", "hours": 204}, {"code": "MP3003", "name": "Técnicas administrativas básicas", "hours": 179}, {"code": "MP3148", "name": "Acceso de usuarios e organización da instalación físicode-", "hours": 122}, {"code": "MP3149", "name": "Asistencia na organización de espazos e actividades, e na re-", "hours": 245}, {"code": "MP3005", "name": "Atención á clientela", "hours": 122}, {"code": "AM3164", "name": "Ciencias aplicadas II", "hours": 146}, {"code": "AM3162", "name": "Comunicación e ciencias sociais II", "hours": 125}, {"code": "MP3151", "name": "Operacións básicas de prevención nas instalacións deportivas", "hours": 245}, {"code": "MP3160", "name": "Proxecto intermodular de aprendizaxe colaborativa", "hours": 25}], "learned": "aos usuarios e visitantes da instalación deportiva, o apoio á organización de actividades físico deportivas seguindo instrucións de superiores ou plan de traballo, a prevención para a mellora da seguridade dentro do recinto e a reposición ou reparación de avarías de nivel básico, operando coa calidade indicada, e actuando en condicións de seguridade e de prevención de ris- cos laborais e a protección ambiental correspondentes, e comunicándose de forma oral e escrita en lingua castelá e no seu caso na lingua cooficial propia, así como nalgunha lingua estranxeira.", "work_context": "tración Xeral do Estado, as administracións autonómicas ou locais, como en entidades de carácter privado, xa sexan grandes, medianas ou pequenas em- presas, en ximnasios e federacións deportivas, en piscinas, espazos naturais, parques acuáticos, empresas de servizos deportivos, empresas de turismo activo, hoteis, cámpings, balnearios e centros de SPA, empresas de xestión deportiva, clubs e asociacións deportivo - recreativas e de lecer, centros educativos e instalacións deportivas afíns, e baixo a supervisión directa dun responsable superior."}'::jsonb,
  'official_upload',
  now(),
  now(),
  now()
)
on conflict (id) do update set
  name=excluded.name,
  type=excluded.type,
  level=excluded.level,
  family=excluded.family,
  jurisdiction=excluded.jurisdiction,
  route=excluded.route,
  subjects=excluded.subjects,
  ponderation_subjects=excluded.ponderation_subjects,
  route_options=excluded.route_options,
  availability_by_province=excluded.availability_by_province,
  sources=excluded.sources,
  source_url=excluded.source_url,
  source_id=excluded.source_id,
  raw=excluded.raw,
  data_quality=excluded.data_quality,
  verified_at=excluded.verified_at,
  last_seen_at=excluded.last_seen_at,
  updated_at=now();


insert into public.itinera_fp_catalog_details(id,study_id,learned,work_context,jobs,modules,source_file,raw)
values ('detail-fp-v36-cb-acceso-e-conservacion-en-instalacions-deportivas','fp-v36-cb-acceso-e-conservacion-en-instalacions-deportivas','aos usuarios e visitantes da instalación deportiva, o apoio á organización de actividades físico deportivas seguindo instrucións de superiores ou plan de traballo, a prevención para a mellora da seguridade dentro do recinto e a reposición ou reparación de avarías de nivel básico, operando coa calidade indicada, e actuando en condicións de seguridade e de prevención de ris- cos laborais e a protección ambiental correspondentes, e comunicándose de forma oral e escrita en lingua castelá e no seu caso na lingua cooficial propia, así como nalgunha lingua estranxeira.','tración Xeral do Estado, as administracións autonómicas ou locais, como en entidades de carácter privado, xa sexan grandes, medianas ou pequenas em- presas, en ximnasios e federacións deportivas, en piscinas, espazos naturais, parques acuáticos, empresas de servizos deportivos, empresas de turismo activo, hoteis, cámpings, balnearios e centros de SPA, empresas de xestión deportiva, clubs e asociacións deportivo - recreativas e de lecer, centros educativos e instalacións deportivas afíns, e baixo a supervisión directa dun responsable superior.','["auxiliar de control de instalacións deportivas", "auxiliar de informa- ción", "auxiliar de oficina", "auxiliar de servizos xerais", "axudante/a de control e mantemento", "clasificador e/ou repartidor de correspondencia", "conserxe de colexios", "conserxe de instalacións", "conserxe de piscinas", "mozo/a vestiario de piscinas", "ordenanza", "subalterno/a de dependencias", "subalterno/a de pis- cinas", "recepcionista", "billeteiro/a", "telefonista en servizos centrais de infor- mación."]'::jsonb,'[{"code": "MP3004", "name": "Arquivamento e comunicación", "hours": 146}, {"code": "AM3163", "name": "Ciencias aplicadas I", "hours": 146}, {"code": "AM3161", "name": "Comunicación e ciencias sociais I", "hours": 175}, {"code": "MP3159", "name": "Itinerario persoal para a empregabilidade", "hours": 60}, {"code": "MP3150", "name": "Reparación de avarías e reposición de utensilios", "hours": 204}, {"code": "MP3003", "name": "Técnicas administrativas básicas", "hours": 179}, {"code": "MP3148", "name": "Acceso de usuarios e organización da instalación físicode-", "hours": 122}, {"code": "MP3149", "name": "Asistencia na organización de espazos e actividades, e na re-", "hours": 245}, {"code": "MP3005", "name": "Atención á clientela", "hours": 122}, {"code": "AM3164", "name": "Ciencias aplicadas II", "hours": 146}, {"code": "AM3162", "name": "Comunicación e ciencias sociais II", "hours": 125}, {"code": "MP3151", "name": "Operacións básicas de prevención nas instalacións deportivas", "hours": 245}, {"code": "MP3160", "name": "Proxecto intermodular de aprendizaxe colaborativa", "hours": 25}]'::jsonb,'01-actividades_fisicas_e_deportivas_v7.pdf',jsonb_build_object('source_upload','3 base de datos itinera.zip','duration_hours','2000'))
on conflict (id) do update set study_id=excluded.study_id,learned=excluded.learned,work_context=excluded.work_context,jobs=excluded.jobs,modules=excluded.modules,source_file=excluded.source_file,raw=excluded.raw,updated_at=now();


insert into public.itinera_studies(id,name,type,level,family,jurisdiction,official_title,route,subjects,ponderation_subjects,route_options,availability_by_province,sources,source_url,source_id,raw,data_quality,verified_at,last_seen_at,updated_at)
values (
  'fp-v36-cm-guia-no-medio-natural-e-de-tempo-libre',
  'Guía no medio natural e de tempo libre',
  'fpgm',
  'Ciclo formativo de grao medio',
  'Actividades físicas e deportivas',
  'Galicia',
  true,
  'Consultar requisitos, prazas, centros, modalidade e fontes oficiais antes de decidir.',
  '["Guía de bicicleta", "Inglés profesional", "Itinerario persoal para a empregabilidade I", "Manobras con cordas", "Organización de itinerarios", "Sostibilidade aplicada ao sistema produtivo", "Técnicas de equitación", "Técnicas de natación", "Técnicas de tempo libre", "Atención a grupos", "Dixitalización aplicada ao sistema produtivo", "Guía de baixa e media montaña"]'::jsonb,
  '[{"subject": "Non aplica ou consultar fonte oficial", "weight": "consultar fonte oficial"}]'::jsonb,
  '[]'::jsonb,
  '{"Galicia": ["Consultar oferta por provincia, centro, modalidade e curso na Xunta FP."]}'::jsonb,
  '["xunta-fp-catalogo-familias-2025-2026", "xunta-fp-ciclos", "todofp-familias"]'::jsonb,
  'https://www.edu.xunta.gal/fp/oferta-fp',
  'xunta-fp-catalogo-familias-2025-2026',
  '{"source_upload": "3 base de datos itinera.zip", "source_file": "01-actividades_fisicas_e_deportivas_v7.pdf", "duration_hours": 2000, "modules": [{"code": "MP1334", "name": "Guía de bicicleta", "hours": 158}, {"code": "MP0156", "name": "Inglés profesional", "hours": 60}, {"code": "MP1709", "name": "Itinerario persoal para a empregabilidade I", "hours": 107}, {"code": "MP1339", "name": "Manobras con cordas", "hours": 209}, {"code": "MP1329", "name": "Organización de itinerarios", "hours": 130}, {"code": "MP1708", "name": "Sostibilidade aplicada ao sistema produtivo", "hours": 30}, {"code": "MP1325", "name": "Técnicas de equitación", "hours": 106}, {"code": "MP1336", "name": "Técnicas de natación", "hours": 53}, {"code": "MP1335", "name": "Técnicas de tempo libre", "hours": 107}, {"code": "MP1328", "name": "Atención a grupos", "hours": 82}, {"code": "MP1664", "name": "Dixitalización aplicada ao sistema produtivo", "hours": 30}, {"code": "MP1333", "name": "Guía de baixa e media montaña", "hours": 301}, {"code": "MP1327", "name": "Guía ecuestre", "hours": 109}, {"code": "MP1338", "name": "Guía no medio natural acuático", "hours": 164}, {"code": "MP1710", "name": "Itinerario persoal para a empregabilidade II", "hours": 50}, {"code": "MP1713", "name": "Proxecto intermodular", "hours": 50}, {"code": "MP1337", "name": "Socorrismo no medio natural", "hours": 164}], "learned": "cos de baixo risco, medio acuático e instalacións de lecer e aventura, progre- sando a pé, con cordas, en bicicleta, en embarcacións e a cabalo, así como dinamizar actividades de tempo libre, adaptando todo iso aos participantes, respectando o medio ambiente e garantindo a calidade e a seguridade.", "work_context": "ra, así como en actividades socio educativas de tempo libre, nas áreas de organización, desenvolvemento, dinamización, seguimento e avalia- ción das devanditas actividades e nas de prevención, vixilancia e resca- te en espazos acuáticos naturais. Tamén poden exercer a súa actividade en unidades de intervención acuática e equipos de rescate e socorrismo. A actividade profesional realízase tanto de forma autónoma como contrata- da, no ámbito público, xa sexa administración xeral, autonómica ou local, e no ámbito privado, en grandes, medianas e pequenas empresas de servizos vinculadas aos sectores produtivos do deporte, turismo e lecer e tempo li- bre educativo infantil e xuvenil."}'::jsonb,
  'official_upload',
  now(),
  now(),
  now()
)
on conflict (id) do update set
  name=excluded.name,
  type=excluded.type,
  level=excluded.level,
  family=excluded.family,
  jurisdiction=excluded.jurisdiction,
  route=excluded.route,
  subjects=excluded.subjects,
  ponderation_subjects=excluded.ponderation_subjects,
  route_options=excluded.route_options,
  availability_by_province=excluded.availability_by_province,
  sources=excluded.sources,
  source_url=excluded.source_url,
  source_id=excluded.source_id,
  raw=excluded.raw,
  data_quality=excluded.data_quality,
  verified_at=excluded.verified_at,
  last_seen_at=excluded.last_seen_at,
  updated_at=now();


insert into public.itinera_fp_catalog_details(id,study_id,learned,work_context,jobs,modules,source_file,raw)
values ('detail-fp-v36-cm-guia-no-medio-natural-e-de-tempo-libre','fp-v36-cm-guia-no-medio-natural-e-de-tempo-libre','cos de baixo risco, medio acuático e instalacións de lecer e aventura, progre- sando a pé, con cordas, en bicicleta, en embarcacións e a cabalo, así como dinamizar actividades de tempo libre, adaptando todo iso aos participantes, respectando o medio ambiente e garantindo a calidade e a seguridade.','ra, así como en actividades socio educativas de tempo libre, nas áreas de organización, desenvolvemento, dinamización, seguimento e avalia- ción das devanditas actividades e nas de prevención, vixilancia e resca- te en espazos acuáticos naturais. Tamén poden exercer a súa actividade en unidades de intervención acuática e equipos de rescate e socorrismo. A actividade profesional realízase tanto de forma autónoma como contrata- da, no ámbito público, xa sexa administración xeral, autonómica ou local, e no ámbito privado, en grandes, medianas e pequenas empresas de servizos vinculadas aos sectores produtivos do deporte, turismo e lecer e tempo li- bre educativo infantil e xuvenil.','["cicleta por terreos de ata media montaña", "deseñador/a de itinerarios polo medio acuático en embarcacións de recreo exentas de despacho", "deseña- dor/a e organizador/a de actividades físicodeportivas recreativas guiadas polo medio natural", "encargado/a de prevención e seguridade en roteiros e eventos en bicicleta", "encargado/a de prevención e seguridade en roteiros e eventos ecuestres", "guía en actividades de sendeirismo", "montañismo por baixa e media montaña", "travesía por baixa e media montaña e roteiros ne- vados tipo nórdico con raquetas", "guía de barrancos de baixa dificultade", "guía de espeleoloxía de dificultade baixa", "guía de itinerarios en bicicleta de mon- taña", "guía de itinerarios de cicloturismo", "guía de itinerarios de cabalo", "guía de itinerarios polo medio acuático en embarcacións de recreo exentas de despacho", "monitor de tempo libre educativo infantil e xuvenil", "monitor/a de actividades no marco escolar", "monitor/a de instalacións de lecer e aventura", "socorrista en praias marítimas", "socorrista en lagos e encoros", "socorrista de apoio en unidades de intervención acuática"]'::jsonb,'[{"code": "MP1334", "name": "Guía de bicicleta", "hours": 158}, {"code": "MP0156", "name": "Inglés profesional", "hours": 60}, {"code": "MP1709", "name": "Itinerario persoal para a empregabilidade I", "hours": 107}, {"code": "MP1339", "name": "Manobras con cordas", "hours": 209}, {"code": "MP1329", "name": "Organización de itinerarios", "hours": 130}, {"code": "MP1708", "name": "Sostibilidade aplicada ao sistema produtivo", "hours": 30}, {"code": "MP1325", "name": "Técnicas de equitación", "hours": 106}, {"code": "MP1336", "name": "Técnicas de natación", "hours": 53}, {"code": "MP1335", "name": "Técnicas de tempo libre", "hours": 107}, {"code": "MP1328", "name": "Atención a grupos", "hours": 82}, {"code": "MP1664", "name": "Dixitalización aplicada ao sistema produtivo", "hours": 30}, {"code": "MP1333", "name": "Guía de baixa e media montaña", "hours": 301}, {"code": "MP1327", "name": "Guía ecuestre", "hours": 109}, {"code": "MP1338", "name": "Guía no medio natural acuático", "hours": 164}, {"code": "MP1710", "name": "Itinerario persoal para a empregabilidade II", "hours": 50}, {"code": "MP1713", "name": "Proxecto intermodular", "hours": 50}, {"code": "MP1337", "name": "Socorrismo no medio natural", "hours": 164}]'::jsonb,'01-actividades_fisicas_e_deportivas_v7.pdf',jsonb_build_object('source_upload','3 base de datos itinera.zip','duration_hours','2000'))
on conflict (id) do update set study_id=excluded.study_id,learned=excluded.learned,work_context=excluded.work_context,jobs=excluded.jobs,modules=excluded.modules,source_file=excluded.source_file,raw=excluded.raw,updated_at=now();


insert into public.itinera_studies(id,name,type,level,family,jurisdiction,official_title,route,subjects,ponderation_subjects,route_options,availability_by_province,sources,source_url,source_id,raw,data_quality,verified_at,last_seen_at,updated_at)
values (
  'fp-v36-cs-acondicionamento-fisico',
  'Acondicionamento físico',
  'fpgs',
  'Ciclo formativo de grao superior',
  'Actividades físicas e deportivas',
  'Galicia',
  true,
  'Consultar requisitos, prazas, centros, modalidade e fontes oficiais antes de decidir.',
  '["Acondicionamento físico na auga", "Actividades básicas de acondicionamento físico con soporte", "Control postural, benestar e mantemento funcional", "Inglés profesional", "Itinerario persoal para a empregabilidade I", "Sostibilidade aplicada ao sistema produtivo", "Valoración da condición física e intervención en accidentes", "Actividades especializadas de acondicionamento físico con", "Dixitalización aplicada ao sistema produtivo", "Fitness en sala de adestramento polivalente", "Habilidades sociais", "Itinerario persoal para a empregabilidade II"]'::jsonb,
  '[{"subject": "Non aplica ou consultar fonte oficial", "weight": "consultar fonte oficial"}]'::jsonb,
  '[]'::jsonb,
  '{"Galicia": ["Consultar oferta por provincia, centro, modalidade e curso na Xunta FP."]}'::jsonb,
  '["xunta-fp-catalogo-familias-2025-2026", "xunta-fp-ciclos", "todofp-familias"]'::jsonb,
  'https://www.edu.xunta.gal/fp/oferta-fp',
  'xunta-fp-catalogo-familias-2025-2026',
  '{"source_upload": "3 base de datos itinera.zip", "source_file": "01-actividades_fisicas_e_deportivas_v7.pdf", "duration_hours": 2000, "modules": [{"code": "MP1151", "name": "Acondicionamento físico na auga", "hours": 210}, {"code": "MP1149", "name": "Actividades básicas de acondicionamento físico con soporte", "hours": 159}, {"code": "MP1153", "name": "Control postural, benestar e mantemento funcional", "hours": 185}, {"code": "MP0179", "name": "Inglés profesional", "hours": 60}, {"code": "MP1709", "name": "Itinerario persoal para a empregabilidade I", "hours": 107}, {"code": "MP1708", "name": "Sostibilidade aplicada ao sistema produtivo", "hours": 30}, {"code": "MP1136", "name": "Valoración da condición física e intervención en accidentes", "hours": 209}, {"code": "MP1150", "name": "Actividades especializadas de acondicionamento físico con", "hours": 191}, {"code": "MP1665", "name": "Dixitalización aplicada ao sistema produtivo", "hours": 30}, {"code": "MP1148", "name": "Fitness en sala de adestramento polivalente", "hours": 301}, {"code": "MP0017", "name": "Habilidades sociais", "hours": 164}, {"code": "MP1710", "name": "Itinerario persoal para a empregabilidade II", "hours": 50}, {"code": "MP1154", "name": "Proxecto intermodular de acondicionamento físico", "hours": 50}, {"code": "MP1152", "name": "Técnicas de hidrocinesia", "hours": 164}], "learned": "físico para todos os tipos de persoas usuarias e en diferentes espazos de práctica, dinamizando as actividades e orientándoas cara á mellora da ca- lidade de vida e da saúde, garantindo a seguridade e aplicando criterios de calidade, tanto no proceso como nos resultados do servizo.", "work_context": "nómicas e locais) e en entidades de carácter privado, en ximnasios, empre- sas de servizos deportivos, padroados deportivos ou entidades deportivas municipais, clubs ou asociacións deportivas ou de carácter social, empresas turísticas (hoteis, cámping, balnearios, etc.), grandes empresas con servi- zos deportivos para o seu persoal, centros xeriátricos ou de carácter social, federacións deportivas ou organismos públicos de deportes (deputacións, direccións xerais de deporte, etc.)."}'::jsonb,
  'official_upload',
  now(),
  now(),
  now()
)
on conflict (id) do update set
  name=excluded.name,
  type=excluded.type,
  level=excluded.level,
  family=excluded.family,
  jurisdiction=excluded.jurisdiction,
  route=excluded.route,
  subjects=excluded.subjects,
  ponderation_subjects=excluded.ponderation_subjects,
  route_options=excluded.route_options,
  availability_by_province=excluded.availability_by_province,
  sources=excluded.sources,
  source_url=excluded.source_url,
  source_id=excluded.source_id,
  raw=excluded.raw,
  data_quality=excluded.data_quality,
  verified_at=excluded.verified_at,
  last_seen_at=excluded.last_seen_at,
  updated_at=now();


insert into public.itinera_fp_catalog_details(id,study_id,learned,work_context,jobs,modules,source_file,raw)
values ('detail-fp-v36-cs-acondicionamento-fisico','fp-v36-cs-acondicionamento-fisico','físico para todos os tipos de persoas usuarias e en diferentes espazos de práctica, dinamizando as actividades e orientándoas cara á mellora da ca- lidade de vida e da saúde, garantindo a seguridade e aplicando criterios de calidade, tanto no proceso como nos resultados do servizo.','nómicas e locais) e en entidades de carácter privado, en ximnasios, empre- sas de servizos deportivos, padroados deportivos ou entidades deportivas municipais, clubs ou asociacións deportivas ou de carácter social, empresas turísticas (hoteis, cámping, balnearios, etc.), grandes empresas con servi- zos deportivos para o seu persoal, centros xeriátricos ou de carácter social, federacións deportivas ou organismos públicos de deportes (deputacións, direccións xerais de deporte, etc.).','["instrutor/a de grupos de hidrocinesia e coidado corporal", "promotor/a de actividades de acondicionamento físico", "a- nimador/a de actividades de acondicionamento físico", "coordinador/a de acti- vidades de acondicionamento físico e de hidrocinesia", "monitor/a de aeróbic, de step, de ciclo indoor, de fitness acuático e de actividades afíns", "instru- tor/a das actividades de acondicionamento físico para colectivos especiais."]'::jsonb,'[{"code": "MP1151", "name": "Acondicionamento físico na auga", "hours": 210}, {"code": "MP1149", "name": "Actividades básicas de acondicionamento físico con soporte", "hours": 159}, {"code": "MP1153", "name": "Control postural, benestar e mantemento funcional", "hours": 185}, {"code": "MP0179", "name": "Inglés profesional", "hours": 60}, {"code": "MP1709", "name": "Itinerario persoal para a empregabilidade I", "hours": 107}, {"code": "MP1708", "name": "Sostibilidade aplicada ao sistema produtivo", "hours": 30}, {"code": "MP1136", "name": "Valoración da condición física e intervención en accidentes", "hours": 209}, {"code": "MP1150", "name": "Actividades especializadas de acondicionamento físico con", "hours": 191}, {"code": "MP1665", "name": "Dixitalización aplicada ao sistema produtivo", "hours": 30}, {"code": "MP1148", "name": "Fitness en sala de adestramento polivalente", "hours": 301}, {"code": "MP0017", "name": "Habilidades sociais", "hours": 164}, {"code": "MP1710", "name": "Itinerario persoal para a empregabilidade II", "hours": 50}, {"code": "MP1154", "name": "Proxecto intermodular de acondicionamento físico", "hours": 50}, {"code": "MP1152", "name": "Técnicas de hidrocinesia", "hours": 164}]'::jsonb,'01-actividades_fisicas_e_deportivas_v7.pdf',jsonb_build_object('source_upload','3 base de datos itinera.zip','duration_hours','2000'))
on conflict (id) do update set study_id=excluded.study_id,learned=excluded.learned,work_context=excluded.work_context,jobs=excluded.jobs,modules=excluded.modules,source_file=excluded.source_file,raw=excluded.raw,updated_at=now();


insert into public.itinera_studies(id,name,type,level,family,jurisdiction,official_title,route,subjects,ponderation_subjects,route_options,availability_by_province,sources,source_url,source_id,raw,data_quality,verified_at,last_seen_at,updated_at)
values (
  'fp-v36-cs-ensinanza-e-animacion-sociodeportiva',
  'Ensinanza e animación sociodeportiva',
  'fpgs',
  'Ciclo formativo de grao superior',
  'Actividades físicas e deportivas',
  'Galicia',
  true,
  'Consultar requisitos, prazas, centros, modalidade e fontes oficiais antes de decidir.',
  '["Actividades físicodeportivas de implementos", "Actividades físicodeportivas individuais", "Inglés profesional", "Itinerario persoal para a empregabilidade I", "Metodoloxía do ensino de actividades físicodeportivas", "Sostibilidade aplicada ao sistema produtivo", "Valoración da condición física e intervención en accidentes", "Xogos e actividades físicorecreativas e de animación turística", "Actividades de lecer e tempo libre", "Actividades físicodeportivas de equipo", "Actividades físicodeportivas para a inclusión social", "Dinamización grupal"]'::jsonb,
  '[{"subject": "Non aplica ou consultar fonte oficial", "weight": "consultar fonte oficial"}]'::jsonb,
  '[]'::jsonb,
  '{"Galicia": ["Consultar oferta por provincia, centro, modalidade e curso na Xunta FP."]}'::jsonb,
  '["xunta-fp-catalogo-familias-2025-2026", "xunta-fp-ciclos", "todofp-familias"]'::jsonb,
  'https://www.edu.xunta.gal/fp/oferta-fp',
  'xunta-fp-catalogo-familias-2025-2026',
  '{"source_upload": "3 base de datos itinera.zip", "source_file": "01-actividades_fisicas_e_deportivas_v7.pdf", "duration_hours": 2000, "modules": [{"code": "MP1141", "name": "Actividades físicodeportivas de implementos", "hours": 132}, {"code": "MP1139", "name": "Actividades físicodeportivas individuais", "hours": 183}, {"code": "MP0179", "name": "Inglés profesional", "hours": 60}, {"code": "MP1709", "name": "Itinerario persoal para a empregabilidade I", "hours": 107}, {"code": "MP1143", "name": "Metodoloxía do ensino de actividades físicodeportivas", "hours": 107}, {"code": "MP1708", "name": "Sostibilidade aplicada ao sistema produtivo", "hours": 30}, {"code": "MP1136", "name": "Valoración da condición física e intervención en accidentes", "hours": 209}, {"code": "MP1138", "name": "Xogos e actividades físicorecreativas e de animación turística", "hours": 132}, {"code": "MP1123", "name": "Actividades de lecer e tempo libre", "hours": 240}, {"code": "MP1140", "name": "Actividades físicodeportivas de equipo", "hours": 210}, {"code": "MP1142", "name": "Actividades físicodeportivas para a inclusión social", "hours": 150}, {"code": "MP1124", "name": "Dinamización grupal", "hours": 160}, {"code": "MP1665", "name": "Dixitalización aplicada ao sistema produtivo", "hours": 30}, {"code": "MP1710", "name": "Itinerario persoal para a empregabilidade II", "hours": 50}, {"code": "MP1137", "name": "Planificación da animación sociodeportiva", "hours": 60}, {"code": "MP1144", "name": "Proxecto intermodular de ensino e animación sociodeportiva", "hours": 50}], "learned": "creativos para todo tipo de persoas usuarias, programando e dirixindo as actividades de ensino, de inclusión socio deportiva e de tempo libre, coor- dinando as actuacións dos/das profesionais implicados/as, garantindo a se- guridade, respectando o ambiente e conseguindo a satisfacción das persoas usuarias, nos límites de custo previstos.", "work_context": "des de carácter privado, en grandes, medianas ou pequenas empresas que ofrezan servizos de ensino deportivo, acondicionamento físico, inclusión so- cio deportiva e recreación."}'::jsonb,
  'official_upload',
  now(),
  now(),
  now()
)
on conflict (id) do update set
  name=excluded.name,
  type=excluded.type,
  level=excluded.level,
  family=excluded.family,
  jurisdiction=excluded.jurisdiction,
  route=excluded.route,
  subjects=excluded.subjects,
  ponderation_subjects=excluded.ponderation_subjects,
  route_options=excluded.route_options,
  availability_by_province=excluded.availability_by_province,
  sources=excluded.sources,
  source_url=excluded.source_url,
  source_id=excluded.source_id,
  raw=excluded.raw,
  data_quality=excluded.data_quality,
  verified_at=excluded.verified_at,
  last_seen_at=excluded.last_seen_at,
  updated_at=now();


insert into public.itinera_fp_catalog_details(id,study_id,learned,work_context,jobs,modules,source_file,raw)
values ('detail-fp-v36-cs-ensinanza-e-animacion-sociodeportiva','fp-v36-cs-ensinanza-e-animacion-sociodeportiva','creativos para todo tipo de persoas usuarias, programando e dirixindo as actividades de ensino, de inclusión socio deportiva e de tempo libre, coor- dinando as actuacións dos/das profesionais implicados/as, garantindo a se- guridade, respectando o ambiente e conseguindo a satisfacción das persoas usuarias, nos límites de custo previstos.','des de carácter privado, en grandes, medianas ou pequenas empresas que ofrezan servizos de ensino deportivo, acondicionamento físico, inclusión so- cio deportiva e recreación.','["voleibol, tenis, pádel, etc.)", "coordinador/a de actividades de animación deportiva, de actividades", "responsable de proxec- tos de tempo libre educativo infantil e xuvenil", "xe- fe/a de departamento de animación turística", "cronometrador/a, xuíz/a e ár- bitro/a de competicións deportivas non oficiais", "promotor/a deportivo/a de competicións de nivel elemental ou social e de eventos deportivos de nivel básico", "monitor/a de actividades físico deportivas e recreativas en campa- mentos de tempo libre", "socorrista en instalacións acuáticas."]'::jsonb,'[{"code": "MP1141", "name": "Actividades físicodeportivas de implementos", "hours": 132}, {"code": "MP1139", "name": "Actividades físicodeportivas individuais", "hours": 183}, {"code": "MP0179", "name": "Inglés profesional", "hours": 60}, {"code": "MP1709", "name": "Itinerario persoal para a empregabilidade I", "hours": 107}, {"code": "MP1143", "name": "Metodoloxía do ensino de actividades físicodeportivas", "hours": 107}, {"code": "MP1708", "name": "Sostibilidade aplicada ao sistema produtivo", "hours": 30}, {"code": "MP1136", "name": "Valoración da condición física e intervención en accidentes", "hours": 209}, {"code": "MP1138", "name": "Xogos e actividades físicorecreativas e de animación turística", "hours": 132}, {"code": "MP1123", "name": "Actividades de lecer e tempo libre", "hours": 240}, {"code": "MP1140", "name": "Actividades físicodeportivas de equipo", "hours": 210}, {"code": "MP1142", "name": "Actividades físicodeportivas para a inclusión social", "hours": 150}, {"code": "MP1124", "name": "Dinamización grupal", "hours": 160}, {"code": "MP1665", "name": "Dixitalización aplicada ao sistema produtivo", "hours": 30}, {"code": "MP1710", "name": "Itinerario persoal para a empregabilidade II", "hours": 50}, {"code": "MP1137", "name": "Planificación da animación sociodeportiva", "hours": 60}, {"code": "MP1144", "name": "Proxecto intermodular de ensino e animación sociodeportiva", "hours": 50}]'::jsonb,'01-actividades_fisicas_e_deportivas_v7.pdf',jsonb_build_object('source_upload','3 base de datos itinera.zip','duration_hours','2000'))
on conflict (id) do update set study_id=excluded.study_id,learned=excluded.learned,work_context=excluded.work_context,jobs=excluded.jobs,modules=excluded.modules,source_file=excluded.source_file,raw=excluded.raw,updated_at=now();


insert into public.itinera_studies(id,name,type,level,family,jurisdiction,official_title,route,subjects,ponderation_subjects,route_options,availability_by_province,sources,source_url,source_id,raw,data_quality,verified_at,last_seen_at,updated_at)
values (
  'fp-v36-cb-servizos-administrativos',
  'Servizos administrativos',
  'fpb',
  'Ciclo formativo de grao básico',
  'Administración e xestión',
  'Galicia',
  true,
  'Consultar requisitos, prazas, centros, modalidade e fontes oficiais antes de decidir.',
  '["Arquivamento e comunicación", "Ciencias aplicadas I", "Comunicación e ciencias sociais I", "Itinerario persoal para a empregabilidade", "Técnicas administrativas básicas", "Tratamento informático de datos", "Aplicacións básicas de ofimática", "Atención á clientela", "Ciencias aplicadas II", "Comunicación e ciencias sociais II", "Preparación de pedidos e venda de produtos", "Proxecto intermodular de aprendizaxe colaborativa"]'::jsonb,
  '[{"subject": "Non aplica ou consultar fonte oficial", "weight": "consultar fonte oficial"}]'::jsonb,
  '[]'::jsonb,
  '{"Galicia": ["Consultar oferta por provincia, centro, modalidade e curso na Xunta FP."]}'::jsonb,
  '["xunta-fp-catalogo-familias-2025-2026", "xunta-fp-ciclos", "todofp-familias"]'::jsonb,
  'https://www.edu.xunta.gal/fp/oferta-fp',
  'xunta-fp-catalogo-familias-2025-2026',
  '{"source_upload": "3 base de datos itinera.zip", "source_file": "02-administracion_e_xestion_v7.pdf", "duration_hours": 2000, "modules": [{"code": "MP3004", "name": "Arquivamento e comunicación", "hours": 146}, {"code": "AM3163", "name": "Ciencias aplicadas I", "hours": 146}, {"code": "AM3161", "name": "Comunicación e ciencias sociais I", "hours": 175}, {"code": "MP3159", "name": "Itinerario persoal para a empregabilidade", "hours": 60}, {"code": "MP3003", "name": "Técnicas administrativas básicas", "hours": 179}, {"code": "MP3001", "name": "Tratamento informático de datos", "hours": 204}, {"code": "MP3002", "name": "Aplicacións básicas de ofimática", "hours": 408}, {"code": "MP3005", "name": "Atención á clientela", "hours": 122}, {"code": "AM3164", "name": "Ciencias aplicadas II", "hours": 146}, {"code": "AM3162", "name": "Comunicación e ciencias sociais II", "hours": 125}, {"code": "MP3006", "name": "Preparación de pedidos e venda de produtos", "hours": 204}, {"code": "MP3160", "name": "Proxecto intermodular de aprendizaxe colaborativa", "hours": 25}], "learned": "ponsabilidade e iniciativa persoal, operando coa calidade indicada, cum- prindo as normas ambientais, de seguridade e de hixiene no traballo, e co- municándose de xeito oral e escrito en linguas galega e castelá, así como nalgunha lingua estranxeira.", "work_context": "ciais de calquera tipo de empresa ou entidade de carácter privado ou públi- co, en todos os sectores produtivos."}'::jsonb,
  'official_upload',
  now(),
  now(),
  now()
)
on conflict (id) do update set
  name=excluded.name,
  type=excluded.type,
  level=excluded.level,
  family=excluded.family,
  jurisdiction=excluded.jurisdiction,
  route=excluded.route,
  subjects=excluded.subjects,
  ponderation_subjects=excluded.ponderation_subjects,
  route_options=excluded.route_options,
  availability_by_province=excluded.availability_by_province,
  sources=excluded.sources,
  source_url=excluded.source_url,
  source_id=excluded.source_id,
  raw=excluded.raw,
  data_quality=excluded.data_quality,
  verified_at=excluded.verified_at,
  last_seen_at=excluded.last_seen_at,
  updated_at=now();


insert into public.itinera_fp_catalog_details(id,study_id,learned,work_context,jobs,modules,source_file,raw)
values ('detail-fp-v36-cb-servizos-administrativos','fp-v36-cb-servizos-administrativos','ponsabilidade e iniciativa persoal, operando coa calidade indicada, cum- prindo as normas ambientais, de seguridade e de hixiene no traballo, e co- municándose de xeito oral e escrito en linguas galega e castelá, así como nalgunha lingua estranxeira.','ciais de calquera tipo de empresa ou entidade de carácter privado ou públi- co, en todos os sectores produtivos.','["auxiliar de información", "telefonista en servizos centrais de información", "- clasificador/a e/ou repartidor/a de correspondencia", "gravador/a - verifica- dor/a de datos", "auxiliar de dixitalización", "operador/a documental", "auxiliar de venda", "auxiliar de dependente de comercio", "operador/a de cobramento ou caixeiro/a."]'::jsonb,'[{"code": "MP3004", "name": "Arquivamento e comunicación", "hours": 146}, {"code": "AM3163", "name": "Ciencias aplicadas I", "hours": 146}, {"code": "AM3161", "name": "Comunicación e ciencias sociais I", "hours": 175}, {"code": "MP3159", "name": "Itinerario persoal para a empregabilidade", "hours": 60}, {"code": "MP3003", "name": "Técnicas administrativas básicas", "hours": 179}, {"code": "MP3001", "name": "Tratamento informático de datos", "hours": 204}, {"code": "MP3002", "name": "Aplicacións básicas de ofimática", "hours": 408}, {"code": "MP3005", "name": "Atención á clientela", "hours": 122}, {"code": "AM3164", "name": "Ciencias aplicadas II", "hours": 146}, {"code": "AM3162", "name": "Comunicación e ciencias sociais II", "hours": 125}, {"code": "MP3006", "name": "Preparación de pedidos e venda de produtos", "hours": 204}, {"code": "MP3160", "name": "Proxecto intermodular de aprendizaxe colaborativa", "hours": 25}]'::jsonb,'02-administracion_e_xestion_v7.pdf',jsonb_build_object('source_upload','3 base de datos itinera.zip','duration_hours','2000'))
on conflict (id) do update set study_id=excluded.study_id,learned=excluded.learned,work_context=excluded.work_context,jobs=excluded.jobs,modules=excluded.modules,source_file=excluded.source_file,raw=excluded.raw,updated_at=now();


insert into public.itinera_studies(id,name,type,level,family,jurisdiction,official_title,route,subjects,ponderation_subjects,route_options,availability_by_province,sources,source_url,source_id,raw,data_quality,verified_at,last_seen_at,updated_at)
values (
  'fp-v36-cm-xestion-administrativa',
  'Xestión administrativa',
  'fpgm',
  'Ciclo formativo de grao medio',
  'Administración e xestión',
  'Galicia',
  true,
  'Consultar requisitos, prazas, centros, modalidade e fontes oficiais antes de decidir.',
  '["Inglés profesional", "Itinerario persoal para a empregabilidade I", "Operacións administrativas da compravenda", "Operacións auxiliares de xestión de tesouraría", "Sostibilidade aplicada ao sistema produtivo", "Técnica contable", "Tratamento informático da información", "Comunicación empresarial e atención á clientela", "Dixitalización aplicada ao sistema produtivo", "Empresa e administración", "Empresa na aula", "Itinerario persoal para a empregabilidade II"]'::jsonb,
  '[{"subject": "Non aplica ou consultar fonte oficial", "weight": "consultar fonte oficial"}]'::jsonb,
  '[]'::jsonb,
  '{"Galicia": ["Consultar oferta por provincia, centro, modalidade e curso na Xunta FP."]}'::jsonb,
  '["xunta-fp-catalogo-familias-2025-2026", "xunta-fp-ciclos", "todofp-familias"]'::jsonb,
  'https://www.edu.xunta.gal/fp/oferta-fp',
  'xunta-fp-catalogo-familias-2025-2026',
  '{"source_upload": "3 base de datos itinera.zip", "source_file": "02-administracion_e_xestion_v7.pdf", "duration_hours": 2000, "modules": [{"code": "MP0156", "name": "Inglés profesional", "hours": 60}, {"code": "MP1709", "name": "Itinerario persoal para a empregabilidade I", "hours": 107}, {"code": "MP0438", "name": "Operacións administrativas da compravenda", "hours": 133}, {"code": "MP0448", "name": "Operacións auxiliares de xestión de tesouraría", "hours": 160}, {"code": "MP1708", "name": "Sostibilidade aplicada ao sistema produtivo", "hours": 30}, {"code": "MP0441", "name": "Técnica contable", "hours": 133}, {"code": "MP0440", "name": "Tratamento informático da información", "hours": 247}, {"code": "MP0437", "name": "Comunicación empresarial e atención á clientela", "hours": 166}, {"code": "MP1664", "name": "Dixitalización aplicada ao sistema produtivo", "hours": 30}, {"code": "MP0439", "name": "Empresa e administración", "hours": 193}, {"code": "MP0446", "name": "Empresa na aula", "hours": 193}, {"code": "MP1710", "name": "Itinerario persoal para a empregabilidade II", "hours": 50}, {"code": "MP0442", "name": "Operacións administrativas de recursos humanos", "hours": 193}, {"code": "MP1713", "name": "Proxecto intermodular", "hours": 50}, {"code": "MP0443", "name": "Tratamento da documentación contable", "hours": 165}], "learned": "comercial, financeiro e fiscal. Atención á clientela ou ás persoas usuarias, en empresas públicas e privadas, aplicando a normativa e os protocolos de cali- dade, de xeito que se asegure a satisfacción da clientela e actuando segundo as normas de prevención de riscos laborais e de protección ambiental.", "work_context": "tor de actividade, nomeadamente no de servizos, así como nas administra- cións públicas, ofrecendo apoio administrativo nas tarefas de administra- ción e xestión das referidas empresas e institucións, e prestándolle atención á clientela e á cidadanía."}'::jsonb,
  'official_upload',
  now(),
  now(),
  now()
)
on conflict (id) do update set
  name=excluded.name,
  type=excluded.type,
  level=excluded.level,
  family=excluded.family,
  jurisdiction=excluded.jurisdiction,
  route=excluded.route,
  subjects=excluded.subjects,
  ponderation_subjects=excluded.ponderation_subjects,
  route_options=excluded.route_options,
  availability_by_province=excluded.availability_by_province,
  sources=excluded.sources,
  source_url=excluded.source_url,
  source_id=excluded.source_id,
  raw=excluded.raw,
  data_quality=excluded.data_quality,
  verified_at=excluded.verified_at,
  last_seen_at=excluded.last_seen_at,
  updated_at=now();


insert into public.itinera_fp_catalog_details(id,study_id,learned,work_context,jobs,modules,source_file,raw)
values ('detail-fp-v36-cm-xestion-administrativa','fp-v36-cm-xestion-administrativa','comercial, financeiro e fiscal. Atención á clientela ou ás persoas usuarias, en empresas públicas e privadas, aplicando a normativa e os protocolos de cali- dade, de xeito que se asegure a satisfacción da clientela e actuando segundo as normas de prevención de riscos laborais e de protección ambiental.','tor de actividade, nomeadamente no de servizos, así como nas administra- cións públicas, ofrecendo apoio administrativo nas tarefas de administra- ción e xestión das referidas empresas e institucións, e prestándolle atención á clientela e á cidadanía.','["de cobramentos e pagamentos", "administrativo/a comercial", "auxiliar admi- nistrativo/a de xestión de persoal", "auxiliar administrativo/a das administra- cións públicas", "recepcionista", "empregado/a de atención á clientela", "empre- gado/a de tesouraría e empregado/a de medios de pagamento."]'::jsonb,'[{"code": "MP0156", "name": "Inglés profesional", "hours": 60}, {"code": "MP1709", "name": "Itinerario persoal para a empregabilidade I", "hours": 107}, {"code": "MP0438", "name": "Operacións administrativas da compravenda", "hours": 133}, {"code": "MP0448", "name": "Operacións auxiliares de xestión de tesouraría", "hours": 160}, {"code": "MP1708", "name": "Sostibilidade aplicada ao sistema produtivo", "hours": 30}, {"code": "MP0441", "name": "Técnica contable", "hours": 133}, {"code": "MP0440", "name": "Tratamento informático da información", "hours": 247}, {"code": "MP0437", "name": "Comunicación empresarial e atención á clientela", "hours": 166}, {"code": "MP1664", "name": "Dixitalización aplicada ao sistema produtivo", "hours": 30}, {"code": "MP0439", "name": "Empresa e administración", "hours": 193}, {"code": "MP0446", "name": "Empresa na aula", "hours": 193}, {"code": "MP1710", "name": "Itinerario persoal para a empregabilidade II", "hours": 50}, {"code": "MP0442", "name": "Operacións administrativas de recursos humanos", "hours": 193}, {"code": "MP1713", "name": "Proxecto intermodular", "hours": 50}, {"code": "MP0443", "name": "Tratamento da documentación contable", "hours": 165}]'::jsonb,'02-administracion_e_xestion_v7.pdf',jsonb_build_object('source_upload','3 base de datos itinera.zip','duration_hours','2000'))
on conflict (id) do update set study_id=excluded.study_id,learned=excluded.learned,work_context=excluded.work_context,jobs=excluded.jobs,modules=excluded.modules,source_file=excluded.source_file,raw=excluded.raw,updated_at=now();


insert into public.itinera_studies(id,name,type,level,family,jurisdiction,official_title,route,subjects,ponderation_subjects,route_options,availability_by_province,sources,source_url,source_id,raw,data_quality,verified_at,last_seen_at,updated_at)
values (
  'fp-v36-cs-administracion-e-finanzas',
  'Administración e finanzas',
  'fpgs',
  'Ciclo formativo de grao superior',
  'Administración e xestión',
  'Galicia',
  true,
  'Consultar requisitos, prazas, centros, modalidade e fontes oficiais antes de decidir.',
  '["Comunicación e atención á clientela", "Inglés profesional", "Itinerario persoal para a empregabilidade I", "Ofimática e proceso da información", "Proceso integral da actividade comercial", "Recursos humanos e responsabilidade social corporativa", "Sostibilidade aplicada ao sistema produtivo", "Xestión da documentación xurídica e empresarial", "Contabilidade e fiscalidade", "Dixitalización aplicada ao sistema produtivo", "Itinerario persoal para a empregabilidade II", "Proxecto intermodular de administración e finanzas"]'::jsonb,
  '[{"subject": "Non aplica ou consultar fonte oficial", "weight": "consultar fonte oficial"}]'::jsonb,
  '[]'::jsonb,
  '{"Galicia": ["Consultar oferta por provincia, centro, modalidade e curso na Xunta FP."]}'::jsonb,
  '["xunta-fp-catalogo-familias-2025-2026", "xunta-fp-ciclos", "todofp-familias"]'::jsonb,
  'https://www.edu.xunta.gal/fp/oferta-fp',
  'xunta-fp-catalogo-familias-2025-2026',
  '{"source_upload": "3 base de datos itinera.zip", "source_file": "02-administracion_e_xestion_v7.pdf", "duration_hours": 2000, "modules": [{"code": "MP0651", "name": "Comunicación e atención á clientela", "hours": 154}, {"code": "MP0179", "name": "Inglés profesional", "hours": 60}, {"code": "MP1709", "name": "Itinerario persoal para a empregabilidade I", "hours": 107}, {"code": "MP0649", "name": "Ofimática e proceso da información", "hours": 237}, {"code": "MP0650", "name": "Proceso integral da actividade comercial", "hours": 128}, {"code": "MP0648", "name": "Recursos humanos e responsabilidade social corporativa", "hours": 77}, {"code": "MP1708", "name": "Sostibilidade aplicada ao sistema produtivo", "hours": 30}, {"code": "MP0647", "name": "Xestión da documentación xurídica e empresarial", "hours": 77}, {"code": "MP0654", "name": "Contabilidade e fiscalidade", "hours": 248}, {"code": "MP1665", "name": "Dixitalización aplicada ao sistema produtivo", "hours": 30}, {"code": "MP1710", "name": "Itinerario persoal para a empregabilidade II", "hours": 50}, {"code": "MP0657", "name": "Proxecto intermodular de administración e finanzas", "hours": 50}, {"code": "MP0656", "name": "Simulación empresarial", "hours": 165}, {"code": "MP0652", "name": "Xestión de recursos humanos", "hours": 166}, {"code": "MP0653", "name": "Xestión financeira", "hours": 193}, {"code": "MP0655", "name": "Xestión loxística e comercial", "hours": 138}], "learned": "cesos comerciais, laborais, contables, fiscais e financeiros dunha empresa pública ou privada, aplicando a normativa e os protocolos de xestión de ca- lidade, xestionando a información, asegurando a satisfacción da clientela e/ou dos usuarios, e actuando segundo as normas de prevención de riscos laborais e protección ambiental.", "work_context": "dade, nomeadamente no sector de servizos, así como na Administración Pública, desempeñando as tarefas administrativas na xestión e no aseso- ramento nas áreas laboral, comercial, contable e fiscal desas empresas e institucións, ofrecéndolles un servizo e atención á clientela e á cidadanía, realizando trámites administrativos coas administracións públicas e xes- tionando o arquivo e as comunicacións da empresa. Poderían traballar por conta propia, efectuando a xestión da súa propia empresa, ou a través do exercicio libre dunha actividade económica, como nunha asesoría financeira ou laboral, estudos de proxectos, etc."}'::jsonb,
  'official_upload',
  now(),
  now(),
  now()
)
on conflict (id) do update set
  name=excluded.name,
  type=excluded.type,
  level=excluded.level,
  family=excluded.family,
  jurisdiction=excluded.jurisdiction,
  route=excluded.route,
  subjects=excluded.subjects,
  ponderation_subjects=excluded.ponderation_subjects,
  route_options=excluded.route_options,
  availability_by_province=excluded.availability_by_province,
  sources=excluded.sources,
  source_url=excluded.source_url,
  source_id=excluded.source_id,
  raw=excluded.raw,
  data_quality=excluded.data_quality,
  verified_at=excluded.verified_at,
  last_seen_at=excluded.last_seen_at,
  updated_at=now();


insert into public.itinera_fp_catalog_details(id,study_id,learned,work_context,jobs,modules,source_file,raw)
values ('detail-fp-v36-cs-administracion-e-finanzas','fp-v36-cs-administracion-e-finanzas','cesos comerciais, laborais, contables, fiscais e financeiros dunha empresa pública ou privada, aplicando a normativa e os protocolos de xestión de ca- lidade, xestionando a información, asegurando a satisfacción da clientela e/ou dos usuarios, e actuando segundo as normas de prevención de riscos laborais e protección ambiental.','dade, nomeadamente no sector de servizos, así como na Administración Pública, desempeñando as tarefas administrativas na xestión e no aseso- ramento nas áreas laboral, comercial, contable e fiscal desas empresas e institucións, ofrecéndolles un servizo e atención á clientela e á cidadanía, realizando trámites administrativos coas administracións públicas e xes- tionando o arquivo e as comunicacións da empresa. Poderían traballar por conta propia, efectuando a xestión da súa propia empresa, ou a través do exercicio libre dunha actividade económica, como nunha asesoría financeira ou laboral, estudos de proxectos, etc.','["financeiro", "administrativo/a contable", "administrativo/a de loxística", "adminis- trativo/a de banca e de seguros", "administrativo/a de recursos humanos", "ad- ministrativo/a da Administración Pública", "administrativo/a de asesorías xu- rídicas, contables, laborais e fiscais, ou xestorías", "técnico/a en xestión de cobramentos", "responsable de atención á clientela."]'::jsonb,'[{"code": "MP0651", "name": "Comunicación e atención á clientela", "hours": 154}, {"code": "MP0179", "name": "Inglés profesional", "hours": 60}, {"code": "MP1709", "name": "Itinerario persoal para a empregabilidade I", "hours": 107}, {"code": "MP0649", "name": "Ofimática e proceso da información", "hours": 237}, {"code": "MP0650", "name": "Proceso integral da actividade comercial", "hours": 128}, {"code": "MP0648", "name": "Recursos humanos e responsabilidade social corporativa", "hours": 77}, {"code": "MP1708", "name": "Sostibilidade aplicada ao sistema produtivo", "hours": 30}, {"code": "MP0647", "name": "Xestión da documentación xurídica e empresarial", "hours": 77}, {"code": "MP0654", "name": "Contabilidade e fiscalidade", "hours": 248}, {"code": "MP1665", "name": "Dixitalización aplicada ao sistema produtivo", "hours": 30}, {"code": "MP1710", "name": "Itinerario persoal para a empregabilidade II", "hours": 50}, {"code": "MP0657", "name": "Proxecto intermodular de administración e finanzas", "hours": 50}, {"code": "MP0656", "name": "Simulación empresarial", "hours": 165}, {"code": "MP0652", "name": "Xestión de recursos humanos", "hours": 166}, {"code": "MP0653", "name": "Xestión financeira", "hours": 193}, {"code": "MP0655", "name": "Xestión loxística e comercial", "hours": 138}]'::jsonb,'02-administracion_e_xestion_v7.pdf',jsonb_build_object('source_upload','3 base de datos itinera.zip','duration_hours','2000'))
on conflict (id) do update set study_id=excluded.study_id,learned=excluded.learned,work_context=excluded.work_context,jobs=excluded.jobs,modules=excluded.modules,source_file=excluded.source_file,raw=excluded.raw,updated_at=now();


insert into public.itinera_studies(id,name,type,level,family,jurisdiction,official_title,route,subjects,ponderation_subjects,route_options,availability_by_province,sources,source_url,source_id,raw,data_quality,verified_at,last_seen_at,updated_at)
values (
  'fp-v36-cs-asistencia-a-direccion',
  'Asistencia á dirección',
  'fpgs',
  'Ciclo formativo de grao superior',
  'Administración e xestión',
  'Galicia',
  true,
  'Consultar requisitos, prazas, centros, modalidade e fontes oficiais antes de decidir.',
  '["Comunicación e atención á clientela", "Inglés profesional", "Itinerario persoal para a empregabilidade I", "Ofimática e proceso da información", "Proceso integral da actividade comercial", "Recursos humanos e responsabilidade social corporativa", "Sostibilidade aplicada ao sistema produtivo", "Xestión da documentación xurídica e empresarial", "Dixitalización aplicada ao sistema produtivo", "Itinerario persoal para a empregabilidade II", "Organización de eventos empresariais", "Protocolo empresarial"]'::jsonb,
  '[{"subject": "Non aplica ou consultar fonte oficial", "weight": "consultar fonte oficial"}]'::jsonb,
  '[]'::jsonb,
  '{"Galicia": ["Consultar oferta por provincia, centro, modalidade e curso na Xunta FP."]}'::jsonb,
  '["xunta-fp-catalogo-familias-2025-2026", "xunta-fp-ciclos", "todofp-familias"]'::jsonb,
  'https://www.edu.xunta.gal/fp/oferta-fp',
  'xunta-fp-catalogo-familias-2025-2026',
  '{"source_upload": "3 base de datos itinera.zip", "source_file": "02-administracion_e_xestion_v7.pdf", "duration_hours": 2000, "modules": [{"code": "MP0651", "name": "Comunicación e atención á clientela", "hours": 154}, {"code": "MP0179", "name": "Inglés profesional", "hours": 60}, {"code": "MP1709", "name": "Itinerario persoal para a empregabilidade I", "hours": 107}, {"code": "MP0649", "name": "Ofimática e proceso da información", "hours": 237}, {"code": "MP0650", "name": "Proceso integral da actividade comercial", "hours": 128}, {"code": "MP0648", "name": "Recursos humanos e responsabilidade social corporativa", "hours": 77}, {"code": "MP1708", "name": "Sostibilidade aplicada ao sistema produtivo", "hours": 30}, {"code": "MP0647", "name": "Xestión da documentación xurídica e empresarial", "hours": 77}, {"code": "MP1665", "name": "Dixitalización aplicada ao sistema produtivo", "hours": 30}, {"code": "MP1710", "name": "Itinerario persoal para a empregabilidade II", "hours": 50}, {"code": "MP0662", "name": "Organización de eventos empresariais", "hours": 221}, {"code": "MP0661", "name": "Protocolo empresarial", "hours": 193}, {"code": "MP0664", "name": "Proxecto intermodular de asistencia á dirección", "hours": 50}, {"code": "MP0180", "name": "Segunda lingua estranxeira", "hours": 248}, {"code": "MP0663", "name": "Xestión avanzada da información", "hours": 248}], "learned": "ción, representación da entidade e funcións administrativas e documentais; así como xestionar a información e a comunicación interna e externa, e rea- lizar outras tarefas por delegación, utilizando, en caso necesario, a lingua inglesa e/ou outra lingua estranxeira, aplicando a normativa e os protoco- los de xestión de calidade que aseguren a satisfacción da clientela ou dos usuarios, e actuando segundo as normas de prevención de riscos laborais e protección ambiental.", "work_context": "de traballo (departamento, proxecto, grupo, etc.) nun contexto de crecente internacionalización. Ten un papel basicamente interpersoal, organizativo e administrativo, que pode desenvolverse en calquera tipo de organización (empresas nacionais ou internacionais, asociacións, axencias gubernamen- tais, entidades do sector público ou privado, domésticas ou internacionais), que dan cabida a este tipo de profesional. A denominación dos seus postos varía substancialmente dependendo dos costumes profesionais de cada sector, a maior ou menor cualificación esixida polo tipo de traballo, a impor- tancia relativa das actividades que se desempeñan por delegación e o grao de responsabilidade que se lle outorga. Tomando en conta o seu papel espe- cífico de apoio a un superior ou grupo de traballo, o persoal asistente de di- rección traballa habitualmente por conta allea e actúa só ou formando par- te da estrutura dun equipo, e de xeito independente total ou parcialmente."}'::jsonb,
  'official_upload',
  now(),
  now(),
  now()
)
on conflict (id) do update set
  name=excluded.name,
  type=excluded.type,
  level=excluded.level,
  family=excluded.family,
  jurisdiction=excluded.jurisdiction,
  route=excluded.route,
  subjects=excluded.subjects,
  ponderation_subjects=excluded.ponderation_subjects,
  route_options=excluded.route_options,
  availability_by_province=excluded.availability_by_province,
  sources=excluded.sources,
  source_url=excluded.source_url,
  source_id=excluded.source_id,
  raw=excluded.raw,
  data_quality=excluded.data_quality,
  verified_at=excluded.verified_at,
  last_seen_at=excluded.last_seen_at,
  updated_at=now();


insert into public.itinera_fp_catalog_details(id,study_id,learned,work_context,jobs,modules,source_file,raw)
values ('detail-fp-v36-cs-asistencia-a-direccion','fp-v36-cs-asistencia-a-direccion','ción, representación da entidade e funcións administrativas e documentais; así como xestionar a información e a comunicación interna e externa, e rea- lizar outras tarefas por delegación, utilizando, en caso necesario, a lingua inglesa e/ou outra lingua estranxeira, aplicando a normativa e os protoco- los de xestión de calidade que aseguren a satisfacción da clientela ou dos usuarios, e actuando segundo as normas de prevención de riscos laborais e protección ambiental.','de traballo (departamento, proxecto, grupo, etc.) nun contexto de crecente internacionalización. Ten un papel basicamente interpersoal, organizativo e administrativo, que pode desenvolverse en calquera tipo de organización (empresas nacionais ou internacionais, asociacións, axencias gubernamen- tais, entidades do sector público ou privado, domésticas ou internacionais), que dan cabida a este tipo de profesional. A denominación dos seus postos varía substancialmente dependendo dos costumes profesionais de cada sector, a maior ou menor cualificación esixida polo tipo de traballo, a impor- tancia relativa das actividades que se desempeñan por delegación e o grao de responsabilidade que se lle outorga. Tomando en conta o seu papel espe- cífico de apoio a un superior ou grupo de traballo, o persoal asistente de di- rección traballa habitualmente por conta allea e actúa só ou formando par- te da estrutura dun equipo, e de xeito independente total ou parcialmente.','["de despachos e oficinas", "asistente xurídico/a", "asistente en departamentos de recursos humanos", "administrativo/a na Administración e en organismos públicos."]'::jsonb,'[{"code": "MP0651", "name": "Comunicación e atención á clientela", "hours": 154}, {"code": "MP0179", "name": "Inglés profesional", "hours": 60}, {"code": "MP1709", "name": "Itinerario persoal para a empregabilidade I", "hours": 107}, {"code": "MP0649", "name": "Ofimática e proceso da información", "hours": 237}, {"code": "MP0650", "name": "Proceso integral da actividade comercial", "hours": 128}, {"code": "MP0648", "name": "Recursos humanos e responsabilidade social corporativa", "hours": 77}, {"code": "MP1708", "name": "Sostibilidade aplicada ao sistema produtivo", "hours": 30}, {"code": "MP0647", "name": "Xestión da documentación xurídica e empresarial", "hours": 77}, {"code": "MP1665", "name": "Dixitalización aplicada ao sistema produtivo", "hours": 30}, {"code": "MP1710", "name": "Itinerario persoal para a empregabilidade II", "hours": 50}, {"code": "MP0662", "name": "Organización de eventos empresariais", "hours": 221}, {"code": "MP0661", "name": "Protocolo empresarial", "hours": 193}, {"code": "MP0664", "name": "Proxecto intermodular de asistencia á dirección", "hours": 50}, {"code": "MP0180", "name": "Segunda lingua estranxeira", "hours": 248}, {"code": "MP0663", "name": "Xestión avanzada da información", "hours": 248}]'::jsonb,'02-administracion_e_xestion_v7.pdf',jsonb_build_object('source_upload','3 base de datos itinera.zip','duration_hours','2000'))
on conflict (id) do update set study_id=excluded.study_id,learned=excluded.learned,work_context=excluded.work_context,jobs=excluded.jobs,modules=excluded.modules,source_file=excluded.source_file,raw=excluded.raw,updated_at=now();


insert into public.itinera_studies(id,name,type,level,family,jurisdiction,official_title,route,subjects,ponderation_subjects,route_options,availability_by_province,sources,source_url,source_id,raw,data_quality,verified_at,last_seen_at,updated_at)
values (
  'fp-v36-cb-actividades-agropecuarias',
  'Actividades agropecuarias',
  'fpb',
  'Ciclo formativo de grao básico',
  'Agraria',
  'Galicia',
  true,
  'Consultar requisitos, prazas, centros, modalidade e fontes oficiais antes de decidir.',
  '["Ciencias aplicadas I", "Comunicación e ciencias sociais I", "Itinerario persoal para a empregabilidade", "Operacións auxiliares de obtención e colleita de cultivos", "Operacións auxiliares de preparación do terreo, plantación e", "Operacións básicas de manexo da produción gandeira", "Ciencias aplicadas II", "Comunicación e ciencias sociais II", "Envasamento e distribución de materias primas agroalimentarias", "Operacións auxiliares de cría e alimentación do gando", "Operacións auxiliares de mantemento e hixiene en instala-", "Proxecto intermodular de aprendizaxe colaborativa"]'::jsonb,
  '[{"subject": "Non aplica ou consultar fonte oficial", "weight": "consultar fonte oficial"}]'::jsonb,
  '[]'::jsonb,
  '{"Galicia": ["Consultar oferta por provincia, centro, modalidade e curso na Xunta FP."]}'::jsonb,
  '["xunta-fp-catalogo-familias-2025-2026", "xunta-fp-ciclos", "todofp-familias"]'::jsonb,
  'https://www.edu.xunta.gal/fp/oferta-fp',
  'xunta-fp-catalogo-familias-2025-2026',
  '{"source_upload": "3 base de datos itinera.zip", "source_file": "03-agraria_v7.pdf", "duration_hours": 2000, "modules": [{"code": "AM3163", "name": "Ciencias aplicadas I", "hours": 146}, {"code": "AM3161", "name": "Comunicación e ciencias sociais I", "hours": 175}, {"code": "MP3159", "name": "Itinerario persoal para a empregabilidade", "hours": 60}, {"code": "MP3052", "name": "Operacións auxiliares de obtención e colleita de cultivos", "hours": 237}, {"code": "MP3051", "name": "Operacións auxiliares de preparación do terreo, plantación e", "hours": 117}, {"code": "MP3114", "name": "Operacións básicas de manexo da produción gandeira", "hours": 175}, {"code": "AM3164", "name": "Ciencias aplicadas II", "hours": 146}, {"code": "AM3162", "name": "Comunicación e ciencias sociais II", "hours": 125}, {"code": "MP3111", "name": "Envasamento e distribución de materias primas agroalimentarias", "hours": 163}, {"code": "MP3113", "name": "Operacións auxiliares de cría e alimentación do gando", "hours": 408}, {"code": "MP3115", "name": "Operacións auxiliares de mantemento e hixiene en instala-", "hours": 163}, {"code": "MP3160", "name": "Proxecto intermodular de aprendizaxe colaborativa", "hours": 25}], "learned": "entre outras cousas, con cultivos agrícolas, co manexo do gando e co enva- samento e a distribución de produtos agroalimentarios, seguindo instru- cións de superiores ou plan de traballo, operando coa calidade indicada, cumprindo as normas de prevención de riscos laborais e protección ambien- tal correspondentes, as de benestar animal, as de seguridade alimentaria e as boas prácticas gandeiras, e comunicándose oralmente e por escrito en lingua galega e en lingua castelá, así como nalgunha lingua estranxeira.", "work_context": "empresas agropecuarias, de carácter público ou privado, que se dediquen a actividades relacionadas co cultivo agrícola e coa gandaría produtiva."}'::jsonb,
  'official_upload',
  now(),
  now(),
  now()
)
on conflict (id) do update set
  name=excluded.name,
  type=excluded.type,
  level=excluded.level,
  family=excluded.family,
  jurisdiction=excluded.jurisdiction,
  route=excluded.route,
  subjects=excluded.subjects,
  ponderation_subjects=excluded.ponderation_subjects,
  route_options=excluded.route_options,
  availability_by_province=excluded.availability_by_province,
  sources=excluded.sources,
  source_url=excluded.source_url,
  source_id=excluded.source_id,
  raw=excluded.raw,
  data_quality=excluded.data_quality,
  verified_at=excluded.verified_at,
  last_seen_at=excluded.last_seen_at,
  updated_at=now();


insert into public.itinera_fp_catalog_details(id,study_id,learned,work_context,jobs,modules,source_file,raw)
values ('detail-fp-v36-cb-actividades-agropecuarias','fp-v36-cb-actividades-agropecuarias','entre outras cousas, con cultivos agrícolas, co manexo do gando e co enva- samento e a distribución de produtos agroalimentarios, seguindo instru- cións de superiores ou plan de traballo, operando coa calidade indicada, cumprindo as normas de prevención de riscos laborais e protección ambien- tal correspondentes, as de benestar animal, as de seguridade alimentaria e as boas prácticas gandeiras, e comunicándose oralmente e por escrito en lingua galega e en lingua castelá, así como nalgunha lingua estranxeira.','empresas agropecuarias, de carácter público ou privado, que se dediquen a actividades relacionadas co cultivo agrícola e coa gandaría produtiva.','["peón/peoa en fruticultura", "peón/peoa en cultivos herbáceos", "peón/peoa en cultivos de flor cortada", "peón/peoa en explotacións gandeiras", "auxiliar de muxidura", "pastor/a", "aplicador/a de biocidas en explotacións e vehículos gandeiros", "peón/peoa da industria alimentaria."]'::jsonb,'[{"code": "AM3163", "name": "Ciencias aplicadas I", "hours": 146}, {"code": "AM3161", "name": "Comunicación e ciencias sociais I", "hours": 175}, {"code": "MP3159", "name": "Itinerario persoal para a empregabilidade", "hours": 60}, {"code": "MP3052", "name": "Operacións auxiliares de obtención e colleita de cultivos", "hours": 237}, {"code": "MP3051", "name": "Operacións auxiliares de preparación do terreo, plantación e", "hours": 117}, {"code": "MP3114", "name": "Operacións básicas de manexo da produción gandeira", "hours": 175}, {"code": "AM3164", "name": "Ciencias aplicadas II", "hours": 146}, {"code": "AM3162", "name": "Comunicación e ciencias sociais II", "hours": 125}, {"code": "MP3111", "name": "Envasamento e distribución de materias primas agroalimentarias", "hours": 163}, {"code": "MP3113", "name": "Operacións auxiliares de cría e alimentación do gando", "hours": 408}, {"code": "MP3115", "name": "Operacións auxiliares de mantemento e hixiene en instala-", "hours": 163}, {"code": "MP3160", "name": "Proxecto intermodular de aprendizaxe colaborativa", "hours": 25}]'::jsonb,'03-agraria_v7.pdf',jsonb_build_object('source_upload','3 base de datos itinera.zip','duration_hours','2000'))
on conflict (id) do update set study_id=excluded.study_id,learned=excluded.learned,work_context=excluded.work_context,jobs=excluded.jobs,modules=excluded.modules,source_file=excluded.source_file,raw=excluded.raw,updated_at=now();


insert into public.itinera_studies(id,name,type,level,family,jurisdiction,official_title,route,subjects,ponderation_subjects,route_options,availability_by_province,sources,source_url,source_id,raw,data_quality,verified_at,last_seen_at,updated_at)
values (
  'fp-v36-cb-agroxardinaria-e-composicions-florais',
  'Agroxardinaría e composicións florais',
  'fpb',
  'Ciclo formativo de grao básico',
  'Agraria',
  'Galicia',
  true,
  'Consultar requisitos, prazas, centros, modalidade e fontes oficiais antes de decidir.',
  '["Ciencias aplicadas I", "Comunicación e ciencias sociais I", "Itinerario persoal para a empregabilidade", "Operacións auxiliares de preparación do terreo, plantación e", "Operacións básicas de produción e mantemento de plantas", "Operacións básicas en instalación de xardíns, parques e zo-", "Operacións básicas para o mantemento de xardíns, parques", "Actividades de rega, fertilización e tratamentos en cultivos", "Ciencias aplicadas II", "Comunicación e ciencias sociais II", "Materiais de floraría", "Operacións auxiliares na elaboración de composicións con"]'::jsonb,
  '[{"subject": "Non aplica ou consultar fonte oficial", "weight": "consultar fonte oficial"}]'::jsonb,
  '[]'::jsonb,
  '{"Galicia": ["Consultar oferta por provincia, centro, modalidade e curso na Xunta FP."]}'::jsonb,
  '["xunta-fp-catalogo-familias-2025-2026", "xunta-fp-ciclos", "todofp-familias"]'::jsonb,
  'https://www.edu.xunta.gal/fp/oferta-fp',
  'xunta-fp-catalogo-familias-2025-2026',
  '{"source_upload": "3 base de datos itinera.zip", "source_file": "03-agraria_v7.pdf", "duration_hours": 2000, "modules": [{"code": "AM3163", "name": "Ciencias aplicadas I", "hours": 146}, {"code": "AM3161", "name": "Comunicación e ciencias sociais I", "hours": 175}, {"code": "MP3159", "name": "Itinerario persoal para a empregabilidade", "hours": 60}, {"code": "MP3051", "name": "Operacións auxiliares de preparación do terreo, plantación e", "hours": 117}, {"code": "MP3053", "name": "Operacións básicas de produción e mantemento de plantas", "hours": 175}, {"code": "MP3055", "name": "Operacións básicas en instalación de xardíns, parques e zo-", "hours": 117}, {"code": "MP3056", "name": "Operacións básicas para o mantemento de xardíns, parques", "hours": 120}, {"code": "MP3050", "name": "Actividades de rega, fertilización e tratamentos en cultivos", "hours": 285}, {"code": "AM3164", "name": "Ciencias aplicadas II", "hours": 146}, {"code": "AM3162", "name": "Comunicación e ciencias sociais II", "hours": 125}, {"code": "MP3057", "name": "Materiais de floraría", "hours": 204}, {"code": "MP3054", "name": "Operacións auxiliares na elaboración de composicións con", "hours": 245}, {"code": "MP3160", "name": "Proxecto intermodular de aprendizaxe colaborativa", "hours": 25}], "learned": "en cultivos, en produción de planta en invernadoiros ou en centros de xar- dinaría, colaborando na preparación do terreo e na implantación e o mante- mento de xardíns, parques e zonas verdes, operando coa calidade indicada, cumprindo as normas de prevención de riscos laborais e protección ambien- tal correspondentes, e comunicándose oralmente e por escrito en linguas galega e castelá, así como nalgunha lingua estranxeira.", "work_context": "empresas dedicadas á ornamentación floral e/ou decoración de espazos e eventos. Tamén desenvolven a súa actividade profesional na área de produ- ción e/ou na área de ambiente en grandes, medianas e pequenas empresas, tanto públicas como privadas, dedicadas ao cultivo agrícola, á produción de plantas e á instalación e o mantemento de xardíns e zonas verdes. Están, ademais, capacitadas para realizar tratamentos praguicidas de nivel básico, segundo a actividade regulada pola normativa correspondente."}'::jsonb,
  'official_upload',
  now(),
  now(),
  now()
)
on conflict (id) do update set
  name=excluded.name,
  type=excluded.type,
  level=excluded.level,
  family=excluded.family,
  jurisdiction=excluded.jurisdiction,
  route=excluded.route,
  subjects=excluded.subjects,
  ponderation_subjects=excluded.ponderation_subjects,
  route_options=excluded.route_options,
  availability_by_province=excluded.availability_by_province,
  sources=excluded.sources,
  source_url=excluded.source_url,
  source_id=excluded.source_id,
  raw=excluded.raw,
  data_quality=excluded.data_quality,
  verified_at=excluded.verified_at,
  last_seen_at=excluded.last_seen_at,
  updated_at=now();


insert into public.itinera_fp_catalog_details(id,study_id,learned,work_context,jobs,modules,source_file,raw)
values ('detail-fp-v36-cb-agroxardinaria-e-composicions-florais','fp-v36-cb-agroxardinaria-e-composicions-florais','en cultivos, en produción de planta en invernadoiros ou en centros de xar- dinaría, colaborando na preparación do terreo e na implantación e o mante- mento de xardíns, parques e zonas verdes, operando coa calidade indicada, cumprindo as normas de prevención de riscos laborais e protección ambien- tal correspondentes, e comunicándose oralmente e por escrito en linguas galega e castelá, así como nalgunha lingua estranxeira.','empresas dedicadas á ornamentación floral e/ou decoración de espazos e eventos. Tamén desenvolven a súa actividade profesional na área de produ- ción e/ou na área de ambiente en grandes, medianas e pequenas empresas, tanto públicas como privadas, dedicadas ao cultivo agrícola, á produción de plantas e á instalación e o mantemento de xardíns e zonas verdes. Están, ademais, capacitadas para realizar tratamentos praguicidas de nivel básico, segundo a actividade regulada pola normativa correspondente.','["peón/peoa en fruticultura", "peón/peoa en cultivos herbáceos", "peón/ peoa en cultivos de flor cortada", "peón/peoa de xardinaría", "peón/peoa de viveiro", "peón/peoa de centros de xardinaría", "peón/peoa de campos deporti- vos", "peón/peoa de floraría", "auxiliar de floraría", "auxiliar de almacén de flores."]'::jsonb,'[{"code": "AM3163", "name": "Ciencias aplicadas I", "hours": 146}, {"code": "AM3161", "name": "Comunicación e ciencias sociais I", "hours": 175}, {"code": "MP3159", "name": "Itinerario persoal para a empregabilidade", "hours": 60}, {"code": "MP3051", "name": "Operacións auxiliares de preparación do terreo, plantación e", "hours": 117}, {"code": "MP3053", "name": "Operacións básicas de produción e mantemento de plantas", "hours": 175}, {"code": "MP3055", "name": "Operacións básicas en instalación de xardíns, parques e zo-", "hours": 117}, {"code": "MP3056", "name": "Operacións básicas para o mantemento de xardíns, parques", "hours": 120}, {"code": "MP3050", "name": "Actividades de rega, fertilización e tratamentos en cultivos", "hours": 285}, {"code": "AM3164", "name": "Ciencias aplicadas II", "hours": 146}, {"code": "AM3162", "name": "Comunicación e ciencias sociais II", "hours": 125}, {"code": "MP3057", "name": "Materiais de floraría", "hours": 204}, {"code": "MP3054", "name": "Operacións auxiliares na elaboración de composicións con", "hours": 245}, {"code": "MP3160", "name": "Proxecto intermodular de aprendizaxe colaborativa", "hours": 25}]'::jsonb,'03-agraria_v7.pdf',jsonb_build_object('source_upload','3 base de datos itinera.zip','duration_hours','2000'))
on conflict (id) do update set study_id=excluded.study_id,learned=excluded.learned,work_context=excluded.work_context,jobs=excluded.jobs,modules=excluded.modules,source_file=excluded.source_file,raw=excluded.raw,updated_at=now();


insert into public.itinera_studies(id,name,type,level,family,jurisdiction,official_title,route,subjects,ponderation_subjects,route_options,availability_by_province,sources,source_url,source_id,raw,data_quality,verified_at,last_seen_at,updated_at)
values (
  'fp-v36-cb-aproveitamentos-forestais',
  'Aproveitamentos forestais',
  'fpb',
  'Ciclo formativo de grao básico',
  'Agraria',
  'Galicia',
  true,
  'Consultar requisitos, prazas, centros, modalidade e fontes oficiais antes de decidir.',
  '["Ciencias aplicadas I", "Colleita de produtos forestais", "Comunicación e ciencias sociais I", "Itinerario persoal para a empregabilidade", "Traballos de aproveitamentos forestais", "Ciencias aplicadas II", "Comunicación e ciencias sociais II", "Operacións básicas para o mantemento de xardíns, parques e", "Proxecto intermodular de aprendizaxe colaborativa", "Repoboación e infraestruturas forestais", "Silvicultura e pragas"]'::jsonb,
  '[{"subject": "Non aplica ou consultar fonte oficial", "weight": "consultar fonte oficial"}]'::jsonb,
  '[]'::jsonb,
  '{"Galicia": ["Consultar oferta por provincia, centro, modalidade e curso na Xunta FP."]}'::jsonb,
  '["xunta-fp-catalogo-familias-2025-2026", "xunta-fp-ciclos", "todofp-familias"]'::jsonb,
  'https://www.edu.xunta.gal/fp/oferta-fp',
  'xunta-fp-catalogo-familias-2025-2026',
  '{"source_upload": "3 base de datos itinera.zip", "source_file": "03-agraria_v7.pdf", "duration_hours": 2000, "modules": [{"code": "AM3163", "name": "Ciencias aplicadas I", "hours": 146}, {"code": "MP3121", "name": "Colleita de produtos forestais", "hours": 117}, {"code": "AM3161", "name": "Comunicación e ciencias sociais I", "hours": 175}, {"code": "MP3159", "name": "Itinerario persoal para a empregabilidade", "hours": 60}, {"code": "MP3119", "name": "Traballos de aproveitamentos forestais", "hours": 237}, {"code": "AM3164", "name": "Ciencias aplicadas II", "hours": 146}, {"code": "AM3162", "name": "Comunicación e ciencias sociais II", "hours": 125}, {"code": "MP3056", "name": "Operacións básicas para o mantemento de xardíns, parques e", "hours": 204}, {"code": "MP3160", "name": "Proxecto intermodular de aprendizaxe colaborativa", "hours": 25}, {"code": "MP3118", "name": "Repoboación e infraestruturas forestais", "hours": 285}, {"code": "MP3120", "name": "Silvicultura e pragas", "hours": 245}], "learned": "mento do monte, así como de produción de planta en invernadoiros ou en centros de xardinaría, e levar a cabo operacións auxiliares para o mante- mento de xardíns, parques e zonas verdes, operando coa calidade indicada, cumprindo as normas de prevención de riscos laborais e protección ambien- tal correspondentes, e comunicándose oralmente e por escrito en linguas galega e castelá, así como nalgunha lingua estranxeira.", "work_context": "quenas empresas, tanto públicas como privadas, dedicadas a traballos de repoboación forestal, tratamentos silvícolas e traballos de mellora, man- temento da infraestrutura forestal e aproveitamentos forestais. Ademais, realizan traballos auxiliares no mantemento de xardíns, áreas recreativas e zonas verdes."}'::jsonb,
  'official_upload',
  now(),
  now(),
  now()
)
on conflict (id) do update set
  name=excluded.name,
  type=excluded.type,
  level=excluded.level,
  family=excluded.family,
  jurisdiction=excluded.jurisdiction,
  route=excluded.route,
  subjects=excluded.subjects,
  ponderation_subjects=excluded.ponderation_subjects,
  route_options=excluded.route_options,
  availability_by_province=excluded.availability_by_province,
  sources=excluded.sources,
  source_url=excluded.source_url,
  source_id=excluded.source_id,
  raw=excluded.raw,
  data_quality=excluded.data_quality,
  verified_at=excluded.verified_at,
  last_seen_at=excluded.last_seen_at,
  updated_at=now();


insert into public.itinera_fp_catalog_details(id,study_id,learned,work_context,jobs,modules,source_file,raw)
values ('detail-fp-v36-cb-aproveitamentos-forestais','fp-v36-cb-aproveitamentos-forestais','mento do monte, así como de produción de planta en invernadoiros ou en centros de xardinaría, e levar a cabo operacións auxiliares para o mante- mento de xardíns, parques e zonas verdes, operando coa calidade indicada, cumprindo as normas de prevención de riscos laborais e protección ambien- tal correspondentes, e comunicándose oralmente e por escrito en linguas galega e castelá, así como nalgunha lingua estranxeira.','quenas empresas, tanto públicas como privadas, dedicadas a traballos de repoboación forestal, tratamentos silvícolas e traballos de mellora, man- temento da infraestrutura forestal e aproveitamentos forestais. Ademais, realizan traballos auxiliares no mantemento de xardíns, áreas recreativas e zonas verdes.','["ceos", "peón/peoa de xardinaría", "peón/peoa de viveiro", "peón/peoa en explota- cións forestais", "peón/peoa en empresas de implantacións forestais", "peón/ peoa en empresas de tratamentos silvícolas", "peón/peoa en empresas de aproveitamentos forestais", "aplicador/a de nivel básico de praguicidas de uso fitosanitario", "peón/peoa en empresas de mantemento de xardíns."]'::jsonb,'[{"code": "AM3163", "name": "Ciencias aplicadas I", "hours": 146}, {"code": "MP3121", "name": "Colleita de produtos forestais", "hours": 117}, {"code": "AM3161", "name": "Comunicación e ciencias sociais I", "hours": 175}, {"code": "MP3159", "name": "Itinerario persoal para a empregabilidade", "hours": 60}, {"code": "MP3119", "name": "Traballos de aproveitamentos forestais", "hours": 237}, {"code": "AM3164", "name": "Ciencias aplicadas II", "hours": 146}, {"code": "AM3162", "name": "Comunicación e ciencias sociais II", "hours": 125}, {"code": "MP3056", "name": "Operacións básicas para o mantemento de xardíns, parques e", "hours": 204}, {"code": "MP3160", "name": "Proxecto intermodular de aprendizaxe colaborativa", "hours": 25}, {"code": "MP3118", "name": "Repoboación e infraestruturas forestais", "hours": 285}, {"code": "MP3120", "name": "Silvicultura e pragas", "hours": 245}]'::jsonb,'03-agraria_v7.pdf',jsonb_build_object('source_upload','3 base de datos itinera.zip','duration_hours','2000'))
on conflict (id) do update set study_id=excluded.study_id,learned=excluded.learned,work_context=excluded.work_context,jobs=excluded.jobs,modules=excluded.modules,source_file=excluded.source_file,raw=excluded.raw,updated_at=now();


insert into public.itinera_studies(id,name,type,level,family,jurisdiction,official_title,route,subjects,ponderation_subjects,route_options,availability_by_province,sources,source_url,source_id,raw,data_quality,verified_at,last_seen_at,updated_at)
values (
  'fp-v36-cm-aproveitamento-e-conservacion-do-medio-natural',
  'Aproveitamento e conservación do medio natural',
  'fpgm',
  'Ciclo formativo de grao medio',
  'Agraria',
  'Galicia',
  true,
  'Consultar requisitos, prazas, centros, modalidade e fontes oficiais antes de decidir.',
  '["Fundamentos agronómicos", "Inglés profesional", "Itinerario persoal para a empregabilidade I", "Maquinaria e instalacións forestais", "Principios de sanidade vexetal", "Produción de planta forestal en viveiro", "Repoboacións forestais e tratamentos silvícolas", "Sostibilidade aplicada ao sistema produtivo", "Aproveitamento do medio natural", "Conservación das especies cinexéticas e piscícolas", "Control fitosanitario", "Dixitalización aplicada ao sistema produtivo"]'::jsonb,
  '[{"subject": "Non aplica ou consultar fonte oficial", "weight": "consultar fonte oficial"}]'::jsonb,
  '[]'::jsonb,
  '{"Galicia": ["Consultar oferta por provincia, centro, modalidade e curso na Xunta FP."]}'::jsonb,
  '["xunta-fp-catalogo-familias-2025-2026", "xunta-fp-ciclos", "todofp-familias"]'::jsonb,
  'https://www.edu.xunta.gal/fp/oferta-fp',
  'xunta-fp-catalogo-familias-2025-2026',
  '{"source_upload": "3 base de datos itinera.zip", "source_file": "03-agraria_v7.pdf", "duration_hours": 2000, "modules": [{"code": "MP0404", "name": "Fundamentos agronómicos", "hours": 131}, {"code": "MP0156", "name": "Inglés profesional", "hours": 60}, {"code": "MP1709", "name": "Itinerario persoal para a empregabilidade I", "hours": 107}, {"code": "MP0837", "name": "Maquinaria e instalacións forestais", "hours": 184}, {"code": "MP0409", "name": "Principios de sanidade vexetal", "hours": 80}, {"code": "MP0835", "name": "Produción de planta forestal en viveiro", "hours": 158}, {"code": "MP0832", "name": "Repoboacións forestais e tratamentos silvícolas", "hours": 210}, {"code": "MP1708", "name": "Sostibilidade aplicada ao sistema produtivo", "hours": 30}, {"code": "MP0833", "name": "Aproveitamento do medio natural", "hours": 301}, {"code": "MP0834", "name": "Conservación das especies cinexéticas e piscícolas", "hours": 164}, {"code": "MP0479", "name": "Control fitosanitario", "hours": 109}, {"code": "MP1664", "name": "Dixitalización aplicada ao sistema produtivo", "hours": 30}, {"code": "MP1710", "name": "Itinerario persoal para a empregabilidade II", "hours": 50}, {"code": "MP0836", "name": "Prevención de incendios forestais", "hours": 137}, {"code": "MP1713", "name": "Proxecto intermodular", "hours": 50}, {"code": "MP0838", "name": "Uso público en espazos naturais", "hours": 109}], "learned": "poboación forestal, de restauración ou ordenación hidrolóxico-forestal e de aproveitamento forestal, así como o control e a vixilancia do medio natural, manexando e mantendo a maquinaria e as instalacións forestais, consonte a normativa ambiental e de prevención de riscos laborais.", "work_context": "presas grandes, medianas e pequenas, tanto públicas como privadas, dedi- cadas aos traballos de repoboación forestal, de restauración e ordenación hidrolóxica forestal, e de aproveitamento forestal, así como de control e vixilancia do medio natural. Trátase de traballadores e traballadoras que poden exercer a súa actividade por conta allea ou por conta propia, que se integran en equipos de traballo con outras persoas do mesmo ou de inferior nivel de cualificación, dependendo organicamente de mandos intermedios. En certos casos de empresas pequenas, poden ter baixo a súa responsabili- dade persoal operario, pero coa supervisión de responsables de produción."}'::jsonb,
  'official_upload',
  now(),
  now(),
  now()
)
on conflict (id) do update set
  name=excluded.name,
  type=excluded.type,
  level=excluded.level,
  family=excluded.family,
  jurisdiction=excluded.jurisdiction,
  route=excluded.route,
  subjects=excluded.subjects,
  ponderation_subjects=excluded.ponderation_subjects,
  route_options=excluded.route_options,
  availability_by_province=excluded.availability_by_province,
  sources=excluded.sources,
  source_url=excluded.source_url,
  source_id=excluded.source_id,
  raw=excluded.raw,
  data_quality=excluded.data_quality,
  verified_at=excluded.verified_at,
  last_seen_at=excluded.last_seen_at,
  updated_at=now();


insert into public.itinera_fp_catalog_details(id,study_id,learned,work_context,jobs,modules,source_file,raw)
values ('detail-fp-v36-cm-aproveitamento-e-conservacion-do-medio-natural','fp-v36-cm-aproveitamento-e-conservacion-do-medio-natural','poboación forestal, de restauración ou ordenación hidrolóxico-forestal e de aproveitamento forestal, así como o control e a vixilancia do medio natural, manexando e mantendo a maquinaria e as instalacións forestais, consonte a normativa ambiental e de prevención de riscos laborais.','presas grandes, medianas e pequenas, tanto públicas como privadas, dedi- cadas aos traballos de repoboación forestal, de restauración e ordenación hidrolóxica forestal, e de aproveitamento forestal, así como de control e vixilancia do medio natural. Trátase de traballadores e traballadoras que poden exercer a súa actividade por conta allea ou por conta propia, que se integran en equipos de traballo con outras persoas do mesmo ou de inferior nivel de cualificación, dependendo organicamente de mandos intermedios. En certos casos de empresas pequenas, poden ter baixo a súa responsabili- dade persoal operario, pero coa supervisión de responsables de produción.','["forestais e similares, en hortas, viveiros e xardíns, en propagación e culti- vo de plantas en viveiro", "maquinista de procesadora forestal", "motoserrista, abatedor/a e cortador/a de toradas", "aplicador/a de produtos fitosanitarios", "enxertador/a", "auxiliar en traballos de control legal de depredadores ou especies invasoras", "guía de actividades de turismo cinexético-piscícola", "corcheiro/a", "traballador/a en viveiros en xeral."]'::jsonb,'[{"code": "MP0404", "name": "Fundamentos agronómicos", "hours": 131}, {"code": "MP0156", "name": "Inglés profesional", "hours": 60}, {"code": "MP1709", "name": "Itinerario persoal para a empregabilidade I", "hours": 107}, {"code": "MP0837", "name": "Maquinaria e instalacións forestais", "hours": 184}, {"code": "MP0409", "name": "Principios de sanidade vexetal", "hours": 80}, {"code": "MP0835", "name": "Produción de planta forestal en viveiro", "hours": 158}, {"code": "MP0832", "name": "Repoboacións forestais e tratamentos silvícolas", "hours": 210}, {"code": "MP1708", "name": "Sostibilidade aplicada ao sistema produtivo", "hours": 30}, {"code": "MP0833", "name": "Aproveitamento do medio natural", "hours": 301}, {"code": "MP0834", "name": "Conservación das especies cinexéticas e piscícolas", "hours": 164}, {"code": "MP0479", "name": "Control fitosanitario", "hours": 109}, {"code": "MP1664", "name": "Dixitalización aplicada ao sistema produtivo", "hours": 30}, {"code": "MP1710", "name": "Itinerario persoal para a empregabilidade II", "hours": 50}, {"code": "MP0836", "name": "Prevención de incendios forestais", "hours": 137}, {"code": "MP1713", "name": "Proxecto intermodular", "hours": 50}, {"code": "MP0838", "name": "Uso público en espazos naturais", "hours": 109}]'::jsonb,'03-agraria_v7.pdf',jsonb_build_object('source_upload','3 base de datos itinera.zip','duration_hours','2000'))
on conflict (id) do update set study_id=excluded.study_id,learned=excluded.learned,work_context=excluded.work_context,jobs=excluded.jobs,modules=excluded.modules,source_file=excluded.source_file,raw=excluded.raw,updated_at=now();


insert into public.itinera_studies(id,name,type,level,family,jurisdiction,official_title,route,subjects,ponderation_subjects,route_options,availability_by_province,sources,source_url,source_id,raw,data_quality,verified_at,last_seen_at,updated_at)
values (
  'fp-v36-cm-producion-agroecoloxica',
  'Produción agroecolóxica',
  'fpgm',
  'Ciclo formativo de grao medio',
  'Agraria',
  'Galicia',
  true,
  'Consultar requisitos, prazas, centros, modalidade e fontes oficiais antes de decidir.',
  '["Fundamentos agronómicos", "Fundamentos zootécnicos", "Implantación de cultivos ecolóxicos", "Infraestruturas e instalacións agrícolas", "Inglés profesional", "Itinerario persoal para a empregabilidade I", "Principios de sanidade vexetal", "Sostibilidade aplicada ao sistema produtivo", "Taller e equipamentos de tracción", "Comercialización de produtos agroecolóxicos", "Dixitalización aplicada ao sistema produtivo", "Itinerario persoal para a empregabilidade II"]'::jsonb,
  '[{"subject": "Non aplica ou consultar fonte oficial", "weight": "consultar fonte oficial"}]'::jsonb,
  '[]'::jsonb,
  '{"Galicia": ["Consultar oferta por provincia, centro, modalidade e curso na Xunta FP."]}'::jsonb,
  '["xunta-fp-catalogo-familias-2025-2026", "xunta-fp-ciclos", "todofp-familias"]'::jsonb,
  'https://www.edu.xunta.gal/fp/oferta-fp',
  'xunta-fp-catalogo-familias-2025-2026',
  '{"source_upload": "3 base de datos itinera.zip", "source_file": "03-agraria_v7.pdf", "duration_hours": 2000, "modules": [{"code": "MP0404", "name": "Fundamentos agronómicos", "hours": 131}, {"code": "MP0405", "name": "Fundamentos zootécnicos", "hours": 157}, {"code": "MP0406", "name": "Implantación de cultivos ecolóxicos", "hours": 157}, {"code": "MP0408", "name": "Infraestruturas e instalacións agrícolas", "hours": 107}, {"code": "MP0156", "name": "Inglés profesional", "hours": 60}, {"code": "MP1709", "name": "Itinerario persoal para a empregabilidade I", "hours": 107}, {"code": "MP0409", "name": "Principios de sanidade vexetal", "hours": 80}, {"code": "MP1708", "name": "Sostibilidade aplicada ao sistema produtivo", "hours": 30}, {"code": "MP0407", "name": "Taller e equipamentos de tracción", "hours": 131}, {"code": "MP0413", "name": "Comercialización de produtos agroecolóxicos", "hours": 109}, {"code": "MP1664", "name": "Dixitalización aplicada ao sistema produtivo", "hours": 30}, {"code": "MP1710", "name": "Itinerario persoal para a empregabilidade II", "hours": 50}, {"code": "MP0412", "name": "Manexo sanitario do agrosistema", "hours": 137}, {"code": "MP0411", "name": "Produción gandeira ecolóxica", "hours": 301}, {"code": "MP0410", "name": "Produción vexetal ecolóxica", "hours": 273}, {"code": "MP1713", "name": "Proxecto intermodular", "hours": 50}], "learned": "rios ecolóxicos con técnicas agrícolas e gandeiras, para a mellora da biodi- versidade e da estabilidade do medio, e da fertilidade do solo, en condicións de calidade e aplicando a regulamentación de produción ecolóxica, de be- nestar animal, de prevención de riscos laborais e de protección ambiental.", "work_context": "deira ecolóxica, por conta propia ou allea. Dentro da produción agroecolóxi- ca atopamos as seguintes actividades: explotacións frutícolas, hortícolas e de cultivos herbáceos ecolóxicos; explotacións pecuarias ecolóxicas; empre- sas de produción de plantas para xardinaría ecolóxica; institucións de inves- tigación e experimentación en cultivos e en produción gandeira ecolóxica; empresas de servizo á agricultura e á gandaría ecolóxica; viveiros e hortas escolares; empresas de certificación de produtos ecolóxicos; granxas-escola e aulas de natureza."}'::jsonb,
  'official_upload',
  now(),
  now(),
  now()
)
on conflict (id) do update set
  name=excluded.name,
  type=excluded.type,
  level=excluded.level,
  family=excluded.family,
  jurisdiction=excluded.jurisdiction,
  route=excluded.route,
  subjects=excluded.subjects,
  ponderation_subjects=excluded.ponderation_subjects,
  route_options=excluded.route_options,
  availability_by_province=excluded.availability_by_province,
  sources=excluded.sources,
  source_url=excluded.source_url,
  source_id=excluded.source_id,
  raw=excluded.raw,
  data_quality=excluded.data_quality,
  verified_at=excluded.verified_at,
  last_seen_at=excluded.last_seen_at,
  updated_at=now();


insert into public.itinera_fp_catalog_details(id,study_id,learned,work_context,jobs,modules,source_file,raw)
values ('detail-fp-v36-cm-producion-agroecoloxica','fp-v36-cm-producion-agroecoloxica','rios ecolóxicos con técnicas agrícolas e gandeiras, para a mellora da biodi- versidade e da estabilidade do medio, e da fertilidade do solo, en condicións de calidade e aplicando a regulamentación de produción ecolóxica, de be- nestar animal, de prevención de riscos laborais e de protección ambiental.','deira ecolóxica, por conta propia ou allea. Dentro da produción agroecolóxi- ca atopamos as seguintes actividades: explotacións frutícolas, hortícolas e de cultivos herbáceos ecolóxicos; explotacións pecuarias ecolóxicas; empre- sas de produción de plantas para xardinaría ecolóxica; institucións de inves- tigación e experimentación en cultivos e en produción gandeira ecolóxica; empresas de servizo á agricultura e á gandaría ecolóxica; viveiros e hortas escolares; empresas de certificación de produtos ecolóxicos; granxas-escola e aulas de natureza.','["avicultor/a ecolóxico/a", "apicultor/a ecolóxico/a", "produtor/a de leite eco- lóxico", "produtor/a de ovos ecolóxicos", "viveirista ecolóxico/a", "operador/a de maquinaria agrícola e gandeira."]'::jsonb,'[{"code": "MP0404", "name": "Fundamentos agronómicos", "hours": 131}, {"code": "MP0405", "name": "Fundamentos zootécnicos", "hours": 157}, {"code": "MP0406", "name": "Implantación de cultivos ecolóxicos", "hours": 157}, {"code": "MP0408", "name": "Infraestruturas e instalacións agrícolas", "hours": 107}, {"code": "MP0156", "name": "Inglés profesional", "hours": 60}, {"code": "MP1709", "name": "Itinerario persoal para a empregabilidade I", "hours": 107}, {"code": "MP0409", "name": "Principios de sanidade vexetal", "hours": 80}, {"code": "MP1708", "name": "Sostibilidade aplicada ao sistema produtivo", "hours": 30}, {"code": "MP0407", "name": "Taller e equipamentos de tracción", "hours": 131}, {"code": "MP0413", "name": "Comercialización de produtos agroecolóxicos", "hours": 109}, {"code": "MP1664", "name": "Dixitalización aplicada ao sistema produtivo", "hours": 30}, {"code": "MP1710", "name": "Itinerario persoal para a empregabilidade II", "hours": 50}, {"code": "MP0412", "name": "Manexo sanitario do agrosistema", "hours": 137}, {"code": "MP0411", "name": "Produción gandeira ecolóxica", "hours": 301}, {"code": "MP0410", "name": "Produción vexetal ecolóxica", "hours": 273}, {"code": "MP1713", "name": "Proxecto intermodular", "hours": 50}]'::jsonb,'03-agraria_v7.pdf',jsonb_build_object('source_upload','3 base de datos itinera.zip','duration_hours','2000'))
on conflict (id) do update set study_id=excluded.study_id,learned=excluded.learned,work_context=excluded.work_context,jobs=excluded.jobs,modules=excluded.modules,source_file=excluded.source_file,raw=excluded.raw,updated_at=now();


insert into public.itinera_studies(id,name,type,level,family,jurisdiction,official_title,route,subjects,ponderation_subjects,route_options,availability_by_province,sources,source_url,source_id,raw,data_quality,verified_at,last_seen_at,updated_at)
values (
  'fp-v36-cm-producion-agropecuaria',
  'Produción agropecuaria',
  'fpgm',
  'Ciclo formativo de grao medio',
  'Agraria',
  'Galicia',
  true,
  'Consultar requisitos, prazas, centros, modalidade e fontes oficiais antes de decidir.',
  '["Fundamentos agronómicos", "Fundamentos zootécnicos", "Implantación de cultivos", "Infraestruturas e instalacións agrícolas", "Inglés profesional", "Itinerario persoal para a empregabilidade I", "Principios de sanidade vexetal", "Sostibilidade aplicada ao sistema produtivo", "Taller e equipamentos de tracción", "Control fitosanitario", "Dixitalización aplicada ao sistema produtivo", "Itinerario persoal para a empregabilidade II"]'::jsonb,
  '[{"subject": "Non aplica ou consultar fonte oficial", "weight": "consultar fonte oficial"}]'::jsonb,
  '[]'::jsonb,
  '{"Galicia": ["Consultar oferta por provincia, centro, modalidade e curso na Xunta FP."]}'::jsonb,
  '["xunta-fp-catalogo-familias-2025-2026", "xunta-fp-ciclos", "todofp-familias"]'::jsonb,
  'https://www.edu.xunta.gal/fp/oferta-fp',
  'xunta-fp-catalogo-familias-2025-2026',
  '{"source_upload": "3 base de datos itinera.zip", "source_file": "03-agraria_v7.pdf", "duration_hours": 2000, "modules": [{"code": "MP0404", "name": "Fundamentos agronómicos", "hours": 131}, {"code": "MP0405", "name": "Fundamentos zootécnicos", "hours": 157}, {"code": "MP0475", "name": "Implantación de cultivos", "hours": 157}, {"code": "MP0408", "name": "Infraestruturas e instalacións agrícolas", "hours": 107}, {"code": "MP0156", "name": "Inglés profesional", "hours": 60}, {"code": "MP1709", "name": "Itinerario persoal para a empregabilidade I", "hours": 107}, {"code": "MP0409", "name": "Principios de sanidade vexetal", "hours": 80}, {"code": "MP1708", "name": "Sostibilidade aplicada ao sistema produtivo", "hours": 30}, {"code": "MP0407", "name": "Taller e equipamentos de tracción", "hours": 131}, {"code": "MP0479", "name": "Control fitosanitario", "hours": 109}, {"code": "MP1664", "name": "Dixitalización aplicada ao sistema produtivo", "hours": 30}, {"code": "MP1710", "name": "Itinerario persoal para a empregabilidade II", "hours": 50}, {"code": "MP0476", "name": "Produción agrícola", "hours": 273}, {"code": "MP0478", "name": "Produción de carne e outras producións gandeiras", "hours": 219}, {"code": "MP0477", "name": "Produción de leite, ovos e animais para vida", "hours": 219}, {"code": "MP1713", "name": "Proxecto intermodular", "hours": 50}], "learned": "dutos agropecuarios atendendo a criterios de calidade e rendibilidade, rea- lizando operacións de produción e de mantemento das instalacións e dos equipamentos, conforme a lexislación de protección ambiental, de preven- ción de riscos laborais, de benestar animal e de seguridade alimentaria.", "work_context": "gandeira, por conta allea ou por conta propia. Sitúanse dentro do sector agropecuario as seguintes actividades produtivas: explotacións frutícolas, hortícolas e de cultivos herbáceos; explotacións pecuarias; institucións de investigación e experimentación en cultivos e en produción gandeira; em- presas de servizo á agricultura e á gandaría; viveiros e hortas escolares; granxas-escola."}'::jsonb,
  'official_upload',
  now(),
  now(),
  now()
)
on conflict (id) do update set
  name=excluded.name,
  type=excluded.type,
  level=excluded.level,
  family=excluded.family,
  jurisdiction=excluded.jurisdiction,
  route=excluded.route,
  subjects=excluded.subjects,
  ponderation_subjects=excluded.ponderation_subjects,
  route_options=excluded.route_options,
  availability_by_province=excluded.availability_by_province,
  sources=excluded.sources,
  source_url=excluded.source_url,
  source_id=excluded.source_id,
  raw=excluded.raw,
  data_quality=excluded.data_quality,
  verified_at=excluded.verified_at,
  last_seen_at=excluded.last_seen_at,
  updated_at=now();


insert into public.itinera_fp_catalog_details(id,study_id,learned,work_context,jobs,modules,source_file,raw)
values ('detail-fp-v36-cm-producion-agropecuaria','fp-v36-cm-producion-agropecuaria','dutos agropecuarios atendendo a criterios de calidade e rendibilidade, rea- lizando operacións de produción e de mantemento das instalacións e dos equipamentos, conforme a lexislación de protección ambiental, de preven- ción de riscos laborais, de benestar animal e de seguridade alimentaria.','gandeira, por conta allea ou por conta propia. Sitúanse dentro do sector agropecuario as seguintes actividades produtivas: explotacións frutícolas, hortícolas e de cultivos herbáceos; explotacións pecuarias; institucións de investigación e experimentación en cultivos e en produción gandeira; em- presas de servizo á agricultura e á gandaría; viveiros e hortas escolares; granxas-escola.','["llador/a cualificado/a por conta propia en cultivos e gandaría", "agricultor/ a", "horticultor/a", "fruticultor/a", "floricultor/a", "criador/a de gando", "avicultor/ a", "apicultor/a", "produtor/a de leite", "produtor/a de ovos", "operador/a de maqui- naria agrícola e gandeira."]'::jsonb,'[{"code": "MP0404", "name": "Fundamentos agronómicos", "hours": 131}, {"code": "MP0405", "name": "Fundamentos zootécnicos", "hours": 157}, {"code": "MP0475", "name": "Implantación de cultivos", "hours": 157}, {"code": "MP0408", "name": "Infraestruturas e instalacións agrícolas", "hours": 107}, {"code": "MP0156", "name": "Inglés profesional", "hours": 60}, {"code": "MP1709", "name": "Itinerario persoal para a empregabilidade I", "hours": 107}, {"code": "MP0409", "name": "Principios de sanidade vexetal", "hours": 80}, {"code": "MP1708", "name": "Sostibilidade aplicada ao sistema produtivo", "hours": 30}, {"code": "MP0407", "name": "Taller e equipamentos de tracción", "hours": 131}, {"code": "MP0479", "name": "Control fitosanitario", "hours": 109}, {"code": "MP1664", "name": "Dixitalización aplicada ao sistema produtivo", "hours": 30}, {"code": "MP1710", "name": "Itinerario persoal para a empregabilidade II", "hours": 50}, {"code": "MP0476", "name": "Produción agrícola", "hours": 273}, {"code": "MP0478", "name": "Produción de carne e outras producións gandeiras", "hours": 219}, {"code": "MP0477", "name": "Produción de leite, ovos e animais para vida", "hours": 219}, {"code": "MP1713", "name": "Proxecto intermodular", "hours": 50}]'::jsonb,'03-agraria_v7.pdf',jsonb_build_object('source_upload','3 base de datos itinera.zip','duration_hours','2000'))
on conflict (id) do update set study_id=excluded.study_id,learned=excluded.learned,work_context=excluded.work_context,jobs=excluded.jobs,modules=excluded.modules,source_file=excluded.source_file,raw=excluded.raw,updated_at=now();


insert into public.itinera_studies(id,name,type,level,family,jurisdiction,official_title,route,subjects,ponderation_subjects,route_options,availability_by_province,sources,source_url,source_id,raw,data_quality,verified_at,last_seen_at,updated_at)
values (
  'fp-v36-cm-xardinaria-e-floraria',
  'Xardinaría e floraría',
  'fpgm',
  'Ciclo formativo de grao medio',
  'Agraria',
  'Galicia',
  true,
  'Consultar requisitos, prazas, centros, modalidade e fontes oficiais antes de decidir.',
  '["Fundamentos agronómicos", "Implantación de xardíns e zonas verdes", "Infraestruturas e instalacións agrícolas", "Inglés profesional", "Itinerario persoal para a empregabilidade I", "Principios de sanidade vexetal", "Produción de plantas e terróns de céspede en viveiro", "Sostibilidade aplicada ao sistema produtivo", "Taller e equipamentos de tracción", "Composicións florais e con plantas", "Control fitosanitario", "Dixitalización aplicada ao sistema produtivo"]'::jsonb,
  '[{"subject": "Non aplica ou consultar fonte oficial", "weight": "consultar fonte oficial"}]'::jsonb,
  '[]'::jsonb,
  '{"Galicia": ["Consultar oferta por provincia, centro, modalidade e curso na Xunta FP."]}'::jsonb,
  '["xunta-fp-catalogo-familias-2025-2026", "xunta-fp-ciclos", "todofp-familias"]'::jsonb,
  'https://www.edu.xunta.gal/fp/oferta-fp',
  'xunta-fp-catalogo-familias-2025-2026',
  '{"source_upload": "3 base de datos itinera.zip", "source_file": "03-agraria_v7.pdf", "duration_hours": 2000, "modules": [{"code": "MP0404", "name": "Fundamentos agronómicos", "hours": 131}, {"code": "MP0576", "name": "Implantación de xardíns e zonas verdes", "hours": 131}, {"code": "MP0408", "name": "Infraestruturas e instalacións agrícolas", "hours": 107}, {"code": "MP0156", "name": "Inglés profesional", "hours": 60}, {"code": "MP1709", "name": "Itinerario persoal para a empregabilidade I", "hours": 107}, {"code": "MP0409", "name": "Principios de sanidade vexetal", "hours": 80}, {"code": "MP0578", "name": "Produción de plantas e terróns de céspede en viveiro", "hours": 183}, {"code": "MP1708", "name": "Sostibilidade aplicada ao sistema produtivo", "hours": 30}, {"code": "MP0407", "name": "Taller e equipamentos de tracción", "hours": 131}, {"code": "MP0579", "name": "Composicións florais e con plantas", "hours": 220}, {"code": "MP0479", "name": "Control fitosanitario", "hours": 109}, {"code": "MP1664", "name": "Dixitalización aplicada ao sistema produtivo", "hours": 30}, {"code": "MP0580", "name": "Establecementos de floraría", "hours": 109}, {"code": "MP1710", "name": "Itinerario persoal para a empregabilidade II", "hours": 50}, {"code": "MP0577", "name": "Mantemento e mellora de xardíns e zonas verdes", "hours": 273}, {"code": "MP1713", "name": "Proxecto intermodular", "hours": 50}, {"code": "MP0581", "name": "Técnicas de venda en xardinaría e floraría", "hours": 109}], "learned": "rar xardíns de exterior e interior, así como pradarías para uso deportivo, e realizar as actividades de produción de planta e de floraría, manexando e mantendo a maquinaria e as instalacións, consonte a normativa ambiental, de control de calidade e de prevención de riscos laborais.", "work_context": "instalación, o mantemento e a mellora de xardíns de interior, de exterior e de zonas verdes, á produción de plantas e terróns de céspede en viveiro e á creación e elaboración de composicións e ornamentacións con flores e plan- tas. Ademais, desenvolve actividades de comercialización e distribución, tanto por conta propia como por conta allea. Así mesmo, está capacitado/a para realizar tratamentos praguicidas, segundo a actividade regulada pola normativa e de acordo coa lexislación sobre prevención de riscos laborais."}'::jsonb,
  'official_upload',
  now(),
  now(),
  now()
)
on conflict (id) do update set
  name=excluded.name,
  type=excluded.type,
  level=excluded.level,
  family=excluded.family,
  jurisdiction=excluded.jurisdiction,
  route=excluded.route,
  subjects=excluded.subjects,
  ponderation_subjects=excluded.ponderation_subjects,
  route_options=excluded.route_options,
  availability_by_province=excluded.availability_by_province,
  sources=excluded.sources,
  source_url=excluded.source_url,
  source_id=excluded.source_id,
  raw=excluded.raw,
  data_quality=excluded.data_quality,
  verified_at=excluded.verified_at,
  last_seen_at=excluded.last_seen_at,
  updated_at=now();


insert into public.itinera_fp_catalog_details(id,study_id,learned,work_context,jobs,modules,source_file,raw)
values ('detail-fp-v36-cm-xardinaria-e-floraria','fp-v36-cm-xardinaria-e-floraria','rar xardíns de exterior e interior, así como pradarías para uso deportivo, e realizar as actividades de produción de planta e de floraría, manexando e mantendo a maquinaria e as instalacións, consonte a normativa ambiental, de control de calidade e de prevención de riscos laborais.','instalación, o mantemento e a mellora de xardíns de interior, de exterior e de zonas verdes, á produción de plantas e terróns de céspede en viveiro e á creación e elaboración de composicións e ornamentacións con flores e plan- tas. Ademais, desenvolve actividades de comercialización e distribución, tanto por conta propia como por conta allea. Así mesmo, está capacitado/a para realizar tratamentos praguicidas, segundo a actividade regulada pola normativa e de acordo coa lexislación sobre prevención de riscos laborais.','["ro/a coidador de campos de deporte", "traballador/a de parques urbanos e de xardíns históricos e botánicos", "traballador/a cualificado/a na instalación de xardíns e zonas verdes", "traballador/a cualificado/a en mantemento e mello- ra de xardíns e zonas verdes", "traballador/a cualificado/a por conta propia en empresa de xardinaría", "viveirista", "traballador/a en viveiros en xeral", "traba- llador/a cualificado/a en propagación de plantas en viveiros", "traballador/a cualificado/a en cultivo de plantas en viveiros", "traballador/a especialista en recolección de sementes e froitos en altura", "traballador/a cualificado/a en produción de sementes", "enxertador/a, traballador/a cualificado en viveiros", "- florista por conta propia ou allea", "oficial de floraría", "vendedor/a de floraría."]'::jsonb,'[{"code": "MP0404", "name": "Fundamentos agronómicos", "hours": 131}, {"code": "MP0576", "name": "Implantación de xardíns e zonas verdes", "hours": 131}, {"code": "MP0408", "name": "Infraestruturas e instalacións agrícolas", "hours": 107}, {"code": "MP0156", "name": "Inglés profesional", "hours": 60}, {"code": "MP1709", "name": "Itinerario persoal para a empregabilidade I", "hours": 107}, {"code": "MP0409", "name": "Principios de sanidade vexetal", "hours": 80}, {"code": "MP0578", "name": "Produción de plantas e terróns de céspede en viveiro", "hours": 183}, {"code": "MP1708", "name": "Sostibilidade aplicada ao sistema produtivo", "hours": 30}, {"code": "MP0407", "name": "Taller e equipamentos de tracción", "hours": 131}, {"code": "MP0579", "name": "Composicións florais e con plantas", "hours": 220}, {"code": "MP0479", "name": "Control fitosanitario", "hours": 109}, {"code": "MP1664", "name": "Dixitalización aplicada ao sistema produtivo", "hours": 30}, {"code": "MP0580", "name": "Establecementos de floraría", "hours": 109}, {"code": "MP1710", "name": "Itinerario persoal para a empregabilidade II", "hours": 50}, {"code": "MP0577", "name": "Mantemento e mellora de xardíns e zonas verdes", "hours": 273}, {"code": "MP1713", "name": "Proxecto intermodular", "hours": 50}, {"code": "MP0581", "name": "Técnicas de venda en xardinaría e floraría", "hours": 109}]'::jsonb,'03-agraria_v7.pdf',jsonb_build_object('source_upload','3 base de datos itinera.zip','duration_hours','2000'))
on conflict (id) do update set study_id=excluded.study_id,learned=excluded.learned,work_context=excluded.work_context,jobs=excluded.jobs,modules=excluded.modules,source_file=excluded.source_file,raw=excluded.raw,updated_at=now();


insert into public.itinera_studies(id,name,type,level,family,jurisdiction,official_title,route,subjects,ponderation_subjects,route_options,availability_by_province,sources,source_url,source_id,raw,data_quality,verified_at,last_seen_at,updated_at)
values (
  'fp-v36-cs-gandaria-e-asistencia-en-sanidade-animal',
  'Gandaría e asistencia en sanidade animal',
  'fpgs',
  'Ciclo formativo de grao superior',
  'Agraria',
  'Galicia',
  true,
  'Consultar requisitos, prazas, centros, modalidade e fontes oficiais antes de decidir.',
  '["Bioseguridade", "Inglés profesional", "Itinerario persoal para a empregabilidade I", "Maquinaria e instalacións gandeiras", "Organización e control da reprodución e cría", "Sostibilidade aplicada ao sistema produtivo", "Xestión da produción animal", "Xestión da recría de cabalos", "Asistencia á atención veterinaria", "Dixitalización aplicada ao sistema produtivo", "Itinerario persoal para a empregabilidade II", "Organización e supervisión da doma e manexo de équidos"]'::jsonb,
  '[{"subject": "Non aplica ou consultar fonte oficial", "weight": "consultar fonte oficial"}]'::jsonb,
  '[]'::jsonb,
  '{"Galicia": ["Consultar oferta por provincia, centro, modalidade e curso na Xunta FP."]}'::jsonb,
  '["xunta-fp-catalogo-familias-2025-2026", "xunta-fp-ciclos", "todofp-familias"]'::jsonb,
  'https://www.edu.xunta.gal/fp/oferta-fp',
  'xunta-fp-catalogo-familias-2025-2026',
  '{"source_upload": "3 base de datos itinera.zip", "source_file": "03-agraria_v7.pdf", "duration_hours": 2000, "modules": [{"code": "MP1281", "name": "Bioseguridade", "hours": 106}, {"code": "MP0179", "name": "Inglés profesional", "hours": 60}, {"code": "MP1709", "name": "Itinerario persoal para a empregabilidade I", "hours": 107}, {"code": "MP1278", "name": "Maquinaria e instalacións gandeiras", "hours": 184}, {"code": "MP1274", "name": "Organización e control da reprodución e cría", "hours": 184}, {"code": "MP1708", "name": "Sostibilidade aplicada ao sistema produtivo", "hours": 30}, {"code": "MP1275", "name": "Xestión da produción animal", "hours": 209}, {"code": "MP1276", "name": "Xestión da recría de cabalos", "hours": 80}, {"code": "MP1280", "name": "Asistencia á atención veterinaria", "hours": 273}, {"code": "MP1665", "name": "Dixitalización aplicada ao sistema produtivo", "hours": 30}, {"code": "MP1710", "name": "Itinerario persoal para a empregabilidade II", "hours": 50}, {"code": "MP1277", "name": "Organización e supervisión da doma e manexo de équidos", "hours": 191}, {"code": "MP1283", "name": "Proxecto intermodular de gandaría e asistencia en sanidade ani-", "hours": 50}, {"code": "MP1279", "name": "Saneamento gandeiro", "hours": 191}, {"code": "MP1282", "name": "Xestión de centros veterinarios", "hours": 165}], "learned": "a equipos veterinarios, programando e organizando os recursos materiais e humanos dispoñibles, e aplicando os plans de produción, calidade, sanidade e benestar animal, prevención de riscos laborais e protección ambiental, de acordo coa lexislación vixente.", "work_context": "adestramento, a monta e a exhibición de gando equino, por conta propia ou allea en empresas públicas ou privadas, seguindo instrucións do/a respon- sable da produción ou baixo a supervisión de persoal facultativo veterinario, podendo ter ao seu cargo persoal de nivel inferior. Por conta allea en institu- cións ou organismos que realicen actividades de xestión e control sanitario de animais, dependendo de persoal superior responsable."}'::jsonb,
  'official_upload',
  now(),
  now(),
  now()
)
on conflict (id) do update set
  name=excluded.name,
  type=excluded.type,
  level=excluded.level,
  family=excluded.family,
  jurisdiction=excluded.jurisdiction,
  route=excluded.route,
  subjects=excluded.subjects,
  ponderation_subjects=excluded.ponderation_subjects,
  route_options=excluded.route_options,
  availability_by_province=excluded.availability_by_province,
  sources=excluded.sources,
  source_url=excluded.source_url,
  source_id=excluded.source_id,
  raw=excluded.raw,
  data_quality=excluded.data_quality,
  verified_at=excluded.verified_at,
  last_seen_at=excluded.last_seen_at,
  updated_at=now();


insert into public.itinera_fp_catalog_details(id,study_id,learned,work_context,jobs,modules,source_file,raw)
values ('detail-fp-v36-cs-gandaria-e-asistencia-en-sanidade-animal','fp-v36-cs-gandaria-e-asistencia-en-sanidade-animal','a equipos veterinarios, programando e organizando os recursos materiais e humanos dispoñibles, e aplicando os plans de produción, calidade, sanidade e benestar animal, prevención de riscos laborais e protección ambiental, de acordo coa lexislación vixente.','adestramento, a monta e a exhibición de gando equino, por conta propia ou allea en empresas públicas ou privadas, seguindo instrucións do/a respon- sable da produción ou baixo a supervisión de persoal facultativo veterinario, podendo ter ao seu cargo persoal de nivel inferior. Por conta allea en institu- cións ou organismos que realicen actividades de xestión e control sanitario de animais, dependendo de persoal superior responsable.','["responsable xestor/a de gandarías equinas", "integrante en comisións de valoración, selección e compra de gando equino", "visitador/a de produtos de veterinaria."]'::jsonb,'[{"code": "MP1281", "name": "Bioseguridade", "hours": 106}, {"code": "MP0179", "name": "Inglés profesional", "hours": 60}, {"code": "MP1709", "name": "Itinerario persoal para a empregabilidade I", "hours": 107}, {"code": "MP1278", "name": "Maquinaria e instalacións gandeiras", "hours": 184}, {"code": "MP1274", "name": "Organización e control da reprodución e cría", "hours": 184}, {"code": "MP1708", "name": "Sostibilidade aplicada ao sistema produtivo", "hours": 30}, {"code": "MP1275", "name": "Xestión da produción animal", "hours": 209}, {"code": "MP1276", "name": "Xestión da recría de cabalos", "hours": 80}, {"code": "MP1280", "name": "Asistencia á atención veterinaria", "hours": 273}, {"code": "MP1665", "name": "Dixitalización aplicada ao sistema produtivo", "hours": 30}, {"code": "MP1710", "name": "Itinerario persoal para a empregabilidade II", "hours": 50}, {"code": "MP1277", "name": "Organización e supervisión da doma e manexo de équidos", "hours": 191}, {"code": "MP1283", "name": "Proxecto intermodular de gandaría e asistencia en sanidade ani-", "hours": 50}, {"code": "MP1279", "name": "Saneamento gandeiro", "hours": 191}, {"code": "MP1282", "name": "Xestión de centros veterinarios", "hours": 165}]'::jsonb,'03-agraria_v7.pdf',jsonb_build_object('source_upload','3 base de datos itinera.zip','duration_hours','2000'))
on conflict (id) do update set study_id=excluded.study_id,learned=excluded.learned,work_context=excluded.work_context,jobs=excluded.jobs,modules=excluded.modules,source_file=excluded.source_file,raw=excluded.raw,updated_at=now();


insert into public.itinera_studies(id,name,type,level,family,jurisdiction,official_title,route,subjects,ponderation_subjects,route_options,availability_by_province,sources,source_url,source_id,raw,data_quality,verified_at,last_seen_at,updated_at)
values (
  'fp-v36-cs-paisaxismo-e-medio-rural',
  'Paisaxismo e medio rural',
  'fpgs',
  'Ciclo formativo de grao superior',
  'Agraria',
  'Galicia',
  true,
  'Consultar requisitos, prazas, centros, modalidade e fontes oficiais antes de decidir.',
  '["Botánica agronómica", "Conservación de xardíns e céspedes deportivos", "Fitopatoloxía", "Inglés profesional", "Itinerario persoal para a empregabilidade I", "Maquinaria e instalacións agroforestais", "Sostibilidade aplicada ao sistema produtivo", "Topografía agraria", "Xestión e organización do viveiro", "Deseño de xardíns e restauración da paisaxe", "Dixitalización aplicada ao sistema produtivo", "Itinerario persoal para a empregabilidade II"]'::jsonb,
  '[{"subject": "Non aplica ou consultar fonte oficial", "weight": "consultar fonte oficial"}]'::jsonb,
  '[]'::jsonb,
  '{"Galicia": ["Consultar oferta por provincia, centro, modalidade e curso na Xunta FP."]}'::jsonb,
  '["xunta-fp-catalogo-familias-2025-2026", "xunta-fp-ciclos", "todofp-familias"]'::jsonb,
  'https://www.edu.xunta.gal/fp/oferta-fp',
  'xunta-fp-catalogo-familias-2025-2026',
  '{"source_upload": "3 base de datos itinera.zip", "source_file": "03-agraria_v7.pdf", "duration_hours": 2000, "modules": [{"code": "MP0690", "name": "Botánica agronómica", "hours": 80}, {"code": "MP0698", "name": "Conservación de xardíns e céspedes deportivos", "hours": 157}, {"code": "MP0692", "name": "Fitopatoloxía", "hours": 80}, {"code": "MP0179", "name": "Inglés profesional", "hours": 60}, {"code": "MP1709", "name": "Itinerario persoal para a empregabilidade I", "hours": 107}, {"code": "MP0694", "name": "Maquinaria e instalacións agroforestais", "hours": 157}, {"code": "MP1708", "name": "Sostibilidade aplicada ao sistema produtivo", "hours": 30}, {"code": "MP0693", "name": "Topografía agraria", "hours": 106}, {"code": "MP0691", "name": "Xestión e organización do viveiro", "hours": 183}, {"code": "MP0697", "name": "Deseño de xardíns e restauración da paisaxe", "hours": 273}, {"code": "MP1665", "name": "Dixitalización aplicada ao sistema produtivo", "hours": 30}, {"code": "MP1710", "name": "Itinerario persoal para a empregabilidade II", "hours": 50}, {"code": "MP0695", "name": "Planificación de cultivos", "hours": 246}, {"code": "MP0699", "name": "Proxecto intermodular de paisaxismo e medio rural", "hours": 50}, {"code": "MP0696", "name": "Xestión de cultivos", "hours": 301}], "learned": "xardíns e zonas verdes, e a xestión da produción de plantas e da produción agrícola, supervisando os traballos, programando e organizando os recur- sos materiais e humanos dispoñibles, aplicando criterios de rendibilidade económica e cumprindo a normativa ambiental, de produción ecolóxica, de produción en viveiro, de control de calidade, de seguridade alimentaria e de prevención de riscos laborais.", "work_context": "a restauración e o mantemento de parques e xardíns, restauración da pai- saxe, produción agrícola convencional ou ecolóxica, e produción de semen- tes e plantas en viveiro, por conta allea ou por conta propia. Ademais des- envolve actividades de organización, control e realización de tratamentos praguicidas regulados pola normativa."}'::jsonb,
  'official_upload',
  now(),
  now(),
  now()
)
on conflict (id) do update set
  name=excluded.name,
  type=excluded.type,
  level=excluded.level,
  family=excluded.family,
  jurisdiction=excluded.jurisdiction,
  route=excluded.route,
  subjects=excluded.subjects,
  ponderation_subjects=excluded.ponderation_subjects,
  route_options=excluded.route_options,
  availability_by_province=excluded.availability_by_province,
  sources=excluded.sources,
  source_url=excluded.source_url,
  source_id=excluded.source_id,
  raw=excluded.raw,
  data_quality=excluded.data_quality,
  verified_at=excluded.verified_at,
  last_seen_at=excluded.last_seen_at,
  updated_at=now();


insert into public.itinera_fp_catalog_details(id,study_id,learned,work_context,jobs,modules,source_file,raw)
values ('detail-fp-v36-cs-paisaxismo-e-medio-rural','fp-v36-cs-paisaxismo-e-medio-rural','xardíns e zonas verdes, e a xestión da produción de plantas e da produción agrícola, supervisando os traballos, programando e organizando os recur- sos materiais e humanos dispoñibles, aplicando criterios de rendibilidade económica e cumprindo a normativa ambiental, de produción ecolóxica, de produción en viveiro, de control de calidade, de seguridade alimentaria e de prevención de riscos laborais.','a restauración e o mantemento de parques e xardíns, restauración da pai- saxe, produción agrícola convencional ou ecolóxica, e produción de semen- tes e plantas en viveiro, por conta allea ou por conta propia. Ademais des- envolve actividades de organización, control e realización de tratamentos praguicidas regulados pola normativa.','["a redacción dun proxecto", "traballador/a por conta propia en empresas de xardinaría e restauración da paisaxe", "xestor/a de produción agrícola, tanto convencional como ecolóxica, por conta propia ou allea", "res- ponsable de almacén agrícola, de equipamentos de tratamentos terres- tres", "encargado/a ou capataz agrícola de hortas, viveiros e xardíns, en xeral."]'::jsonb,'[{"code": "MP0690", "name": "Botánica agronómica", "hours": 80}, {"code": "MP0698", "name": "Conservación de xardíns e céspedes deportivos", "hours": 157}, {"code": "MP0692", "name": "Fitopatoloxía", "hours": 80}, {"code": "MP0179", "name": "Inglés profesional", "hours": 60}, {"code": "MP1709", "name": "Itinerario persoal para a empregabilidade I", "hours": 107}, {"code": "MP0694", "name": "Maquinaria e instalacións agroforestais", "hours": 157}, {"code": "MP1708", "name": "Sostibilidade aplicada ao sistema produtivo", "hours": 30}, {"code": "MP0693", "name": "Topografía agraria", "hours": 106}, {"code": "MP0691", "name": "Xestión e organización do viveiro", "hours": 183}, {"code": "MP0697", "name": "Deseño de xardíns e restauración da paisaxe", "hours": 273}, {"code": "MP1665", "name": "Dixitalización aplicada ao sistema produtivo", "hours": 30}, {"code": "MP1710", "name": "Itinerario persoal para a empregabilidade II", "hours": 50}, {"code": "MP0695", "name": "Planificación de cultivos", "hours": 246}, {"code": "MP0699", "name": "Proxecto intermodular de paisaxismo e medio rural", "hours": 50}, {"code": "MP0696", "name": "Xestión de cultivos", "hours": 301}]'::jsonb,'03-agraria_v7.pdf',jsonb_build_object('source_upload','3 base de datos itinera.zip','duration_hours','2000'))
on conflict (id) do update set study_id=excluded.study_id,learned=excluded.learned,work_context=excluded.work_context,jobs=excluded.jobs,modules=excluded.modules,source_file=excluded.source_file,raw=excluded.raw,updated_at=now();


insert into public.itinera_studies(id,name,type,level,family,jurisdiction,official_title,route,subjects,ponderation_subjects,route_options,availability_by_province,sources,source_url,source_id,raw,data_quality,verified_at,last_seen_at,updated_at)
values (
  'fp-v36-cs-xestion-forestal-e-do-medio-natural',
  'Xestión forestal e do medio natural',
  'fpgs',
  'Ciclo formativo de grao superior',
  'Agraria',
  'Galicia',
  true,
  'Consultar requisitos, prazas, centros, modalidade e fontes oficiais antes de decidir.',
  '["Botánica agronómica", "Fitopatoloxía", "Inglés profesional", "Itinerario persoal para a empregabilidade I", "Maquinaria e instalacións agroforestais", "Sostibilidade aplicada ao sistema produtivo", "Técnicas de educación ambiental", "Topografía agraria", "Xestión dos aproveitamentos do medio forestal", "Xestión e organización do viveiro forestal", "Defensa contra incendios forestais", "Dixitalización aplicada ao sistema produtivo"]'::jsonb,
  '[{"subject": "Non aplica ou consultar fonte oficial", "weight": "consultar fonte oficial"}]'::jsonb,
  '[]'::jsonb,
  '{"Galicia": ["Consultar oferta por provincia, centro, modalidade e curso na Xunta FP."]}'::jsonb,
  '["xunta-fp-catalogo-familias-2025-2026", "xunta-fp-ciclos", "todofp-familias"]'::jsonb,
  'https://www.edu.xunta.gal/fp/oferta-fp',
  'xunta-fp-catalogo-familias-2025-2026',
  '{"source_upload": "3 base de datos itinera.zip", "source_file": "03-agraria_v7.pdf", "duration_hours": 2000, "modules": [{"code": "MP0690", "name": "Botánica agronómica", "hours": 80}, {"code": "MP0692", "name": "Fitopatoloxía", "hours": 80}, {"code": "MP0179", "name": "Inglés profesional", "hours": 60}, {"code": "MP1709", "name": "Itinerario persoal para a empregabilidade I", "hours": 107}, {"code": "MP0694", "name": "Maquinaria e instalacións agroforestais", "hours": 157}, {"code": "MP1708", "name": "Sostibilidade aplicada ao sistema produtivo", "hours": 30}, {"code": "MP0790", "name": "Técnicas de educación ambiental", "hours": 106}, {"code": "MP0693", "name": "Topografía agraria", "hours": 106}, {"code": "MP0810", "name": "Xestión dos aproveitamentos do medio forestal", "hours": 129}, {"code": "MP0811", "name": "Xestión e organización do viveiro forestal", "hours": 105}, {"code": "MP0816", "name": "Defensa contra incendios forestais", "hours": 164}, {"code": "MP1665", "name": "Dixitalización aplicada ao sistema produtivo", "hours": 30}, {"code": "MP1710", "name": "Itinerario persoal para a empregabilidade II", "hours": 50}, {"code": "MP0817", "name": "Proxecto intermodular de xestión forestal e conservación do", "hours": 50}, {"code": "MP0812", "name": "Xestión cinexética", "hours": 137}, {"code": "MP0815", "name": "Xestión da conservación do medio natural", "hours": 137}, {"code": "MP0813", "name": "Xestión da pesca continental", "hours": 137}, {"code": "MP0814", "name": "Xestión de montes", "hours": 245}], "learned": "monte e en viveiros, controlando e protexendo o medio natural e capacitan- do as persoas para a conservación e a mellora ambiental, con aplicación dos plans de calidade, prevención de riscos laborais e protección ambiental, de acordo coa lexislación.", "work_context": "como por conta propia, dedicadas á xestión forestal, á cinexético-piscíco- la, á de viveiros forestais, ao desenvolvemento de programas de educación ambiental, á información, comunicación, formación, interpretación e activi- dades de acompañamento e guía no medio socio-natural, e a vixilancia do medio natural e os seus recursos. Na extinción de incendios forestais como traballadores/as das administracións públicas. Así mesmo, para organizar, controlar e realizar tratamentos praguicidas segundo a actividade regulada pola normativa."}'::jsonb,
  'official_upload',
  now(),
  now(),
  now()
)
on conflict (id) do update set
  name=excluded.name,
  type=excluded.type,
  level=excluded.level,
  family=excluded.family,
  jurisdiction=excluded.jurisdiction,
  route=excluded.route,
  subjects=excluded.subjects,
  ponderation_subjects=excluded.ponderation_subjects,
  route_options=excluded.route_options,
  availability_by_province=excluded.availability_by_province,
  sources=excluded.sources,
  source_url=excluded.source_url,
  source_id=excluded.source_id,
  raw=excluded.raw,
  data_quality=excluded.data_quality,
  verified_at=excluded.verified_at,
  last_seen_at=excluded.last_seen_at,
  updated_at=now();


insert into public.itinera_fp_catalog_details(id,study_id,learned,work_context,jobs,modules,source_file,raw)
values ('detail-fp-v36-cs-xestion-forestal-e-do-medio-natural','fp-v36-cs-xestion-forestal-e-do-medio-natural','monte e en viveiros, controlando e protexendo o medio natural e capacitan- do as persoas para a conservación e a mellora ambiental, con aplicación dos plans de calidade, prevención de riscos laborais e protección ambiental, de acordo coa lexislación.','como por conta propia, dedicadas á xestión forestal, á cinexético-piscíco- la, á de viveiros forestais, ao desenvolvemento de programas de educación ambiental, á información, comunicación, formación, interpretación e activi- dades de acompañamento e guía no medio socio-natural, e a vixilancia do medio natural e os seus recursos. Na extinción de incendios forestais como traballadores/as das administracións públicas. Así mesmo, para organizar, controlar e realizar tratamentos praguicidas segundo a actividade regulada pola normativa.','["traballador/a por conta propia en reforestación, tratamentos silvícolas e contra pragas e enfermi- dades forestais"]'::jsonb,'[{"code": "MP0690", "name": "Botánica agronómica", "hours": 80}, {"code": "MP0692", "name": "Fitopatoloxía", "hours": 80}, {"code": "MP0179", "name": "Inglés profesional", "hours": 60}, {"code": "MP1709", "name": "Itinerario persoal para a empregabilidade I", "hours": 107}, {"code": "MP0694", "name": "Maquinaria e instalacións agroforestais", "hours": 157}, {"code": "MP1708", "name": "Sostibilidade aplicada ao sistema produtivo", "hours": 30}, {"code": "MP0790", "name": "Técnicas de educación ambiental", "hours": 106}, {"code": "MP0693", "name": "Topografía agraria", "hours": 106}, {"code": "MP0810", "name": "Xestión dos aproveitamentos do medio forestal", "hours": 129}, {"code": "MP0811", "name": "Xestión e organización do viveiro forestal", "hours": 105}, {"code": "MP0816", "name": "Defensa contra incendios forestais", "hours": 164}, {"code": "MP1665", "name": "Dixitalización aplicada ao sistema produtivo", "hours": 30}, {"code": "MP1710", "name": "Itinerario persoal para a empregabilidade II", "hours": 50}, {"code": "MP0817", "name": "Proxecto intermodular de xestión forestal e conservación do", "hours": 50}, {"code": "MP0812", "name": "Xestión cinexética", "hours": 137}, {"code": "MP0815", "name": "Xestión da conservación do medio natural", "hours": 137}, {"code": "MP0813", "name": "Xestión da pesca continental", "hours": 137}, {"code": "MP0814", "name": "Xestión de montes", "hours": 245}]'::jsonb,'03-agraria_v7.pdf',jsonb_build_object('source_upload','3 base de datos itinera.zip','duration_hours','2000'))
on conflict (id) do update set study_id=excluded.study_id,learned=excluded.learned,work_context=excluded.work_context,jobs=excluded.jobs,modules=excluded.modules,source_file=excluded.source_file,raw=excluded.raw,updated_at=now();


insert into public.itinera_studies(id,name,type,level,family,jurisdiction,official_title,route,subjects,ponderation_subjects,route_options,availability_by_province,sources,source_url,source_id,raw,data_quality,verified_at,last_seen_at,updated_at)
values (
  'fp-v36-em-floraria-e-arte-floral',
  'Floraría e arte floral',
  'especializacion_gm',
  'Curso de especialización de grao medio',
  'Agraria',
  'Galicia',
  true,
  'Consultar requisitos, prazas, centros, modalidade e fontes oficiais antes de decidir.',
  '["Composicións con flores", "Composicións con plantas naturais", "Composicións para eventos sociais e conmemorativos", "Fundamentos da arte floral", "Ornamentación de grandes espazos con flores e plantas"]'::jsonb,
  '[{"subject": "Non aplica ou consultar fonte oficial", "weight": "consultar fonte oficial"}]'::jsonb,
  '[]'::jsonb,
  '{"Galicia": ["Consultar oferta por provincia, centro, modalidade e curso na Xunta FP."]}'::jsonb,
  '["xunta-fp-catalogo-familias-2025-2026", "xunta-fp-ciclos", "todofp-familias"]'::jsonb,
  'https://www.edu.xunta.gal/fp/oferta-fp',
  'xunta-fp-catalogo-familias-2025-2026',
  '{"source_upload": "3 base de datos itinera.zip", "source_file": "03-agraria_v7.pdf", "duration_hours": 600, "modules": [{"code": "MP5140", "name": "Composicións con flores", "hours": 140}, {"code": "MP5141", "name": "Composicións con plantas naturais", "hours": 80}, {"code": "MP5142", "name": "Composicións para eventos sociais e conmemorativos", "hours": 140}, {"code": "MP5139", "name": "Fundamentos da arte floral", "hours": 110}, {"code": "MP5143", "name": "Ornamentación de grandes espazos con flores e plantas", "hours": 130}], "learned": "confeccionar, presentar e comercializar todo tipo de composicións elabo- radas con flores e plantas naturais e/ou artificiais, secas e/ou preservadas, respectando os requisitos da elaboración artesá e aplicando técnicas ade- cuadas, con creatividade e innovación, cumprindo a normativa de prevención de riscos laborais e de protección ambiental.", "work_context": "floral e en seccións de floraría de viveiros e grandes superficies, se se obtivo o título de especialista ou a certificación académica que acredita a supera- ción deste curso de especialización."}'::jsonb,
  'official_upload',
  now(),
  now(),
  now()
)
on conflict (id) do update set
  name=excluded.name,
  type=excluded.type,
  level=excluded.level,
  family=excluded.family,
  jurisdiction=excluded.jurisdiction,
  route=excluded.route,
  subjects=excluded.subjects,
  ponderation_subjects=excluded.ponderation_subjects,
  route_options=excluded.route_options,
  availability_by_province=excluded.availability_by_province,
  sources=excluded.sources,
  source_url=excluded.source_url,
  source_id=excluded.source_id,
  raw=excluded.raw,
  data_quality=excluded.data_quality,
  verified_at=excluded.verified_at,
  last_seen_at=excluded.last_seen_at,
  updated_at=now();


insert into public.itinera_fp_catalog_details(id,study_id,learned,work_context,jobs,modules,source_file,raw)
values ('detail-fp-v36-em-floraria-e-arte-floral','fp-v36-em-floraria-e-arte-floral','confeccionar, presentar e comercializar todo tipo de composicións elabo- radas con flores e plantas naturais e/ou artificiais, secas e/ou preservadas, respectando os requisitos da elaboración artesá e aplicando técnicas ade- cuadas, con creatividade e innovación, cumprindo a normativa de prevención de riscos laborais e de protección ambiental.','floral e en seccións de floraría de viveiros e grandes superficies, se se obtivo o título de especialista ou a certificación académica que acredita a supera- ción deste curso de especialización.','["mercial de floraría", "técnico/a de floraría", "oficial de floraría", "vendedor/a de floraría", "mestre/a de floraría", "encargado/a de floraría e centros de xardina- ría", "xestor/a de proxectos de arte floral."]'::jsonb,'[{"code": "MP5140", "name": "Composicións con flores", "hours": 140}, {"code": "MP5141", "name": "Composicións con plantas naturais", "hours": 80}, {"code": "MP5142", "name": "Composicións para eventos sociais e conmemorativos", "hours": 140}, {"code": "MP5139", "name": "Fundamentos da arte floral", "hours": 110}, {"code": "MP5143", "name": "Ornamentación de grandes espazos con flores e plantas", "hours": 130}]'::jsonb,'03-agraria_v7.pdf',jsonb_build_object('source_upload','3 base de datos itinera.zip','duration_hours','600'))
on conflict (id) do update set study_id=excluded.study_id,learned=excluded.learned,work_context=excluded.work_context,jobs=excluded.jobs,modules=excluded.modules,source_file=excluded.source_file,raw=excluded.raw,updated_at=now();


insert into public.itinera_studies(id,name,type,level,family,jurisdiction,official_title,route,subjects,ponderation_subjects,route_options,availability_by_province,sources,source_url,source_id,raw,data_quality,verified_at,last_seen_at,updated_at)
values (
  'fp-v36-cb-artes-graficas',
  'Artes gráficas',
  'fpb',
  'Ciclo formativo de grao básico',
  'Artes gráficas',
  'Galicia',
  true,
  'Consultar requisitos, prazas, centros, modalidade e fontes oficiais antes de decidir.',
  '["Atención á clientela", "Ciencias aplicadas I", "Comunicación e ciencias sociais I", "Informática básica aplicada en industrias gráficas", "Itinerario persoal para a empregabilidade", "Traballos de reprografía", "Ciencias aplicadas II", "Comunicación e ciencias sociais II", "Manipulacións en industrias gráficas", "Operacións de almacén en industrias gráficas", "Operacións de produción gráfica", "Proxecto intermodular de aprendizaxe colaborativa"]'::jsonb,
  '[{"subject": "Non aplica ou consultar fonte oficial", "weight": "consultar fonte oficial"}]'::jsonb,
  '[]'::jsonb,
  '{"Galicia": ["Consultar oferta por provincia, centro, modalidade e curso na Xunta FP."]}'::jsonb,
  '["xunta-fp-catalogo-familias-2025-2026", "xunta-fp-ciclos", "todofp-familias"]'::jsonb,
  'https://www.edu.xunta.gal/fp/oferta-fp',
  'xunta-fp-catalogo-familias-2025-2026',
  '{"source_upload": "3 base de datos itinera.zip", "source_file": "04-artes_graficas_v7.pdf", "duration_hours": 2000, "modules": [{"code": "MP3005", "name": "Atención á clientela", "hours": 58}, {"code": "AM3163", "name": "Ciencias aplicadas I", "hours": 146}, {"code": "AM3161", "name": "Comunicación e ciencias sociais I", "hours": 175}, {"code": "MP3123", "name": "Informática básica aplicada en industrias gráficas", "hours": 117}, {"code": "MP3159", "name": "Itinerario persoal para a empregabilidade", "hours": 60}, {"code": "MP3124", "name": "Traballos de reprografía", "hours": 177}, {"code": "AM3164", "name": "Ciencias aplicadas II", "hours": 146}, {"code": "AM3162", "name": "Comunicación e ciencias sociais II", "hours": 125}, {"code": "MP3128", "name": "Manipulacións en industrias gráficas", "hours": 285}, {"code": "MP3126", "name": "Operacións de almacén en industrias gráficas", "hours": 164}, {"code": "MP3127", "name": "Operacións de produción gráfica", "hours": 285}, {"code": "MP3160", "name": "Proxecto intermodular de aprendizaxe colaborativa", "hours": 25}], "learned": "a manipulación e a finalización de produtos gráficos, con autonomía, res- ponsabilidade e iniciativa persoal, operando coa calidade indicada, cumprin- do as normas ambientais e de seguridade e hixiene no traballo vixentes, e comunicándose oralmente e por escrito en linguas galega e castelá, así como nalgunha lingua estranxeira.", "work_context": "encadernación, manipulacións e transformacións en pequenas, medianas ou grandes industrias gráficas con niveis organizativos e tecnolóxicos moi diversos. Ademais, poden exercer a súa actividade por conta propia en pe- quenas empresas de reprografía, ou por conta allea en empresas de artes gráficas, de multiservizos gráficos e de comunicación gráfica e visual, así como en departamentos específicos de reprografía de calquera tipo de or- ganización. Intégrase xeralmente nun equipo de traballo, onde desempeña as súas funcións seguindo instrucións recibidas e baixo a supervisión directa dunha persoa responsable."}'::jsonb,
  'official_upload',
  now(),
  now(),
  now()
)
on conflict (id) do update set
  name=excluded.name,
  type=excluded.type,
  level=excluded.level,
  family=excluded.family,
  jurisdiction=excluded.jurisdiction,
  route=excluded.route,
  subjects=excluded.subjects,
  ponderation_subjects=excluded.ponderation_subjects,
  route_options=excluded.route_options,
  availability_by_province=excluded.availability_by_province,
  sources=excluded.sources,
  source_url=excluded.source_url,
  source_id=excluded.source_id,
  raw=excluded.raw,
  data_quality=excluded.data_quality,
  verified_at=excluded.verified_at,
  last_seen_at=excluded.last_seen_at,
  updated_at=now();


insert into public.itinera_fp_catalog_details(id,study_id,learned,work_context,jobs,modules,source_file,raw)
values ('detail-fp-v36-cb-artes-graficas','fp-v36-cb-artes-graficas','a manipulación e a finalización de produtos gráficos, con autonomía, res- ponsabilidade e iniciativa persoal, operando coa calidade indicada, cumprin- do as normas ambientais e de seguridade e hixiene no traballo vixentes, e comunicándose oralmente e por escrito en linguas galega e castelá, así como nalgunha lingua estranxeira.','encadernación, manipulacións e transformacións en pequenas, medianas ou grandes industrias gráficas con niveis organizativos e tecnolóxicos moi diversos. Ademais, poden exercer a súa actividade por conta propia en pe- quenas empresas de reprografía, ou por conta allea en empresas de artes gráficas, de multiservizos gráficos e de comunicación gráfica e visual, así como en departamentos específicos de reprografía de calquera tipo de or- ganización. Intégrase xeralmente nun equipo de traballo, onde desempeña as súas funcións seguindo instrucións recibidas e baixo a supervisión directa dunha persoa responsable.','["xiliar técnico/a de máquinas e equipamentos de produción gráfica", "auxiliar de taller en industrias gráficas", "axudante/a de máquinas e equipamentos de produción gráfica", "auxiliar de máquinas e equipamentos de produción gráfi- ca", "operario/a de manipulacións de papel, cartón e outros materiais", "opera- rio/a de oficios auxiliares de papel, cartón e outros materiais", "manipulador/a de produtos de xigantografía", "peón/peoa da industria gráfica."]'::jsonb,'[{"code": "MP3005", "name": "Atención á clientela", "hours": 58}, {"code": "AM3163", "name": "Ciencias aplicadas I", "hours": 146}, {"code": "AM3161", "name": "Comunicación e ciencias sociais I", "hours": 175}, {"code": "MP3123", "name": "Informática básica aplicada en industrias gráficas", "hours": 117}, {"code": "MP3159", "name": "Itinerario persoal para a empregabilidade", "hours": 60}, {"code": "MP3124", "name": "Traballos de reprografía", "hours": 177}, {"code": "AM3164", "name": "Ciencias aplicadas II", "hours": 146}, {"code": "AM3162", "name": "Comunicación e ciencias sociais II", "hours": 125}, {"code": "MP3128", "name": "Manipulacións en industrias gráficas", "hours": 285}, {"code": "MP3126", "name": "Operacións de almacén en industrias gráficas", "hours": 164}, {"code": "MP3127", "name": "Operacións de produción gráfica", "hours": 285}, {"code": "MP3160", "name": "Proxecto intermodular de aprendizaxe colaborativa", "hours": 25}]'::jsonb,'04-artes_graficas_v7.pdf',jsonb_build_object('source_upload','3 base de datos itinera.zip','duration_hours','2000'))
on conflict (id) do update set study_id=excluded.study_id,learned=excluded.learned,work_context=excluded.work_context,jobs=excluded.jobs,modules=excluded.modules,source_file=excluded.source_file,raw=excluded.raw,updated_at=now();


insert into public.itinera_studies(id,name,type,level,family,jurisdiction,official_title,route,subjects,ponderation_subjects,route_options,availability_by_province,sources,source_url,source_id,raw,data_quality,verified_at,last_seen_at,updated_at)
values (
  'fp-v36-cm-impresion-grafica',
  'Impresión gráfica',
  'fpgm',
  'Ciclo formativo de grao medio',
  'Artes gráficas',
  'Galicia',
  true,
  'Consultar requisitos, prazas, centros, modalidade e fontes oficiais antes de decidir.',
  '["Impresión en baixorrelevo", "Impresión en flexografía", "Inglés profesional", "Itinerario persoal para a empregabilidade I", "Preparación de materiais para a impresión", "Preparación e regulación de máquinas offset", "Sostibilidade aplicada ao sistema produtivo", "Desenvolvemento da tiraxe offset", "Dixitalización aplicada ao sistema produtivo", "Impresión dixital", "Impresión en serigrafía", "Itinerario persoal para a empregabilidade II"]'::jsonb,
  '[{"subject": "Non aplica ou consultar fonte oficial", "weight": "consultar fonte oficial"}]'::jsonb,
  '[]'::jsonb,
  '{"Galicia": ["Consultar oferta por provincia, centro, modalidade e curso na Xunta FP."]}'::jsonb,
  '["xunta-fp-catalogo-familias-2025-2026", "xunta-fp-ciclos", "todofp-familias"]'::jsonb,
  'https://www.edu.xunta.gal/fp/oferta-fp',
  'xunta-fp-catalogo-familias-2025-2026',
  '{"source_upload": "3 base de datos itinera.zip", "source_file": "04-artes_graficas_v7.pdf", "duration_hours": 2000, "modules": [{"code": "MP0883", "name": "Impresión en baixorrelevo", "hours": 106}, {"code": "MP0879", "name": "Impresión en flexografía", "hours": 183}, {"code": "MP0156", "name": "Inglés profesional", "hours": 60}, {"code": "MP1709", "name": "Itinerario persoal para a empregabilidade I", "hours": 107}, {"code": "MP0882", "name": "Preparación de materiais para a impresión", "hours": 237}, {"code": "MP0877", "name": "Preparación e regulación de máquinas offset", "hours": 237}, {"code": "MP1708", "name": "Sostibilidade aplicada ao sistema produtivo", "hours": 30}, {"code": "MP0878", "name": "Desenvolvemento da tiraxe offset", "hours": 273}, {"code": "MP1664", "name": "Dixitalización aplicada ao sistema produtivo", "hours": 30}, {"code": "MP0869", "name": "Impresión dixital", "hours": 219}, {"code": "MP0880", "name": "Impresión en serigrafía", "hours": 328}, {"code": "MP1710", "name": "Itinerario persoal para a empregabilidade II", "hours": 50}, {"code": "MP1713", "name": "Proxecto intermodular", "hours": 50}], "learned": "para a produción de impresos por sistemas convencionais (offset, flexogra- fía e serigrafía) ou por medios dixitais, controlando e mantendo as máquinas e os equipamentos auxiliares, para obter a produción coa calidade e nos tempos establecidos, cumprindo as normas de prevención de riscos laborais e de protección ambiental.", "work_context": "offset, flexografía, serigrafía ou dixital, así como en empresas dedicadas á impresión de libro, á edición de publicacións periódicas, á fabricación de envases e embalaxes de papel, plásticos, complexos e cartón ondulado, ás transformacións do papel e cartón, á impresión de publicidade e á estam- paxe téxtil, cerámica e noutros produtos."}'::jsonb,
  'official_upload',
  now(),
  now(),
  now()
)
on conflict (id) do update set
  name=excluded.name,
  type=excluded.type,
  level=excluded.level,
  family=excluded.family,
  jurisdiction=excluded.jurisdiction,
  route=excluded.route,
  subjects=excluded.subjects,
  ponderation_subjects=excluded.ponderation_subjects,
  route_options=excluded.route_options,
  availability_by_province=excluded.availability_by_province,
  sources=excluded.sources,
  source_url=excluded.source_url,
  source_id=excluded.source_id,
  raw=excluded.raw,
  data_quality=excluded.data_quality,
  verified_at=excluded.verified_at,
  last_seen_at=excluded.last_seen_at,
  updated_at=now();


insert into public.itinera_fp_catalog_details(id,study_id,learned,work_context,jobs,modules,source_file,raw)
values ('detail-fp-v36-cm-impresion-grafica','fp-v36-cm-impresion-grafica','para a produción de impresos por sistemas convencionais (offset, flexogra- fía e serigrafía) ou por medios dixitais, controlando e mantendo as máquinas e os equipamentos auxiliares, para obter a produción coa calidade e nos tempos establecidos, cumprindo as normas de prevención de riscos laborais e de protección ambiental.','offset, flexografía, serigrafía ou dixital, así como en empresas dedicadas á impresión de libro, á edición de publicacións periódicas, á fabricación de envases e embalaxes de papel, plásticos, complexos e cartón ondulado, ás transformacións do papel e cartón, á impresión de publicidade e á estam- paxe téxtil, cerámica e noutros produtos.','["técnico/a de impresión offset", "montador/a de pranchas de flexogra- fía", "operador/a de máquina flexográfica", "condutor/a de máquina de im- presión flexográfica", "operador/a de máquina de rotogravado", "impresor/a dixital", "técnico/a en impresión dixital", "técnico/a de impresión serigráfica", "im- presor/a de serigrafía."]'::jsonb,'[{"code": "MP0883", "name": "Impresión en baixorrelevo", "hours": 106}, {"code": "MP0879", "name": "Impresión en flexografía", "hours": 183}, {"code": "MP0156", "name": "Inglés profesional", "hours": 60}, {"code": "MP1709", "name": "Itinerario persoal para a empregabilidade I", "hours": 107}, {"code": "MP0882", "name": "Preparación de materiais para a impresión", "hours": 237}, {"code": "MP0877", "name": "Preparación e regulación de máquinas offset", "hours": 237}, {"code": "MP1708", "name": "Sostibilidade aplicada ao sistema produtivo", "hours": 30}, {"code": "MP0878", "name": "Desenvolvemento da tiraxe offset", "hours": 273}, {"code": "MP1664", "name": "Dixitalización aplicada ao sistema produtivo", "hours": 30}, {"code": "MP0869", "name": "Impresión dixital", "hours": 219}, {"code": "MP0880", "name": "Impresión en serigrafía", "hours": 328}, {"code": "MP1710", "name": "Itinerario persoal para a empregabilidade II", "hours": 50}, {"code": "MP1713", "name": "Proxecto intermodular", "hours": 50}]'::jsonb,'04-artes_graficas_v7.pdf',jsonb_build_object('source_upload','3 base de datos itinera.zip','duration_hours','2000'))
on conflict (id) do update set study_id=excluded.study_id,learned=excluded.learned,work_context=excluded.work_context,jobs=excluded.jobs,modules=excluded.modules,source_file=excluded.source_file,raw=excluded.raw,updated_at=now();


insert into public.itinera_studies(id,name,type,level,family,jurisdiction,official_title,route,subjects,ponderation_subjects,route_options,availability_by_province,sources,source_url,source_id,raw,data_quality,verified_at,last_seen_at,updated_at)
values (
  'fp-v36-cm-postimpresion-e-acabamentos-graficos',
  'Postimpresión e acabamentos gráficos',
  'fpgm',
  'Ciclo formativo de grao medio',
  'Artes gráficas',
  'Galicia',
  true,
  'Consultar requisitos, prazas, centros, modalidade e fontes oficiais antes de decidir.',
  '["Elaboración de tapas e arquivadores", "Encadernación en grampa", "Formación de envases", "Guillotinaxe e pregado", "Impresión en flexografía", "Inglés profesional", "Itinerario persoal para a empregabilidade I", "Materiais para postimpresión", "Sostibilidade aplicada ao sistema produtivo", "Dixitalización aplicada ao sistema produtivo", "Encadernación en rústica e tapa dura", "Itinerario persoal para a empregabilidade II"]'::jsonb,
  '[{"subject": "Non aplica ou consultar fonte oficial", "weight": "consultar fonte oficial"}]'::jsonb,
  '[]'::jsonb,
  '{"Galicia": ["Consultar oferta por provincia, centro, modalidade e curso na Xunta FP."]}'::jsonb,
  '["xunta-fp-catalogo-familias-2025-2026", "xunta-fp-ciclos", "todofp-familias"]'::jsonb,
  'https://www.edu.xunta.gal/fp/oferta-fp',
  'xunta-fp-catalogo-familias-2025-2026',
  '{"source_upload": "3 base de datos itinera.zip", "source_file": "04-artes_graficas_v7.pdf", "duration_hours": 2000, "modules": [{"code": "MP1220", "name": "Elaboración de tapas e arquivadores", "hours": 132}, {"code": "MP1215", "name": "Encadernación en grampa", "hours": 79}, {"code": "MP1222", "name": "Formación de envases", "hours": 79}, {"code": "MP1214", "name": "Guillotinaxe e pregado", "hours": 158}, {"code": "MP0879", "name": "Impresión en flexografía", "hours": 183}, {"code": "MP0156", "name": "Inglés profesional", "hours": 60}, {"code": "MP1709", "name": "Itinerario persoal para a empregabilidade I", "hours": 107}, {"code": "MP1218", "name": "Materiais para postimpresión", "hours": 132}, {"code": "MP1708", "name": "Sostibilidade aplicada ao sistema produtivo", "hours": 30}, {"code": "MP1664", "name": "Dixitalización aplicada ao sistema produtivo", "hours": 30}, {"code": "MP1216", "name": "Encadernación en rústica e tapa dura", "hours": 274}, {"code": "MP1710", "name": "Itinerario persoal para a empregabilidade II", "hours": 50}, {"code": "MP1713", "name": "Proxecto intermodular", "hours": 50}, {"code": "MP1221", "name": "Tratamento superficial do impreso", "hours": 273}, {"code": "MP1217", "name": "Troquelaxe", "hours": 273}], "learned": "asegurando a calidade e cumprindo a normativa de seguridade e protección ambiental.", "work_context": "encadernación, imprentas, empresas de packaging, de acabamentos gráfi- cos, de fabricación de complexos e de transformacións de papel e cartón. Tamén poden exercer a súa actividade noutras empresas que teñan seccións de encadernación industrial e fabricación de envases e embalaxes."}'::jsonb,
  'official_upload',
  now(),
  now(),
  now()
)
on conflict (id) do update set
  name=excluded.name,
  type=excluded.type,
  level=excluded.level,
  family=excluded.family,
  jurisdiction=excluded.jurisdiction,
  route=excluded.route,
  subjects=excluded.subjects,
  ponderation_subjects=excluded.ponderation_subjects,
  route_options=excluded.route_options,
  availability_by_province=excluded.availability_by_province,
  sources=excluded.sources,
  source_url=excluded.source_url,
  source_id=excluded.source_id,
  raw=excluded.raw,
  data_quality=excluded.data_quality,
  verified_at=excluded.verified_at,
  last_seen_at=excluded.last_seen_at,
  updated_at=now();


insert into public.itinera_fp_catalog_details(id,study_id,learned,work_context,jobs,modules,source_file,raw)
values ('detail-fp-v36-cm-postimpresion-e-acabamentos-graficos','fp-v36-cm-postimpresion-e-acabamentos-graficos','asegurando a calidade e cumprindo a normativa de seguridade e protección ambiental.','encadernación, imprentas, empresas de packaging, de acabamentos gráfi- cos, de fabricación de complexos e de transformacións de papel e cartón. Tamén poden exercer a súa actividade noutras empresas que teñan seccións de encadernación industrial e fabricación de envases e embalaxes.','["técnico/a encartador/a engomador/a", "técnico/a en alzadora", "técnico/a en cosedora de pregos", "encadernador/a en rústica e tapa dura", "encadernador/a en grampa ou arame", "impresor/a flexográfico/a", "técnico/a en confección en tapas de encadernación", "técnico/a en estampaxe de tapas", "técnico/a en packaging", "técnico/a en acabamentos gráficos", "técnico/a en elaboración de envases e embalaxes", "técnico/a en troquelaxe."]'::jsonb,'[{"code": "MP1220", "name": "Elaboración de tapas e arquivadores", "hours": 132}, {"code": "MP1215", "name": "Encadernación en grampa", "hours": 79}, {"code": "MP1222", "name": "Formación de envases", "hours": 79}, {"code": "MP1214", "name": "Guillotinaxe e pregado", "hours": 158}, {"code": "MP0879", "name": "Impresión en flexografía", "hours": 183}, {"code": "MP0156", "name": "Inglés profesional", "hours": 60}, {"code": "MP1709", "name": "Itinerario persoal para a empregabilidade I", "hours": 107}, {"code": "MP1218", "name": "Materiais para postimpresión", "hours": 132}, {"code": "MP1708", "name": "Sostibilidade aplicada ao sistema produtivo", "hours": 30}, {"code": "MP1664", "name": "Dixitalización aplicada ao sistema produtivo", "hours": 30}, {"code": "MP1216", "name": "Encadernación en rústica e tapa dura", "hours": 274}, {"code": "MP1710", "name": "Itinerario persoal para a empregabilidade II", "hours": 50}, {"code": "MP1713", "name": "Proxecto intermodular", "hours": 50}, {"code": "MP1221", "name": "Tratamento superficial do impreso", "hours": 273}, {"code": "MP1217", "name": "Troquelaxe", "hours": 273}]'::jsonb,'04-artes_graficas_v7.pdf',jsonb_build_object('source_upload','3 base de datos itinera.zip','duration_hours','2000'))
on conflict (id) do update set study_id=excluded.study_id,learned=excluded.learned,work_context=excluded.work_context,jobs=excluded.jobs,modules=excluded.modules,source_file=excluded.source_file,raw=excluded.raw,updated_at=now();


insert into public.itinera_studies(id,name,type,level,family,jurisdiction,official_title,route,subjects,ponderation_subjects,route_options,availability_by_province,sources,source_url,source_id,raw,data_quality,verified_at,last_seen_at,updated_at)
values (
  'fp-v36-cm-preimpresion-dixital',
  'Preimpresión dixital',
  'fpgm',
  'Ciclo formativo de grao medio',
  'Artes gráficas',
  'Galicia',
  true,
  'Consultar requisitos, prazas, centros, modalidade e fontes oficiais antes de decidir.',
  '["Ensamblaxe de publicacións electrónicas", "Identificación de materiais en preimpresión", "Inglés profesional", "Itinerario persoal para a empregabilidade I", "Sostibilidade aplicada ao sistema produtivo", "Tratamento de imaxe en mapa de bits", "Tratamento de textos", "Compaxinación", "Dixitalización aplicada ao sistema produtivo", "Ilustración vectorial", "Imposición e obtención dixital da forma impresora", "Impresión dixital"]'::jsonb,
  '[{"subject": "Non aplica ou consultar fonte oficial", "weight": "consultar fonte oficial"}]'::jsonb,
  '[]'::jsonb,
  '{"Galicia": ["Consultar oferta por provincia, centro, modalidade e curso na Xunta FP."]}'::jsonb,
  '["xunta-fp-catalogo-familias-2025-2026", "xunta-fp-ciclos", "todofp-familias"]'::jsonb,
  'https://www.edu.xunta.gal/fp/oferta-fp',
  'xunta-fp-catalogo-familias-2025-2026',
  '{"source_upload": "3 base de datos itinera.zip", "source_file": "04-artes_graficas_v7.pdf", "duration_hours": 2000, "modules": [{"code": "MP0872", "name": "Ensamblaxe de publicacións electrónicas", "hours": 183}, {"code": "MP0871", "name": "Identificación de materiais en preimpresión", "hours": 106}, {"code": "MP0156", "name": "Inglés profesional", "hours": 60}, {"code": "MP1709", "name": "Itinerario persoal para a empregabilidade I", "hours": 107}, {"code": "MP1708", "name": "Sostibilidade aplicada ao sistema produtivo", "hours": 30}, {"code": "MP0867", "name": "Tratamento de imaxe en mapa de bits", "hours": 237}, {"code": "MP0866", "name": "Tratamento de textos", "hours": 237}, {"code": "MP0870", "name": "Compaxinación", "hours": 301}, {"code": "MP1664", "name": "Dixitalización aplicada ao sistema produtivo", "hours": 30}, {"code": "MP0873", "name": "Ilustración vectorial", "hours": 136}, {"code": "MP0868", "name": "Imposición e obtención dixital da forma impresora", "hours": 164}, {"code": "MP0869", "name": "Impresión dixital", "hours": 219}, {"code": "MP1710", "name": "Itinerario persoal para a empregabilidade II", "hours": 50}, {"code": "MP1713", "name": "Proxecto intermodular", "hours": 50}], "learned": "mento e compaxinación de textos e imaxes, imposición de páxinas, obten- ción dixital das formas impresoras e impresión con procedementos dixitais, asegurando a calidade e cumprindo a normativa de seguridade e protección ambiental.", "work_context": "de, servizos gráficos e de publicacións multimedia, ou en calquera sector produtivo cuxas empresas requiran un departamento de preimpresión dixi- tal que poida ter sección de dixitalización de imaxes, realización de publi- cacións electrónicas, tratamento de textos e imaxes, compaxinación e ma- quetaxe, imposición de páxinas, obtención dixital de formas impresoras e impresión dixital."}'::jsonb,
  'official_upload',
  now(),
  now(),
  now()
)
on conflict (id) do update set
  name=excluded.name,
  type=excluded.type,
  level=excluded.level,
  family=excluded.family,
  jurisdiction=excluded.jurisdiction,
  route=excluded.route,
  subjects=excluded.subjects,
  ponderation_subjects=excluded.ponderation_subjects,
  route_options=excluded.route_options,
  availability_by_province=excluded.availability_by_province,
  sources=excluded.sources,
  source_url=excluded.source_url,
  source_id=excluded.source_id,
  raw=excluded.raw,
  data_quality=excluded.data_quality,
  verified_at=excluded.verified_at,
  last_seen_at=excluded.last_seen_at,
  updated_at=now();


insert into public.itinera_fp_catalog_details(id,study_id,learned,work_context,jobs,modules,source_file,raw)
values ('detail-fp-v36-cm-preimpresion-dixital','fp-v36-cm-preimpresion-dixital','mento e compaxinación de textos e imaxes, imposición de páxinas, obten- ción dixital das formas impresoras e impresión con procedementos dixitais, asegurando a calidade e cumprindo a normativa de seguridade e protección ambiental.','de, servizos gráficos e de publicacións multimedia, ou en calquera sector produtivo cuxas empresas requiran un departamento de preimpresión dixi- tal que poida ter sección de dixitalización de imaxes, realización de publi- cacións electrónicas, tratamento de textos e imaxes, compaxinación e ma- quetaxe, imposición de páxinas, obtención dixital de formas impresoras e impresión dixital.','["en tratamento de imaxes", "maquetador/a compaxinador/a dixital", "técnico/a en publicacións electrónicas e multimedia", "preparador/a de ficheiros dixi- tais", "escanista especialista de cor", "técnico/a en imposición dixital", "opera- dor/a de equipamentos de filmación de computador a prancha(computer to plate - CTP)", "operador/a de equipamentos de filmación de computador a pantalla (computer to screen - CTS)", "operador/a de equipamentos de filma- ción de computador a fotopolímero (computer to photopolymer - CTP)", "téc- nico/a en impresión dixital."]'::jsonb,'[{"code": "MP0872", "name": "Ensamblaxe de publicacións electrónicas", "hours": 183}, {"code": "MP0871", "name": "Identificación de materiais en preimpresión", "hours": 106}, {"code": "MP0156", "name": "Inglés profesional", "hours": 60}, {"code": "MP1709", "name": "Itinerario persoal para a empregabilidade I", "hours": 107}, {"code": "MP1708", "name": "Sostibilidade aplicada ao sistema produtivo", "hours": 30}, {"code": "MP0867", "name": "Tratamento de imaxe en mapa de bits", "hours": 237}, {"code": "MP0866", "name": "Tratamento de textos", "hours": 237}, {"code": "MP0870", "name": "Compaxinación", "hours": 301}, {"code": "MP1664", "name": "Dixitalización aplicada ao sistema produtivo", "hours": 30}, {"code": "MP0873", "name": "Ilustración vectorial", "hours": 136}, {"code": "MP0868", "name": "Imposición e obtención dixital da forma impresora", "hours": 164}, {"code": "MP0869", "name": "Impresión dixital", "hours": 219}, {"code": "MP1710", "name": "Itinerario persoal para a empregabilidade II", "hours": 50}, {"code": "MP1713", "name": "Proxecto intermodular", "hours": 50}]'::jsonb,'04-artes_graficas_v7.pdf',jsonb_build_object('source_upload','3 base de datos itinera.zip','duration_hours','2000'))
on conflict (id) do update set study_id=excluded.study_id,learned=excluded.learned,work_context=excluded.work_context,jobs=excluded.jobs,modules=excluded.modules,source_file=excluded.source_file,raw=excluded.raw,updated_at=now();


insert into public.itinera_studies(id,name,type,level,family,jurisdiction,official_title,route,subjects,ponderation_subjects,route_options,availability_by_province,sources,source_url,source_id,raw,data_quality,verified_at,last_seen_at,updated_at)
values (
  'fp-v36-cs-deseno-e-edicion-de-publicacions-impresas-e-multimedia',
  'Deseño e edición de publicacións impresas e multimedia',
  'fpgs',
  'Ciclo formativo de grao superior',
  'Artes gráficas',
  'Galicia',
  true,
  'Consultar requisitos, prazas, centros, modalidade e fontes oficiais antes de decidir.',
  '["Comercialización de produtos gráficos e atención á clientela", "Deseño de produtos gráficos", "Inglés profesional", "Itinerario persoal para a empregabilidade I", "Materiais de produción gráfica", "Organización dos procesos de preimpresión dixital", "Sostibilidade aplicada ao sistema produtivo", "Deseño e planificación de proxectos editoriais multimedia", "Deseño estrutural de envase e embalaxe", "Dixitalización aplicada ao sistema produtivo", "Itinerario persoal para a empregabilidade II", "Produción editorial"]'::jsonb,
  '[{"subject": "Non aplica ou consultar fonte oficial", "weight": "consultar fonte oficial"}]'::jsonb,
  '[]'::jsonb,
  '{"Galicia": ["Consultar oferta por provincia, centro, modalidade e curso na Xunta FP."]}'::jsonb,
  '["xunta-fp-catalogo-familias-2025-2026", "xunta-fp-ciclos", "todofp-familias"]'::jsonb,
  'https://www.edu.xunta.gal/fp/oferta-fp',
  'xunta-fp-catalogo-familias-2025-2026',
  '{"source_upload": "3 base de datos itinera.zip", "source_file": "04-artes_graficas_v7.pdf", "duration_hours": 2000, "modules": [{"code": "MP1480", "name": "Comercialización de produtos gráficos e atención á clientela", "hours": 80}, {"code": "MP1479", "name": "Deseño de produtos gráficos", "hours": 237}, {"code": "MP0179", "name": "Inglés profesional", "hours": 60}, {"code": "MP1709", "name": "Itinerario persoal para a empregabilidade I", "hours": 107}, {"code": "MP1417", "name": "Materiais de produción gráfica", "hours": 131}, {"code": "MP1478", "name": "Organización dos procesos de preimpresión dixital", "hours": 315}, {"code": "MP1708", "name": "Sostibilidade aplicada ao sistema produtivo", "hours": 30}, {"code": "MP1484", "name": "Deseño e planificación de proxectos editoriais multimedia", "hours": 191}, {"code": "MP1483", "name": "Deseño estrutural de envase e embalaxe", "hours": 137}, {"code": "MP1665", "name": "Dixitalización aplicada ao sistema produtivo", "hours": 30}, {"code": "MP1710", "name": "Itinerario persoal para a empregabilidade II", "hours": 50}, {"code": "MP1482", "name": "Produción editorial", "hours": 137}, {"code": "MP1481", "name": "Xestión da produción en procesos de edición", "hours": 164}], "learned": "sas e electrónicas, xestionar e controlar a produción editorial, realizando a publicación e o servizo de atención á clientela, aplicando os protocolos de calidade, seguridade e prevención de riscos laborais, e asegurando a súa funcionalidade e o respecto polo ambiente.", "work_context": "en empresas de servizos gráficos integrais, de comunicación e de publici- dade, así como noutras empresas como as dedicadas ao envasamento e á embalaxe (\"packaging\") que teñan seccións de deseño estrutural de envases e embalaxes."}'::jsonb,
  'official_upload',
  now(),
  now(),
  now()
)
on conflict (id) do update set
  name=excluded.name,
  type=excluded.type,
  level=excluded.level,
  family=excluded.family,
  jurisdiction=excluded.jurisdiction,
  route=excluded.route,
  subjects=excluded.subjects,
  ponderation_subjects=excluded.ponderation_subjects,
  route_options=excluded.route_options,
  availability_by_province=excluded.availability_by_province,
  sources=excluded.sources,
  source_url=excluded.source_url,
  source_id=excluded.source_id,
  raw=excluded.raw,
  data_quality=excluded.data_quality,
  verified_at=excluded.verified_at,
  last_seen_at=excluded.last_seen_at,
  updated_at=now();


insert into public.itinera_fp_catalog_details(id,study_id,learned,work_context,jobs,modules,source_file,raw)
values ('detail-fp-v36-cs-deseno-e-edicion-de-publicacions-impresas-e-multimedia','fp-v36-cs-deseno-e-edicion-de-publicacions-impresas-e-multimedia','sas e electrónicas, xestionar e controlar a produción editorial, realizando a publicación e o servizo de atención á clientela, aplicando os protocolos de calidade, seguridade e prevención de riscos laborais, e asegurando a súa funcionalidade e o respecto polo ambiente.','en empresas de servizos gráficos integrais, de comunicación e de publici- dade, así como noutras empresas como as dedicadas ao envasamento e á embalaxe ("packaging") que teñan seccións de deseño estrutural de envases e embalaxes.','["dor/a de envases e embalaxes", "Técnico/a en produción editorial", "Asistente/a á edición", "Técnico/a en preimpresión", "Técnico/a en xestión de produción grá- fica", "Técnico/a en desenvolvemento e publicación de produtos multimedia", "- Técnico/a en comercialización de produtos gráficos e multimedia."]'::jsonb,'[{"code": "MP1480", "name": "Comercialización de produtos gráficos e atención á clientela", "hours": 80}, {"code": "MP1479", "name": "Deseño de produtos gráficos", "hours": 237}, {"code": "MP0179", "name": "Inglés profesional", "hours": 60}, {"code": "MP1709", "name": "Itinerario persoal para a empregabilidade I", "hours": 107}, {"code": "MP1417", "name": "Materiais de produción gráfica", "hours": 131}, {"code": "MP1478", "name": "Organización dos procesos de preimpresión dixital", "hours": 315}, {"code": "MP1708", "name": "Sostibilidade aplicada ao sistema produtivo", "hours": 30}, {"code": "MP1484", "name": "Deseño e planificación de proxectos editoriais multimedia", "hours": 191}, {"code": "MP1483", "name": "Deseño estrutural de envase e embalaxe", "hours": 137}, {"code": "MP1665", "name": "Dixitalización aplicada ao sistema produtivo", "hours": 30}, {"code": "MP1710", "name": "Itinerario persoal para a empregabilidade II", "hours": 50}, {"code": "MP1482", "name": "Produción editorial", "hours": 137}, {"code": "MP1481", "name": "Xestión da produción en procesos de edición", "hours": 164}]'::jsonb,'04-artes_graficas_v7.pdf',jsonb_build_object('source_upload','3 base de datos itinera.zip','duration_hours','2000'))
on conflict (id) do update set study_id=excluded.study_id,learned=excluded.learned,work_context=excluded.work_context,jobs=excluded.jobs,modules=excluded.modules,source_file=excluded.source_file,raw=excluded.raw,updated_at=now();


insert into public.itinera_studies(id,name,type,level,family,jurisdiction,official_title,route,subjects,ponderation_subjects,route_options,availability_by_province,sources,source_url,source_id,raw,data_quality,verified_at,last_seen_at,updated_at)
values (
  'fp-v36-cs-deseno-e-xestion-da-producion-grafica',
  'Deseño e xestión da produción gráfica',
  'fpgs',
  'Ciclo formativo de grao superior',
  'Artes gráficas',
  'Galicia',
  true,
  'Consultar requisitos, prazas, centros, modalidade e fontes oficiais antes de decidir.',
  '["Comercialización de produtos gráficos e atención á clientela", "Deseño de produtos gráficos", "Inglés profesional", "Itinerario persoal para a empregabilidade I", "Materiais de produción gráfica", "Organización dos procesos de preimpresión dixital", "Sostibilidade aplicada ao sistema produtivo", "Dixitalización aplicada ao sistema produtivo", "Itinerario persoal para a empregabilidade II", "Organización dos procesos de impresión gráfica", "Organización dos procesos de postimpresión, transforma-", "Proxecto intermodular de deseño e xestión da produción gráfica"]'::jsonb,
  '[{"subject": "Non aplica ou consultar fonte oficial", "weight": "consultar fonte oficial"}]'::jsonb,
  '[]'::jsonb,
  '{"Galicia": ["Consultar oferta por provincia, centro, modalidade e curso na Xunta FP."]}'::jsonb,
  '["xunta-fp-catalogo-familias-2025-2026", "xunta-fp-ciclos", "todofp-familias"]'::jsonb,
  'https://www.edu.xunta.gal/fp/oferta-fp',
  'xunta-fp-catalogo-familias-2025-2026',
  '{"source_upload": "3 base de datos itinera.zip", "source_file": "04-artes_graficas_v7.pdf", "duration_hours": 2000, "modules": [{"code": "MP1480", "name": "Comercialización de produtos gráficos e atención á clientela", "hours": 80}, {"code": "MP1479", "name": "Deseño de produtos gráficos", "hours": 237}, {"code": "MP0179", "name": "Inglés profesional", "hours": 60}, {"code": "MP1709", "name": "Itinerario persoal para a empregabilidade I", "hours": 107}, {"code": "MP1417", "name": "Materiais de produción gráfica", "hours": 131}, {"code": "MP1478", "name": "Organización dos procesos de preimpresión dixital", "hours": 315}, {"code": "MP1708", "name": "Sostibilidade aplicada ao sistema produtivo", "hours": 30}, {"code": "MP1665", "name": "Dixitalización aplicada ao sistema produtivo", "hours": 30}, {"code": "MP1710", "name": "Itinerario persoal para a empregabilidade II", "hours": 50}, {"code": "MP1540", "name": "Organización dos procesos de impresión gráfica", "hours": 329}, {"code": "MP1541", "name": "Organización dos procesos de postimpresión, transforma-", "hours": 191}, {"code": "MP1542", "name": "Proxecto intermodular de deseño e xestión da produción gráfica", "hours": 50}, {"code": "MP1539", "name": "Xestión da cor", "hours": 109}, {"code": "MP1538", "name": "Xestión da produción na industria gráfica", "hours": 191}], "learned": "e supervisar a produción, e controlar o almacén de materiais e a expedición do produto á clientela, aplicando a normativa vixente e os protocolos de calidade, seguridade e prevención de riscos laborais, e asegurando a súa funcionalidade e o respecto polo ambiente.", "work_context": "editoriais, na prensa diaria ou periódica, e en empresas dedicadas á produ- ción de envases, embalaxes e packaging."}'::jsonb,
  'official_upload',
  now(),
  now(),
  now()
)
on conflict (id) do update set
  name=excluded.name,
  type=excluded.type,
  level=excluded.level,
  family=excluded.family,
  jurisdiction=excluded.jurisdiction,
  route=excluded.route,
  subjects=excluded.subjects,
  ponderation_subjects=excluded.ponderation_subjects,
  route_options=excluded.route_options,
  availability_by_province=excluded.availability_by_province,
  sources=excluded.sources,
  source_url=excluded.source_url,
  source_id=excluded.source_id,
  raw=excluded.raw,
  data_quality=excluded.data_quality,
  verified_at=excluded.verified_at,
  last_seen_at=excluded.last_seen_at,
  updated_at=now();


insert into public.itinera_fp_catalog_details(id,study_id,learned,work_context,jobs,modules,source_file,raw)
values ('detail-fp-v36-cs-deseno-e-xestion-da-producion-grafica','fp-v36-cs-deseno-e-xestion-da-producion-grafica','e supervisar a produción, e controlar o almacén de materiais e a expedición do produto á clientela, aplicando a normativa vixente e os protocolos de calidade, seguridade e prevención de riscos laborais, e asegurando a súa funcionalidade e o respecto polo ambiente.','editoriais, na prensa diaria ou periódica, e en empresas dedicadas á produ- ción de envases, embalaxes e packaging.','["sión", "técnico/a de encadernación industrial", "técnico/a en procesos de trans- formacións de papel, cartón e outros soportes gráficos", "verificador/ora de produtos acabados de papel e cartón", "técnico/a en xestión de cor en indus- trias gráficas", "axudante de produción en industrias gráficas", "orzador/a de industrias gráficas", "técnico/a de oficina técnica en industrias gráficas."]'::jsonb,'[{"code": "MP1480", "name": "Comercialización de produtos gráficos e atención á clientela", "hours": 80}, {"code": "MP1479", "name": "Deseño de produtos gráficos", "hours": 237}, {"code": "MP0179", "name": "Inglés profesional", "hours": 60}, {"code": "MP1709", "name": "Itinerario persoal para a empregabilidade I", "hours": 107}, {"code": "MP1417", "name": "Materiais de produción gráfica", "hours": 131}, {"code": "MP1478", "name": "Organización dos procesos de preimpresión dixital", "hours": 315}, {"code": "MP1708", "name": "Sostibilidade aplicada ao sistema produtivo", "hours": 30}, {"code": "MP1665", "name": "Dixitalización aplicada ao sistema produtivo", "hours": 30}, {"code": "MP1710", "name": "Itinerario persoal para a empregabilidade II", "hours": 50}, {"code": "MP1540", "name": "Organización dos procesos de impresión gráfica", "hours": 329}, {"code": "MP1541", "name": "Organización dos procesos de postimpresión, transforma-", "hours": 191}, {"code": "MP1542", "name": "Proxecto intermodular de deseño e xestión da produción gráfica", "hours": 50}, {"code": "MP1539", "name": "Xestión da cor", "hours": 109}, {"code": "MP1538", "name": "Xestión da produción na industria gráfica", "hours": 191}]'::jsonb,'04-artes_graficas_v7.pdf',jsonb_build_object('source_upload','3 base de datos itinera.zip','duration_hours','2000'))
on conflict (id) do update set study_id=excluded.study_id,learned=excluded.learned,work_context=excluded.work_context,jobs=excluded.jobs,modules=excluded.modules,source_file=excluded.source_file,raw=excluded.raw,updated_at=now();


insert into public.itinera_studies(id,name,type,level,family,jurisdiction,official_title,route,subjects,ponderation_subjects,route_options,availability_by_province,sources,source_url,source_id,raw,data_quality,verified_at,last_seen_at,updated_at)
values (
  'fp-v36-cb-servizos-comerciais',
  'Servizos comerciais',
  'fpb',
  'Ciclo formativo de grao básico',
  'Comercio e márketing',
  'Galicia',
  true,
  'Consultar requisitos, prazas, centros, modalidade e fontes oficiais antes de decidir.',
  '["Ciencias aplicadas I", "Comunicación e ciencias sociais I", "Itinerario persoal para a empregabilidade", "Operacións auxiliares de almacenaxe", "Técnicas básicas de merchandising", "Tratamento informático de datos", "Aplicacións básicas de ofimática", "Atención á clientela", "Ciencias aplicadas II", "Comunicación e ciencias sociais II", "Preparación de pedidos e venda de produtos", "Proxecto intermodular de aprendizaxe colaborativa"]'::jsonb,
  '[{"subject": "Non aplica ou consultar fonte oficial", "weight": "consultar fonte oficial"}]'::jsonb,
  '[]'::jsonb,
  '{"Galicia": ["Consultar oferta por provincia, centro, modalidade e curso na Xunta FP."]}'::jsonb,
  '["xunta-fp-catalogo-familias-2025-2026", "xunta-fp-ciclos", "todofp-familias"]'::jsonb,
  'https://www.edu.xunta.gal/fp/oferta-fp',
  'xunta-fp-catalogo-familias-2025-2026',
  '{"source_upload": "3 base de datos itinera.zip", "source_file": "05-comercio_e_marketing_v7.pdf", "duration_hours": 2000, "modules": [{"code": "AM3163", "name": "Ciencias aplicadas I", "hours": 146}, {"code": "AM3161", "name": "Comunicación e ciencias sociais I", "hours": 175}, {"code": "MP3159", "name": "Itinerario persoal para a empregabilidade", "hours": 60}, {"code": "MP3070", "name": "Operacións auxiliares de almacenaxe", "hours": 146}, {"code": "MP3069", "name": "Técnicas básicas de merchandising", "hours": 179}, {"code": "MP3001", "name": "Tratamento informático de datos", "hours": 204}, {"code": "MP3002", "name": "Aplicacións básicas de ofimática", "hours": 408}, {"code": "MP3005", "name": "Atención á clientela", "hours": 122}, {"code": "AM3164", "name": "Ciencias aplicadas II", "hours": 146}, {"code": "AM3162", "name": "Comunicación e ciencias sociais II", "hours": 125}, {"code": "MP3006", "name": "Preparación de pedidos e venda de produtos", "hours": 204}, {"code": "MP3160", "name": "Proxecto intermodular de aprendizaxe colaborativa", "hours": 25}], "learned": "cenaxe de produtos e mercadorías, así como as operacións relacionadas de tratamento de datos, seguindo protocolos establecidos, criterios comer- ciais e de imaxe, operando coa calidade indicada, cumprindo as normas de prevención de riscos laborais e de protección ambiental correspondentes, e comunicándose de xeito oral e escrito en linguas galega e castelá, así como nalgunha lingua estranxeira.", "work_context": "por xunto (centrais de compras, mercados centrais de abastos, “cash and ca- rry”, etc.), como retallistas (tendas, supermercados, hipermercados e gran- des superficies comerciais), en centros de distribución comercial e en depar- tamentos comerciais e almacéns de empresas doutros sectores produtivos."}'::jsonb,
  'official_upload',
  now(),
  now(),
  now()
)
on conflict (id) do update set
  name=excluded.name,
  type=excluded.type,
  level=excluded.level,
  family=excluded.family,
  jurisdiction=excluded.jurisdiction,
  route=excluded.route,
  subjects=excluded.subjects,
  ponderation_subjects=excluded.ponderation_subjects,
  route_options=excluded.route_options,
  availability_by_province=excluded.availability_by_province,
  sources=excluded.sources,
  source_url=excluded.source_url,
  source_id=excluded.source_id,
  raw=excluded.raw,
  data_quality=excluded.data_quality,
  verified_at=excluded.verified_at,
  last_seen_at=excluded.last_seen_at,
  updated_at=now();


insert into public.itinera_fp_catalog_details(id,study_id,learned,work_context,jobs,modules,source_file,raw)
values ('detail-fp-v36-cb-servizos-comerciais','fp-v36-cb-servizos-comerciais','cenaxe de produtos e mercadorías, así como as operacións relacionadas de tratamento de datos, seguindo protocolos establecidos, criterios comer- ciais e de imaxe, operando coa calidade indicada, cumprindo as normas de prevención de riscos laborais e de protección ambiental correspondentes, e comunicándose de xeito oral e escrito en linguas galega e castelá, así como nalgunha lingua estranxeira.','por xunto (centrais de compras, mercados centrais de abastos, “cash and ca- rry”, etc.), como retallistas (tendas, supermercados, hipermercados e gran- des superficies comerciais), en centros de distribución comercial e en depar- tamentos comerciais e almacéns de empresas doutros sectores produtivos.','["venda", "auxiliar de venda", "auxiliar de promoción de vendas", "empregado/a de reposición", "operador/a de cobramento ou caixeiro/a", "operario/a de pedi- dos", "operador/a de carreta de recepción e expedición", "contador/a de recep- ción e expedición", "operario/a de loxística", "auxiliar de información."]'::jsonb,'[{"code": "AM3163", "name": "Ciencias aplicadas I", "hours": 146}, {"code": "AM3161", "name": "Comunicación e ciencias sociais I", "hours": 175}, {"code": "MP3159", "name": "Itinerario persoal para a empregabilidade", "hours": 60}, {"code": "MP3070", "name": "Operacións auxiliares de almacenaxe", "hours": 146}, {"code": "MP3069", "name": "Técnicas básicas de merchandising", "hours": 179}, {"code": "MP3001", "name": "Tratamento informático de datos", "hours": 204}, {"code": "MP3002", "name": "Aplicacións básicas de ofimática", "hours": 408}, {"code": "MP3005", "name": "Atención á clientela", "hours": 122}, {"code": "AM3164", "name": "Ciencias aplicadas II", "hours": 146}, {"code": "AM3162", "name": "Comunicación e ciencias sociais II", "hours": 125}, {"code": "MP3006", "name": "Preparación de pedidos e venda de produtos", "hours": 204}, {"code": "MP3160", "name": "Proxecto intermodular de aprendizaxe colaborativa", "hours": 25}]'::jsonb,'05-comercio_e_marketing_v7.pdf',jsonb_build_object('source_upload','3 base de datos itinera.zip','duration_hours','2000'))
on conflict (id) do update set study_id=excluded.study_id,learned=excluded.learned,work_context=excluded.work_context,jobs=excluded.jobs,modules=excluded.modules,source_file=excluded.source_file,raw=excluded.raw,updated_at=now();


insert into public.itinera_studies(id,name,type,level,family,jurisdiction,official_title,route,subjects,ponderation_subjects,route_options,availability_by_province,sources,source_url,source_id,raw,data_quality,verified_at,last_seen_at,updated_at)
values (
  'fp-v36-cm-actividades-comerciais',
  'Actividades comerciais',
  'fpgm',
  'Ciclo formativo de grao medio',
  'Comercio e márketing',
  'Galicia',
  true,
  'Consultar requisitos, prazas, centros, modalidade e fontes oficiais antes de decidir.',
  '["Aplicacións informáticas para o comercio", "Dinamización do punto de venda", "Inglés profesional", "Itinerario persoal para a empregabilidade I", "Márketing na actividade comercial", "Procesos de venda", "Sostibilidade aplicada ao sistema produtivo", "Xestión de compras", "Comercio electrónico", "Dixitalización aplicada ao sistema produtivo", "Itinerario persoal para a empregabilidade II", "Proxecto intermodular"]'::jsonb,
  '[{"subject": "Non aplica ou consultar fonte oficial", "weight": "consultar fonte oficial"}]'::jsonb,
  '[]'::jsonb,
  '{"Galicia": ["Consultar oferta por provincia, centro, modalidade e curso na Xunta FP."]}'::jsonb,
  '["xunta-fp-catalogo-familias-2025-2026", "xunta-fp-ciclos", "todofp-familias"]'::jsonb,
  'https://www.edu.xunta.gal/fp/oferta-fp',
  'xunta-fp-catalogo-familias-2025-2026',
  '{"source_upload": "3 base de datos itinera.zip", "source_file": "05-comercio_e_marketing_v7.pdf", "duration_hours": 2000, "modules": [{"code": "MP1233", "name": "Aplicacións informáticas para o comercio", "hours": 133}, {"code": "MP1231", "name": "Dinamización do punto de venda", "hours": 159}, {"code": "MP0156", "name": "Inglés profesional", "hours": 60}, {"code": "MP1709", "name": "Itinerario persoal para a empregabilidade I", "hours": 107}, {"code": "MP1226", "name": "Márketing na actividade comercial", "hours": 142}, {"code": "MP1232", "name": "Procesos de venda", "hours": 159}, {"code": "MP1708", "name": "Sostibilidade aplicada ao sistema produtivo", "hours": 30}, {"code": "MP1229", "name": "Xestión de compras", "hours": 80}, {"code": "MP1235", "name": "Comercio electrónico", "hours": 165}, {"code": "MP1664", "name": "Dixitalización aplicada ao sistema produtivo", "hours": 30}, {"code": "MP1710", "name": "Itinerario persoal para a empregabilidade II", "hours": 50}, {"code": "MP1713", "name": "Proxecto intermodular", "hours": 50}, {"code": "MP1234", "name": "Servizos de atención comercial", "hours": 138}, {"code": "MP1228", "name": "Técnicas de almacén", "hours": 194}, {"code": "MP1230", "name": "Venda técnica", "hours": 165}, {"code": "MP1227", "name": "Xestión dun pequeno comercio", "hours": 248}], "learned": "vizos, e en xestionar un pequeno establecemento comercial, aplicando as normas de calidade e seguridade establecidas e respectando a lexislación.", "work_context": "cións de establecementos comerciais, realizando actividades de venda de produtos e/ou servizos a través de diversas canles de comercialización, ou ben realizando funcións de organización e xestión do seu propio comercio. Trátase de traballadores e traballadoras por conta propia que xestionan un pequeno comercio ou unha tenda tradicional, ou por conta allea que exercen a súa actividade nos departamentos ou nas seccións de comercialización de calquera empresa ou organización, en diversos subsectores: en establece- mentos comerciais pequenos, medianos ou grandes, traballando por conta allea en diferentes seccións comerciais; na comercialización de produtos e servizos por conta propia e allea, fóra do establecemento comercial; no de- partamento comercial de pequenas e medianas empresas (PME) e empresas industriais; no departamento de atención á clientela e ás persoas consumi- doras e usuarias de organismos públicos; en empresas industriais e comer- ciais grandes e medianas; no sector do comercio polo miúdo."}'::jsonb,
  'official_upload',
  now(),
  now(),
  now()
)
on conflict (id) do update set
  name=excluded.name,
  type=excluded.type,
  level=excluded.level,
  family=excluded.family,
  jurisdiction=excluded.jurisdiction,
  route=excluded.route,
  subjects=excluded.subjects,
  ponderation_subjects=excluded.ponderation_subjects,
  route_options=excluded.route_options,
  availability_by_province=excluded.availability_by_province,
  sources=excluded.sources,
  source_url=excluded.source_url,
  source_id=excluded.source_id,
  raw=excluded.raw,
  data_quality=excluded.data_quality,
  verified_at=excluded.verified_at,
  last_seen_at=excluded.last_seen_at,
  updated_at=now();


insert into public.itinera_fp_catalog_details(id,study_id,learned,work_context,jobs,modules,source_file,raw)
values ('detail-fp-v36-cm-actividades-comerciais','fp-v36-cm-actividades-comerciais','vizos, e en xestionar un pequeno establecemento comercial, aplicando as normas de calidade e seguridade establecidas e respectando a lexislación.','cións de establecementos comerciais, realizando actividades de venda de produtos e/ou servizos a través de diversas canles de comercialización, ou ben realizando funcións de organización e xestión do seu propio comercio. Trátase de traballadores e traballadoras por conta propia que xestionan un pequeno comercio ou unha tenda tradicional, ou por conta allea que exercen a súa actividade nos departamentos ou nas seccións de comercialización de calquera empresa ou organización, en diversos subsectores: en establece- mentos comerciais pequenos, medianos ou grandes, traballando por conta allea en diferentes seccións comerciais; na comercialización de produtos e servizos por conta propia e allea, fóra do establecemento comercial; no de- partamento comercial de pequenas e medianas empresas (PME) e empresas industriais; no departamento de atención á clientela e ás persoas consumi- doras e usuarias de organismos públicos; en empresas industriais e comer- ciais grandes e medianas; no sector do comercio polo miúdo.','["comercial", "promotor/a", "televendedor/a", "vendedor/a a distancia", "teleopera- dor/a (en \"call centers\")", "axente de información e atención á clientela", "caixei- ro/a ou repoñedor/a", "operador/a de \"contact centers\"", "administrador/a de contidos en liña", "comerciante de tenda", "xerente de pequeno comercio", "téc- nico/a en xestión de existencias e almacén", "xefe/a de almacén", "responsable de recepción de mercadorías", "responsable de expedición de mercadorías técnico/a en loxística de almacéns", "técnico/a de información e atención á clientela en empresas."]'::jsonb,'[{"code": "MP1233", "name": "Aplicacións informáticas para o comercio", "hours": 133}, {"code": "MP1231", "name": "Dinamización do punto de venda", "hours": 159}, {"code": "MP0156", "name": "Inglés profesional", "hours": 60}, {"code": "MP1709", "name": "Itinerario persoal para a empregabilidade I", "hours": 107}, {"code": "MP1226", "name": "Márketing na actividade comercial", "hours": 142}, {"code": "MP1232", "name": "Procesos de venda", "hours": 159}, {"code": "MP1708", "name": "Sostibilidade aplicada ao sistema produtivo", "hours": 30}, {"code": "MP1229", "name": "Xestión de compras", "hours": 80}, {"code": "MP1235", "name": "Comercio electrónico", "hours": 165}, {"code": "MP1664", "name": "Dixitalización aplicada ao sistema produtivo", "hours": 30}, {"code": "MP1710", "name": "Itinerario persoal para a empregabilidade II", "hours": 50}, {"code": "MP1713", "name": "Proxecto intermodular", "hours": 50}, {"code": "MP1234", "name": "Servizos de atención comercial", "hours": 138}, {"code": "MP1228", "name": "Técnicas de almacén", "hours": 194}, {"code": "MP1230", "name": "Venda técnica", "hours": 165}, {"code": "MP1227", "name": "Xestión dun pequeno comercio", "hours": 248}]'::jsonb,'05-comercio_e_marketing_v7.pdf',jsonb_build_object('source_upload','3 base de datos itinera.zip','duration_hours','2000'))
on conflict (id) do update set study_id=excluded.study_id,learned=excluded.learned,work_context=excluded.work_context,jobs=excluded.jobs,modules=excluded.modules,source_file=excluded.source_file,raw=excluded.raw,updated_at=now();


insert into public.itinera_studies(id,name,type,level,family,jurisdiction,official_title,route,subjects,ponderation_subjects,route_options,availability_by_province,sources,source_url,source_id,raw,data_quality,verified_at,last_seen_at,updated_at)
values (
  'fp-v36-cm-comercializacion-de-produtos-alimentarios',
  'Comercialización de produtos alimentarios',
  'fpgm',
  'Ciclo formativo de grao medio',
  'Comercio e márketing',
  'Galicia',
  true,
  'Consultar requisitos, prazas, centros, modalidade e fontes oficiais antes de decidir.',
  '["Atención comercial en negocios alimentarios", "Comercio electrónico en negocios alimentarios", "Constitución de pequenos negocios alimentarios", "Inglés profesional", "Itinerario persoal para a empregabilidade I", "Mercadotecnia do comercio alimentario", "Ofimática aplicada ao comercio alimentario", "Sostibilidade aplicada ao sistema produtivo", "Xestión dun comercio alimentario", "Dinamización do punto de venda en comercios de alimenta-", "Dixitalización aplicada ao sistema produtivo", "Itinerario persoal para a empregabilidade II"]'::jsonb,
  '[{"subject": "Non aplica ou consultar fonte oficial", "weight": "consultar fonte oficial"}]'::jsonb,
  '[]'::jsonb,
  '{"Galicia": ["Consultar oferta por provincia, centro, modalidade e curso na Xunta FP."]}'::jsonb,
  '["xunta-fp-catalogo-familias-2025-2026", "xunta-fp-ciclos", "todofp-familias"]'::jsonb,
  'https://www.edu.xunta.gal/fp/oferta-fp',
  'xunta-fp-catalogo-familias-2025-2026',
  '{"source_upload": "3 base de datos itinera.zip", "source_file": "05-comercio_e_marketing_v7.pdf", "duration_hours": 2000, "modules": [{"code": "MP1609", "name": "Atención comercial en negocios alimentarios", "hours": 102}, {"code": "MP1613", "name": "Comercio electrónico en negocios alimentarios", "hours": 138}, {"code": "MP1606", "name": "Constitución de pequenos negocios alimentarios", "hours": 102}, {"code": "MP0156", "name": "Inglés profesional", "hours": 60}, {"code": "MP1709", "name": "Itinerario persoal para a empregabilidade I", "hours": 107}, {"code": "MP1607", "name": "Mercadotecnia do comercio alimentario", "hours": 102}, {"code": "MP1614", "name": "Ofimática aplicada ao comercio alimentario", "hours": 127}, {"code": "MP1708", "name": "Sostibilidade aplicada ao sistema produtivo", "hours": 30}, {"code": "MP1615", "name": "Xestión dun comercio alimentario", "hours": 102}, {"code": "MP1608", "name": "Dinamización do punto de venda en comercios de alimenta-", "hours": 165}, {"code": "MP1664", "name": "Dixitalización aplicada ao sistema produtivo", "hours": 30}, {"code": "MP1710", "name": "Itinerario persoal para a empregabilidade II", "hours": 50}, {"code": "MP1612", "name": "Loxística de produtos alimentarios", "hours": 221}, {"code": "MP1611", "name": "Preparación e acondicionamento de produtos frescos e trans-", "hours": 359}, {"code": "MP1713", "name": "Proxecto intermodular", "hours": 50}, {"code": "MP1610", "name": "Seguridade e calidade alimentaria no comercio", "hours": 165}], "learned": "cos e en liña relacionadas coa planificación comercial, a xestión da loxística de almacenaxe, a distribución e a reposición de produtos alimentarios, e a supervisión das seccións de venda de alimentos perecedoiros e non perece- doiros, e de atención comercial a clientela e provedores, seguindo criterios de calidade e actuando segundo a normativa de prevención de riscos, segu- ridade alimentaria e protección do/da consumidor/a.", "work_context": "ra empresa ou organización, en tendas retallistas de alimentación ou nos departamentos correspondentes de grandes superficies, tanto por conta propia como por conta allea."}'::jsonb,
  'official_upload',
  now(),
  now(),
  now()
)
on conflict (id) do update set
  name=excluded.name,
  type=excluded.type,
  level=excluded.level,
  family=excluded.family,
  jurisdiction=excluded.jurisdiction,
  route=excluded.route,
  subjects=excluded.subjects,
  ponderation_subjects=excluded.ponderation_subjects,
  route_options=excluded.route_options,
  availability_by_province=excluded.availability_by_province,
  sources=excluded.sources,
  source_url=excluded.source_url,
  source_id=excluded.source_id,
  raw=excluded.raw,
  data_quality=excluded.data_quality,
  verified_at=excluded.verified_at,
  last_seen_at=excluded.last_seen_at,
  updated_at=now();


insert into public.itinera_fp_catalog_details(id,study_id,learned,work_context,jobs,modules,source_file,raw)
values ('detail-fp-v36-cm-comercializacion-de-produtos-alimentarios','fp-v36-cm-comercializacion-de-produtos-alimentarios','cos e en liña relacionadas coa planificación comercial, a xestión da loxística de almacenaxe, a distribución e a reposición de produtos alimentarios, e a supervisión das seccións de venda de alimentos perecedoiros e non perece- doiros, e de atención comercial a clientela e provedores, seguindo criterios de calidade e actuando segundo a normativa de prevención de riscos, segu- ridade alimentaria e protección do/da consumidor/a.','ra empresa ou organización, en tendas retallistas de alimentación ou nos departamentos correspondentes de grandes superficies, tanto por conta propia como por conta allea.','["ou departamento de tenda de alimentación", "xestor/a de pequeno comer- cio alimentario", "responsable encargado/a de comercios alimentarios en liña", "asesor/a comercial de produtos alimentarios", "vendedor/a de produtos alimentarios."]'::jsonb,'[{"code": "MP1609", "name": "Atención comercial en negocios alimentarios", "hours": 102}, {"code": "MP1613", "name": "Comercio electrónico en negocios alimentarios", "hours": 138}, {"code": "MP1606", "name": "Constitución de pequenos negocios alimentarios", "hours": 102}, {"code": "MP0156", "name": "Inglés profesional", "hours": 60}, {"code": "MP1709", "name": "Itinerario persoal para a empregabilidade I", "hours": 107}, {"code": "MP1607", "name": "Mercadotecnia do comercio alimentario", "hours": 102}, {"code": "MP1614", "name": "Ofimática aplicada ao comercio alimentario", "hours": 127}, {"code": "MP1708", "name": "Sostibilidade aplicada ao sistema produtivo", "hours": 30}, {"code": "MP1615", "name": "Xestión dun comercio alimentario", "hours": 102}, {"code": "MP1608", "name": "Dinamización do punto de venda en comercios de alimenta-", "hours": 165}, {"code": "MP1664", "name": "Dixitalización aplicada ao sistema produtivo", "hours": 30}, {"code": "MP1710", "name": "Itinerario persoal para a empregabilidade II", "hours": 50}, {"code": "MP1612", "name": "Loxística de produtos alimentarios", "hours": 221}, {"code": "MP1611", "name": "Preparación e acondicionamento de produtos frescos e trans-", "hours": 359}, {"code": "MP1713", "name": "Proxecto intermodular", "hours": 50}, {"code": "MP1610", "name": "Seguridade e calidade alimentaria no comercio", "hours": 165}]'::jsonb,'05-comercio_e_marketing_v7.pdf',jsonb_build_object('source_upload','3 base de datos itinera.zip','duration_hours','2000'))
on conflict (id) do update set study_id=excluded.study_id,learned=excluded.learned,work_context=excluded.work_context,jobs=excluded.jobs,modules=excluded.modules,source_file=excluded.source_file,raw=excluded.raw,updated_at=now();


insert into public.itinera_studies(id,name,type,level,family,jurisdiction,official_title,route,subjects,ponderation_subjects,route_options,availability_by_province,sources,source_url,source_id,raw,data_quality,verified_at,last_seen_at,updated_at)
values (
  'fp-v36-cs-comercio-internacional',
  'Comercio internacional',
  'fpgs',
  'Ciclo formativo de grao superior',
  'Comercio e márketing',
  'Galicia',
  true,
  'Consultar requisitos, prazas, centros, modalidade e fontes oficiais antes de decidir.',
  '["Inglés profesional", "Itinerario persoal para a empregabilidade I", "Negociación internacional", "Sostibilidade aplicada ao sistema produtivo", "Transporte internacional de mercadorías", "Xestión administrativa do comercio internacional", "Xestión económica e financeira da empresa", "Comercio dixital internacional", "Dixitalización aplicada ao sistema produtivo", "Financiamento internacional", "Itinerario persoal para a empregabilidade II", "Loxística de almacenamento"]'::jsonb,
  '[{"subject": "Non aplica ou consultar fonte oficial", "weight": "consultar fonte oficial"}]'::jsonb,
  '[]'::jsonb,
  '{"Galicia": ["Consultar oferta por provincia, centro, modalidade e curso na Xunta FP."]}'::jsonb,
  '["xunta-fp-catalogo-familias-2025-2026", "xunta-fp-ciclos", "todofp-familias"]'::jsonb,
  'https://www.edu.xunta.gal/fp/oferta-fp',
  'xunta-fp-catalogo-familias-2025-2026',
  '{"source_upload": "3 base de datos itinera.zip", "source_file": "05-comercio_e_marketing_v7.pdf", "duration_hours": 2000, "modules": [{"code": "MP0179", "name": "Inglés profesional", "hours": 60}, {"code": "MP1709", "name": "Itinerario persoal para a empregabilidade I", "hours": 107}, {"code": "MP0824", "name": "Negociación internacional", "hours": 130}, {"code": "MP1708", "name": "Sostibilidade aplicada ao sistema produtivo", "hours": 30}, {"code": "MP0622", "name": "Transporte internacional de mercadorías", "hours": 181}, {"code": "MP0627", "name": "Xestión administrativa do comercio internacional", "hours": 181}, {"code": "MP0623", "name": "Xestión económica e financeira da empresa", "hours": 181}, {"code": "MP0827", "name": "Comercio dixital internacional", "hours": 138}, {"code": "MP1665", "name": "Dixitalización aplicada ao sistema produtivo", "hours": 30}, {"code": "MP0825", "name": "Financiamento internacional", "hours": 165}, {"code": "MP1710", "name": "Itinerario persoal para a empregabilidade II", "hours": 50}, {"code": "MP0625", "name": "Loxística de almacenamento", "hours": 165}, {"code": "MP0823", "name": "Márketing internacional", "hours": 165}, {"code": "MP0826", "name": "Medios de pagamento internacionais", "hours": 138}, {"code": "MP0828", "name": "Proxecto intermodular de comercio internacional", "hours": 50}, {"code": "MP0822", "name": "Sistema de información de mercados", "hours": 139}], "learned": "dución e expedición de mercadorías, aplicando a lexislación, no marco dos obxectivos e dos procedementos establecidos.", "work_context": "mercio e márketing público e privado, realizando funcións de planificación, organización, xestión e asesoramento de actividades de comercio interna- cional. Trátase de traballadores e traballadoras por conta propia que xes- tionan a súa empresa, realizando actividades de comercio internacional, ou por conta allea, que exercen a súa actividade no departamento de comercio internacional dentro dos subsectores de: industria, comercio e agricultura, no departamento de comercio internacional, entidades financeiras e de se- guros, no departamento de exterior, empresas intermediarias no comercio internacional, como axencias transitarias, axencias comerciais, empresas consignatarias, axencias de alfándegas, empresas de asesoramento co- mercial e xurídico, etc, empresas importadoras, exportadoras e distribui- doras-comercializadoras, empresas de loxística e transporte, asociacións, institucións, organismos e organizacións non gobernamentais."}'::jsonb,
  'official_upload',
  now(),
  now(),
  now()
)
on conflict (id) do update set
  name=excluded.name,
  type=excluded.type,
  level=excluded.level,
  family=excluded.family,
  jurisdiction=excluded.jurisdiction,
  route=excluded.route,
  subjects=excluded.subjects,
  ponderation_subjects=excluded.ponderation_subjects,
  route_options=excluded.route_options,
  availability_by_province=excluded.availability_by_province,
  sources=excluded.sources,
  source_url=excluded.source_url,
  source_id=excluded.source_id,
  raw=excluded.raw,
  data_quality=excluded.data_quality,
  verified_at=excluded.verified_at,
  last_seen_at=excluded.last_seen_at,
  updated_at=now();


insert into public.itinera_fp_catalog_details(id,study_id,learned,work_context,jobs,modules,source_file,raw)
values ('detail-fp-v36-cs-comercio-internacional','fp-v36-cs-comercio-internacional','dución e expedición de mercadorías, aplicando a lexislación, no marco dos obxectivos e dos procedementos establecidos.','mercio e márketing público e privado, realizando funcións de planificación, organización, xestión e asesoramento de actividades de comercio interna- cional. Trátase de traballadores e traballadoras por conta propia que xes- tionan a súa empresa, realizando actividades de comercio internacional, ou por conta allea, que exercen a súa actividade no departamento de comercio internacional dentro dos subsectores de: industria, comercio e agricultura, no departamento de comercio internacional, entidades financeiras e de se- guros, no departamento de exterior, empresas intermediarias no comercio internacional, como axencias transitarias, axencias comerciais, empresas consignatarias, axencias de alfándegas, empresas de asesoramento co- mercial e xurídico, etc, empresas importadoras, exportadoras e distribui- doras-comercializadoras, empresas de loxística e transporte, asociacións, institucións, organismos e organizacións non gobernamentais.','["tidades financeiras e de seguros", "técnico/a en administración de comercio internacional", "asistente ou adxunto/a de comercio internacional", "axente de comercio internacional", "técnico/a de márketing internacional", "técnico/a de márketing dixital internacional", "técnico/a de venda internacional", "asisten- te/a ao departamento de operacións comerciais internacionais", "transita- rio/a", "consignatario/a de buques", "operador/a loxístico/a", "xefe/a de almacén técnico/a en loxística do transporte", "coordinador/a loxístico/a", "técnico/a en loxística inversa."]'::jsonb,'[{"code": "MP0179", "name": "Inglés profesional", "hours": 60}, {"code": "MP1709", "name": "Itinerario persoal para a empregabilidade I", "hours": 107}, {"code": "MP0824", "name": "Negociación internacional", "hours": 130}, {"code": "MP1708", "name": "Sostibilidade aplicada ao sistema produtivo", "hours": 30}, {"code": "MP0622", "name": "Transporte internacional de mercadorías", "hours": 181}, {"code": "MP0627", "name": "Xestión administrativa do comercio internacional", "hours": 181}, {"code": "MP0623", "name": "Xestión económica e financeira da empresa", "hours": 181}, {"code": "MP0827", "name": "Comercio dixital internacional", "hours": 138}, {"code": "MP1665", "name": "Dixitalización aplicada ao sistema produtivo", "hours": 30}, {"code": "MP0825", "name": "Financiamento internacional", "hours": 165}, {"code": "MP1710", "name": "Itinerario persoal para a empregabilidade II", "hours": 50}, {"code": "MP0625", "name": "Loxística de almacenamento", "hours": 165}, {"code": "MP0823", "name": "Márketing internacional", "hours": 165}, {"code": "MP0826", "name": "Medios de pagamento internacionais", "hours": 138}, {"code": "MP0828", "name": "Proxecto intermodular de comercio internacional", "hours": 50}, {"code": "MP0822", "name": "Sistema de información de mercados", "hours": 139}]'::jsonb,'05-comercio_e_marketing_v7.pdf',jsonb_build_object('source_upload','3 base de datos itinera.zip','duration_hours','2000'))
on conflict (id) do update set study_id=excluded.study_id,learned=excluded.learned,work_context=excluded.work_context,jobs=excluded.jobs,modules=excluded.modules,source_file=excluded.source_file,raw=excluded.raw,updated_at=now();


insert into public.itinera_studies(id,name,type,level,family,jurisdiction,official_title,route,subjects,ponderation_subjects,route_options,availability_by_province,sources,source_url,source_id,raw,data_quality,verified_at,last_seen_at,updated_at)
values (
  'fp-v36-cs-marketing-e-publicidade',
  'Márketing e publicidade',
  'fpgs',
  'Ciclo formativo de grao superior',
  'Comercio e márketing',
  'Galicia',
  true,
  'Consultar requisitos, prazas, centros, modalidade e fontes oficiais antes de decidir.',
  '["Inglés profesional", "Investigación comercial", "Itinerario persoal para a empregabilidade I", "Márketing dixital", "Políticas de márketing", "Sostibilidade aplicada ao sistema produtivo", "Xestión económica e financeira da empresa", "Atención á clientela e ás persoas consumidoras e usuarias", "Deseño e elaboración de material de comunicación", "Dixitalización aplicada ao sistema produtivo", "Itinerario persoal para a empregabilidade II", "Lanzamento de produtos e servizos"]'::jsonb,
  '[{"subject": "Non aplica ou consultar fonte oficial", "weight": "consultar fonte oficial"}]'::jsonb,
  '[]'::jsonb,
  '{"Galicia": ["Consultar oferta por provincia, centro, modalidade e curso na Xunta FP."]}'::jsonb,
  '["xunta-fp-catalogo-familias-2025-2026", "xunta-fp-ciclos", "todofp-familias"]'::jsonb,
  'https://www.edu.xunta.gal/fp/oferta-fp',
  'xunta-fp-catalogo-familias-2025-2026',
  '{"source_upload": "3 base de datos itinera.zip", "source_file": "05-comercio_e_marketing_v7.pdf", "duration_hours": 2000, "modules": [{"code": "MP0179", "name": "Inglés profesional", "hours": 60}, {"code": "MP1010", "name": "Investigación comercial", "hours": 130}, {"code": "MP1709", "name": "Itinerario persoal para a empregabilidade I", "hours": 107}, {"code": "MP0931", "name": "Márketing dixital", "hours": 181}, {"code": "MP0930", "name": "Políticas de márketing", "hours": 181}, {"code": "MP1708", "name": "Sostibilidade aplicada ao sistema produtivo", "hours": 30}, {"code": "MP0623", "name": "Xestión económica e financeira da empresa", "hours": 181}, {"code": "MP1110", "name": "Atención á clientela e ás persoas consumidoras e usuarias", "hours": 138}, {"code": "MP1007", "name": "Deseño e elaboración de material de comunicación", "hours": 194}, {"code": "MP1665", "name": "Dixitalización aplicada ao sistema produtivo", "hours": 30}, {"code": "MP1710", "name": "Itinerario persoal para a empregabilidade II", "hours": 50}, {"code": "MP1109", "name": "Lanzamento de produtos e servizos", "hours": 165}, {"code": "MP1008", "name": "Medios e soportes de comunicación", "hours": 110}, {"code": "MP1012", "name": "Proxecto intermodular de márketing e publicidade", "hours": 50}, {"code": "MP1009", "name": "Relacións públicas e organización de eventos de márketing", "hours": 165}, {"code": "MP1011", "name": "Traballo de campo na investigación comercial", "hours": 138}], "learned": "das políticas de márketing baseadas en estudos comerciais, e en promo- cionar e publicitar os produtos e/ou servizos nos medios e nos soportes de comunicación axeitados, elaborando os materiais publipromocionais ne- cesarios.", "work_context": "presas públicas e privadas de calquera sector produtivo, nomeadamente no sector do comercio e márketing, realizando funcións de planificación, organización e xestión de actividades de márketing, investigación comercial, publicidade e relacións públicas. Trátase de persoas por conta propia que xestionan a súa empresa realizando actividades de comunicación e de pu- blicidade e eventos, ou de traballadores e traballadoras por conta allea que exercen a súa actividade nos departamentos de márketing, comunicación e gabinetes de prensa e comunicación de calquera empresa ou organización, no ámbito público e privado."}'::jsonb,
  'official_upload',
  now(),
  now(),
  now()
)
on conflict (id) do update set
  name=excluded.name,
  type=excluded.type,
  level=excluded.level,
  family=excluded.family,
  jurisdiction=excluded.jurisdiction,
  route=excluded.route,
  subjects=excluded.subjects,
  ponderation_subjects=excluded.ponderation_subjects,
  route_options=excluded.route_options,
  availability_by_province=excluded.availability_by_province,
  sources=excluded.sources,
  source_url=excluded.source_url,
  source_id=excluded.source_id,
  raw=excluded.raw,
  data_quality=excluded.data_quality,
  verified_at=excluded.verified_at,
  last_seen_at=excluded.last_seen_at,
  updated_at=now();


insert into public.itinera_fp_catalog_details(id,study_id,learned,work_context,jobs,modules,source_file,raw)
values ('detail-fp-v36-cs-marketing-e-publicidade','fp-v36-cs-marketing-e-publicidade','das políticas de márketing baseadas en estudos comerciais, e en promo- cionar e publicitar os produtos e/ou servizos nos medios e nos soportes de comunicación axeitados, elaborando os materiais publipromocionais ne- cesarios.','presas públicas e privadas de calquera sector produtivo, nomeadamente no sector do comercio e márketing, realizando funcións de planificación, organización e xestión de actividades de márketing, investigación comercial, publicidade e relacións públicas. Trátase de persoas por conta propia que xestionan a súa empresa realizando actividades de comunicación e de pu- blicidade e eventos, ou de traballadores e traballadoras por conta allea que exercen a súa actividade nos departamentos de márketing, comunicación e gabinetes de prensa e comunicación de calquera empresa ou organización, no ámbito público e privado.','["publicidade", "técnico/a en relacións públicas", "organizador/a de eventos de márketing e comunicación", "auxiliar de medios en empresas de publicidade", "controlador/a de cursaxe ou emisión en medios de comunicación", "técnico en estudos de mercado e opinión pública", "técnico/a en traballos de campo", "ins- pector/a de persoal enquisador", "axente de enquisas e censos", "codificador/a de datos para as investigacións de mercados."]'::jsonb,'[{"code": "MP0179", "name": "Inglés profesional", "hours": 60}, {"code": "MP1010", "name": "Investigación comercial", "hours": 130}, {"code": "MP1709", "name": "Itinerario persoal para a empregabilidade I", "hours": 107}, {"code": "MP0931", "name": "Márketing dixital", "hours": 181}, {"code": "MP0930", "name": "Políticas de márketing", "hours": 181}, {"code": "MP1708", "name": "Sostibilidade aplicada ao sistema produtivo", "hours": 30}, {"code": "MP0623", "name": "Xestión económica e financeira da empresa", "hours": 181}, {"code": "MP1110", "name": "Atención á clientela e ás persoas consumidoras e usuarias", "hours": 138}, {"code": "MP1007", "name": "Deseño e elaboración de material de comunicación", "hours": 194}, {"code": "MP1665", "name": "Dixitalización aplicada ao sistema produtivo", "hours": 30}, {"code": "MP1710", "name": "Itinerario persoal para a empregabilidade II", "hours": 50}, {"code": "MP1109", "name": "Lanzamento de produtos e servizos", "hours": 165}, {"code": "MP1008", "name": "Medios e soportes de comunicación", "hours": 110}, {"code": "MP1012", "name": "Proxecto intermodular de márketing e publicidade", "hours": 50}, {"code": "MP1009", "name": "Relacións públicas e organización de eventos de márketing", "hours": 165}, {"code": "MP1011", "name": "Traballo de campo na investigación comercial", "hours": 138}]'::jsonb,'05-comercio_e_marketing_v7.pdf',jsonb_build_object('source_upload','3 base de datos itinera.zip','duration_hours','2000'))
on conflict (id) do update set study_id=excluded.study_id,learned=excluded.learned,work_context=excluded.work_context,jobs=excluded.jobs,modules=excluded.modules,source_file=excluded.source_file,raw=excluded.raw,updated_at=now();


insert into public.itinera_studies(id,name,type,level,family,jurisdiction,official_title,route,subjects,ponderation_subjects,route_options,availability_by_province,sources,source_url,source_id,raw,data_quality,verified_at,last_seen_at,updated_at)
values (
  'fp-v36-cs-transporte-e-loxistica',
  'Transporte e loxística',
  'fpgs',
  'Ciclo formativo de grao superior',
  'Comercio e márketing',
  'Galicia',
  true,
  'Consultar requisitos, prazas, centros, modalidade e fontes oficiais antes de decidir.',
  '["Comercialización do transporte e a loxística", "Inglés profesional", "Itinerario persoal para a empregabilidade I", "Sostibilidade aplicada ao sistema produtivo", "Transporte internacional de mercadorías", "Xestión administrativa do comercio internacional", "Xestión económica e financeira da empresa", "Dixitalización aplicada ao sistema produtivo", "Itinerario persoal para a empregabilidade II", "Loxística de almacenamento", "Loxística de aprovisionamento", "Organización do transporte de mercadorías"]'::jsonb,
  '[{"subject": "Non aplica ou consultar fonte oficial", "weight": "consultar fonte oficial"}]'::jsonb,
  '[]'::jsonb,
  '{"Galicia": ["Consultar oferta por provincia, centro, modalidade e curso na Xunta FP."]}'::jsonb,
  '["xunta-fp-catalogo-familias-2025-2026", "xunta-fp-ciclos", "todofp-familias"]'::jsonb,
  'https://www.edu.xunta.gal/fp/oferta-fp',
  'xunta-fp-catalogo-familias-2025-2026',
  '{"source_upload": "3 base de datos itinera.zip", "source_file": "05-comercio_e_marketing_v7.pdf", "duration_hours": 2000, "modules": [{"code": "MP0624", "name": "Comercialización do transporte e a loxística", "hours": 130}, {"code": "MP0179", "name": "Inglés profesional", "hours": 60}, {"code": "MP1709", "name": "Itinerario persoal para a empregabilidade I", "hours": 107}, {"code": "MP1708", "name": "Sostibilidade aplicada ao sistema produtivo", "hours": 30}, {"code": "MP0622", "name": "Transporte internacional de mercadorías", "hours": 181}, {"code": "MP0627", "name": "Xestión administrativa do comercio internacional", "hours": 181}, {"code": "MP0623", "name": "Xestión económica e financeira da empresa", "hours": 181}, {"code": "MP1665", "name": "Dixitalización aplicada ao sistema produtivo", "hours": 30}, {"code": "MP1710", "name": "Itinerario persoal para a empregabilidade II", "hours": 50}, {"code": "MP0625", "name": "Loxística de almacenamento", "hours": 165}, {"code": "MP0626", "name": "Loxística de aprovisionamento", "hours": 138}, {"code": "MP0629", "name": "Organización do transporte de mercadorías", "hours": 221}, {"code": "MP0628", "name": "Organización do transporte de viaxeiros/as", "hours": 138}, {"code": "MP0630", "name": "Proxecto intermodular de transporte e loxística", "hours": 50}, {"code": "MP0621", "name": "Xestión administrativa do transporte e a loxística", "hours": 248}], "learned": "lar as operacións do transporte de mercadorías e de viaxeiros no ámbito nacional e internacional, e en planificar e xestionar as actividades loxísti- cas dunha empresa, de acordo coa normativa ecos obxectivos establecidos pola dirección da empresa, no marco da calidade, a seguridade e o respecto ambiental.", "work_context": "presas do sector do transporte e a loxística, por conta propia ou por conta allea, realizando funcións de planificación, organización, xestión e comercia- lización do servizo de transporte e/ou de loxística."}'::jsonb,
  'official_upload',
  now(),
  now(),
  now()
)
on conflict (id) do update set
  name=excluded.name,
  type=excluded.type,
  level=excluded.level,
  family=excluded.family,
  jurisdiction=excluded.jurisdiction,
  route=excluded.route,
  subjects=excluded.subjects,
  ponderation_subjects=excluded.ponderation_subjects,
  route_options=excluded.route_options,
  availability_by_province=excluded.availability_by_province,
  sources=excluded.sources,
  source_url=excluded.source_url,
  source_id=excluded.source_id,
  raw=excluded.raw,
  data_quality=excluded.data_quality,
  verified_at=excluded.verified_at,
  last_seen_at=excluded.last_seen_at,
  updated_at=now();


insert into public.itinera_fp_catalog_details(id,study_id,learned,work_context,jobs,modules,source_file,raw)
values ('detail-fp-v36-cs-transporte-e-loxistica','fp-v36-cs-transporte-e-loxistica','lar as operacións do transporte de mercadorías e de viaxeiros no ámbito nacional e internacional, e en planificar e xestionar as actividades loxísti- cas dunha empresa, de acordo coa normativa ecos obxectivos establecidos pola dirección da empresa, no marco da calidade, a seguridade e o respecto ambiental.','presas do sector do transporte e a loxística, por conta propia ou por conta allea, realizando funcións de planificación, organización, xestión e comercia- lización do servizo de transporte e/ou de loxística.','["actividades de transporte e en actividades de transporte combinado", "xerente da empresa de transporte", "inspector/a de transporte de viaxeiros por estra- da", "xestor/a de transporte por estrada", "administrativo/a de servizo de trans- porte por estrada", "axente de transportes e de carga", "comercial de servizos de transporte", "operador/a de transporte porta a porta e loxístico", "transita- rio/a", "consignatario/a de buques", "técnico/a en loxística do transporte e en loxística inversa", "coordinador/a loxístico/a."]'::jsonb,'[{"code": "MP0624", "name": "Comercialización do transporte e a loxística", "hours": 130}, {"code": "MP0179", "name": "Inglés profesional", "hours": 60}, {"code": "MP1709", "name": "Itinerario persoal para a empregabilidade I", "hours": 107}, {"code": "MP1708", "name": "Sostibilidade aplicada ao sistema produtivo", "hours": 30}, {"code": "MP0622", "name": "Transporte internacional de mercadorías", "hours": 181}, {"code": "MP0627", "name": "Xestión administrativa do comercio internacional", "hours": 181}, {"code": "MP0623", "name": "Xestión económica e financeira da empresa", "hours": 181}, {"code": "MP1665", "name": "Dixitalización aplicada ao sistema produtivo", "hours": 30}, {"code": "MP1710", "name": "Itinerario persoal para a empregabilidade II", "hours": 50}, {"code": "MP0625", "name": "Loxística de almacenamento", "hours": 165}, {"code": "MP0626", "name": "Loxística de aprovisionamento", "hours": 138}, {"code": "MP0629", "name": "Organización do transporte de mercadorías", "hours": 221}, {"code": "MP0628", "name": "Organización do transporte de viaxeiros/as", "hours": 138}, {"code": "MP0630", "name": "Proxecto intermodular de transporte e loxística", "hours": 50}, {"code": "MP0621", "name": "Xestión administrativa do transporte e a loxística", "hours": 248}]'::jsonb,'05-comercio_e_marketing_v7.pdf',jsonb_build_object('source_upload','3 base de datos itinera.zip','duration_hours','2000'))
on conflict (id) do update set study_id=excluded.study_id,learned=excluded.learned,work_context=excluded.work_context,jobs=excluded.jobs,modules=excluded.modules,source_file=excluded.source_file,raw=excluded.raw,updated_at=now();


insert into public.itinera_studies(id,name,type,level,family,jurisdiction,official_title,route,subjects,ponderation_subjects,route_options,availability_by_province,sources,source_url,source_id,raw,data_quality,verified_at,last_seen_at,updated_at)
values (
  'fp-v36-cs-xestion-de-vendas-e-espazos-comerciais',
  'Xestión de vendas e espazos comerciais',
  'fpgs',
  'Ciclo formativo de grao superior',
  'Comercio e márketing',
  'Galicia',
  true,
  'Consultar requisitos, prazas, centros, modalidade e fontes oficiais antes de decidir.',
  '["Inglés profesional", "Investigación comercial", "Itinerario persoal para a empregabilidade I", "Márketing dixital", "Políticas de márketing", "Sostibilidade aplicada ao sistema produtivo", "Xestión económica e financeira da empresa", "Dixitalización aplicada ao sistema produtivo", "Escaparatismo e deseño de espazos comerciais", "Itinerario persoal para a empregabilidade II", "Loxística de almacenamento", "Loxística de aprovisionamento"]'::jsonb,
  '[{"subject": "Non aplica ou consultar fonte oficial", "weight": "consultar fonte oficial"}]'::jsonb,
  '[]'::jsonb,
  '{"Galicia": ["Consultar oferta por provincia, centro, modalidade e curso na Xunta FP."]}'::jsonb,
  '["xunta-fp-catalogo-familias-2025-2026", "xunta-fp-ciclos", "todofp-familias"]'::jsonb,
  'https://www.edu.xunta.gal/fp/oferta-fp',
  'xunta-fp-catalogo-familias-2025-2026',
  '{"source_upload": "3 base de datos itinera.zip", "source_file": "05-comercio_e_marketing_v7.pdf", "duration_hours": 2000, "modules": [{"code": "MP0179", "name": "Inglés profesional", "hours": 60}, {"code": "MP1010", "name": "Investigación comercial", "hours": 130}, {"code": "MP1709", "name": "Itinerario persoal para a empregabilidade I", "hours": 107}, {"code": "MP0931", "name": "Márketing dixital", "hours": 181}, {"code": "MP0930", "name": "Políticas de márketing", "hours": 181}, {"code": "MP1708", "name": "Sostibilidade aplicada ao sistema produtivo", "hours": 30}, {"code": "MP0623", "name": "Xestión económica e financeira da empresa", "hours": 181}, {"code": "MP1665", "name": "Dixitalización aplicada ao sistema produtivo", "hours": 30}, {"code": "MP0926", "name": "Escaparatismo e deseño de espazos comerciais", "hours": 165}, {"code": "MP1710", "name": "Itinerario persoal para a empregabilidade II", "hours": 50}, {"code": "MP0625", "name": "Loxística de almacenamento", "hours": 165}, {"code": "MP0626", "name": "Loxística de aprovisionamento", "hours": 138}, {"code": "MP0928", "name": "Organización de equipos de vendas", "hours": 139}, {"code": "MP0932", "name": "Proxecto intermodular de xestión de vendas e espazos comerciais", "hours": 50}, {"code": "MP0929", "name": "Técnicas de venda e negociación", "hours": 138}, {"code": "MP0927", "name": "Xestión de produtos e promocións no punto de venda", "hours": 165}], "learned": "dutos e servizos, e organizar a implantación e a animación de espazos co- merciais, segundo criterios de calidade, seguridade e prevención de riscos, aplicando a normativa.", "work_context": "comercio e o márketing públicos e privados, realizando funcións de planifi- cación, organización e xestión de actividades de compravenda de produtos e servizos, así como de deseño, implantación e xestión de espazos comerciais. Trátase de traballadores e traballadoras por conta propia que xestionen a súa empresa realizando actividades de compravenda de produtos e servizos, ou por conta allea, que exerzan a súa actividade no departamento de vendas, comercial ou de márketing, dentro dos subsectores de: industria, comercio e agricultura, nos departamentos de vendas, comercial ou de márketing; empresas de distribución comercial por xunto e/ou polo miúdo, nos departa- mentos de compras, vendas, deseño e implantación de espazos comerciais, comercial ou de márketing; entidades financeiras e de seguros, nos departa- mentos de vendas, comercial ou de márketing; empresas intermediarias no comercio como axencias comerciais, empresas de asesoramento comercial e xurídico, etc; empresas importadoras, exportadoras e distribuidoras-comer- cializadoras; empresas de loxística e transporte; asociacións, institucións, organismos e organizacións non gobernamentais (ONG)."}'::jsonb,
  'official_upload',
  now(),
  now(),
  now()
)
on conflict (id) do update set
  name=excluded.name,
  type=excluded.type,
  level=excluded.level,
  family=excluded.family,
  jurisdiction=excluded.jurisdiction,
  route=excluded.route,
  subjects=excluded.subjects,
  ponderation_subjects=excluded.ponderation_subjects,
  route_options=excluded.route_options,
  availability_by_province=excluded.availability_by_province,
  sources=excluded.sources,
  source_url=excluded.source_url,
  source_id=excluded.source_id,
  raw=excluded.raw,
  data_quality=excluded.data_quality,
  verified_at=excluded.verified_at,
  last_seen_at=excluded.last_seen_at,
  updated_at=now();


insert into public.itinera_fp_catalog_details(id,study_id,learned,work_context,jobs,modules,source_file,raw)
values ('detail-fp-v36-cs-xestion-de-vendas-e-espazos-comerciais','fp-v36-cs-xestion-de-vendas-e-espazos-comerciais','dutos e servizos, e organizar a implantación e a animación de espazos co- merciais, segundo criterios de calidade, seguridade e prevención de riscos, aplicando a normativa.','comercio e o márketing públicos e privados, realizando funcións de planifi- cación, organización e xestión de actividades de compravenda de produtos e servizos, así como de deseño, implantación e xestión de espazos comerciais. Trátase de traballadores e traballadoras por conta propia que xestionen a súa empresa realizando actividades de compravenda de produtos e servizos, ou por conta allea, que exerzan a súa actividade no departamento de vendas, comercial ou de márketing, dentro dos subsectores de: industria, comercio e agricultura, nos departamentos de vendas, comercial ou de márketing; empresas de distribución comercial por xunto e/ou polo miúdo, nos departa- mentos de compras, vendas, deseño e implantación de espazos comerciais, comercial ou de márketing; entidades financeiras e de seguros, nos departa- mentos de vendas, comercial ou de márketing; empresas intermediarias no comercio como axencias comerciais, empresas de asesoramento comercial e xurídico, etc; empresas importadoras, exportadoras e distribuidoras-comer- cializadoras; empresas de loxística e transporte; asociacións, institucións, organismos e organizacións non gobernamentais (ONG).','["de tenda", "encargado/a de sección dun comercio", "vendedor/a técnico/a", "coor- dinador/a de comerciais", "supervisor/a de telemárketing", "merchandiser", "es- caparatista comercial", "deseñador/a de espazos comerciais", "responsable de promocións no punto de venda", "especialista en implantación de espazos comerciais."]'::jsonb,'[{"code": "MP0179", "name": "Inglés profesional", "hours": 60}, {"code": "MP1010", "name": "Investigación comercial", "hours": 130}, {"code": "MP1709", "name": "Itinerario persoal para a empregabilidade I", "hours": 107}, {"code": "MP0931", "name": "Márketing dixital", "hours": 181}, {"code": "MP0930", "name": "Políticas de márketing", "hours": 181}, {"code": "MP1708", "name": "Sostibilidade aplicada ao sistema produtivo", "hours": 30}, {"code": "MP0623", "name": "Xestión económica e financeira da empresa", "hours": 181}, {"code": "MP1665", "name": "Dixitalización aplicada ao sistema produtivo", "hours": 30}, {"code": "MP0926", "name": "Escaparatismo e deseño de espazos comerciais", "hours": 165}, {"code": "MP1710", "name": "Itinerario persoal para a empregabilidade II", "hours": 50}, {"code": "MP0625", "name": "Loxística de almacenamento", "hours": 165}, {"code": "MP0626", "name": "Loxística de aprovisionamento", "hours": 138}, {"code": "MP0928", "name": "Organización de equipos de vendas", "hours": 139}, {"code": "MP0932", "name": "Proxecto intermodular de xestión de vendas e espazos comerciais", "hours": 50}, {"code": "MP0929", "name": "Técnicas de venda e negociación", "hours": 138}, {"code": "MP0927", "name": "Xestión de produtos e promocións no punto de venda", "hours": 165}]'::jsonb,'05-comercio_e_marketing_v7.pdf',jsonb_build_object('source_upload','3 base de datos itinera.zip','duration_hours','2000'))
on conflict (id) do update set study_id=excluded.study_id,learned=excluded.learned,work_context=excluded.work_context,jobs=excluded.jobs,modules=excluded.modules,source_file=excluded.source_file,raw=excluded.raw,updated_at=now();


insert into public.itinera_studies(id,name,type,level,family,jurisdiction,official_title,route,subjects,ponderation_subjects,route_options,availability_by_province,sources,source_url,source_id,raw,data_quality,verified_at,last_seen_at,updated_at)
values (
  'fp-v36-es-comercio-electronico',
  'Comercio electrónico',
  'especializacion_gs',
  'Curso de especialización de grao superior',
  'Comercio e márketing',
  'Galicia',
  true,
  'Consultar requisitos, prazas, centros, modalidade e fontes oficiais antes de decidir.',
  '["Loxística do comercio electrónico", "Administración de plataformas de comercio electrónico", "Atención ao cliente, consumidor e/ou usuario de comercio", "Xestión do marketing relacional aplicado ao comercio elec-"]'::jsonb,
  '[{"subject": "Non aplica ou consultar fonte oficial", "weight": "consultar fonte oficial"}]'::jsonb,
  '[]'::jsonb,
  '{"Galicia": ["Consultar oferta por provincia, centro, modalidade e curso na Xunta FP."]}'::jsonb,
  '["xunta-fp-catalogo-familias-2025-2026", "xunta-fp-ciclos", "todofp-familias"]'::jsonb,
  'https://www.edu.xunta.gal/fp/oferta-fp',
  'xunta-fp-catalogo-familias-2025-2026',
  '{"source_upload": "3 base de datos itinera.zip", "source_file": "05-comercio_e_marketing_v7.pdf", "duration_hours": 700, "modules": [{"code": "MP5132", "name": "Loxística do comercio electrónico", "hours": 220}, {"code": "MP5130", "name": "Administración de plataformas de comercio electrónico", "hours": 220}, {"code": "MP5133", "name": "Atención ao cliente, consumidor e/ou usuario de comercio", "hours": 120}, {"code": "MP5131", "name": "Xestión do marketing relacional aplicado ao comercio elec-", "hours": 140}], "learned": "plataformas de comercio electrónico, xestionar campañas de márketing re- lacional segmentadas e enfocadas á clientela en liña, optimizar a loxística de pedidos en liña e executar accións do servizo de atención á clientela e ás persoas consumidoras e usuarias que compran por internet, cumprindo a normativa aplicable.", "work_context": "ting, comunicación e venda en liña, tanto comerciais como industriais, así como en todos os elos da cadea de subministración. Desenvolverase a acti- vidade profesional en áreas como márketing, publicidade, desenvolvemento de talento e negocio, transformación dixital e comunicación, xestionando comercio electrónico e atención á clientela, en entidades públicas ou priva- das, empresas de calquera tamaño, microempresas ou startups, tanto por conta propia como por conta allea."}'::jsonb,
  'official_upload',
  now(),
  now(),
  now()
)
on conflict (id) do update set
  name=excluded.name,
  type=excluded.type,
  level=excluded.level,
  family=excluded.family,
  jurisdiction=excluded.jurisdiction,
  route=excluded.route,
  subjects=excluded.subjects,
  ponderation_subjects=excluded.ponderation_subjects,
  route_options=excluded.route_options,
  availability_by_province=excluded.availability_by_province,
  sources=excluded.sources,
  source_url=excluded.source_url,
  source_id=excluded.source_id,
  raw=excluded.raw,
  data_quality=excluded.data_quality,
  verified_at=excluded.verified_at,
  last_seen_at=excluded.last_seen_at,
  updated_at=now();


insert into public.itinera_fp_catalog_details(id,study_id,learned,work_context,jobs,modules,source_file,raw)
values ('detail-fp-v36-es-comercio-electronico','fp-v36-es-comercio-electronico','plataformas de comercio electrónico, xestionar campañas de márketing re- lacional segmentadas e enfocadas á clientela en liña, optimizar a loxística de pedidos en liña e executar accións do servizo de atención á clientela e ás persoas consumidoras e usuarias que compran por internet, cumprindo a normativa aplicable.','ting, comunicación e venda en liña, tanto comerciais como industriais, así como en todos os elos da cadea de subministración. Desenvolverase a acti- vidade profesional en áreas como márketing, publicidade, desenvolvemento de talento e negocio, transformación dixital e comunicación, xestionando comercio electrónico e atención á clientela, en entidades públicas ou priva- das, empresas de calquera tamaño, microempresas ou startups, tanto por conta propia como por conta allea.','["relacións coa clientela (CRM)", "técnico/a en loxística de aprovisionamen- to", "empregado/a de información á persoa usuaria", "técnico/a en comercio electrónico", "técnico/a en loxística de almacéns", "axente e representante co- mercial", "técnico/a de loxística de comercio electrónico", "especialista en co- mercio electrónico", "operador/a de telemárketing", "especialista de atención á clientela", "especialista de atención á clientela dixital", "empregado/a adminis- trativo/a de almacenamento e recepción", "teleoperador/a", "empregado/a de control de abastecementos e inventario", "director/a de comercio electrónico."]'::jsonb,'[{"code": "MP5132", "name": "Loxística do comercio electrónico", "hours": 220}, {"code": "MP5130", "name": "Administración de plataformas de comercio electrónico", "hours": 220}, {"code": "MP5133", "name": "Atención ao cliente, consumidor e/ou usuario de comercio", "hours": 120}, {"code": "MP5131", "name": "Xestión do marketing relacional aplicado ao comercio elec-", "hours": 140}]'::jsonb,'05-comercio_e_marketing_v7.pdf',jsonb_build_object('source_upload','3 base de datos itinera.zip','duration_hours','700'))
on conflict (id) do update set study_id=excluded.study_id,learned=excluded.learned,work_context=excluded.work_context,jobs=excluded.jobs,modules=excluded.modules,source_file=excluded.source_file,raw=excluded.raw,updated_at=now();


insert into public.itinera_studies(id,name,type,level,family,jurisdiction,official_title,route,subjects,ponderation_subjects,route_options,availability_by_province,sources,source_url,source_id,raw,data_quality,verified_at,last_seen_at,updated_at)
values (
  'fp-v36-es-redaccion-de-contidos-dixitais-para-marketing-e-vendas',
  'Redacción de contidos dixitais para márketing e vendas',
  'especializacion_gs',
  'Curso de especialización de grao superior',
  'Comercio e márketing',
  'Galicia',
  true,
  'Consultar requisitos, prazas, centros, modalidade e fontes oficiais antes de decidir.',
  '["Comunicación en redes sociais", "Estratexia de contidos dixitais", "Redacción de contidos dixitais"]'::jsonb,
  '[{"subject": "Non aplica ou consultar fonte oficial", "weight": "consultar fonte oficial"}]'::jsonb,
  '[]'::jsonb,
  '{"Galicia": ["Consultar oferta por provincia, centro, modalidade e curso na Xunta FP."]}'::jsonb,
  '["xunta-fp-catalogo-familias-2025-2026", "xunta-fp-ciclos", "todofp-familias"]'::jsonb,
  'https://www.edu.xunta.gal/fp/oferta-fp',
  'xunta-fp-catalogo-familias-2025-2026',
  '{"source_upload": "3 base de datos itinera.zip", "source_file": "05-comercio_e_marketing_v7.pdf", "duration_hours": 410, "modules": [{"code": "MP5114", "name": "Comunicación en redes sociais", "hours": 120}, {"code": "MP5123", "name": "Estratexia de contidos dixitais", "hours": 130}, {"code": "MP5124", "name": "Redacción de contidos dixitais", "hours": 160}], "learned": "sicionar marcas, atraer clientes e aumentar ingresos, utilizando métodos, técnicas e ferramentas de redacción publicitaria, todo iso conforme ás guías de estilo corporativas e á normativa vixente.", "work_context": "ting, comunicación e venda online, tanto comerciais como industriais, así como en todos os elos da cadea de subministración. Desenvolverán a activi- dade profesional en áreas como márketing, publicidade, desenvolvemento de talento e negocio, transformación dixital e comunicación, xestionando a estratexia de márketing dixital en entidades públicas ou privadas, empresas de gran tamaño, medianas, pequenas, microempresas ou startups, tanto por conta propia como allea, independentemente da súa forma xurídica."}'::jsonb,
  'official_upload',
  now(),
  now(),
  now()
)
on conflict (id) do update set
  name=excluded.name,
  type=excluded.type,
  level=excluded.level,
  family=excluded.family,
  jurisdiction=excluded.jurisdiction,
  route=excluded.route,
  subjects=excluded.subjects,
  ponderation_subjects=excluded.ponderation_subjects,
  route_options=excluded.route_options,
  availability_by_province=excluded.availability_by_province,
  sources=excluded.sources,
  source_url=excluded.source_url,
  source_id=excluded.source_id,
  raw=excluded.raw,
  data_quality=excluded.data_quality,
  verified_at=excluded.verified_at,
  last_seen_at=excluded.last_seen_at,
  updated_at=now();


insert into public.itinera_fp_catalog_details(id,study_id,learned,work_context,jobs,modules,source_file,raw)
values ('detail-fp-v36-es-redaccion-de-contidos-dixitais-para-marketing-e-vendas','fp-v36-es-redaccion-de-contidos-dixitais-para-marketing-e-vendas','sicionar marcas, atraer clientes e aumentar ingresos, utilizando métodos, técnicas e ferramentas de redacción publicitaria, todo iso conforme ás guías de estilo corporativas e á normativa vixente.','ting, comunicación e venda online, tanto comerciais como industriais, así como en todos os elos da cadea de subministración. Desenvolverán a activi- dade profesional en áreas como márketing, publicidade, desenvolvemento de talento e negocio, transformación dixital e comunicación, xestionando a estratexia de márketing dixital en entidades públicas ou privadas, empresas de gran tamaño, medianas, pequenas, microempresas ou startups, tanto por conta propia como allea, independentemente da súa forma xurídica.','["Marketing de crecemento (Growth Marketing Director)", "directores/as de co- mercio electrónico (e-Commerce Xestor)", "especialistas en captación e fide- lización de clientes (Inbound Marketing Specialist)", "xestores/as de contidos (Content Xestor)", "redactores/as de textos publicitarios (Copywriter)", "xesto- res/as de redes sociais e comunidades dixitais (Community Xestor)."]'::jsonb,'[{"code": "MP5114", "name": "Comunicación en redes sociais", "hours": 120}, {"code": "MP5123", "name": "Estratexia de contidos dixitais", "hours": 130}, {"code": "MP5124", "name": "Redacción de contidos dixitais", "hours": 160}]'::jsonb,'05-comercio_e_marketing_v7.pdf',jsonb_build_object('source_upload','3 base de datos itinera.zip','duration_hours','410'))
on conflict (id) do update set study_id=excluded.study_id,learned=excluded.learned,work_context=excluded.work_context,jobs=excluded.jobs,modules=excluded.modules,source_file=excluded.source_file,raw=excluded.raw,updated_at=now();


insert into public.itinera_studies(id,name,type,level,family,jurisdiction,official_title,route,subjects,ponderation_subjects,route_options,availability_by_province,sources,source_url,source_id,raw,data_quality,verified_at,last_seen_at,updated_at)
values (
  'fp-v36-es-posicionamento-en-buscadores-seo-sem-e-comunicacion-en-redes',
  'Posicionamento en buscadores (SEO/SEM) e comunicación en redes',
  'especializacion_gs',
  'Curso de especialización de grao superior',
  'Comercio e márketing',
  'Galicia',
  true,
  'Consultar requisitos, prazas, centros, modalidade e fontes oficiais antes de decidir.',
  '["Comunicación en redes sociais", "Estratexia dixital básica", "Posicionamento de pago en buscadores (SEM)", "Posicionamento orgánico en buscadores (SEO)", "Xestión do posicionamento e a comunicación online"]'::jsonb,
  '[{"subject": "Non aplica ou consultar fonte oficial", "weight": "consultar fonte oficial"}]'::jsonb,
  '[]'::jsonb,
  '{"Galicia": ["Consultar oferta por provincia, centro, modalidade e curso na Xunta FP."]}'::jsonb,
  '["xunta-fp-catalogo-familias-2025-2026", "xunta-fp-ciclos", "todofp-familias"]'::jsonb,
  'https://www.edu.xunta.gal/fp/oferta-fp',
  'xunta-fp-catalogo-familias-2025-2026',
  '{"source_upload": "3 base de datos itinera.zip", "source_file": "05-comercio_e_marketing_v7.pdf", "duration_hours": 710, "modules": [{"code": "MP5114", "name": "Comunicación en redes sociais", "hours": 120}, {"code": "MP5110", "name": "Estratexia dixital básica", "hours": 120}, {"code": "MP5113", "name": "Posicionamento de pago en buscadores (SEM)", "hours": 200}, {"code": "MP5112", "name": "Posicionamento orgánico en buscadores (SEO)", "hours": 150}, {"code": "MP5111", "name": "Xestión do posicionamento e a comunicación online", "hours": 120}], "learned": "dios dixitais para alcanzar os obxectivos de negocio online, supervisando as accións de posicionamento orgánico (SÉ) e de pago (SEM) en buscadores e de comunicación en redes sociais, utilizando ferramentas informáticas especí- ficas, e aplicando a lexislación vixente en materia de publicidade, comercio electrónico e protección de datos persoais.", "work_context": "ting, comunicación e venda online, tanto comerciais como industriais, así como en todos os elos da cadea de subministración. Desenvolverán a acti- vidade profesional en áreas como márketing, publicidade, desenvolvemento de talento e negocio, transformación dixital e comunicación, xestionando a estratexia de márketing dixital en entidades públicas ou privadas, empresas de calquera tamaño, microempresas ou startups, tanto por conta propia como allea, sen importar a súa forma xurídica."}'::jsonb,
  'official_upload',
  now(),
  now(),
  now()
)
on conflict (id) do update set
  name=excluded.name,
  type=excluded.type,
  level=excluded.level,
  family=excluded.family,
  jurisdiction=excluded.jurisdiction,
  route=excluded.route,
  subjects=excluded.subjects,
  ponderation_subjects=excluded.ponderation_subjects,
  route_options=excluded.route_options,
  availability_by_province=excluded.availability_by_province,
  sources=excluded.sources,
  source_url=excluded.source_url,
  source_id=excluded.source_id,
  raw=excluded.raw,
  data_quality=excluded.data_quality,
  verified_at=excluded.verified_at,
  last_seen_at=excluded.last_seen_at,
  updated_at=now();


insert into public.itinera_fp_catalog_details(id,study_id,learned,work_context,jobs,modules,source_file,raw)
values ('detail-fp-v36-es-posicionamento-en-buscadores-seo-sem-e-comunicacion-en-redes','fp-v36-es-posicionamento-en-buscadores-seo-sem-e-comunicacion-en-redes','dios dixitais para alcanzar os obxectivos de negocio online, supervisando as accións de posicionamento orgánico (SÉ) e de pago (SEM) en buscadores e de comunicación en redes sociais, utilizando ferramentas informáticas especí- ficas, e aplicando a lexislación vixente en materia de publicidade, comercio electrónico e protección de datos persoais.','ting, comunicación e venda online, tanto comerciais como industriais, así como en todos os elos da cadea de subministración. Desenvolverán a acti- vidade profesional en áreas como márketing, publicidade, desenvolvemento de talento e negocio, transformación dixital e comunicación, xestionando a estratexia de márketing dixital en entidades públicas ou privadas, empresas de calquera tamaño, microempresas ou startups, tanto por conta propia como allea, sen importar a súa forma xurídica.','["Marketing de crecemento (Growth Marketing Director)", "directores/as de comercio electrónico (e-Commerce Xestor)", "especialistas en captación e fidelización de clientes (Inbound Marketing Specialist)", "especialistas en po- sicionamento orgánico en buscadores (Experto/Experta – Consultor/Consul- tora SÉ)", "especialistas en posicionamento de pago en buscadores (Experto/ Experta Consultor/consultora SEM)", "xestores/as de contidos (Content Xes- tor)", "redactores/as de textos publicitarios (Copywriter)", "xestores/as de redes sociais e comunidades dixitais (Community Xestor)."]'::jsonb,'[{"code": "MP5114", "name": "Comunicación en redes sociais", "hours": 120}, {"code": "MP5110", "name": "Estratexia dixital básica", "hours": 120}, {"code": "MP5113", "name": "Posicionamento de pago en buscadores (SEM)", "hours": 200}, {"code": "MP5112", "name": "Posicionamento orgánico en buscadores (SEO)", "hours": 150}, {"code": "MP5111", "name": "Xestión do posicionamento e a comunicación online", "hours": 120}]'::jsonb,'05-comercio_e_marketing_v7.pdf',jsonb_build_object('source_upload','3 base de datos itinera.zip','duration_hours','710'))
on conflict (id) do update set study_id=excluded.study_id,learned=excluded.learned,work_context=excluded.work_context,jobs=excluded.jobs,modules=excluded.modules,source_file=excluded.source_file,raw=excluded.raw,updated_at=now();


insert into public.itinera_studies(id,name,type,level,family,jurisdiction,official_title,route,subjects,ponderation_subjects,route_options,availability_by_province,sources,source_url,source_id,raw,data_quality,verified_at,last_seen_at,updated_at)
values (
  'fp-v36-cb-reforma-e-mantemento-de-edificios',
  'Reforma e mantemento de edificios',
  'fpb',
  'Ciclo formativo de grao básico',
  'Edificación e obra civil',
  'Galicia',
  true,
  'Consultar requisitos, prazas, centros, modalidade e fontes oficiais antes de decidir.',
  '["Albanelaría básica", "Ciencias aplicadas I", "Comunicación e ciencias sociais I", "Itinerario persoal para a empregabilidade", "Reformas e mantemento básico de edificios", "Traballos de pavimentación exterior e de urbanización", "Ciencias aplicadas II", "Comunicación e ciencias sociais II", "Falsos teitos", "Gornecementos e revocaduras", "Pintura e empapelamento", "Proxecto intermodular de aprendizaxe colaborativa"]'::jsonb,
  '[{"subject": "Non aplica ou consultar fonte oficial", "weight": "consultar fonte oficial"}]'::jsonb,
  '[]'::jsonb,
  '{"Galicia": ["Consultar oferta por provincia, centro, modalidade e curso na Xunta FP."]}'::jsonb,
  '["xunta-fp-catalogo-familias-2025-2026", "xunta-fp-ciclos", "todofp-familias"]'::jsonb,
  'https://www.edu.xunta.gal/fp/oferta-fp',
  'xunta-fp-catalogo-familias-2025-2026',
  '{"source_upload": "3 base de datos itinera.zip", "source_file": "06-edificacion_e_obra_civil_v7.pdf", "duration_hours": 2000, "modules": [{"code": "MP3082", "name": "Albanelaría básica", "hours": 234}, {"code": "AM3163", "name": "Ciencias aplicadas I", "hours": 146}, {"code": "AM3161", "name": "Comunicación e ciencias sociais I", "hours": 175}, {"code": "MP3159", "name": "Itinerario persoal para a empregabilidade", "hours": 60}, {"code": "MP3086", "name": "Reformas e mantemento básico de edificios", "hours": 179}, {"code": "MP3087", "name": "Traballos de pavimentación exterior e de urbanización", "hours": 116}, {"code": "AM3164", "name": "Ciencias aplicadas II", "hours": 146}, {"code": "AM3162", "name": "Comunicación e ciencias sociais II", "hours": 125}, {"code": "MP3084", "name": "Falsos teitos", "hours": 204}, {"code": "MP3083", "name": "Gornecementos e revocaduras", "hours": 204}, {"code": "MP3085", "name": "Pintura e empapelamento", "hours": 326}, {"code": "MP3160", "name": "Proxecto intermodular de aprendizaxe colaborativa", "hours": 25}], "learned": "litación e reforma, colaborando na execución de fábricas para revestir, na aplicación de revestimentos continuos e nos traballos de azulexado, pavi- mentación e pintura, operando coa calidade indicada, cumprindo as normas de prevención de riscos laborais e protección ambiental correspondentes, e comunicándose oralmente e por escrito en linguas galega e castelá, así como nalgunha lingua estranxeira.", "work_context": "ma e á rehabilitación de obras de edificación e urbanización, por conta allea."}'::jsonb,
  'official_upload',
  now(),
  now(),
  now()
)
on conflict (id) do update set
  name=excluded.name,
  type=excluded.type,
  level=excluded.level,
  family=excluded.family,
  jurisdiction=excluded.jurisdiction,
  route=excluded.route,
  subjects=excluded.subjects,
  ponderation_subjects=excluded.ponderation_subjects,
  route_options=excluded.route_options,
  availability_by_province=excluded.availability_by_province,
  sources=excluded.sources,
  source_url=excluded.source_url,
  source_id=excluded.source_id,
  raw=excluded.raw,
  data_quality=excluded.data_quality,
  verified_at=excluded.verified_at,
  last_seen_at=excluded.last_seen_at,
  updated_at=now();


insert into public.itinera_fp_catalog_details(id,study_id,learned,work_context,jobs,modules,source_file,raw)
values ('detail-fp-v36-cb-reforma-e-mantemento-de-edificios','fp-v36-cb-reforma-e-mantemento-de-edificios','litación e reforma, colaborando na execución de fábricas para revestir, na aplicación de revestimentos continuos e nos traballos de azulexado, pavi- mentación e pintura, operando coa calidade indicada, cumprindo as normas de prevención de riscos laborais e protección ambiental correspondentes, e comunicándose oralmente e por escrito en linguas galega e castelá, así como nalgunha lingua estranxeira.','ma e á rehabilitación de obras de edificación e urbanización, por conta allea.','["cializado/a", "axudante/a en pavimentación para urbanización", "axudante/a de solador/a", "axudante/a de azulexador/a", "axudante/a de escaiolista", "auxiliar de xeseiro/a", "axudante/a de acabamentos", "auxiliar de empapelador/a", "axu- dante/a de pintor/a", "axudante/a de revestimentos continuos", "axudante/a de mantemento básico de edificios."]'::jsonb,'[{"code": "MP3082", "name": "Albanelaría básica", "hours": 234}, {"code": "AM3163", "name": "Ciencias aplicadas I", "hours": 146}, {"code": "AM3161", "name": "Comunicación e ciencias sociais I", "hours": 175}, {"code": "MP3159", "name": "Itinerario persoal para a empregabilidade", "hours": 60}, {"code": "MP3086", "name": "Reformas e mantemento básico de edificios", "hours": 179}, {"code": "MP3087", "name": "Traballos de pavimentación exterior e de urbanización", "hours": 116}, {"code": "AM3164", "name": "Ciencias aplicadas II", "hours": 146}, {"code": "AM3162", "name": "Comunicación e ciencias sociais II", "hours": 125}, {"code": "MP3084", "name": "Falsos teitos", "hours": 204}, {"code": "MP3083", "name": "Gornecementos e revocaduras", "hours": 204}, {"code": "MP3085", "name": "Pintura e empapelamento", "hours": 326}, {"code": "MP3160", "name": "Proxecto intermodular de aprendizaxe colaborativa", "hours": 25}]'::jsonb,'06-edificacion_e_obra_civil_v7.pdf',jsonb_build_object('source_upload','3 base de datos itinera.zip','duration_hours','2000'))
on conflict (id) do update set study_id=excluded.study_id,learned=excluded.learned,work_context=excluded.work_context,jobs=excluded.jobs,modules=excluded.modules,source_file=excluded.source_file,raw=excluded.raw,updated_at=now();


insert into public.itinera_studies(id,name,type,level,family,jurisdiction,official_title,route,subjects,ponderation_subjects,route_options,availability_by_province,sources,source_url,source_id,raw,data_quality,verified_at,last_seen_at,updated_at)
values (
  'fp-v36-cm-construcion',
  'Construción',
  'fpgm',
  'Ciclo formativo de grao medio',
  'Edificación e obra civil',
  'Galicia',
  true,
  'Consultar requisitos, prazas, centros, modalidade e fontes oficiais antes de decidir.',
  '["Construción", "Encofrados", "Fábricas", "Formigón armado", "Inglés profesional", "Interpretación de planos de construción", "Itinerario persoal para a empregabilidade I", "Revestimentos", "Sostibilidade aplicada ao sistema produtivo", "Cubricións", "Dixitalización aplicada ao sistema produtivo", "Impermeabilizacións e illamentos"]'::jsonb,
  '[{"subject": "Non aplica ou consultar fonte oficial", "weight": "consultar fonte oficial"}]'::jsonb,
  '[]'::jsonb,
  '{"Galicia": ["Consultar oferta por provincia, centro, modalidade e curso na Xunta FP."]}'::jsonb,
  '["xunta-fp-catalogo-familias-2025-2026", "xunta-fp-ciclos", "todofp-familias"]'::jsonb,
  'https://www.edu.xunta.gal/fp/oferta-fp',
  'xunta-fp-catalogo-familias-2025-2026',
  '{"source_upload": "3 base de datos itinera.zip", "source_file": "06-edificacion_e_obra_civil_v7.pdf", "duration_hours": 2000, "modules": [{"code": "MP0995", "name": "Construción", "hours": 133}, {"code": "MP0999", "name": "Encofrados", "hours": 130}, {"code": "MP0997", "name": "Fábricas", "hours": 130}, {"code": "MP1000", "name": "Formigón armado", "hours": 133}, {"code": "MP0156", "name": "Inglés profesional", "hours": 60}, {"code": "MP0996", "name": "Interpretación de planos de construción", "hours": 107}, {"code": "MP1709", "name": "Itinerario persoal para a empregabilidade I", "hours": 107}, {"code": "MP0998", "name": "Revestimentos", "hours": 130}, {"code": "MP1708", "name": "Sostibilidade aplicada ao sistema produtivo", "hours": 30}, {"code": "MP1004", "name": "Cubricións", "hours": 191}, {"code": "MP1664", "name": "Dixitalización aplicada ao sistema produtivo", "hours": 30}, {"code": "MP1005", "name": "Impermeabilizacións e illamentos", "hours": 82}, {"code": "MP1710", "name": "Itinerario persoal para a empregabilidade II", "hours": 50}, {"code": "MP1002", "name": "Obras de urbanización", "hours": 137}, {"code": "MP1001", "name": "Organización de traballos de construción", "hours": 137}, {"code": "MP1713", "name": "Proxecto intermodular", "hours": 50}, {"code": "MP1003", "name": "Solados, azulexados e chapados", "hours": 273}], "learned": "prazos establecidos, así como as prescricións de calidade, de seguridade e ambientais, organizando, controlando e valorando os traballos.", "work_context": "grandes empresas construtoras, e en Administracións públicas, por conta allea ou por conta propia, desenvolvendo traballos de albanelaría e/ou de formigón para a construción, a rehabilitación, o mantemento e a reforma en edificación e obra civil."}'::jsonb,
  'official_upload',
  now(),
  now(),
  now()
)
on conflict (id) do update set
  name=excluded.name,
  type=excluded.type,
  level=excluded.level,
  family=excluded.family,
  jurisdiction=excluded.jurisdiction,
  route=excluded.route,
  subjects=excluded.subjects,
  ponderation_subjects=excluded.ponderation_subjects,
  route_options=excluded.route_options,
  availability_by_province=excluded.availability_by_province,
  sources=excluded.sources,
  source_url=excluded.source_url,
  source_id=excluded.source_id,
  raw=excluded.raw,
  data_quality=excluded.data_quality,
  verified_at=excluded.verified_at,
  last_seen_at=excluded.last_seen_at,
  updated_at=now();


insert into public.itinera_fp_catalog_details(id,study_id,learned,work_context,jobs,modules,source_file,raw)
values ('detail-fp-v36-cm-construcion','fp-v36-cm-construcion','prazos establecidos, así como as prescricións de calidade, de seguridade e ambientais, organizando, controlando e valorando os traballos.','grandes empresas construtoras, e en Administracións públicas, por conta allea ou por conta propia, desenvolvendo traballos de albanelaría e/ou de formigón para a construción, a rehabilitación, o mantemento e a reforma en edificación e obra civil.','["urbanización", "xefe/a de equipo de encofrado", "xefe/a de equipo de ferralla", "xe- fe/a de taller de ferralla", "xefe/a de equipo de albaneis de cubertas", "xefe/a de equipo e/ou encargado/a de azulexadores/as e solladores/as", "albanel", "colo- cador/a de ladrillo cara vista", "colocador/a de bloque prefabricado", "albanel tabiqueiro", "albanel de pedra de construción", "cachoteiro/a", "oficial de mi- ras", "albanel de urbanización", "pavimentador/a con lastros", "pavimentador/a con baldosas e lousas", "pavimentador/a á base de formigón", "poceiro/a en redes de saneamento", "encofrador/a", "encofrador/a de edificación"]'::jsonb,'[{"code": "MP0995", "name": "Construción", "hours": 133}, {"code": "MP0999", "name": "Encofrados", "hours": 130}, {"code": "MP0997", "name": "Fábricas", "hours": 130}, {"code": "MP1000", "name": "Formigón armado", "hours": 133}, {"code": "MP0156", "name": "Inglés profesional", "hours": 60}, {"code": "MP0996", "name": "Interpretación de planos de construción", "hours": 107}, {"code": "MP1709", "name": "Itinerario persoal para a empregabilidade I", "hours": 107}, {"code": "MP0998", "name": "Revestimentos", "hours": 130}, {"code": "MP1708", "name": "Sostibilidade aplicada ao sistema produtivo", "hours": 30}, {"code": "MP1004", "name": "Cubricións", "hours": 191}, {"code": "MP1664", "name": "Dixitalización aplicada ao sistema produtivo", "hours": 30}, {"code": "MP1005", "name": "Impermeabilizacións e illamentos", "hours": 82}, {"code": "MP1710", "name": "Itinerario persoal para a empregabilidade II", "hours": 50}, {"code": "MP1002", "name": "Obras de urbanización", "hours": 137}, {"code": "MP1001", "name": "Organización de traballos de construción", "hours": 137}, {"code": "MP1713", "name": "Proxecto intermodular", "hours": 50}, {"code": "MP1003", "name": "Solados, azulexados e chapados", "hours": 273}]'::jsonb,'06-edificacion_e_obra_civil_v7.pdf',jsonb_build_object('source_upload','3 base de datos itinera.zip','duration_hours','2000'))
on conflict (id) do update set study_id=excluded.study_id,learned=excluded.learned,work_context=excluded.work_context,jobs=excluded.jobs,modules=excluded.modules,source_file=excluded.source_file,raw=excluded.raw,updated_at=now();


insert into public.itinera_studies(id,name,type,level,family,jurisdiction,official_title,route,subjects,ponderation_subjects,route_options,availability_by_province,sources,source_url,source_id,raw,data_quality,verified_at,last_seen_at,updated_at)
values (
  'fp-v36-cm-obras-de-interior-decoracion-e-rehabilitacion',
  'Obras de interior, decoración e rehabilitación',
  'fpgm',
  'Ciclo formativo de grao medio',
  'Edificación e obra civil',
  'Galicia',
  true,
  'Consultar requisitos, prazas, centros, modalidade e fontes oficiais antes de decidir.',
  '["Anteparos e chans técnicos", "Construción", "Inglés profesional", "Interpretación de planos de construción", "Itinerario persoal para a empregabilidade I", "Particións prefabricadas", "Revestimentos continuos", "Sostibilidade aplicada ao sistema produtivo", "Teitos suspendidos", "Dixitalización aplicada ao sistema produtivo", "Itinerario persoal para a empregabilidade II", "Organización de traballos de interior, decoración e rehabili-"]'::jsonb,
  '[{"subject": "Non aplica ou consultar fonte oficial", "weight": "consultar fonte oficial"}]'::jsonb,
  '[]'::jsonb,
  '{"Galicia": ["Consultar oferta por provincia, centro, modalidade e curso na Xunta FP."]}'::jsonb,
  '["xunta-fp-catalogo-familias-2025-2026", "xunta-fp-ciclos", "todofp-familias"]'::jsonb,
  'https://www.edu.xunta.gal/fp/oferta-fp',
  'xunta-fp-catalogo-familias-2025-2026',
  '{"source_upload": "3 base de datos itinera.zip", "source_file": "06-edificacion_e_obra_civil_v7.pdf", "duration_hours": 2000, "modules": [{"code": "MP1196", "name": "Anteparos e chans técnicos", "hours": 107}, {"code": "MP0995", "name": "Construción", "hours": 133}, {"code": "MP0156", "name": "Inglés profesional", "hours": 60}, {"code": "MP0996", "name": "Interpretación de planos de construción", "hours": 107}, {"code": "MP1709", "name": "Itinerario persoal para a empregabilidade I", "hours": 107}, {"code": "MP1195", "name": "Particións prefabricadas", "hours": 156}, {"code": "MP1194", "name": "Revestimentos continuos", "hours": 157}, {"code": "MP1708", "name": "Sostibilidade aplicada ao sistema produtivo", "hours": 30}, {"code": "MP1197", "name": "Teitos suspendidos", "hours": 103}, {"code": "MP1664", "name": "Dixitalización aplicada ao sistema produtivo", "hours": 30}, {"code": "MP1710", "name": "Itinerario persoal para a empregabilidade II", "hours": 50}, {"code": "MP1200", "name": "Organización de traballos de interior, decoración e rehabili-", "hours": 110}, {"code": "MP1199", "name": "Pintura decorativa en construción", "hours": 273}, {"code": "MP1713", "name": "Proxecto intermodular", "hours": 50}, {"code": "MP1198", "name": "Revestimentos lixeiros", "hours": 164}, {"code": "MP1003", "name": "Solados, azulexados e chapados", "hours": 273}], "learned": "e rehabilitación, realizando chans, particións e teitos, mediante a instala- ción de paneis ou pezas prefabricadas, a colocación de placas ou láminas, a aplicación de revestimentos continuos e a pintura de superficies, cumprindo as condicións e os prazos establecidos, así como as prescricións de calidade, de seguridade e ambientais.", "work_context": "trutoras, e en Administracións públicas, por conta allea ou propia, desen- volvendo traballos de obras de interior e decoración para a construción, a rehabilitación, o mantemento e a reforma en edificación e obra civil."}'::jsonb,
  'official_upload',
  now(),
  now(),
  now()
)
on conflict (id) do update set
  name=excluded.name,
  type=excluded.type,
  level=excluded.level,
  family=excluded.family,
  jurisdiction=excluded.jurisdiction,
  route=excluded.route,
  subjects=excluded.subjects,
  ponderation_subjects=excluded.ponderation_subjects,
  route_options=excluded.route_options,
  availability_by_province=excluded.availability_by_province,
  sources=excluded.sources,
  source_url=excluded.source_url,
  source_id=excluded.source_id,
  raw=excluded.raw,
  data_quality=excluded.data_quality,
  verified_at=excluded.verified_at,
  last_seen_at=excluded.last_seen_at,
  updated_at=now();


insert into public.itinera_fp_catalog_details(id,study_id,learned,work_context,jobs,modules,source_file,raw)
values ('detail-fp-v36-cm-obras-de-interior-decoracion-e-rehabilitacion','fp-v36-cm-obras-de-interior-decoracion-e-rehabilitacion','e rehabilitación, realizando chans, particións e teitos, mediante a instala- ción de paneis ou pezas prefabricadas, a colocación de placas ou láminas, a aplicación de revestimentos continuos e a pintura de superficies, cumprindo as condicións e os prazos establecidos, así como as prescricións de calidade, de seguridade e ambientais.','trutoras, e en Administracións públicas, por conta allea ou propia, desen- volvendo traballos de obras de interior e decoración para a construción, a rehabilitación, o mantemento e a reforma en edificación e obra civil.','["pamento e/ouencargado/a de azulexadores/as e solladores/as", "xefe/a de equipo de instaladores/as de sistemas prefabricados de xeso laminado ou falsos teitos", "xefe/a de equipo e/ou encargado/a de pintores/as e empapela- dores/as", "aplicador/a de revestimentos continuos de fachadas", "revocador/a de construción", "alicatador/a sollador/a", "instalador/a de placa de xeso lami- nado", "instalador/a de falsos teitos", "xunteiro/a de placa de xeso laminado", "co- locador/a de prefabricados lixeiros en construción", "colocador/a de pavimen- tos lixeiros, en xeral", "colocador/a de moqueta", "instalador/a de pavimentos elevados rexistrables", "instalador/a de sistemas de anteparos e paneis téc- nicos", "pintor/a e/ou empapelador/a", "pintor/a de interiores", "pintor/a decora- dor/a de interiores", "pintor/a de obra", "pintor/a de fachadas de edificación."]'::jsonb,'[{"code": "MP1196", "name": "Anteparos e chans técnicos", "hours": 107}, {"code": "MP0995", "name": "Construción", "hours": 133}, {"code": "MP0156", "name": "Inglés profesional", "hours": 60}, {"code": "MP0996", "name": "Interpretación de planos de construción", "hours": 107}, {"code": "MP1709", "name": "Itinerario persoal para a empregabilidade I", "hours": 107}, {"code": "MP1195", "name": "Particións prefabricadas", "hours": 156}, {"code": "MP1194", "name": "Revestimentos continuos", "hours": 157}, {"code": "MP1708", "name": "Sostibilidade aplicada ao sistema produtivo", "hours": 30}, {"code": "MP1197", "name": "Teitos suspendidos", "hours": 103}, {"code": "MP1664", "name": "Dixitalización aplicada ao sistema produtivo", "hours": 30}, {"code": "MP1710", "name": "Itinerario persoal para a empregabilidade II", "hours": 50}, {"code": "MP1200", "name": "Organización de traballos de interior, decoración e rehabili-", "hours": 110}, {"code": "MP1199", "name": "Pintura decorativa en construción", "hours": 273}, {"code": "MP1713", "name": "Proxecto intermodular", "hours": 50}, {"code": "MP1198", "name": "Revestimentos lixeiros", "hours": 164}, {"code": "MP1003", "name": "Solados, azulexados e chapados", "hours": 273}]'::jsonb,'06-edificacion_e_obra_civil_v7.pdf',jsonb_build_object('source_upload','3 base de datos itinera.zip','duration_hours','2000'))
on conflict (id) do update set study_id=excluded.study_id,learned=excluded.learned,work_context=excluded.work_context,jobs=excluded.jobs,modules=excluded.modules,source_file=excluded.source_file,raw=excluded.raw,updated_at=now();


insert into public.itinera_studies(id,name,type,level,family,jurisdiction,official_title,route,subjects,ponderation_subjects,route_options,availability_by_province,sources,source_url,source_id,raw,data_quality,verified_at,last_seen_at,updated_at)
values (
  'fp-v36-cs-organizacion-e-control-de-obras-de-construcion',
  'Organización e control de obras de construción',
  'fpgs',
  'Ciclo formativo de grao superior',
  'Edificación e obra civil',
  'Galicia',
  true,
  'Consultar requisitos, prazas, centros, modalidade e fontes oficiais antes de decidir.',
  '["Control de estruturas de construción", "Documentación de proxectos e obras de construción", "Estruturas de construción", "Implantacións de construción", "Inglés profesional", "Itinerario persoal para a empregabilidade I", "Procesos construtivos en edificación", "Procesos construtivos en obra civil", "Sostibilidade aplicada ao sistema produtivo", "Control de execución en obra civil", "Control de execución en obras de edificación", "Dixitalización aplicada ao sistema produtivo"]'::jsonb,
  '[{"subject": "Non aplica ou consultar fonte oficial", "weight": "consultar fonte oficial"}]'::jsonb,
  '[]'::jsonb,
  '{"Galicia": ["Consultar oferta por provincia, centro, modalidade e curso na Xunta FP."]}'::jsonb,
  '["xunta-fp-catalogo-familias-2025-2026", "xunta-fp-ciclos", "todofp-familias"]'::jsonb,
  'https://www.edu.xunta.gal/fp/oferta-fp',
  'xunta-fp-catalogo-familias-2025-2026',
  '{"source_upload": "3 base de datos itinera.zip", "source_file": "06-edificacion_e_obra_civil_v7.pdf", "duration_hours": 2000, "modules": [{"code": "MP1290", "name": "Control de estruturas de construción", "hours": 76}, {"code": "MP1287", "name": "Documentación de proxectos e obras de construción", "hours": 153}, {"code": "MP0562", "name": "Estruturas de construción", "hours": 77}, {"code": "MP0565", "name": "Implantacións de construción", "hours": 103}, {"code": "MP0179", "name": "Inglés profesional", "hours": 60}, {"code": "MP1709", "name": "Itinerario persoal para a empregabilidade I", "hours": 107}, {"code": "MP1288", "name": "Procesos construtivos en edificación", "hours": 202}, {"code": "MP1289", "name": "Procesos construtivos en obra civil", "hours": 152}, {"code": "MP1708", "name": "Sostibilidade aplicada ao sistema produtivo", "hours": 30}, {"code": "MP1292", "name": "Control de execución en obra civil", "hours": 108}, {"code": "MP1291", "name": "Control de execución en obras de edificación", "hours": 195}, {"code": "MP1665", "name": "Dixitalización aplicada ao sistema produtivo", "hours": 30}, {"code": "MP1710", "name": "Itinerario persoal para a empregabilidade II", "hours": 50}, {"code": "MP0564", "name": "Medicións e valoracións de construción", "hours": 137}, {"code": "MP0566", "name": "Planificación de construción", "hours": 109}, {"code": "MP1294", "name": "Proxecto intermodular de organización e control de obras de", "hours": 50}, {"code": "MP1293", "name": "Rehabilitación e conservación de obras de construción", "hours": 271}], "learned": "xestionando recursos, coordinando faenas e controlando unidades de obra realizadas, consonte as especificacións do proxecto, a planificación da obra, as instrucións recibidas, a normativa aplicable e as condicións establecidas en materia ambiental, de calidade, de seguridade e de saúde laboral.", "work_context": "públicas, estudos de arquitectura e enxeñaría, e consultoras."}'::jsonb,
  'official_upload',
  now(),
  now(),
  now()
)
on conflict (id) do update set
  name=excluded.name,
  type=excluded.type,
  level=excluded.level,
  family=excluded.family,
  jurisdiction=excluded.jurisdiction,
  route=excluded.route,
  subjects=excluded.subjects,
  ponderation_subjects=excluded.ponderation_subjects,
  route_options=excluded.route_options,
  availability_by_province=excluded.availability_by_province,
  sources=excluded.sources,
  source_url=excluded.source_url,
  source_id=excluded.source_id,
  raw=excluded.raw,
  data_quality=excluded.data_quality,
  verified_at=excluded.verified_at,
  last_seen_at=excluded.last_seen_at,
  updated_at=now();


insert into public.itinera_fp_catalog_details(id,study_id,learned,work_context,jobs,modules,source_file,raw)
values ('detail-fp-v36-cs-organizacion-e-control-de-obras-de-construcion','fp-v36-cs-organizacion-e-control-de-obras-de-construcion','xestionando recursos, coordinando faenas e controlando unidades de obra realizadas, consonte as especificacións do proxecto, a planificación da obra, as instrucións recibidas, a normativa aplicable e as condicións establecidas en materia ambiental, de calidade, de seguridade e de saúde laboral.','públicas, estudos de arquitectura e enxeñaría, e consultoras.','["obra de edificación en xeral, e de obras de rehabilitación e reforma en edifi- cación", "xefe/a de taller e/ou encargado/a de traballadores/as de acabamento de edificios", "capataz en construción de edificios", "axudante/a de xefe/a de oficina técnica", "axudan- te/a de planificador/a", "axudante de técnico/a de control de custos", "técnico/a de control documental", "especialista en implantacións."]'::jsonb,'[{"code": "MP1290", "name": "Control de estruturas de construción", "hours": 76}, {"code": "MP1287", "name": "Documentación de proxectos e obras de construción", "hours": 153}, {"code": "MP0562", "name": "Estruturas de construción", "hours": 77}, {"code": "MP0565", "name": "Implantacións de construción", "hours": 103}, {"code": "MP0179", "name": "Inglés profesional", "hours": 60}, {"code": "MP1709", "name": "Itinerario persoal para a empregabilidade I", "hours": 107}, {"code": "MP1288", "name": "Procesos construtivos en edificación", "hours": 202}, {"code": "MP1289", "name": "Procesos construtivos en obra civil", "hours": 152}, {"code": "MP1708", "name": "Sostibilidade aplicada ao sistema produtivo", "hours": 30}, {"code": "MP1292", "name": "Control de execución en obra civil", "hours": 108}, {"code": "MP1291", "name": "Control de execución en obras de edificación", "hours": 195}, {"code": "MP1665", "name": "Dixitalización aplicada ao sistema produtivo", "hours": 30}, {"code": "MP1710", "name": "Itinerario persoal para a empregabilidade II", "hours": 50}, {"code": "MP0564", "name": "Medicións e valoracións de construción", "hours": 137}, {"code": "MP0566", "name": "Planificación de construción", "hours": 109}, {"code": "MP1294", "name": "Proxecto intermodular de organización e control de obras de", "hours": 50}, {"code": "MP1293", "name": "Rehabilitación e conservación de obras de construción", "hours": 271}]'::jsonb,'06-edificacion_e_obra_civil_v7.pdf',jsonb_build_object('source_upload','3 base de datos itinera.zip','duration_hours','2000'))
on conflict (id) do update set study_id=excluded.study_id,learned=excluded.learned,work_context=excluded.work_context,jobs=excluded.jobs,modules=excluded.modules,source_file=excluded.source_file,raw=excluded.raw,updated_at=now();


insert into public.itinera_studies(id,name,type,level,family,jurisdiction,official_title,route,subjects,ponderation_subjects,route_options,availability_by_province,sources,source_url,source_id,raw,data_quality,verified_at,last_seen_at,updated_at)
values (
  'fp-v36-cs-proxectos-de-edificacion',
  'Proxectos de edificación',
  'fpgs',
  'Ciclo formativo de grao superior',
  'Edificación e obra civil',
  'Galicia',
  true,
  'Consultar requisitos, prazas, centros, modalidade e fontes oficiais antes de decidir.',
  '["Deseño e construción de edificios", "Estruturas de construción", "Implantacións de construción", "Inglés profesional", "Instalacións en edificación", "Itinerario persoal para a empregabilidade I", "Representacións de construción", "Sostibilidade aplicada ao sistema produtivo", "Desenvolvemento de proxectos de edificación non residencial", "Desenvolvemento de proxectos de edificación residencial", "Dixitalización aplicada ao sistema produtivo", "Eficiencia enerxética en edificación"]'::jsonb,
  '[{"subject": "Non aplica ou consultar fonte oficial", "weight": "consultar fonte oficial"}]'::jsonb,
  '[]'::jsonb,
  '{"Galicia": ["Consultar oferta por provincia, centro, modalidade e curso na Xunta FP."]}'::jsonb,
  '["xunta-fp-catalogo-familias-2025-2026", "xunta-fp-ciclos", "todofp-familias"]'::jsonb,
  'https://www.edu.xunta.gal/fp/oferta-fp',
  'xunta-fp-catalogo-familias-2025-2026',
  '{"source_upload": "3 base de datos itinera.zip", "source_file": "06-edificacion_e_obra_civil_v7.pdf", "duration_hours": 2000, "modules": [{"code": "MP0567", "name": "Deseño e construción de edificios", "hours": 133}, {"code": "MP0562", "name": "Estruturas de construción", "hours": 77}, {"code": "MP0565", "name": "Implantacións de construción", "hours": 103}, {"code": "MP0179", "name": "Inglés profesional", "hours": 60}, {"code": "MP0568", "name": "Instalacións en edificación", "hours": 103}, {"code": "MP1709", "name": "Itinerario persoal para a empregabilidade I", "hours": 107}, {"code": "MP0563", "name": "Representacións de construción", "hours": 347}, {"code": "MP1708", "name": "Sostibilidade aplicada ao sistema produtivo", "hours": 30}, {"code": "MP0571", "name": "Desenvolvemento de proxectos de edificación non residencial", "hours": 164}, {"code": "MP0570", "name": "Desenvolvemento de proxectos de edificación residencial", "hours": 299}, {"code": "MP1665", "name": "Dixitalización aplicada ao sistema produtivo", "hours": 30}, {"code": "MP0569", "name": "Eficiencia enerxética en edificación", "hours": 111}, {"code": "MP1710", "name": "Itinerario persoal para a empregabilidade II", "hours": 50}, {"code": "MP0564", "name": "Medicións e valoracións de construción", "hours": 137}, {"code": "MP0566", "name": "Planificación de construción", "hours": 109}, {"code": "MP0572", "name": "Proxecto intermodular en edificación", "hours": 50}], "learned": "nica de proxectos de edificación, realizar trazas de obra e xestionar o control documental para a súa execución, respectando a normativa e as condicións ambientais, de calidade e de seguridade establecidas.", "work_context": "soal asalariado ou autónomo en estudios de arquitectura, enxeñaría e de- lineación, en consultorías, en promotoras inmobiliarias, en empresas cons- trutoras e na Administración. A súa actividade está regulada."}'::jsonb,
  'official_upload',
  now(),
  now(),
  now()
)
on conflict (id) do update set
  name=excluded.name,
  type=excluded.type,
  level=excluded.level,
  family=excluded.family,
  jurisdiction=excluded.jurisdiction,
  route=excluded.route,
  subjects=excluded.subjects,
  ponderation_subjects=excluded.ponderation_subjects,
  route_options=excluded.route_options,
  availability_by_province=excluded.availability_by_province,
  sources=excluded.sources,
  source_url=excluded.source_url,
  source_id=excluded.source_id,
  raw=excluded.raw,
  data_quality=excluded.data_quality,
  verified_at=excluded.verified_at,
  last_seen_at=excluded.last_seen_at,
  updated_at=now();


insert into public.itinera_fp_catalog_details(id,study_id,learned,work_context,jobs,modules,source_file,raw)
values ('detail-fp-v36-cs-proxectos-de-edificacion','fp-v36-cs-proxectos-de-edificacion','nica de proxectos de edificación, realizar trazas de obra e xestionar o control documental para a súa execución, respectando a normativa e as condicións ambientais, de calidade e de seguridade establecidas.','soal asalariado ou autónomo en estudios de arquitectura, enxeñaría e de- lineación, en consultorías, en promotoras inmobiliarias, en empresas cons- trutoras e na Administración. A súa actividade está regulada.','["de instalacións", "maquetista de construción", "axudante/a de xefe/a de oficina técnica", "axudante/a de planificador/a", "axudante/a de técnico/a de control de custos", "técnico/a de control documental", "especialista en trazas", "axudante/a de procesos de certificación enerxética de edificios", "técnico/a de eficiencia enerxética de edificios", "delineante proxectista de redes e sistemas de dis- tribución de fluídos."]'::jsonb,'[{"code": "MP0567", "name": "Deseño e construción de edificios", "hours": 133}, {"code": "MP0562", "name": "Estruturas de construción", "hours": 77}, {"code": "MP0565", "name": "Implantacións de construción", "hours": 103}, {"code": "MP0179", "name": "Inglés profesional", "hours": 60}, {"code": "MP0568", "name": "Instalacións en edificación", "hours": 103}, {"code": "MP1709", "name": "Itinerario persoal para a empregabilidade I", "hours": 107}, {"code": "MP0563", "name": "Representacións de construción", "hours": 347}, {"code": "MP1708", "name": "Sostibilidade aplicada ao sistema produtivo", "hours": 30}, {"code": "MP0571", "name": "Desenvolvemento de proxectos de edificación non residencial", "hours": 164}, {"code": "MP0570", "name": "Desenvolvemento de proxectos de edificación residencial", "hours": 299}, {"code": "MP1665", "name": "Dixitalización aplicada ao sistema produtivo", "hours": 30}, {"code": "MP0569", "name": "Eficiencia enerxética en edificación", "hours": 111}, {"code": "MP1710", "name": "Itinerario persoal para a empregabilidade II", "hours": 50}, {"code": "MP0564", "name": "Medicións e valoracións de construción", "hours": 137}, {"code": "MP0566", "name": "Planificación de construción", "hours": 109}, {"code": "MP0572", "name": "Proxecto intermodular en edificación", "hours": 50}]'::jsonb,'06-edificacion_e_obra_civil_v7.pdf',jsonb_build_object('source_upload','3 base de datos itinera.zip','duration_hours','2000'))
on conflict (id) do update set study_id=excluded.study_id,learned=excluded.learned,work_context=excluded.work_context,jobs=excluded.jobs,modules=excluded.modules,source_file=excluded.source_file,raw=excluded.raw,updated_at=now();


insert into public.itinera_studies(id,name,type,level,family,jurisdiction,official_title,route,subjects,ponderation_subjects,route_options,availability_by_province,sources,source_url,source_id,raw,data_quality,verified_at,last_seen_at,updated_at)
values (
  'fp-v36-cs-proxectos-de-obra-civil',
  'Proxectos de obra civil',
  'fpgs',
  'Ciclo formativo de grao superior',
  'Edificación e obra civil',
  'Galicia',
  true,
  'Consultar requisitos, prazas, centros, modalidade e fontes oficiais antes de decidir.',
  '["Estruturas de construción", "Implantacións de construción", "Inglés profesional", "Itinerario persoal para a empregabilidade I", "Redes e servizos en obra civil", "Representacións de construción", "Sostibilidade aplicada ao sistema produtivo", "Urbanismo e obra civil", "Desenvolvemento de proxectos de obras lineais", "Desenvolvemento de proxectos urbanísticos", "Dixitalización aplicada ao sistema produtivo", "Itinerario persoal para a empregabilidade II"]'::jsonb,
  '[{"subject": "Non aplica ou consultar fonte oficial", "weight": "consultar fonte oficial"}]'::jsonb,
  '[]'::jsonb,
  '{"Galicia": ["Consultar oferta por provincia, centro, modalidade e curso na Xunta FP."]}'::jsonb,
  '["xunta-fp-catalogo-familias-2025-2026", "xunta-fp-ciclos", "todofp-familias"]'::jsonb,
  'https://www.edu.xunta.gal/fp/oferta-fp',
  'xunta-fp-catalogo-familias-2025-2026',
  '{"source_upload": "3 base de datos itinera.zip", "source_file": "06-edificacion_e_obra_civil_v7.pdf", "duration_hours": 2000, "modules": [{"code": "MP0562", "name": "Estruturas de construción", "hours": 77}, {"code": "MP0565", "name": "Implantacións de construción", "hours": 103}, {"code": "MP0179", "name": "Inglés profesional", "hours": 60}, {"code": "MP1709", "name": "Itinerario persoal para a empregabilidade I", "hours": 107}, {"code": "MP0770", "name": "Redes e servizos en obra civil", "hours": 103}, {"code": "MP0563", "name": "Representacións de construción", "hours": 347}, {"code": "MP1708", "name": "Sostibilidade aplicada ao sistema produtivo", "hours": 30}, {"code": "MP0769", "name": "Urbanismo e obra civil", "hours": 133}, {"code": "MP0773", "name": "Desenvolvemento de proxectos de obras lineais", "hours": 137}, {"code": "MP0772", "name": "Desenvolvemento de proxectos urbanísticos", "hours": 246}, {"code": "MP1665", "name": "Dixitalización aplicada ao sistema produtivo", "hours": 30}, {"code": "MP1710", "name": "Itinerario persoal para a empregabilidade II", "hours": 50}, {"code": "MP0771", "name": "Levantamentos topográficos", "hours": 191}, {"code": "MP0564", "name": "Medicións e valoracións de construción", "hours": 137}, {"code": "MP0566", "name": "Planificación de construción", "hours": 109}, {"code": "MP0774", "name": "Proxecto intermodular en obra civil", "hours": 50}], "learned": "do territorio, realizar levantamentos e implantacións de obras de constru- ción e xestionar o control documental para a súa execución, respectando a normativa e as condicións establecidas de calidade, seguridade e ambiente.", "work_context": "lineación, de arquitectura e de enxeñaría, promotoras, empresas de ser- vizos técnicos e consultorías, empresas construtoras, concesionarias e de explotación, e empresas doutros sectores cuxas actividades presenten unha marcada incidencia territorial con actividades de explotación de recursos naturais e Administracións públicas. A súa actividade está regulada."}'::jsonb,
  'official_upload',
  now(),
  now(),
  now()
)
on conflict (id) do update set
  name=excluded.name,
  type=excluded.type,
  level=excluded.level,
  family=excluded.family,
  jurisdiction=excluded.jurisdiction,
  route=excluded.route,
  subjects=excluded.subjects,
  ponderation_subjects=excluded.ponderation_subjects,
  route_options=excluded.route_options,
  availability_by_province=excluded.availability_by_province,
  sources=excluded.sources,
  source_url=excluded.source_url,
  source_id=excluded.source_id,
  raw=excluded.raw,
  data_quality=excluded.data_quality,
  verified_at=excluded.verified_at,
  last_seen_at=excluded.last_seen_at,
  updated_at=now();


insert into public.itinera_fp_catalog_details(id,study_id,learned,work_context,jobs,modules,source_file,raw)
values ('detail-fp-v36-cs-proxectos-de-obra-civil','fp-v36-cs-proxectos-de-obra-civil','do territorio, realizar levantamentos e implantacións de obras de constru- ción e xestionar o control documental para a súa execución, respectando a normativa e as condicións establecidas de calidade, seguridade e ambiente.','lineación, de arquitectura e de enxeñaría, promotoras, empresas de ser- vizos técnicos e consultorías, empresas construtoras, concesionarias e de explotación, e empresas doutros sectores cuxas actividades presenten unha marcada incidencia territorial con actividades de explotación de recursos naturais e Administracións públicas. A súa actividade está regulada.','["ción", "delineante de obra civil", "delineante de servizos urbanos", "práctico/a en topografía", "especialista en levantamento de terreos", "especialista en levan- tamento de construcións", "especialista en implantacións", "aparellista", "deli- neante de topografía", "axudante/a de xefe/a de oficina técnica", "axudante/a de planificador/a", "axudante/a de técnico/a de control de custos", "técnico/a de control documental", "maquetista de construción", "delineante proxectista de redes e sistemas de distribución de fluídos."]'::jsonb,'[{"code": "MP0562", "name": "Estruturas de construción", "hours": 77}, {"code": "MP0565", "name": "Implantacións de construción", "hours": 103}, {"code": "MP0179", "name": "Inglés profesional", "hours": 60}, {"code": "MP1709", "name": "Itinerario persoal para a empregabilidade I", "hours": 107}, {"code": "MP0770", "name": "Redes e servizos en obra civil", "hours": 103}, {"code": "MP0563", "name": "Representacións de construción", "hours": 347}, {"code": "MP1708", "name": "Sostibilidade aplicada ao sistema produtivo", "hours": 30}, {"code": "MP0769", "name": "Urbanismo e obra civil", "hours": 133}, {"code": "MP0773", "name": "Desenvolvemento de proxectos de obras lineais", "hours": 137}, {"code": "MP0772", "name": "Desenvolvemento de proxectos urbanísticos", "hours": 246}, {"code": "MP1665", "name": "Dixitalización aplicada ao sistema produtivo", "hours": 30}, {"code": "MP1710", "name": "Itinerario persoal para a empregabilidade II", "hours": 50}, {"code": "MP0771", "name": "Levantamentos topográficos", "hours": 191}, {"code": "MP0564", "name": "Medicións e valoracións de construción", "hours": 137}, {"code": "MP0566", "name": "Planificación de construción", "hours": 109}, {"code": "MP0774", "name": "Proxecto intermodular en obra civil", "hours": 50}]'::jsonb,'06-edificacion_e_obra_civil_v7.pdf',jsonb_build_object('source_upload','3 base de datos itinera.zip','duration_hours','2000'))
on conflict (id) do update set study_id=excluded.study_id,learned=excluded.learned,work_context=excluded.work_context,jobs=excluded.jobs,modules=excluded.modules,source_file=excluded.source_file,raw=excluded.raw,updated_at=now();


insert into public.itinera_studies(id,name,type,level,family,jurisdiction,official_title,route,subjects,ponderation_subjects,route_options,availability_by_province,sources,source_url,source_id,raw,data_quality,verified_at,last_seen_at,updated_at)
values (
  'fp-v36-cb-electricidade-e-electronica',
  'Electricidade e electrónica',
  'fpb',
  'Ciclo formativo de grao básico',
  'Electricidade e electrónica',
  'Galicia',
  true,
  'Consultar requisitos, prazas, centros, modalidade e fontes oficiais antes de decidir.',
  '["Ciencias aplicadas I", "Comunicación e ciencias sociais I", "Equipamentos eléctricos e electrónicos", "Instalacións eléctricas e domóticas", "Itinerario persoal para a empregabilidade", "Ciencias aplicadas II", "Comunicación e ciencias sociais II", "Instalación e mantemento de redes para transmisión de da-", "Instalacións de telecomunicacións", "Proxecto intermodular de aprendizaxe colaborativa"]'::jsonb,
  '[{"subject": "Non aplica ou consultar fonte oficial", "weight": "consultar fonte oficial"}]'::jsonb,
  '[]'::jsonb,
  '{"Galicia": ["Consultar oferta por provincia, centro, modalidade e curso na Xunta FP."]}'::jsonb,
  '["xunta-fp-catalogo-familias-2025-2026", "xunta-fp-ciclos", "todofp-familias"]'::jsonb,
  'https://www.edu.xunta.gal/fp/oferta-fp',
  'xunta-fp-catalogo-familias-2025-2026',
  '{"source_upload": "3 base de datos itinera.zip", "source_file": "07-electricidade_e_electronica_v7.pdf", "duration_hours": 2000, "modules": [{"code": "AM3163", "name": "Ciencias aplicadas I", "hours": 146}, {"code": "AM3161", "name": "Comunicación e ciencias sociais I", "hours": 175}, {"code": "MP3015", "name": "Equipamentos eléctricos e electrónicos", "hours": 233}, {"code": "MP3013", "name": "Instalacións eléctricas e domóticas", "hours": 296}, {"code": "MP3159", "name": "Itinerario persoal para a empregabilidade", "hours": 60}, {"code": "AM3164", "name": "Ciencias aplicadas II", "hours": 146}, {"code": "AM3162", "name": "Comunicación e ciencias sociais II", "hours": 125}, {"code": "MP3016", "name": "Instalación e mantemento de redes para transmisión de da-", "hours": 367}, {"code": "MP3014", "name": "Instalacións de telecomunicacións", "hours": 367}, {"code": "MP3160", "name": "Proxecto intermodular de aprendizaxe colaborativa", "hours": 25}], "learned": "e equipamentos eléctricos e electrónicos, así como en instalacións elec- trotécnicas e de telecomunicacións para edificios e conxuntos de edificios, aplicando as técnicas requiridas, operando coa calidade indicada, cumprindo as normas de prevención de riscos laborais e de protección ambiental co- rrespondentes, e comunicándose oralmente e por escrito en linguas galega e castelá, así como nalgunha lingua estranxeira.", "work_context": "talacións electrotécnicas de edificios, vivendas, oficinas, locais comerciais e industriais, con supervisión de nivel superior e baixo a regulación do Regula- mento Electrotécnico de Baixa Tensión e da Normativa das Infraestruturas Comúns de Telecomunicacións."}'::jsonb,
  'official_upload',
  now(),
  now(),
  now()
)
on conflict (id) do update set
  name=excluded.name,
  type=excluded.type,
  level=excluded.level,
  family=excluded.family,
  jurisdiction=excluded.jurisdiction,
  route=excluded.route,
  subjects=excluded.subjects,
  ponderation_subjects=excluded.ponderation_subjects,
  route_options=excluded.route_options,
  availability_by_province=excluded.availability_by_province,
  sources=excluded.sources,
  source_url=excluded.source_url,
  source_id=excluded.source_id,
  raw=excluded.raw,
  data_quality=excluded.data_quality,
  verified_at=excluded.verified_at,
  last_seen_at=excluded.last_seen_at,
  updated_at=now();


insert into public.itinera_fp_catalog_details(id,study_id,learned,work_context,jobs,modules,source_file,raw)
values ('detail-fp-v36-cb-electricidade-e-electronica','fp-v36-cb-electricidade-e-electronica','e equipamentos eléctricos e electrónicos, así como en instalacións elec- trotécnicas e de telecomunicacións para edificios e conxuntos de edificios, aplicando as técnicas requiridas, operando coa calidade indicada, cumprindo as normas de prevención de riscos laborais e de protección ambiental co- rrespondentes, e comunicándose oralmente e por escrito en linguas galega e castelá, así como nalgunha lingua estranxeira.','talacións electrotécnicas de edificios, vivendas, oficinas, locais comerciais e industriais, con supervisión de nivel superior e baixo a regulación do Regula- mento Electrotécnico de Baixa Tensión e da Normativa das Infraestruturas Comúns de Telecomunicacións.','["dor/a de antenas receptoras de televisión e satélites", "axudante/a de instala- dor/a e reparador/a de equipamentos telefónicos e telegráficos", "axudante/a de instalador/a de equipamentos e sistemas de comunicación", "axudante/a de instalador/a reparador/a de instalacións telefónicas", "peón/peoa da indus- tria de produción e distribución de enerxía eléctrica", "axudante/a de monta- dor/a de sistemas microinformáticos", "operador/a de ensamblaxe de equipa- mentos eléctricos e electrónicos", "auxiliar de mantemento de equipamentos eléctricos e electrónicos", "probador/a axustador/a de placas e equipamentos eléctricos e electrónicos", "montador/a de compoñentes en placas de circuíto impreso."]'::jsonb,'[{"code": "AM3163", "name": "Ciencias aplicadas I", "hours": 146}, {"code": "AM3161", "name": "Comunicación e ciencias sociais I", "hours": 175}, {"code": "MP3015", "name": "Equipamentos eléctricos e electrónicos", "hours": 233}, {"code": "MP3013", "name": "Instalacións eléctricas e domóticas", "hours": 296}, {"code": "MP3159", "name": "Itinerario persoal para a empregabilidade", "hours": 60}, {"code": "AM3164", "name": "Ciencias aplicadas II", "hours": 146}, {"code": "AM3162", "name": "Comunicación e ciencias sociais II", "hours": 125}, {"code": "MP3016", "name": "Instalación e mantemento de redes para transmisión de da-", "hours": 367}, {"code": "MP3014", "name": "Instalacións de telecomunicacións", "hours": 367}, {"code": "MP3160", "name": "Proxecto intermodular de aprendizaxe colaborativa", "hours": 25}]'::jsonb,'07-electricidade_e_electronica_v7.pdf',jsonb_build_object('source_upload','3 base de datos itinera.zip','duration_hours','2000'))
on conflict (id) do update set study_id=excluded.study_id,learned=excluded.learned,work_context=excluded.work_context,jobs=excluded.jobs,modules=excluded.modules,source_file=excluded.source_file,raw=excluded.raw,updated_at=now();


insert into public.itinera_studies(id,name,type,level,family,jurisdiction,official_title,route,subjects,ponderation_subjects,route_options,availability_by_province,sources,source_url,source_id,raw,data_quality,verified_at,last_seen_at,updated_at)
values (
  'fp-v36-cb-instalacions-electrotecnicas-e-mecanica',
  'Instalacións electrotécnicas e mecánica',
  'fpb',
  'Ciclo formativo de grao básico',
  'Electricidade e electrónica',
  'Galicia',
  true,
  'Consultar requisitos, prazas, centros, modalidade e fontes oficiais antes de decidir.',
  '["Carpintaría de aluminio e PVC", "Ciencias aplicadas I", "Comunicación e ciencias sociais I", "Itinerario persoal para a empregabilidade", "Operacións básicas de fabricación", "Soldadura e carpintaría metálica", "Ciencias aplicadas II", "Comunicación e ciencias sociais II", "Instalacións de telecomunicacións", "Instalacións eléctricas e domóticas", "Proxecto intermodular de aprendizaxe colaborativa"]'::jsonb,
  '[{"subject": "Non aplica ou consultar fonte oficial", "weight": "consultar fonte oficial"}]'::jsonb,
  '[]'::jsonb,
  '{"Galicia": ["Consultar oferta por provincia, centro, modalidade e curso na Xunta FP."]}'::jsonb,
  '["xunta-fp-catalogo-familias-2025-2026", "xunta-fp-ciclos", "todofp-familias"]'::jsonb,
  'https://www.edu.xunta.gal/fp/oferta-fp',
  'xunta-fp-catalogo-familias-2025-2026',
  '{"source_upload": "3 base de datos itinera.zip", "source_file": "07-electricidade_e_electronica_v7.pdf", "duration_hours": 2000, "modules": [{"code": "MP3022", "name": "Carpintaría de aluminio e PVC", "hours": 175}, {"code": "AM3163", "name": "Ciencias aplicadas I", "hours": 146}, {"code": "AM3161", "name": "Comunicación e ciencias sociais I", "hours": 175}, {"code": "MP3159", "name": "Itinerario persoal para a empregabilidade", "hours": 60}, {"code": "MP3020", "name": "Operacións básicas de fabricación", "hours": 179}, {"code": "MP3021", "name": "Soldadura e carpintaría metálica", "hours": 175}, {"code": "AM3164", "name": "Ciencias aplicadas II", "hours": 146}, {"code": "AM3162", "name": "Comunicación e ciencias sociais II", "hours": 125}, {"code": "MP3014", "name": "Instalacións de telecomunicacións", "hours": 408}, {"code": "MP3013", "name": "Instalacións eléctricas e domóticas", "hours": 326}, {"code": "MP3160", "name": "Proxecto intermodular de aprendizaxe colaborativa", "hours": 25}], "learned": "electrotécnicas e de telecomunicacións en edificios, así como operacións básicas de fabricación e montaxe para fabricación mecánica, cumprindo as normas de prevención de riscos laborais e protección ambiental correspon- dentes, e comunicándose de xeito oral e escrito en linguas galega e castelá, así como nalgunha lingua estranxeira.", "work_context": "dedicadas á fabricación e á montaxe de produtos mecánicos e electrome- cánicos, así como á montaxe e ao mantemento de instalacións electrotéc- nicas de edificios, vivendas, oficinas e locais comerciais e industriais, baixo a supervisión de persoal de nivel superior. A actividade está regulada polo Regulamento Electrotécnico de Baixa Tensión e pola Normativa das Infraes- truturas Comúns de Telecomunicacións."}'::jsonb,
  'official_upload',
  now(),
  now(),
  now()
)
on conflict (id) do update set
  name=excluded.name,
  type=excluded.type,
  level=excluded.level,
  family=excluded.family,
  jurisdiction=excluded.jurisdiction,
  route=excluded.route,
  subjects=excluded.subjects,
  ponderation_subjects=excluded.ponderation_subjects,
  route_options=excluded.route_options,
  availability_by_province=excluded.availability_by_province,
  sources=excluded.sources,
  source_url=excluded.source_url,
  source_id=excluded.source_id,
  raw=excluded.raw,
  data_quality=excluded.data_quality,
  verified_at=excluded.verified_at,
  last_seen_at=excluded.last_seen_at,
  updated_at=now();


insert into public.itinera_fp_catalog_details(id,study_id,learned,work_context,jobs,modules,source_file,raw)
values ('detail-fp-v36-cb-instalacions-electrotecnicas-e-mecanica','fp-v36-cb-instalacions-electrotecnicas-e-mecanica','electrotécnicas e de telecomunicacións en edificios, así como operacións básicas de fabricación e montaxe para fabricación mecánica, cumprindo as normas de prevención de riscos laborais e protección ambiental correspon- dentes, e comunicándose de xeito oral e escrito en linguas galega e castelá, así como nalgunha lingua estranxeira.','dedicadas á fabricación e á montaxe de produtos mecánicos e electrome- cánicos, así como á montaxe e ao mantemento de instalacións electrotéc- nicas de edificios, vivendas, oficinas e locais comerciais e industriais, baixo a supervisión de persoal de nivel superior. A actividade está regulada polo Regulamento Electrotécnico de Baixa Tensión e pola Normativa das Infraes- truturas Comúns de Telecomunicacións.','["tador/a de antenas receptoras de radio, televisión terrestre e televisión por satélite", "axudante/a de instalador/a e reparador/a de equipamentos telefó- nicos e telegráficos", "de instalacións telefónicas", "axudante/a de instalador/a de equipamentos e sistemas de comunicación", "peón/peoa da industria de produción e distribución de enerxía eléctrica", "de industrias manufacturei- ras", "auxiliares de procesos automatizados."]'::jsonb,'[{"code": "MP3022", "name": "Carpintaría de aluminio e PVC", "hours": 175}, {"code": "AM3163", "name": "Ciencias aplicadas I", "hours": 146}, {"code": "AM3161", "name": "Comunicación e ciencias sociais I", "hours": 175}, {"code": "MP3159", "name": "Itinerario persoal para a empregabilidade", "hours": 60}, {"code": "MP3020", "name": "Operacións básicas de fabricación", "hours": 179}, {"code": "MP3021", "name": "Soldadura e carpintaría metálica", "hours": 175}, {"code": "AM3164", "name": "Ciencias aplicadas II", "hours": 146}, {"code": "AM3162", "name": "Comunicación e ciencias sociais II", "hours": 125}, {"code": "MP3014", "name": "Instalacións de telecomunicacións", "hours": 408}, {"code": "MP3013", "name": "Instalacións eléctricas e domóticas", "hours": 326}, {"code": "MP3160", "name": "Proxecto intermodular de aprendizaxe colaborativa", "hours": 25}]'::jsonb,'07-electricidade_e_electronica_v7.pdf',jsonb_build_object('source_upload','3 base de datos itinera.zip','duration_hours','2000'))
on conflict (id) do update set study_id=excluded.study_id,learned=excluded.learned,work_context=excluded.work_context,jobs=excluded.jobs,modules=excluded.modules,source_file=excluded.source_file,raw=excluded.raw,updated_at=now();


insert into public.itinera_studies(id,name,type,level,family,jurisdiction,official_title,route,subjects,ponderation_subjects,route_options,availability_by_province,sources,source_url,source_id,raw,data_quality,verified_at,last_seen_at,updated_at)
values (
  'fp-v36-cm-instalacions-de-telecomunicacions',
  'Instalacións de telecomunicacións',
  'fpgm',
  'Ciclo formativo de grao medio',
  'Electricidade e electrónica',
  'Galicia',
  true,
  'Consultar requisitos, prazas, centros, modalidade e fontes oficiais antes de decidir.',
  '["Electrónica aplicada", "Equipamentos microinformáticos", "Inglés profesional", "Instalacións de megafonía e sonorización", "Instalacións de radiocomunicacións", "Instalacións eléctricas básicas", "Itinerario persoal para a empregabilidade I", "Sostibilidade aplicada ao sistema produtivo", "Circuíto pechado de televisión e seguridade electrónica", "Dixitalización aplicada ao sistema produtivo", "Infraestruturas comúns de telecomunicacións en vivendas e", "Infraestruturas de redes de datos e sistemas de telefonía"]'::jsonb,
  '[{"subject": "Non aplica ou consultar fonte oficial", "weight": "consultar fonte oficial"}]'::jsonb,
  '[]'::jsonb,
  '{"Galicia": ["Consultar oferta por provincia, centro, modalidade e curso na Xunta FP."]}'::jsonb,
  '["xunta-fp-catalogo-familias-2025-2026", "xunta-fp-ciclos", "todofp-familias"]'::jsonb,
  'https://www.edu.xunta.gal/fp/oferta-fp',
  'xunta-fp-catalogo-familias-2025-2026',
  '{"source_upload": "3 base de datos itinera.zip", "source_file": "07-electricidade_e_electronica_v7.pdf", "duration_hours": 2000, "modules": [{"code": "MP0359", "name": "Electrónica aplicada", "hours": 235}, {"code": "MP0360", "name": "Equipamentos microinformáticos", "hours": 133}, {"code": "MP0156", "name": "Inglés profesional", "hours": 60}, {"code": "MP0363", "name": "Instalacións de megafonía e sonorización", "hours": 160}, {"code": "MP0365", "name": "Instalacións de radiocomunicacións", "hours": 78}, {"code": "MP0362", "name": "Instalacións eléctricas básicas", "hours": 157}, {"code": "MP1709", "name": "Itinerario persoal para a empregabilidade I", "hours": 107}, {"code": "MP1708", "name": "Sostibilidade aplicada ao sistema produtivo", "hours": 30}, {"code": "MP0364", "name": "Circuíto pechado de televisión e seguridade electrónica", "hours": 191}, {"code": "MP1664", "name": "Dixitalización aplicada ao sistema produtivo", "hours": 30}, {"code": "MP0237", "name": "Infraestruturas comúns de telecomunicacións en vivendas e", "hours": 191}, {"code": "MP0361", "name": "Infraestruturas de redes de datos e sistemas de telefonía", "hours": 246}, {"code": "MP0238", "name": "Instalacións domóticas", "hours": 192}, {"code": "MP1710", "name": "Itinerario persoal para a empregabilidade II", "hours": 50}, {"code": "MP1713", "name": "Proxecto intermodular", "hours": 50}], "learned": "talacións de radiocomunicacións e instalacións domóticas, de acordo coa normativa, a regulamentación e os protocolos de calidade, seguridade e riscos laborais, de xeito que se asegure a súa funcionalidade e o respecto ambiental.", "work_context": "privadas, por conta propia ou allea, nas áreas de montaxe e mantemento de infraestruturas de telecomunicación, instalacións de circuíto pechado de televisión e seguridade electrónica, centrais telefónicas e infraestruturas de redes de voz e datos, sonorización e megafonía, instalacións de radiocomu- nicacións, sistemas domóticos e equipamentos informáticos."}'::jsonb,
  'official_upload',
  now(),
  now(),
  now()
)
on conflict (id) do update set
  name=excluded.name,
  type=excluded.type,
  level=excluded.level,
  family=excluded.family,
  jurisdiction=excluded.jurisdiction,
  route=excluded.route,
  subjects=excluded.subjects,
  ponderation_subjects=excluded.ponderation_subjects,
  route_options=excluded.route_options,
  availability_by_province=excluded.availability_by_province,
  sources=excluded.sources,
  source_url=excluded.source_url,
  source_id=excluded.source_id,
  raw=excluded.raw,
  data_quality=excluded.data_quality,
  verified_at=excluded.verified_at,
  last_seen_at=excluded.last_seen_at,
  updated_at=now();


insert into public.itinera_fp_catalog_details(id,study_id,learned,work_context,jobs,modules,source_file,raw)
values ('detail-fp-v36-cm-instalacions-de-telecomunicacions','fp-v36-cm-instalacions-de-telecomunicacions','talacións de radiocomunicacións e instalacións domóticas, de acordo coa normativa, a regulamentación e os protocolos de calidade, seguridade e riscos laborais, de xeito que se asegure a súa funcionalidade e o respecto ambiental.','privadas, por conta propia ou allea, nas áreas de montaxe e mantemento de infraestruturas de telecomunicación, instalacións de circuíto pechado de televisión e seguridade electrónica, centrais telefónicas e infraestruturas de redes de voz e datos, sonorización e megafonía, instalacións de radiocomu- nicacións, sistemas domóticos e equipamentos informáticos.','["antenas", "instalador/a de sistemas de seguridade", "técnico/a en redes locais e telemática", "técnico/a en instalación e mantemento de redes locais", "insta- lador/a de telefonía", "instalador/a montador/a de equipamentos telefónicos e telemáticos", "técnico/a en instalacións de son", "instalador/a de megafo- nía", "instalador/a mantedor/a de sistemas domóticos"]'::jsonb,'[{"code": "MP0359", "name": "Electrónica aplicada", "hours": 235}, {"code": "MP0360", "name": "Equipamentos microinformáticos", "hours": 133}, {"code": "MP0156", "name": "Inglés profesional", "hours": 60}, {"code": "MP0363", "name": "Instalacións de megafonía e sonorización", "hours": 160}, {"code": "MP0365", "name": "Instalacións de radiocomunicacións", "hours": 78}, {"code": "MP0362", "name": "Instalacións eléctricas básicas", "hours": 157}, {"code": "MP1709", "name": "Itinerario persoal para a empregabilidade I", "hours": 107}, {"code": "MP1708", "name": "Sostibilidade aplicada ao sistema produtivo", "hours": 30}, {"code": "MP0364", "name": "Circuíto pechado de televisión e seguridade electrónica", "hours": 191}, {"code": "MP1664", "name": "Dixitalización aplicada ao sistema produtivo", "hours": 30}, {"code": "MP0237", "name": "Infraestruturas comúns de telecomunicacións en vivendas e", "hours": 191}, {"code": "MP0361", "name": "Infraestruturas de redes de datos e sistemas de telefonía", "hours": 246}, {"code": "MP0238", "name": "Instalacións domóticas", "hours": 192}, {"code": "MP1710", "name": "Itinerario persoal para a empregabilidade II", "hours": 50}, {"code": "MP1713", "name": "Proxecto intermodular", "hours": 50}]'::jsonb,'07-electricidade_e_electronica_v7.pdf',jsonb_build_object('source_upload','3 base de datos itinera.zip','duration_hours','2000'))
on conflict (id) do update set study_id=excluded.study_id,learned=excluded.learned,work_context=excluded.work_context,jobs=excluded.jobs,modules=excluded.modules,source_file=excluded.source_file,raw=excluded.raw,updated_at=now();


insert into public.itinera_studies(id,name,type,level,family,jurisdiction,official_title,route,subjects,ponderation_subjects,route_options,availability_by_province,sources,source_url,source_id,raw,data_quality,verified_at,last_seen_at,updated_at)
values (
  'fp-v36-cm-instalacions-electricas-e-automaticas',
  'Instalacións eléctricas e automáticas',
  'fpgm',
  'Ciclo formativo de grao medio',
  'Electricidade e electrónica',
  'Galicia',
  true,
  'Consultar requisitos, prazas, centros, modalidade e fontes oficiais antes de decidir.',
  '["Automatismos industriais", "Electrónica", "Electrotecnia", "Inglés profesional", "Instalacións eléctricas interiores", "Itinerario persoal para a empregabilidade I", "Sostibilidade aplicada ao sistema produtivo", "Dixitalización aplicada ao sistema produtivo", "Infraestruturas comúns de telecomunicacións en vivendas e", "Instalacións de distribución", "Instalacións domóticas", "Instalacións solares fotovoltaicas"]'::jsonb,
  '[{"subject": "Non aplica ou consultar fonte oficial", "weight": "consultar fonte oficial"}]'::jsonb,
  '[]'::jsonb,
  '{"Galicia": ["Consultar oferta por provincia, centro, modalidade e curso na Xunta FP."]}'::jsonb,
  '["xunta-fp-catalogo-familias-2025-2026", "xunta-fp-ciclos", "todofp-familias"]'::jsonb,
  'https://www.edu.xunta.gal/fp/oferta-fp',
  'xunta-fp-catalogo-familias-2025-2026',
  '{"source_upload": "3 base de datos itinera.zip", "source_file": "07-electricidade_e_electronica_v7.pdf", "duration_hours": 2000, "modules": [{"code": "MP0232", "name": "Automatismos industriais", "hours": 213}, {"code": "MP0233", "name": "Electrónica", "hours": 79}, {"code": "MP0234", "name": "Electrotecnia", "hours": 183}, {"code": "MP0156", "name": "Inglés profesional", "hours": 60}, {"code": "MP0235", "name": "Instalacións eléctricas interiores", "hours": 288}, {"code": "MP1709", "name": "Itinerario persoal para a empregabilidade I", "hours": 107}, {"code": "MP1708", "name": "Sostibilidade aplicada ao sistema produtivo", "hours": 30}, {"code": "MP1664", "name": "Dixitalización aplicada ao sistema produtivo", "hours": 30}, {"code": "MP0237", "name": "Infraestruturas comúns de telecomunicacións en vivendas e", "hours": 191}, {"code": "MP0236", "name": "Instalacións de distribución", "hours": 191}, {"code": "MP0238", "name": "Instalacións domóticas", "hours": 192}, {"code": "MP0239", "name": "Instalacións solares fotovoltaicas", "hours": 82}, {"code": "MP1710", "name": "Itinerario persoal para a empregabilidade II", "hours": 50}, {"code": "MP0240", "name": "Máquinas eléctricas", "hours": 164}, {"code": "MP1713", "name": "Proxecto intermodular", "hours": 50}], "learned": "lacións eléctricas de baixa tensión, máquinas eléctricas e sistemas auto- matizados, conforme a normativa, a regulamentación e os protocolos de calidade, seguridade e riscos laborais, asegurando a súa funcionalidade e o respecto polo medio.", "work_context": "montaxe e ao mantemento de infraestruturas de telecomunicación en edi- ficios, máquinas eléctricas, sistemas automatizados, instalacións eléctricas de baixa tensión e sistemas domóticos, tanto por conta propia como por conta allea."}'::jsonb,
  'official_upload',
  now(),
  now(),
  now()
)
on conflict (id) do update set
  name=excluded.name,
  type=excluded.type,
  level=excluded.level,
  family=excluded.family,
  jurisdiction=excluded.jurisdiction,
  route=excluded.route,
  subjects=excluded.subjects,
  ponderation_subjects=excluded.ponderation_subjects,
  route_options=excluded.route_options,
  availability_by_province=excluded.availability_by_province,
  sources=excluded.sources,
  source_url=excluded.source_url,
  source_id=excluded.source_id,
  raw=excluded.raw,
  data_quality=excluded.data_quality,
  verified_at=excluded.verified_at,
  last_seen_at=excluded.last_seen_at,
  updated_at=now();


insert into public.itinera_fp_catalog_details(id,study_id,learned,work_context,jobs,modules,source_file,raw)
values ('detail-fp-v36-cm-instalacions-electricas-e-automaticas','fp-v36-cm-instalacions-electricas-e-automaticas','lacións eléctricas de baixa tensión, máquinas eléctricas e sistemas auto- matizados, conforme a normativa, a regulamentación e os protocolos de calidade, seguridade e riscos laborais, asegurando a súa funcionalidade e o respecto polo medio.','montaxe e ao mantemento de infraestruturas de telecomunicación en edi- ficios, máquinas eléctricas, sistemas automatizados, instalacións eléctricas de baixa tensión e sistemas domóticos, tanto por conta propia como por conta allea.','["cista industrial", "electricista de mantemento", "instalador/a mantedor/a de sistemas domóticos", "instalador/a mantedor/a de antenas", "instalador/a de telecomunicacións en edificios de vivendas", "instalador/a mantedor/a de equipamentos e instalacións de telefonía", "montador/a de instalacións de enerxía solar fotovoltaica."]'::jsonb,'[{"code": "MP0232", "name": "Automatismos industriais", "hours": 213}, {"code": "MP0233", "name": "Electrónica", "hours": 79}, {"code": "MP0234", "name": "Electrotecnia", "hours": 183}, {"code": "MP0156", "name": "Inglés profesional", "hours": 60}, {"code": "MP0235", "name": "Instalacións eléctricas interiores", "hours": 288}, {"code": "MP1709", "name": "Itinerario persoal para a empregabilidade I", "hours": 107}, {"code": "MP1708", "name": "Sostibilidade aplicada ao sistema produtivo", "hours": 30}, {"code": "MP1664", "name": "Dixitalización aplicada ao sistema produtivo", "hours": 30}, {"code": "MP0237", "name": "Infraestruturas comúns de telecomunicacións en vivendas e", "hours": 191}, {"code": "MP0236", "name": "Instalacións de distribución", "hours": 191}, {"code": "MP0238", "name": "Instalacións domóticas", "hours": 192}, {"code": "MP0239", "name": "Instalacións solares fotovoltaicas", "hours": 82}, {"code": "MP1710", "name": "Itinerario persoal para a empregabilidade II", "hours": 50}, {"code": "MP0240", "name": "Máquinas eléctricas", "hours": 164}, {"code": "MP1713", "name": "Proxecto intermodular", "hours": 50}]'::jsonb,'07-electricidade_e_electronica_v7.pdf',jsonb_build_object('source_upload','3 base de datos itinera.zip','duration_hours','2000'))
on conflict (id) do update set study_id=excluded.study_id,learned=excluded.learned,work_context=excluded.work_context,jobs=excluded.jobs,modules=excluded.modules,source_file=excluded.source_file,raw=excluded.raw,updated_at=now();


insert into public.itinera_studies(id,name,type,level,family,jurisdiction,official_title,route,subjects,ponderation_subjects,route_options,availability_by_province,sources,source_url,source_id,raw,data_quality,verified_at,last_seen_at,updated_at)
values (
  'fp-v36-cs-automatizacion-e-robotica-industrial',
  'Automatización e robótica industrial',
  'fpgs',
  'Ciclo formativo de grao superior',
  'Electricidade e electrónica',
  'Galicia',
  true,
  'Consultar requisitos, prazas, centros, modalidade e fontes oficiais antes de decidir.',
  '["Documentación técnica", "Informática industrial", "Inglés profesional", "Itinerario persoal para a empregabilidade I", "Sistemas de medida e regulación", "Sistemas de potencia", "Sistemas eléctricos, pneumáticos e hidráulicos", "Sistemas secuenciais programables", "Sostibilidade aplicada ao sistema produtivo", "Comunicacións industriais", "Dixitalización aplicada ao sistema produtivo", "Integración de sistemas de automatización industrial"]'::jsonb,
  '[{"subject": "Non aplica ou consultar fonte oficial", "weight": "consultar fonte oficial"}]'::jsonb,
  '[]'::jsonb,
  '{"Galicia": ["Consultar oferta por provincia, centro, modalidade e curso na Xunta FP."]}'::jsonb,
  '["xunta-fp-catalogo-familias-2025-2026", "xunta-fp-ciclos", "todofp-familias"]'::jsonb,
  'https://www.edu.xunta.gal/fp/oferta-fp',
  'xunta-fp-catalogo-familias-2025-2026',
  '{"source_upload": "3 base de datos itinera.zip", "source_file": "07-electricidade_e_electronica_v7.pdf", "duration_hours": 2000, "modules": [{"code": "MP0963", "name": "Documentación técnica", "hours": 78}, {"code": "MP0964", "name": "Informática industrial", "hours": 78}, {"code": "MP0179", "name": "Inglés profesional", "hours": 60}, {"code": "MP1709", "name": "Itinerario persoal para a empregabilidade I", "hours": 107}, {"code": "MP0961", "name": "Sistemas de medida e regulación", "hours": 133}, {"code": "MP0962", "name": "Sistemas de potencia", "hours": 154}, {"code": "MP0959", "name": "Sistemas eléctricos, pneumáticos e hidráulicos", "hours": 160}, {"code": "MP0960", "name": "Sistemas secuenciais programables", "hours": 160}, {"code": "MP1708", "name": "Sostibilidade aplicada ao sistema produtivo", "hours": 30}, {"code": "MP0967", "name": "Comunicacións industriais", "hours": 246}, {"code": "MP1665", "name": "Dixitalización aplicada ao sistema produtivo", "hours": 30}, {"code": "MP0968", "name": "Integración de sistemas de automatización industrial", "hours": 246}, {"code": "MP1710", "name": "Itinerario persoal para a empregabilidade II", "hours": 50}, {"code": "MP0969", "name": "Proxecto intermodular de automatización e robótica industrial", "hours": 50}, {"code": "MP0966", "name": "Robótica industrial", "hours": 137}, {"code": "MP0965", "name": "Sistemas programables avanzados", "hours": 191}], "learned": "cións automáticas de medida, regulación e control de procesos en sistemas industriais, así como supervisar ou executar a montaxe, o mantemento e a posta en marcha deses sistemas, respectando criterios de calidade, seguri- dade, protección ambiental e deseño universal.", "work_context": "nadas cos sistemas automáticos industriais, nas áreas de deseño, montaxe e mantemento de sistemas de automatización industrial."}'::jsonb,
  'official_upload',
  now(),
  now(),
  now()
)
on conflict (id) do update set
  name=excluded.name,
  type=excluded.type,
  level=excluded.level,
  family=excluded.family,
  jurisdiction=excluded.jurisdiction,
  route=excluded.route,
  subjects=excluded.subjects,
  ponderation_subjects=excluded.ponderation_subjects,
  route_options=excluded.route_options,
  availability_by_province=excluded.availability_by_province,
  sources=excluded.sources,
  source_url=excluded.source_url,
  source_id=excluded.source_id,
  raw=excluded.raw,
  data_quality=excluded.data_quality,
  verified_at=excluded.verified_at,
  last_seen_at=excluded.last_seen_at,
  updated_at=now();


insert into public.itinera_fp_catalog_details(id,study_id,learned,work_context,jobs,modules,source_file,raw)
values ('detail-fp-v36-cs-automatizacion-e-robotica-industrial','fp-v36-cs-automatizacion-e-robotica-industrial','cións automáticas de medida, regulación e control de procesos en sistemas industriais, así como supervisar ou executar a montaxe, o mantemento e a posta en marcha deses sistemas, respectando criterios de calidade, seguri- dade, protección ambiental e deseño universal.','nadas cos sistemas automáticos industriais, nas áreas de deseño, montaxe e mantemento de sistemas de automatización industrial.','["industrial", "xefe/a de equipo de supervisión de mantemento de sistemas de automatización industrial", "verificador/a de aparellos, cadros e equipamentos eléctricos", "xefe/a de equipo en taller electromecánico", "técnico/a en organi- zación de mantemento de sistemas de automatización industrial", "técnico/a de posta en marcha de sistemas de automatización industrial", "proxectista de sistemas de control de sistemas de automatización industrial", "proxec- tista de sistemas de medida e regulación de sistemas de automatización industrial", "proxectista de redes de comunicación de sistemas de automati- zación industrial", "programador/a, controlador/a de robots industriais", "técni- co/a en deseño de sistemas de control eléctrico", "deseñador/a de circuítos e sistemas integrados en automatización industrial."]'::jsonb,'[{"code": "MP0963", "name": "Documentación técnica", "hours": 78}, {"code": "MP0964", "name": "Informática industrial", "hours": 78}, {"code": "MP0179", "name": "Inglés profesional", "hours": 60}, {"code": "MP1709", "name": "Itinerario persoal para a empregabilidade I", "hours": 107}, {"code": "MP0961", "name": "Sistemas de medida e regulación", "hours": 133}, {"code": "MP0962", "name": "Sistemas de potencia", "hours": 154}, {"code": "MP0959", "name": "Sistemas eléctricos, pneumáticos e hidráulicos", "hours": 160}, {"code": "MP0960", "name": "Sistemas secuenciais programables", "hours": 160}, {"code": "MP1708", "name": "Sostibilidade aplicada ao sistema produtivo", "hours": 30}, {"code": "MP0967", "name": "Comunicacións industriais", "hours": 246}, {"code": "MP1665", "name": "Dixitalización aplicada ao sistema produtivo", "hours": 30}, {"code": "MP0968", "name": "Integración de sistemas de automatización industrial", "hours": 246}, {"code": "MP1710", "name": "Itinerario persoal para a empregabilidade II", "hours": 50}, {"code": "MP0969", "name": "Proxecto intermodular de automatización e robótica industrial", "hours": 50}, {"code": "MP0966", "name": "Robótica industrial", "hours": 137}, {"code": "MP0965", "name": "Sistemas programables avanzados", "hours": 191}]'::jsonb,'07-electricidade_e_electronica_v7.pdf',jsonb_build_object('source_upload','3 base de datos itinera.zip','duration_hours','2000'))
on conflict (id) do update set study_id=excluded.study_id,learned=excluded.learned,work_context=excluded.work_context,jobs=excluded.jobs,modules=excluded.modules,source_file=excluded.source_file,raw=excluded.raw,updated_at=now();


insert into public.itinera_studies(id,name,type,level,family,jurisdiction,official_title,route,subjects,ponderation_subjects,route_options,availability_by_province,sources,source_url,source_id,raw,data_quality,verified_at,last_seen_at,updated_at)
values (
  'fp-v36-cs-mantemento-electronico',
  'Mantemento electrónico',
  'fpgs',
  'Ciclo formativo de grao superior',
  'Electricidade e electrónica',
  'Galicia',
  true,
  'Consultar requisitos, prazas, centros, modalidade e fontes oficiais antes de decidir.',
  '["Circuitos electrónicos analóxicos", "Equipamentos microprogramables", "Inglés profesional", "Itinerario persoal para a empregabilidade I", "Mantemento de equipamentos de electrónica industrial", "Sostibilidade aplicada ao sistema produtivo", "Técnicas e procesos de montaxe e mantemento de equipamentos", "Dixitalización aplicada ao sistema produtivo", "Infraestruturas e desenvolvemento do mantemento electrónico", "Itinerario persoal para a empregabilidade II", "Mantemento de equipamentos de audio", "Mantemento de equipamentos de radiocomunicacións"]'::jsonb,
  '[{"subject": "Non aplica ou consultar fonte oficial", "weight": "consultar fonte oficial"}]'::jsonb,
  '[]'::jsonb,
  '{"Galicia": ["Consultar oferta por provincia, centro, modalidade e curso na Xunta FP."]}'::jsonb,
  '["xunta-fp-catalogo-familias-2025-2026", "xunta-fp-ciclos", "todofp-familias"]'::jsonb,
  'https://www.edu.xunta.gal/fp/oferta-fp',
  'xunta-fp-catalogo-familias-2025-2026',
  '{"source_upload": "3 base de datos itinera.zip", "source_file": "07-electricidade_e_electronica_v7.pdf", "duration_hours": 2000, "modules": [{"code": "MP1051", "name": "Circuitos electrónicos analóxicos", "hours": 209}, {"code": "MP1052", "name": "Equipamentos microprogramables", "hours": 236}, {"code": "MP0179", "name": "Inglés profesional", "hours": 60}, {"code": "MP1709", "name": "Itinerario persoal para a empregabilidade I", "hours": 107}, {"code": "MP1055", "name": "Mantemento de equipamentos de electrónica industrial", "hours": 160}, {"code": "MP1708", "name": "Sostibilidade aplicada ao sistema produtivo", "hours": 30}, {"code": "MP1058", "name": "Técnicas e procesos de montaxe e mantemento de equipamentos", "hours": 158}, {"code": "MP1665", "name": "Dixitalización aplicada ao sistema produtivo", "hours": 30}, {"code": "MP1059", "name": "Infraestruturas e desenvolvemento do mantemento electrónico", "hours": 110}, {"code": "MP1710", "name": "Itinerario persoal para a empregabilidade II", "hours": 50}, {"code": "MP1056", "name": "Mantemento de equipamentos de audio", "hours": 164}, {"code": "MP1053", "name": "Mantemento de equipamentos de radiocomunicacións", "hours": 191}, {"code": "MP1057", "name": "Mantemento de equipamentos de vídeo", "hours": 164}, {"code": "MP1054", "name": "Mantemento de equipamentos de voz e datos", "hours": 191}, {"code": "MP1060", "name": "Proxecto intermodular de mantemento electrónico", "hours": 50}], "learned": "industriais e de consumo, así como planificar e organizar os procesos de mantemento, con criterios de calidade, aplicando a normativa e os plans de prevención de riscos laborais e ambientais.", "work_context": "mantemento e a reparación de equipamentos e sistemas de telecomunica- cións, sistemas microprocesados,redes de banda larga, telemática e radio- comunicacións, así como equipamentos industriais e profesionais de son e vídeo, por conta propia ou allea."}'::jsonb,
  'official_upload',
  now(),
  now(),
  now()
)
on conflict (id) do update set
  name=excluded.name,
  type=excluded.type,
  level=excluded.level,
  family=excluded.family,
  jurisdiction=excluded.jurisdiction,
  route=excluded.route,
  subjects=excluded.subjects,
  ponderation_subjects=excluded.ponderation_subjects,
  route_options=excluded.route_options,
  availability_by_province=excluded.availability_by_province,
  sources=excluded.sources,
  source_url=excluded.source_url,
  source_id=excluded.source_id,
  raw=excluded.raw,
  data_quality=excluded.data_quality,
  verified_at=excluded.verified_at,
  last_seen_at=excluded.last_seen_at,
  updated_at=now();


insert into public.itinera_fp_catalog_details(id,study_id,learned,work_context,jobs,modules,source_file,raw)
values ('detail-fp-v36-cs-mantemento-electronico','fp-v36-cs-mantemento-electronico','industriais e de consumo, así como planificar e organizar os procesos de mantemento, con criterios de calidade, aplicando a normativa e os plans de prevención de riscos laborais e ambientais.','mantemento e a reparación de equipamentos e sistemas de telecomunica- cións, sistemas microprocesados,redes de banda larga, telemática e radio- comunicacións, así como equipamentos industriais e profesionais de son e vídeo, por conta propia ou allea.','["dio e televisión e sistemas de produción audiovisual", "técnico/a en reparación e mantemento de sistemas de radio e televisión, e sistemas de produción audiovisual", "técnico/a en supervisión e verificación de equipamentos de sis- temas de radiodifusión", "técnico/a en reparación e mantemento de sistemas de radiodifusión", "técnico/a en supervisión e verificación de equipamentos de sistemas domóticos, inmóticos e de seguridade electrónica", "técnico/a en reparación e mantemento de sistemas domóticos, inmóticos e de segurida- de electrónica", "técnico/a en supervisión e verificación de equipamentos de redes locais e sistemas telemáticos", "técnico/a en reparación e mantemento de equipamentos de redes locais e sistemas telemáticos", "técnico/a en su- pervisión, verificación e control de sistemas de radioenlaces", "técnico/a en reparación e mantemento de equipamentos profesionais de son", "técnico/a en reparación e mantemento de equipamentos profesionais de vídeo", "técni- co/a en reparación e mantemento de equipamentos industriais."]'::jsonb,'[{"code": "MP1051", "name": "Circuitos electrónicos analóxicos", "hours": 209}, {"code": "MP1052", "name": "Equipamentos microprogramables", "hours": 236}, {"code": "MP0179", "name": "Inglés profesional", "hours": 60}, {"code": "MP1709", "name": "Itinerario persoal para a empregabilidade I", "hours": 107}, {"code": "MP1055", "name": "Mantemento de equipamentos de electrónica industrial", "hours": 160}, {"code": "MP1708", "name": "Sostibilidade aplicada ao sistema produtivo", "hours": 30}, {"code": "MP1058", "name": "Técnicas e procesos de montaxe e mantemento de equipamentos", "hours": 158}, {"code": "MP1665", "name": "Dixitalización aplicada ao sistema produtivo", "hours": 30}, {"code": "MP1059", "name": "Infraestruturas e desenvolvemento do mantemento electrónico", "hours": 110}, {"code": "MP1710", "name": "Itinerario persoal para a empregabilidade II", "hours": 50}, {"code": "MP1056", "name": "Mantemento de equipamentos de audio", "hours": 164}, {"code": "MP1053", "name": "Mantemento de equipamentos de radiocomunicacións", "hours": 191}, {"code": "MP1057", "name": "Mantemento de equipamentos de vídeo", "hours": 164}, {"code": "MP1054", "name": "Mantemento de equipamentos de voz e datos", "hours": 191}, {"code": "MP1060", "name": "Proxecto intermodular de mantemento electrónico", "hours": 50}]'::jsonb,'07-electricidade_e_electronica_v7.pdf',jsonb_build_object('source_upload','3 base de datos itinera.zip','duration_hours','2000'))
on conflict (id) do update set study_id=excluded.study_id,learned=excluded.learned,work_context=excluded.work_context,jobs=excluded.jobs,modules=excluded.modules,source_file=excluded.source_file,raw=excluded.raw,updated_at=now();


insert into public.itinera_studies(id,name,type,level,family,jurisdiction,official_title,route,subjects,ponderation_subjects,route_options,availability_by_province,sources,source_url,source_id,raw,data_quality,verified_at,last_seen_at,updated_at)
values (
  'fp-v36-cs-sistemas-de-telecomunicacions-e-informaticos',
  'Sistemas de telecomunicacións e informáticos',
  'fpgs',
  'Ciclo formativo de grao superior',
  'Electricidade e electrónica',
  'Galicia',
  true,
  'Consultar requisitos, prazas, centros, modalidade e fontes oficiais antes de decidir.',
  '["Configuración de infraestruturas de sistemas de telecomu-", "Elementos de sistemas de telecomunicacións", "Inglés profesional", "Itinerario persoal para a empregabilidade I", "Sistemas de telefonía fixa e móbil", "Sistemas informáticos e redes locais", "Sostibilidade aplicada ao sistema produtivo", "Técnicas e procesos en infraestruturas de telecomunicacións", "Dixitalización aplicada ao sistema produtivo", "Itinerario persoal para a empregabilidade II", "Proxecto intermodular de sistemas de telecomunicacións e in-", "Redes telemáticas"]'::jsonb,
  '[{"subject": "Non aplica ou consultar fonte oficial", "weight": "consultar fonte oficial"}]'::jsonb,
  '[]'::jsonb,
  '{"Galicia": ["Consultar oferta por provincia, centro, modalidade e curso na Xunta FP."]}'::jsonb,
  '["xunta-fp-catalogo-familias-2025-2026", "xunta-fp-ciclos", "todofp-familias"]'::jsonb,
  'https://www.edu.xunta.gal/fp/oferta-fp',
  'xunta-fp-catalogo-familias-2025-2026',
  '{"source_upload": "3 base de datos itinera.zip", "source_file": "07-electricidade_e_electronica_v7.pdf", "duration_hours": 2000, "modules": [{"code": "MP0525", "name": "Configuración de infraestruturas de sistemas de telecomu-", "hours": 78}, {"code": "MP0551", "name": "Elementos de sistemas de telecomunicacións", "hours": 209}, {"code": "MP0179", "name": "Inglés profesional", "hours": 60}, {"code": "MP1709", "name": "Itinerario persoal para a empregabilidade I", "hours": 107}, {"code": "MP0713", "name": "Sistemas de telefonía fixa e móbil", "hours": 103}, {"code": "MP0552", "name": "Sistemas informáticos e redes locais", "hours": 213}, {"code": "MP1708", "name": "Sostibilidade aplicada ao sistema produtivo", "hours": 30}, {"code": "MP0553", "name": "Técnicas e procesos en infraestruturas de telecomunicacións", "hours": 160}, {"code": "MP1665", "name": "Dixitalización aplicada ao sistema produtivo", "hours": 30}, {"code": "MP1710", "name": "Itinerario persoal para a empregabilidade II", "hours": 50}, {"code": "MP0558", "name": "Proxecto intermodular de sistemas de telecomunicacións e in-", "hours": 50}, {"code": "MP0555", "name": "Redes telemáticas", "hours": 164}, {"code": "MP0554", "name": "Sistemas de produción audiovisual", "hours": 246}, {"code": "MP0556", "name": "Sistemas de radiocomunicacións", "hours": 137}, {"code": "MP0557", "name": "Sistemas integrados e fogar dixital", "hours": 164}, {"code": "MP0601", "name": "Xestión de proxectos de instalacións de telecomunicacións", "hours": 109}], "learned": "temento das infraestruturas comúns de telecomunicacións e de sistemas e equipamentos de telecomunicacións tales como redes de banda larga e de radiocomunicacións fixas e móbiles, sistemas telemáticos, de produción audiovisual e de transmisión, a partir da documentación técnica, da nor- mativa e dos procedementos establecidos, asegurando o funcionamento, a calidade, a seguridade e a conservación ambiental.", "work_context": "municacións, a integración de sistemas, redes de banda larga, telemática e medios audiovisuais, como persoal desenvolvedor de proxectos, integrador de sistemas e supervisor da montaxe e o mantemento das instalacións e infraestruturas, tanto por conta propia como por conta allea."}'::jsonb,
  'official_upload',
  now(),
  now(),
  now()
)
on conflict (id) do update set
  name=excluded.name,
  type=excluded.type,
  level=excluded.level,
  family=excluded.family,
  jurisdiction=excluded.jurisdiction,
  route=excluded.route,
  subjects=excluded.subjects,
  ponderation_subjects=excluded.ponderation_subjects,
  route_options=excluded.route_options,
  availability_by_province=excluded.availability_by_province,
  sources=excluded.sources,
  source_url=excluded.source_url,
  source_id=excluded.source_id,
  raw=excluded.raw,
  data_quality=excluded.data_quality,
  verified_at=excluded.verified_at,
  last_seen_at=excluded.last_seen_at,
  updated_at=now();


insert into public.itinera_fp_catalog_details(id,study_id,learned,work_context,jobs,modules,source_file,raw)
values ('detail-fp-v36-cs-sistemas-de-telecomunicacions-e-informaticos','fp-v36-cs-sistemas-de-telecomunicacions-e-informaticos','temento das infraestruturas comúns de telecomunicacións e de sistemas e equipamentos de telecomunicacións tales como redes de banda larga e de radiocomunicacións fixas e móbiles, sistemas telemáticos, de produción audiovisual e de transmisión, a partir da documentación técnica, da nor- mativa e dos procedementos establecidos, asegurando o funcionamento, a calidade, a seguridade e a conservación ambiental.','municacións, a integración de sistemas, redes de banda larga, telemática e medios audiovisuais, como persoal desenvolvedor de proxectos, integrador de sistemas e supervisor da montaxe e o mantemento das instalacións e infraestruturas, tanto por conta propia como por conta allea.','["lecomunicacións para vivendas e edificios", "xefe/a de obra en instalacións de telecomunicacións."]'::jsonb,'[{"code": "MP0525", "name": "Configuración de infraestruturas de sistemas de telecomu-", "hours": 78}, {"code": "MP0551", "name": "Elementos de sistemas de telecomunicacións", "hours": 209}, {"code": "MP0179", "name": "Inglés profesional", "hours": 60}, {"code": "MP1709", "name": "Itinerario persoal para a empregabilidade I", "hours": 107}, {"code": "MP0713", "name": "Sistemas de telefonía fixa e móbil", "hours": 103}, {"code": "MP0552", "name": "Sistemas informáticos e redes locais", "hours": 213}, {"code": "MP1708", "name": "Sostibilidade aplicada ao sistema produtivo", "hours": 30}, {"code": "MP0553", "name": "Técnicas e procesos en infraestruturas de telecomunicacións", "hours": 160}, {"code": "MP1665", "name": "Dixitalización aplicada ao sistema produtivo", "hours": 30}, {"code": "MP1710", "name": "Itinerario persoal para a empregabilidade II", "hours": 50}, {"code": "MP0558", "name": "Proxecto intermodular de sistemas de telecomunicacións e in-", "hours": 50}, {"code": "MP0555", "name": "Redes telemáticas", "hours": 164}, {"code": "MP0554", "name": "Sistemas de produción audiovisual", "hours": 246}, {"code": "MP0556", "name": "Sistemas de radiocomunicacións", "hours": 137}, {"code": "MP0557", "name": "Sistemas integrados e fogar dixital", "hours": 164}, {"code": "MP0601", "name": "Xestión de proxectos de instalacións de telecomunicacións", "hours": 109}]'::jsonb,'07-electricidade_e_electronica_v7.pdf',jsonb_build_object('source_upload','3 base de datos itinera.zip','duration_hours','2000'))
on conflict (id) do update set study_id=excluded.study_id,learned=excluded.learned,work_context=excluded.work_context,jobs=excluded.jobs,modules=excluded.modules,source_file=excluded.source_file,raw=excluded.raw,updated_at=now();


insert into public.itinera_studies(id,name,type,level,family,jurisdiction,official_title,route,subjects,ponderation_subjects,route_options,availability_by_province,sources,source_url,source_id,raw,data_quality,verified_at,last_seen_at,updated_at)
values (
  'fp-v36-cs-sistemas-electrotecnicos-e-automatizados',
  'Sistemas electrotécnicos e automatizados',
  'fpgs',
  'Ciclo formativo de grao superior',
  'Electricidade e electrónica',
  'Galicia',
  true,
  'Consultar requisitos, prazas, centros, modalidade e fontes oficiais antes de decidir.',
  '["Inglés profesional", "Itinerario persoal para a empregabilidade I", "municacións", "Sistemas e circuítos eléctricos", "Sostibilidade aplicada ao sistema produtivo", "Técnicas e procesos en instalacións domóticas e automáticas", "Técnicas e procesos en instalacións eléctricas", "Configuración de instalacións domóticas e automáticas", "Configuración de instalacións eléctricas", "Desenvolvemento de redes eléctricas e centros de transfor-", "Dixitalización aplicada ao sistema produtivo", "Documentación técnica en instalacións eléctricas"]'::jsonb,
  '[{"subject": "Non aplica ou consultar fonte oficial", "weight": "consultar fonte oficial"}]'::jsonb,
  '[]'::jsonb,
  '{"Galicia": ["Consultar oferta por provincia, centro, modalidade e curso na Xunta FP."]}'::jsonb,
  '["xunta-fp-catalogo-familias-2025-2026", "xunta-fp-ciclos", "todofp-familias"]'::jsonb,
  'https://www.edu.xunta.gal/fp/oferta-fp',
  'xunta-fp-catalogo-familias-2025-2026',
  '{"source_upload": "3 base de datos itinera.zip", "source_file": "07-electricidade_e_electronica_v7.pdf", "duration_hours": 2000, "modules": [{"code": "MP0179", "name": "Inglés profesional", "hours": 60}, {"code": "MP1709", "name": "Itinerario persoal para a empregabilidade I", "hours": 107}, {"code": "MP0517", "name": "municacións", "hours": 158}, {"code": "MP0520", "name": "Sistemas e circuítos eléctricos", "hours": 184}, {"code": "MP1708", "name": "Sostibilidade aplicada ao sistema produtivo", "hours": 30}, {"code": "MP0521", "name": "Técnicas e procesos en instalacións domóticas e automáticas", "hours": 213}, {"code": "MP0518", "name": "Técnicas e procesos en instalacións eléctricas", "hours": 208}, {"code": "MP0523", "name": "Configuración de instalacións domóticas e automáticas", "hours": 191}, {"code": "MP0524", "name": "Configuración de instalacións eléctricas", "hours": 191}, {"code": "MP0522", "name": "Desenvolvemento de redes eléctricas e centros de transfor-", "hours": 191}, {"code": "MP1665", "name": "Dixitalización aplicada ao sistema produtivo", "hours": 30}, {"code": "MP0519", "name": "Documentación técnica en instalacións eléctricas", "hours": 138}, {"code": "MP1710", "name": "Itinerario persoal para a empregabilidade II", "hours": 50}, {"code": "MP0526", "name": "Proxecto intermodular de sistemas electrotécnicos e automati-", "hours": 50}, {"code": "MP0602", "name": "Xestión da montaxe e do mantemento de instalacións eléc-", "hours": 109}], "learned": "xestionar e supervisar a montaxe e o mantemento de instalacións electro- técnicas no ámbito do Regulamento Orgánico para Baixa Tensión (REBT). Tamén consiste en supervisar o mantemento de instalacións de infraes- truturas comúns de telecomunicacións, a partir da documentación técnica, especificacións, normativa e procedementos establecidos, asegurando o funcionamento, a calidade, a seguridade, e a conservación ambiental.", "work_context": "privadas|dedicadas ao desenvolvemento de proxectos|á xestión e á super- visión da montaxe e do mantemento de instalacións eléctricas no ámbito de edificios e con fins especiais|á instalación de sistemas domóticos e inmóti- cos|a infraestruturas de telecomunicación en edificios|a redes eléctricas de baixa e a sistemas automatizados|tanto por conta propia como por conta allea."}'::jsonb,
  'official_upload',
  now(),
  now(),
  now()
)
on conflict (id) do update set
  name=excluded.name,
  type=excluded.type,
  level=excluded.level,
  family=excluded.family,
  jurisdiction=excluded.jurisdiction,
  route=excluded.route,
  subjects=excluded.subjects,
  ponderation_subjects=excluded.ponderation_subjects,
  route_options=excluded.route_options,
  availability_by_province=excluded.availability_by_province,
  sources=excluded.sources,
  source_url=excluded.source_url,
  source_id=excluded.source_id,
  raw=excluded.raw,
  data_quality=excluded.data_quality,
  verified_at=excluded.verified_at,
  last_seen_at=excluded.last_seen_at,
  updated_at=now();


insert into public.itinera_fp_catalog_details(id,study_id,learned,work_context,jobs,modules,source_file,raw)
values ('detail-fp-v36-cs-sistemas-electrotecnicos-e-automatizados','fp-v36-cs-sistemas-electrotecnicos-e-automatizados','xestionar e supervisar a montaxe e o mantemento de instalacións electro- técnicas no ámbito do Regulamento Orgánico para Baixa Tensión (REBT). Tamén consiste en supervisar o mantemento de instalacións de infraes- truturas comúns de telecomunicacións, a partir da documentación técnica, especificacións, normativa e procedementos establecidos, asegurando o funcionamento, a calidade, a seguridade, e a conservación ambiental.','privadas|dedicadas ao desenvolvemento de proxectos|á xestión e á super- visión da montaxe e do mantemento de instalacións eléctricas no ámbito de edificios e con fins especiais|á instalación de sistemas domóticos e inmóti- cos|a infraestruturas de telecomunicación en edificios|a redes eléctricas de baixa e a sistemas automatizados|tanto por conta propia como por conta allea.','["proxectista de instalacións de electrificación en baixa tensión para vi- vendas e edificios", "proxectista de instalacións de electrificación en baixa tensión para locais especiais", "proxectista de instalacións de iluminación exterior", "proxectista de liñas eléctricas de distribución de enerxía eléctrica en media tensión e centros de transformación", "proxectista en instalacións de antenas e de telefonía para vivendas e edificios", "coordinador/a técnico/a de instalacións electrotécnicas de baixa tensión para os edificios", "técnico/a de supervisión, verificación e control de equipamentos e instalacións elec- trotécnicas e automatizadas", "técnico/a supervisor/a de instalacións de ilu- minación exterior", "capataz de obras en instalacións electrotécnicas", "xefe/a de equipo de instalación de baixa tensión para edificios", "coordinador téc- nico de redes eléctricas de baixa tensión e iluminación exterior", "capataz de obras en redes eléctricas de distribución en baixa tensión e iluminación exterior", "en- cargado/a de obras en redes eléctricas de distribución en baixa tensión e iluminación exterior", "xefe/a de equipo de instalación en redes eléctricas de distribución en baixa tensión e iluminación exterior", "xestor/a do mantemen- to de instalacións eléctricas de distribución e iluminación exterior."]'::jsonb,'[{"code": "MP0179", "name": "Inglés profesional", "hours": 60}, {"code": "MP1709", "name": "Itinerario persoal para a empregabilidade I", "hours": 107}, {"code": "MP0517", "name": "municacións", "hours": 158}, {"code": "MP0520", "name": "Sistemas e circuítos eléctricos", "hours": 184}, {"code": "MP1708", "name": "Sostibilidade aplicada ao sistema produtivo", "hours": 30}, {"code": "MP0521", "name": "Técnicas e procesos en instalacións domóticas e automáticas", "hours": 213}, {"code": "MP0518", "name": "Técnicas e procesos en instalacións eléctricas", "hours": 208}, {"code": "MP0523", "name": "Configuración de instalacións domóticas e automáticas", "hours": 191}, {"code": "MP0524", "name": "Configuración de instalacións eléctricas", "hours": 191}, {"code": "MP0522", "name": "Desenvolvemento de redes eléctricas e centros de transfor-", "hours": 191}, {"code": "MP1665", "name": "Dixitalización aplicada ao sistema produtivo", "hours": 30}, {"code": "MP0519", "name": "Documentación técnica en instalacións eléctricas", "hours": 138}, {"code": "MP1710", "name": "Itinerario persoal para a empregabilidade II", "hours": 50}, {"code": "MP0526", "name": "Proxecto intermodular de sistemas electrotécnicos e automati-", "hours": 50}, {"code": "MP0602", "name": "Xestión da montaxe e do mantemento de instalacións eléc-", "hours": 109}]'::jsonb,'07-electricidade_e_electronica_v7.pdf',jsonb_build_object('source_upload','3 base de datos itinera.zip','duration_hours','2000'))
on conflict (id) do update set study_id=excluded.study_id,learned=excluded.learned,work_context=excluded.work_context,jobs=excluded.jobs,modules=excluded.modules,source_file=excluded.source_file,raw=excluded.raw,updated_at=now();


insert into public.itinera_studies(id,name,type,level,family,jurisdiction,official_title,route,subjects,ponderation_subjects,route_options,availability_by_province,sources,source_url,source_id,raw,data_quality,verified_at,last_seen_at,updated_at)
values (
  'fp-v36-em-implementacion-de-redes-5g',
  'Implementación de redes 5G',
  'especializacion_gm',
  'Curso de especialización de grao medio',
  'Electricidade e electrónica',
  'Galicia',
  true,
  'Consultar requisitos, prazas, centros, modalidade e fontes oficiais antes de decidir.',
  '["Implementación de redes 5G", "Mantemento de infraestruturas e redes 5G"]'::jsonb,
  '[{"subject": "Non aplica ou consultar fonte oficial", "weight": "consultar fonte oficial"}]'::jsonb,
  '[]'::jsonb,
  '{"Galicia": ["Consultar oferta por provincia, centro, modalidade e curso na Xunta FP."]}'::jsonb,
  '["xunta-fp-catalogo-familias-2025-2026", "xunta-fp-ciclos", "todofp-familias"]'::jsonb,
  'https://www.edu.xunta.gal/fp/oferta-fp',
  'xunta-fp-catalogo-familias-2025-2026',
  '{"source_upload": "3 base de datos itinera.zip", "source_file": "07-electricidade_e_electronica_v7.pdf", "duration_hours": 300, "modules": [{"code": "MP5053", "name": "Implementación de redes 5G", "hours": 198}, {"code": "MP5054", "name": "Mantemento de infraestruturas e redes 5G", "hours": 102}], "learned": "terconexión que residen nos centros de datos aplicando a normativa e re- gulamentación vixente, os protocolos de calidade, privacidade, seguridade dixital e riscos laborais, asegurando a súa funcionalidade e respecto ao me- dio ambiente", "work_context": "des teñan unha tendencia á instalación e mantemento das redes 5G."}'::jsonb,
  'official_upload',
  now(),
  now(),
  now()
)
on conflict (id) do update set
  name=excluded.name,
  type=excluded.type,
  level=excluded.level,
  family=excluded.family,
  jurisdiction=excluded.jurisdiction,
  route=excluded.route,
  subjects=excluded.subjects,
  ponderation_subjects=excluded.ponderation_subjects,
  route_options=excluded.route_options,
  availability_by_province=excluded.availability_by_province,
  sources=excluded.sources,
  source_url=excluded.source_url,
  source_id=excluded.source_id,
  raw=excluded.raw,
  data_quality=excluded.data_quality,
  verified_at=excluded.verified_at,
  last_seen_at=excluded.last_seen_at,
  updated_at=now();


insert into public.itinera_fp_catalog_details(id,study_id,learned,work_context,jobs,modules,source_file,raw)
values ('detail-fp-v36-em-implementacion-de-redes-5g','fp-v36-em-implementacion-de-redes-5g','terconexión que residen nos centros de datos aplicando a normativa e re- gulamentación vixente, os protocolos de calidade, privacidade, seguridade dixital e riscos laborais, asegurando a súa funcionalidade e respecto ao me- dio ambiente','des teñan unha tendencia á instalación e mantemento das redes 5G.','["en infraestruturas de redes 5G", "operador/a en remoto de interconexións de redes 5G", "técnico/a Instalador/a de dispositivos de interconexión de redes 5G", "técnico/a mantedor/a de dispositivos de interconexión de redes 5G."]'::jsonb,'[{"code": "MP5053", "name": "Implementación de redes 5G", "hours": 198}, {"code": "MP5054", "name": "Mantemento de infraestruturas e redes 5G", "hours": 102}]'::jsonb,'07-electricidade_e_electronica_v7.pdf',jsonb_build_object('source_upload','3 base de datos itinera.zip','duration_hours','300'))
on conflict (id) do update set study_id=excluded.study_id,learned=excluded.learned,work_context=excluded.work_context,jobs=excluded.jobs,modules=excluded.modules,source_file=excluded.source_file,raw=excluded.raw,updated_at=now();


insert into public.itinera_studies(id,name,type,level,family,jurisdiction,official_title,route,subjects,ponderation_subjects,route_options,availability_by_province,sources,source_url,source_id,raw,data_quality,verified_at,last_seen_at,updated_at)
values (
  'fp-v36-em-instalacion-e-mantemento-de-sistemas-conectados-a-internet-iot',
  'Instalación e mantemento de sistemas conectados a internet (IoT)',
  'especializacion_gm',
  'Curso de especialización de grao medio',
  'Electricidade e electrónica',
  'Galicia',
  true,
  'Consultar requisitos, prazas, centros, modalidade e fontes oficiais antes de decidir.',
  '["Instalación de dispositivos e sistemas conectados, IoT", "Mantemento de dispositivos e sistemas conectados, IoT"]'::jsonb,
  '[{"subject": "Non aplica ou consultar fonte oficial", "weight": "consultar fonte oficial"}]'::jsonb,
  '[]'::jsonb,
  '{"Galicia": ["Consultar oferta por provincia, centro, modalidade e curso na Xunta FP."]}'::jsonb,
  '["xunta-fp-catalogo-familias-2025-2026", "xunta-fp-ciclos", "todofp-familias"]'::jsonb,
  'https://www.edu.xunta.gal/fp/oferta-fp',
  'xunta-fp-catalogo-familias-2025-2026',
  '{"source_upload": "3 base de datos itinera.zip", "source_file": "07-electricidade_e_electronica_v7.pdf", "duration_hours": 360, "modules": [{"code": "MP5081", "name": "Instalación de dispositivos e sistemas conectados, IoT", "hours": 198}, {"code": "MP5082", "name": "Mantemento de dispositivos e sistemas conectados, IoT", "hours": 162}], "learned": "nectados a internet, IoT, asegurando a súa funcionalidade e conectividade, aplicando a normativa e a regulamentación, e os protocolos de calidade, privacidade, seguridade dixital, riscos laborais e respecto ambiental.", "work_context": "á posta en servizo e ao mantemento de todo tipo de dispositivos, desde sensores e actuadores a obxectos comúns e sistemas conectados."}'::jsonb,
  'official_upload',
  now(),
  now(),
  now()
)
on conflict (id) do update set
  name=excluded.name,
  type=excluded.type,
  level=excluded.level,
  family=excluded.family,
  jurisdiction=excluded.jurisdiction,
  route=excluded.route,
  subjects=excluded.subjects,
  ponderation_subjects=excluded.ponderation_subjects,
  route_options=excluded.route_options,
  availability_by_province=excluded.availability_by_province,
  sources=excluded.sources,
  source_url=excluded.source_url,
  source_id=excluded.source_id,
  raw=excluded.raw,
  data_quality=excluded.data_quality,
  verified_at=excluded.verified_at,
  last_seen_at=excluded.last_seen_at,
  updated_at=now();


insert into public.itinera_fp_catalog_details(id,study_id,learned,work_context,jobs,modules,source_file,raw)
values ('detail-fp-v36-em-instalacion-e-mantemento-de-sistemas-conectados-a-internet-iot','fp-v36-em-instalacion-e-mantemento-de-sistemas-conectados-a-internet-iot','nectados a internet, IoT, asegurando a súa funcionalidade e conectividade, aplicando a normativa e a regulamentación, e os protocolos de calidade, privacidade, seguridade dixital, riscos laborais e respecto ambiental.','á posta en servizo e ao mantemento de todo tipo de dispositivos, desde sensores e actuadores a obxectos comúns e sistemas conectados.','["instalador/a e reparador/a de sistemas e dispositivos conectados", "ins- talador/a e reparador/a en tecnoloxías da información e da comunica- ción", "instalador/a e reparador/a de dispositivos IoT", "mantedor/a de sistemas conectados", "técnico/a en IoT."]'::jsonb,'[{"code": "MP5081", "name": "Instalación de dispositivos e sistemas conectados, IoT", "hours": 198}, {"code": "MP5082", "name": "Mantemento de dispositivos e sistemas conectados, IoT", "hours": 162}]'::jsonb,'07-electricidade_e_electronica_v7.pdf',jsonb_build_object('source_upload','3 base de datos itinera.zip','duration_hours','360'))
on conflict (id) do update set study_id=excluded.study_id,learned=excluded.learned,work_context=excluded.work_context,jobs=excluded.jobs,modules=excluded.modules,source_file=excluded.source_file,raw=excluded.raw,updated_at=now();


insert into public.itinera_studies(id,name,type,level,family,jurisdiction,official_title,route,subjects,ponderation_subjects,route_options,availability_by_province,sources,source_url,source_id,raw,data_quality,verified_at,last_seen_at,updated_at)
values (
  'fp-v36-es-ciberseguridade-en-contornos-das-tecnoloxias-de-operacion',
  'Ciberseguridade en contornos das tecnoloxías de operación',
  'especializacion_gs',
  'Curso de especialización de grao superior',
  'Electricidade e electrónica',
  'Galicia',
  true,
  'Consultar requisitos, prazas, centros, modalidade e fontes oficiais antes de decidir.',
  '["Análise forense en ciberseguridade industrial", "Ciberseguridade en proxectos industriais", "Redes de comunicacións industriais seguras", "Seguridade integral", "Sistemas de control industrial seguros"]'::jsonb,
  '[{"subject": "Non aplica ou consultar fonte oficial", "weight": "consultar fonte oficial"}]'::jsonb,
  '[]'::jsonb,
  '{"Galicia": ["Consultar oferta por provincia, centro, modalidade e curso na Xunta FP."]}'::jsonb,
  '["xunta-fp-catalogo-familias-2025-2026", "xunta-fp-ciclos", "todofp-familias"]'::jsonb,
  'https://www.edu.xunta.gal/fp/oferta-fp',
  'xunta-fp-catalogo-familias-2025-2026',
  '{"source_upload": "3 base de datos itinera.zip", "source_file": "07-electricidade_e_electronica_v7.pdf", "duration_hours": 720, "modules": [{"code": "MP5030", "name": "Análise forense en ciberseguridade industrial", "hours": 180}, {"code": "MP5027", "name": "Ciberseguridade en proxectos industriais", "hours": 100}, {"code": "MP5029", "name": "Redes de comunicacións industriais seguras", "hours": 140}, {"code": "MP5031", "name": "Seguridade integral", "hours": 180}, {"code": "MP5028", "name": "Sistemas de control industrial seguros", "hours": 120}], "learned": "infraestruturas industriais, mediante a realización de diagnósticos de ciber- seguridade e a identificación de vulnerabilidades, así como a execución das medidas necesarias para as arranxar, aplicando a normativa e os estándares do sector, consonte protocolos de calidade, de prevención de riscos laborais e de respecto ambiental.", "work_context": "seguridade dos procesos industriais que desenvolven."}'::jsonb,
  'official_upload',
  now(),
  now(),
  now()
)
on conflict (id) do update set
  name=excluded.name,
  type=excluded.type,
  level=excluded.level,
  family=excluded.family,
  jurisdiction=excluded.jurisdiction,
  route=excluded.route,
  subjects=excluded.subjects,
  ponderation_subjects=excluded.ponderation_subjects,
  route_options=excluded.route_options,
  availability_by_province=excluded.availability_by_province,
  sources=excluded.sources,
  source_url=excluded.source_url,
  source_id=excluded.source_id,
  raw=excluded.raw,
  data_quality=excluded.data_quality,
  verified_at=excluded.verified_at,
  last_seen_at=excluded.last_seen_at,
  updated_at=now();


insert into public.itinera_fp_catalog_details(id,study_id,learned,work_context,jobs,modules,source_file,raw)
values ('detail-fp-v36-es-ciberseguridade-en-contornos-das-tecnoloxias-de-operacion','fp-v36-es-ciberseguridade-en-contornos-das-tecnoloxias-de-operacion','infraestruturas industriais, mediante a realización de diagnósticos de ciber- seguridade e a identificación de vulnerabilidades, así como a execución das medidas necesarias para as arranxar, aplicando a normativa e os estándares do sector, consonte protocolos de calidade, de prevención de riscos laborais e de respecto ambiental.','seguridade dos procesos industriais que desenvolven.','["ciberseguridade e analista de ciberseguridade", "todas elas en contornas da operación."]'::jsonb,'[{"code": "MP5030", "name": "Análise forense en ciberseguridade industrial", "hours": 180}, {"code": "MP5027", "name": "Ciberseguridade en proxectos industriais", "hours": 100}, {"code": "MP5029", "name": "Redes de comunicacións industriais seguras", "hours": 140}, {"code": "MP5031", "name": "Seguridade integral", "hours": 180}, {"code": "MP5028", "name": "Sistemas de control industrial seguros", "hours": 120}]'::jsonb,'07-electricidade_e_electronica_v7.pdf',jsonb_build_object('source_upload','3 base de datos itinera.zip','duration_hours','720'))
on conflict (id) do update set study_id=excluded.study_id,learned=excluded.learned,work_context=excluded.work_context,jobs=excluded.jobs,modules=excluded.modules,source_file=excluded.source_file,raw=excluded.raw,updated_at=now();


insert into public.itinera_studies(id,name,type,level,family,jurisdiction,official_title,route,subjects,ponderation_subjects,route_options,availability_by_province,sources,source_url,source_id,raw,data_quality,verified_at,last_seen_at,updated_at)
values (
  'fp-v36-es-robotica-colaborativa',
  'Robótica colaborativa',
  'especializacion_gs',
  'Curso de especialización de grao superior',
  'Electricidade e electrónica',
  'Galicia',
  true,
  'Consultar requisitos, prazas, centros, modalidade e fontes oficiais antes de decidir.',
  '["Configuración e programación", "Robótica colaborativa", "Robots móbiles autónomos", "Seguridade e mantemento"]'::jsonb,
  '[{"subject": "Non aplica ou consultar fonte oficial", "weight": "consultar fonte oficial"}]'::jsonb,
  '[]'::jsonb,
  '{"Galicia": ["Consultar oferta por provincia, centro, modalidade e curso na Xunta FP."]}'::jsonb,
  '["xunta-fp-catalogo-familias-2025-2026", "xunta-fp-ciclos", "todofp-familias"]'::jsonb,
  'https://www.edu.xunta.gal/fp/oferta-fp',
  'xunta-fp-catalogo-familias-2025-2026',
  '{"source_upload": "3 base de datos itinera.zip", "source_file": "07-electricidade_e_electronica_v7.pdf", "duration_hours": 400, "modules": [{"code": "MP5088", "name": "Configuración e programación", "hours": 181}, {"code": "MP5087", "name": "Robótica colaborativa", "hours": 81}, {"code": "MP5089", "name": "Robots móbiles autónomos", "hours": 81}, {"code": "MP5090", "name": "Seguridade e mantemento", "hours": 57}], "learned": "como de robots móbiles autónomos, así como realizar a montaxe, a posta en marcha e o mantemento dos devanditos sistemas, respectando criterios de calidade, seguridade, accesibilidade e respecto ambiental.", "work_context": "de especialización poderán exercer a súa actividade en empresas públicas e privadas de todos os sectores produtivos, por conta tanto allea como propia, desempeñando o seu traballo na área de deseño, desenvolvemen- to, montaxe, mantemento ou consultoría de actividades relacionadas coa robótica colaborativa."}'::jsonb,
  'official_upload',
  now(),
  now(),
  now()
)
on conflict (id) do update set
  name=excluded.name,
  type=excluded.type,
  level=excluded.level,
  family=excluded.family,
  jurisdiction=excluded.jurisdiction,
  route=excluded.route,
  subjects=excluded.subjects,
  ponderation_subjects=excluded.ponderation_subjects,
  route_options=excluded.route_options,
  availability_by_province=excluded.availability_by_province,
  sources=excluded.sources,
  source_url=excluded.source_url,
  source_id=excluded.source_id,
  raw=excluded.raw,
  data_quality=excluded.data_quality,
  verified_at=excluded.verified_at,
  last_seen_at=excluded.last_seen_at,
  updated_at=now();


insert into public.itinera_fp_catalog_details(id,study_id,learned,work_context,jobs,modules,source_file,raw)
values ('detail-fp-v36-es-robotica-colaborativa','fp-v36-es-robotica-colaborativa','como de robots móbiles autónomos, así como realizar a montaxe, a posta en marcha e o mantemento dos devanditos sistemas, respectando criterios de calidade, seguridade, accesibilidade e respecto ambiental.','de especialización poderán exercer a súa actividade en empresas públicas e privadas de todos os sectores produtivos, por conta tanto allea como propia, desempeñando o seu traballo na área de deseño, desenvolvemen- to, montaxe, mantemento ou consultoría de actividades relacionadas coa robótica colaborativa.','["borativa", "xefe/a de equipo de supervisión de mantemento de sistemas de robótica colaborativa", "proxectista de sistemas de robótica colaborativa", "téc- nico/a de posta en marcha de sistemas de robótica colaborativa", "programa- dor/a de robots colaborativos."]'::jsonb,'[{"code": "MP5088", "name": "Configuración e programación", "hours": 181}, {"code": "MP5087", "name": "Robótica colaborativa", "hours": 81}, {"code": "MP5089", "name": "Robots móbiles autónomos", "hours": 81}, {"code": "MP5090", "name": "Seguridade e mantemento", "hours": 57}]'::jsonb,'07-electricidade_e_electronica_v7.pdf',jsonb_build_object('source_upload','3 base de datos itinera.zip','duration_hours','400'))
on conflict (id) do update set study_id=excluded.study_id,learned=excluded.learned,work_context=excluded.work_context,jobs=excluded.jobs,modules=excluded.modules,source_file=excluded.source_file,raw=excluded.raw,updated_at=now();


insert into public.itinera_studies(id,name,type,level,family,jurisdiction,official_title,route,subjects,ponderation_subjects,route_options,availability_by_province,sources,source_url,source_id,raw,data_quality,verified_at,last_seen_at,updated_at)
values (
  'fp-v36-es-sistemas-de-sinalizacion-e-telecomunicacions-ferroviarias',
  'Sistemas de sinalización e telecomunicacións ferroviarias',
  'especializacion_gs',
  'Curso de especialización de grao superior',
  'Electricidade e electrónica',
  'Galicia',
  true,
  'Consultar requisitos, prazas, centros, modalidade e fontes oficiais antes de decidir.',
  '["Infraestrutura de sistemas de sinalización e seguridade fe-", "Normativa de sinalización e seguridade ferroviaria", "Sistemas de control e xestión do tráfico ferroviario", "Sistemas de telecomunicacións ferroviarias"]'::jsonb,
  '[{"subject": "Non aplica ou consultar fonte oficial", "weight": "consultar fonte oficial"}]'::jsonb,
  '[]'::jsonb,
  '{"Galicia": ["Consultar oferta por provincia, centro, modalidade e curso na Xunta FP."]}'::jsonb,
  '["xunta-fp-catalogo-familias-2025-2026", "xunta-fp-ciclos", "todofp-familias"]'::jsonb,
  'https://www.edu.xunta.gal/fp/oferta-fp',
  'xunta-fp-catalogo-familias-2025-2026',
  '{"source_upload": "3 base de datos itinera.zip", "source_file": "07-electricidade_e_electronica_v7.pdf", "duration_hours": 600, "modules": [{"code": "MP5044", "name": "Infraestrutura de sistemas de sinalización e seguridade fe-", "hours": 160}, {"code": "MP5046", "name": "Normativa de sinalización e seguridade ferroviaria", "hours": 100}, {"code": "MP5045", "name": "Sistemas de control e xestión do tráfico ferroviario", "hours": 160}, {"code": "MP5043", "name": "Sistemas de telecomunicacións ferroviarias", "hours": 180}], "learned": "avanzado de sistemas de sinalización e telecomunicacións ferroviarias, aplicando a normativa vixente, e seguindo os protocolos de calidade, de seguridade, de prevención de riscos laborais, e de protección e respecto ambiental.", "work_context": "so de especialización poderán exercer a súa actividade en empresas onde cumpra realizar labores de colaboración no desenvolvemento de proxec- tos relacionadas coa instalación, a configuración, a supervisión e o man- temento de sistemas de sinalización e telecomunicacións ferroviarias. Así mesmo, poderán exercer a súa actividade, tanto no sector público como no privado, na instalación e no mantemento dos sistemas de sinalización e telecomunicacións utilizados nos servizos de transporte ferroviario, xa sexa dos prestados ao abeiro da Lei 38/2015, do sector ferroviario, ou xa dos subministrados polos ferrocarrís autonómicos, urbanos (tranvías), su- burbanos (metros) e interurbanos (metros ou tranvías lixeiros). Entre ou- tros sectores empresariais, cabe destacar os que a seguir se relacionan: • Empresas de instalación de infraestruturas de sinalización e seguridade ferroviarias. • Empresas de instalación de sistemas de telecomunicacións ferroviarias. • Empresas de instalación de sistemas de control-mando e sinalización do sistema ferroviario. • Empresas de mantemento de infraestruturas de sinalización e seguridade ferroviarias. • Empresas de mantemento de sistemas de telecomunicacións ferroviarias. • Empresas de mantemento de sistemas de control-mando e sinalización do sistema ferroviario. • Empresas administradoras de infraestruturas ferroviarias de ámbito es- tatal. • Empresas administradoras de infraestruturas ferroviarias de ámbito auto- nómico, interurbano ou local. • Empresas administradoras de infraestruturas de ferrocarrís metropolita- nos."}'::jsonb,
  'official_upload',
  now(),
  now(),
  now()
)
on conflict (id) do update set
  name=excluded.name,
  type=excluded.type,
  level=excluded.level,
  family=excluded.family,
  jurisdiction=excluded.jurisdiction,
  route=excluded.route,
  subjects=excluded.subjects,
  ponderation_subjects=excluded.ponderation_subjects,
  route_options=excluded.route_options,
  availability_by_province=excluded.availability_by_province,
  sources=excluded.sources,
  source_url=excluded.source_url,
  source_id=excluded.source_id,
  raw=excluded.raw,
  data_quality=excluded.data_quality,
  verified_at=excluded.verified_at,
  last_seen_at=excluded.last_seen_at,
  updated_at=now();


insert into public.itinera_fp_catalog_details(id,study_id,learned,work_context,jobs,modules,source_file,raw)
values ('detail-fp-v36-es-sistemas-de-sinalizacion-e-telecomunicacions-ferroviarias','fp-v36-es-sistemas-de-sinalizacion-e-telecomunicacions-ferroviarias','avanzado de sistemas de sinalización e telecomunicacións ferroviarias, aplicando a normativa vixente, e seguindo os protocolos de calidade, de seguridade, de prevención de riscos laborais, e de protección e respecto ambiental.','so de especialización poderán exercer a súa actividade en empresas onde cumpra realizar labores de colaboración no desenvolvemento de proxec- tos relacionadas coa instalación, a configuración, a supervisión e o man- temento de sistemas de sinalización e telecomunicacións ferroviarias. Así mesmo, poderán exercer a súa actividade, tanto no sector público como no privado, na instalación e no mantemento dos sistemas de sinalización e telecomunicacións utilizados nos servizos de transporte ferroviario, xa sexa dos prestados ao abeiro da Lei 38/2015, do sector ferroviario, ou xa dos subministrados polos ferrocarrís autonómicos, urbanos (tranvías), su- burbanos (metros) e interurbanos (metros ou tranvías lixeiros). Entre ou- tros sectores empresariais, cabe destacar os que a seguir se relacionan: • Empresas de instalación de infraestruturas de sinalización e seguridade ferroviarias. • Empresas de instalación de sistemas de telecomunicacións ferroviarias. • Empresas de instalación de sistemas de control-mando e sinalización do sistema ferroviario. • Empresas de mantemento de infraestruturas de sinalización e seguridade ferroviarias. • Empresas de mantemento de sistemas de telecomunicacións ferroviarias. • Empresas de mantemento de sistemas de control-mando e sinalización do sistema ferroviario. • Empresas administradoras de infraestruturas ferroviarias de ámbito es- tatal. • Empresas administradoras de infraestruturas ferroviarias de ámbito auto- nómico, interurbano ou local. • Empresas administradoras de infraestruturas de ferrocarrís metropolita- nos.','["de instalacións de telecomunicacións", "responsable técnico/a de instalacións de telemandos", "técnico/a en planificación e programación de procesos de mantemento de instalacións de seguridade", "técnico/a en planificación e programación de procesos de mantemento de sistemas de telecomuni- cacións", "xefe/a de equipo de montadores/as de instalacións de segurida- de", "xefe/a de equipo de mantedores/as de instalacións de seguridade", "xefe/a de equipo de montadores/as de sistemas de telecomunicacións", "xefe/a de equipo de mantedores/as de sistemas de telecomunicacións", "encargado/a de sector de instalacións de seguridade", "encargado/a de sector de tele- comunicacións", "montador/a eléctrico/a de instalacións de seguridade con especialización", "oficial de telecomunicacións con especialización", "técnico/a axudante", "responsable de mantemento e control."]'::jsonb,'[{"code": "MP5044", "name": "Infraestrutura de sistemas de sinalización e seguridade fe-", "hours": 160}, {"code": "MP5046", "name": "Normativa de sinalización e seguridade ferroviaria", "hours": 100}, {"code": "MP5045", "name": "Sistemas de control e xestión do tráfico ferroviario", "hours": 160}, {"code": "MP5043", "name": "Sistemas de telecomunicacións ferroviarias", "hours": 180}]'::jsonb,'07-electricidade_e_electronica_v7.pdf',jsonb_build_object('source_upload','3 base de datos itinera.zip','duration_hours','600'))
on conflict (id) do update set study_id=excluded.study_id,learned=excluded.learned,work_context=excluded.work_context,jobs=excluded.jobs,modules=excluded.modules,source_file=excluded.source_file,raw=excluded.raw,updated_at=now();


insert into public.itinera_studies(id,name,type,level,family,jurisdiction,official_title,route,subjects,ponderation_subjects,route_options,availability_by_province,sources,source_url,source_id,raw,data_quality,verified_at,last_seen_at,updated_at)
values (
  'fp-v36-cm-redes-e-estacions-de-tratamento-de-augas',
  'Redes e estacións de tratamento de augas',
  'fpgm',
  'Ciclo formativo de grao medio',
  'Enerxía e auga',
  'Galicia',
  true,
  'Consultar requisitos, prazas, centros, modalidade e fontes oficiais antes de decidir.',
  '["Calidade da auga", "Hidráulica e redes de auga", "Implantación en redes de auga", "Inglés profesional", "Instalacións eléctricas en redes de auga", "Itinerario persoal para a empregabilidade I", "Mantemento de equipamentos e instalacións", "Montaxe e posta en servizo de redes de auga", "Sostibilidade aplicada ao sistema produtivo", "Técnicas de mecanizado e unión", "Construción en redes e estacións de tratamento de auga", "Dixitalización aplicada ao sistema produtivo"]'::jsonb,
  '[{"subject": "Non aplica ou consultar fonte oficial", "weight": "consultar fonte oficial"}]'::jsonb,
  '[]'::jsonb,
  '{"Galicia": ["Consultar oferta por provincia, centro, modalidade e curso na Xunta FP."]}'::jsonb,
  '["xunta-fp-catalogo-familias-2025-2026", "xunta-fp-ciclos", "todofp-familias"]'::jsonb,
  'https://www.edu.xunta.gal/fp/oferta-fp',
  'xunta-fp-catalogo-familias-2025-2026',
  '{"source_upload": "3 base de datos itinera.zip", "source_file": "08-enerxia_e_auga_v7.pdf", "duration_hours": 2000, "modules": [{"code": "MP1564", "name": "Calidade da auga", "hours": 98}, {"code": "MP1567", "name": "Hidráulica e redes de auga", "hours": 69}, {"code": "MP1559", "name": "Implantación en redes de auga", "hours": 95}, {"code": "MP0156", "name": "Inglés profesional", "hours": 60}, {"code": "MP1561", "name": "Instalacións eléctricas en redes de auga", "hours": 117}, {"code": "MP1709", "name": "Itinerario persoal para a empregabilidade I", "hours": 107}, {"code": "MP1566", "name": "Mantemento de equipamentos e instalacións", "hours": 100}, {"code": "MP1563", "name": "Montaxe e posta en servizo de redes de auga", "hours": 167}, {"code": "MP1708", "name": "Sostibilidade aplicada ao sistema produtivo", "hours": 30}, {"code": "MP1562", "name": "Técnicas de mecanizado e unión", "hours": 117}, {"code": "MP1565", "name": "Construción en redes e estacións de tratamento de auga", "hours": 301}, {"code": "MP1664", "name": "Dixitalización aplicada ao sistema produtivo", "hours": 30}, {"code": "MP1560", "name": "Estacións de tratamento de augas", "hours": 164}, {"code": "MP1710", "name": "Itinerario persoal para a empregabilidade II", "hours": 50}, {"code": "MP1568", "name": "Mantemento de redes", "hours": 109}, {"code": "MP0310", "name": "Montaxe e mantemento de instalacións de auga", "hours": 246}, {"code": "MP1713", "name": "Proxecto intermodular", "hours": 50}], "learned": "operar e manter os equipamentos e as instalacións de estacións de trata- mento de augas, aplicando a normativa vixente e protocolos establecidos de calidade, de seguridade e de prevención de riscos laborais, e asegurando a súa funcionalidade e o respecto polo ambiente.", "work_context": "ción e o mantemento de redes de abastecemento, saneamento e interiores de edificios, así como en empresas do sector de tratamento e de potabiliza- ción da auga, e do sector da depuración de augas residuais."}'::jsonb,
  'official_upload',
  now(),
  now(),
  now()
)
on conflict (id) do update set
  name=excluded.name,
  type=excluded.type,
  level=excluded.level,
  family=excluded.family,
  jurisdiction=excluded.jurisdiction,
  route=excluded.route,
  subjects=excluded.subjects,
  ponderation_subjects=excluded.ponderation_subjects,
  route_options=excluded.route_options,
  availability_by_province=excluded.availability_by_province,
  sources=excluded.sources,
  source_url=excluded.source_url,
  source_id=excluded.source_id,
  raw=excluded.raw,
  data_quality=excluded.data_quality,
  verified_at=excluded.verified_at,
  last_seen_at=excluded.last_seen_at,
  updated_at=now();


insert into public.itinera_fp_catalog_details(id,study_id,learned,work_context,jobs,modules,source_file,raw)
values ('detail-fp-v36-cm-redes-e-estacions-de-tratamento-de-augas','fp-v36-cm-redes-e-estacions-de-tratamento-de-augas','operar e manter os equipamentos e as instalacións de estacións de trata- mento de augas, aplicando a normativa vixente e protocolos establecidos de calidade, de seguridade e de prevención de riscos laborais, e asegurando a súa funcionalidade e o respecto polo ambiente.','ción e o mantemento de redes de abastecemento, saneamento e interiores de edificios, así como en empresas do sector de tratamento e de potabiliza- ción da auga, e do sector da depuración de augas residuais.','["de redes e instalacións de saneamento", "montador/a de redes de auga", "mon- tador/a de redes de saneamento", "operador/a de planta de tratamento de auga de abastecemento", "operador/a de planta de tratamento de augas resi- duais", "técnico/a de planta de tratamento de augas residuais", "operador/a en instalacións de incineración e de tratamento de augas, e outros/as operado- res/as de planta", "montador/a de instalacións de auga en edificios."]'::jsonb,'[{"code": "MP1564", "name": "Calidade da auga", "hours": 98}, {"code": "MP1567", "name": "Hidráulica e redes de auga", "hours": 69}, {"code": "MP1559", "name": "Implantación en redes de auga", "hours": 95}, {"code": "MP0156", "name": "Inglés profesional", "hours": 60}, {"code": "MP1561", "name": "Instalacións eléctricas en redes de auga", "hours": 117}, {"code": "MP1709", "name": "Itinerario persoal para a empregabilidade I", "hours": 107}, {"code": "MP1566", "name": "Mantemento de equipamentos e instalacións", "hours": 100}, {"code": "MP1563", "name": "Montaxe e posta en servizo de redes de auga", "hours": 167}, {"code": "MP1708", "name": "Sostibilidade aplicada ao sistema produtivo", "hours": 30}, {"code": "MP1562", "name": "Técnicas de mecanizado e unión", "hours": 117}, {"code": "MP1565", "name": "Construción en redes e estacións de tratamento de auga", "hours": 301}, {"code": "MP1664", "name": "Dixitalización aplicada ao sistema produtivo", "hours": 30}, {"code": "MP1560", "name": "Estacións de tratamento de augas", "hours": 164}, {"code": "MP1710", "name": "Itinerario persoal para a empregabilidade II", "hours": 50}, {"code": "MP1568", "name": "Mantemento de redes", "hours": 109}, {"code": "MP0310", "name": "Montaxe e mantemento de instalacións de auga", "hours": 246}, {"code": "MP1713", "name": "Proxecto intermodular", "hours": 50}]'::jsonb,'08-enerxia_e_auga_v7.pdf',jsonb_build_object('source_upload','3 base de datos itinera.zip','duration_hours','2000'))
on conflict (id) do update set study_id=excluded.study_id,learned=excluded.learned,work_context=excluded.work_context,jobs=excluded.jobs,modules=excluded.modules,source_file=excluded.source_file,raw=excluded.raw,updated_at=now();


insert into public.itinera_studies(id,name,type,level,family,jurisdiction,official_title,route,subjects,ponderation_subjects,route_options,availability_by_province,sources,source_url,source_id,raw,data_quality,verified_at,last_seen_at,updated_at)
values (
  'fp-v36-cs-eficiencia-enerxetica-e-enerxia-solar-termica',
  'Eficiencia enerxética e enerxía solar térmica',
  'fpgs',
  'Ciclo formativo de grao superior',
  'Enerxía e auga',
  'Galicia',
  true,
  'Consultar requisitos, prazas, centros, modalidade e fontes oficiais antes de decidir.',
  '["Configuración de instalacións solares térmicas", "Eficiencia enerxética de instalacións", "Equipamentos e instalacións térmicas", "Inglés profesional", "Itinerario persoal para a empregabilidade I", "Procesos de montaxe de instalacións", "Representación gráfica de instalacións", "Sostibilidade aplicada ao sistema produtivo", "Certificación enerxética de edificios", "Dixitalización aplicada ao sistema produtivo", "Itinerario persoal para a empregabilidade II", "Promoción do uso eficiente da enerxía e da auga"]'::jsonb,
  '[{"subject": "Non aplica ou consultar fonte oficial", "weight": "consultar fonte oficial"}]'::jsonb,
  '[]'::jsonb,
  '{"Galicia": ["Consultar oferta por provincia, centro, modalidade e curso na Xunta FP."]}'::jsonb,
  '["xunta-fp-catalogo-familias-2025-2026", "xunta-fp-ciclos", "todofp-familias"]'::jsonb,
  'https://www.edu.xunta.gal/fp/oferta-fp',
  'xunta-fp-catalogo-familias-2025-2026',
  '{"source_upload": "3 base de datos itinera.zip", "source_file": "08-enerxia_e_auga_v7.pdf", "duration_hours": 2000, "modules": [{"code": "MP0352", "name": "Configuración de instalacións solares térmicas", "hours": 107}, {"code": "MP0349", "name": "Eficiencia enerxética de instalacións", "hours": 131}, {"code": "MP0121", "name": "Equipamentos e instalacións térmicas", "hours": 213}, {"code": "MP0179", "name": "Inglés profesional", "hours": 60}, {"code": "MP1709", "name": "Itinerario persoal para a empregabilidade I", "hours": 107}, {"code": "MP0122", "name": "Procesos de montaxe de instalacións", "hours": 182}, {"code": "MP0123", "name": "Representación gráfica de instalacións", "hours": 130}, {"code": "MP1708", "name": "Sostibilidade aplicada ao sistema produtivo", "hours": 30}, {"code": "MP0350", "name": "Certificación enerxética de edificios", "hours": 273}, {"code": "MP1665", "name": "Dixitalización aplicada ao sistema produtivo", "hours": 30}, {"code": "MP1710", "name": "Itinerario persoal para a empregabilidade II", "hours": 50}, {"code": "MP0354", "name": "Promoción do uso eficiente da enerxía e da auga", "hours": 110}, {"code": "MP0355", "name": "Proxecto intermodular de eficiencia enerxética e enerxía solar", "hours": 50}, {"code": "MP0353", "name": "Xestión da montaxe e o mantemento de instalacións solares", "hours": 273}, {"code": "MP0351", "name": "Xestión eficiente da auga en edificación", "hours": 164}], "learned": "tecnicamente o proceso de cualificación e certificación enerxética de edifi- cios, así como configurar instalacións solares térmicas, xestionando a súa montaxe e o mantemento en condicións de seguridade, calidade e respecto ambiental.", "work_context": "cións e certificacións enerxéticas, e en empresas dedicadas a realizar estu- dos de viabilidade, promoción, implantación e mantemento de instalacións de enerxía solar en edificios."}'::jsonb,
  'official_upload',
  now(),
  now(),
  now()
)
on conflict (id) do update set
  name=excluded.name,
  type=excluded.type,
  level=excluded.level,
  family=excluded.family,
  jurisdiction=excluded.jurisdiction,
  route=excluded.route,
  subjects=excluded.subjects,
  ponderation_subjects=excluded.ponderation_subjects,
  route_options=excluded.route_options,
  availability_by_province=excluded.availability_by_province,
  sources=excluded.sources,
  source_url=excluded.source_url,
  source_id=excluded.source_id,
  raw=excluded.raw,
  data_quality=excluded.data_quality,
  verified_at=excluded.verified_at,
  last_seen_at=excluded.last_seen_at,
  updated_at=now();


insert into public.itinera_fp_catalog_details(id,study_id,learned,work_context,jobs,modules,source_file,raw)
values ('detail-fp-v36-cs-eficiencia-enerxetica-e-enerxia-solar-termica','fp-v36-cs-eficiencia-enerxetica-e-enerxia-solar-termica','tecnicamente o proceso de cualificación e certificación enerxética de edifi- cios, así como configurar instalacións solares térmicas, xestionando a súa montaxe e o mantemento en condicións de seguridade, calidade e respecto ambiental.','cións e certificacións enerxéticas, e en empresas dedicadas a realizar estu- dos de viabilidade, promoción, implantación e mantemento de instalacións de enerxía solar en edificios.','["certificación enerxética de edificios", "Técnico/a comercial de instalacións so- lares", "Responsable de montaxe de instalacións solares térmicas", "Responsa- ble de mantemento de instalacións solares térmicas", "Xestor/a enerxético/ a", "Promotor/a de programas de eficiencia enerxética."]'::jsonb,'[{"code": "MP0352", "name": "Configuración de instalacións solares térmicas", "hours": 107}, {"code": "MP0349", "name": "Eficiencia enerxética de instalacións", "hours": 131}, {"code": "MP0121", "name": "Equipamentos e instalacións térmicas", "hours": 213}, {"code": "MP0179", "name": "Inglés profesional", "hours": 60}, {"code": "MP1709", "name": "Itinerario persoal para a empregabilidade I", "hours": 107}, {"code": "MP0122", "name": "Procesos de montaxe de instalacións", "hours": 182}, {"code": "MP0123", "name": "Representación gráfica de instalacións", "hours": 130}, {"code": "MP1708", "name": "Sostibilidade aplicada ao sistema produtivo", "hours": 30}, {"code": "MP0350", "name": "Certificación enerxética de edificios", "hours": 273}, {"code": "MP1665", "name": "Dixitalización aplicada ao sistema produtivo", "hours": 30}, {"code": "MP1710", "name": "Itinerario persoal para a empregabilidade II", "hours": 50}, {"code": "MP0354", "name": "Promoción do uso eficiente da enerxía e da auga", "hours": 110}, {"code": "MP0355", "name": "Proxecto intermodular de eficiencia enerxética e enerxía solar", "hours": 50}, {"code": "MP0353", "name": "Xestión da montaxe e o mantemento de instalacións solares", "hours": 273}, {"code": "MP0351", "name": "Xestión eficiente da auga en edificación", "hours": 164}]'::jsonb,'08-enerxia_e_auga_v7.pdf',jsonb_build_object('source_upload','3 base de datos itinera.zip','duration_hours','2000'))
on conflict (id) do update set study_id=excluded.study_id,learned=excluded.learned,work_context=excluded.work_context,jobs=excluded.jobs,modules=excluded.modules,source_file=excluded.source_file,raw=excluded.raw,updated_at=now();


insert into public.itinera_studies(id,name,type,level,family,jurisdiction,official_title,route,subjects,ponderation_subjects,route_options,availability_by_province,sources,source_url,source_id,raw,data_quality,verified_at,last_seen_at,updated_at)
values (
  'fp-v36-cs-enerxias-renovables',
  'Enerxías renovables',
  'fpgs',
  'Ciclo formativo de grao superior',
  'Enerxía e auga',
  'Galicia',
  true,
  'Consultar requisitos, prazas, centros, modalidade e fontes oficiais antes de decidir.',
  '["Configuración de instalacións solares fotovoltaicas", "Inglés profesional", "Itinerario persoal para a empregabilidade I", "Prevención de riscos eléctricos", "Sistemas de enerxías renovables", "Sistemas eléctricos en centrais", "Sostibilidade aplicada ao sistema produtivo", "Subestacións eléctricas", "Telecontrol e automatismos", "Dixitalización aplicada ao sistema produtivo", "Itinerario persoal para a empregabilidade II", "Operación e mantemento de parques eólicos"]'::jsonb,
  '[{"subject": "Non aplica ou consultar fonte oficial", "weight": "consultar fonte oficial"}]'::jsonb,
  '[]'::jsonb,
  '{"Galicia": ["Consultar oferta por provincia, centro, modalidade e curso na Xunta FP."]}'::jsonb,
  '["xunta-fp-catalogo-familias-2025-2026", "xunta-fp-ciclos", "todofp-familias"]'::jsonb,
  'https://www.edu.xunta.gal/fp/oferta-fp',
  'xunta-fp-catalogo-familias-2025-2026',
  '{"source_upload": "3 base de datos itinera.zip", "source_file": "08-enerxia_e_auga_v7.pdf", "duration_hours": 2000, "modules": [{"code": "MP0681", "name": "Configuración de instalacións solares fotovoltaicas", "hours": 107}, {"code": "MP0179", "name": "Inglés profesional", "hours": 60}, {"code": "MP1709", "name": "Itinerario persoal para a empregabilidade I", "hours": 107}, {"code": "MP0671", "name": "Prevención de riscos eléctricos", "hours": 30}, {"code": "MP0680", "name": "Sistemas de enerxías renovables", "hours": 125}, {"code": "MP0668", "name": "Sistemas eléctricos en centrais", "hours": 160}, {"code": "MP1708", "name": "Sostibilidade aplicada ao sistema produtivo", "hours": 30}, {"code": "MP0669", "name": "Subestacións eléctricas", "hours": 155}, {"code": "MP0670", "name": "Telecontrol e automatismos", "hours": 186}, {"code": "MP1665", "name": "Dixitalización aplicada ao sistema produtivo", "hours": 30}, {"code": "MP1710", "name": "Itinerario persoal para a empregabilidade II", "hours": 50}, {"code": "MP0684", "name": "Operación e mantemento de parques eólicos", "hours": 273}, {"code": "MP0686", "name": "Proxecto intermodular de enerxías renovables", "hours": 50}, {"code": "MP0682", "name": "Xestión da montaxe de instalacións solares fotovoltaicas", "hours": 274}, {"code": "MP0683", "name": "Xestión da montaxe de parques eólicos", "hours": 273}], "learned": "ración e o mantemento de parques e instalacións de enerxía eólica, así como promover instalacións, desenvolver proxectos e xestionar e realizar a montaxe e o mantemento de instalacións solares fotovoltaicas, e tamén xestionar e supervisar a montaxe e o mantemento, e realizar a operación e o mantemento de primeiro nivel en subestacións eléctricas.", "work_context": "mantemento de instalacións de enerxías eólicas e solares fotovoltaicas para a produción de enerxía eléctrica, así como en empresas relacionadas coa xeración, o transporte e a distribución de enerxía eléctrica, ou que posúan instalacións de alta tensión, e tamén en empresas industriais que realicen traballos de montaxe e mantemento de subestacións eléctricas."}'::jsonb,
  'official_upload',
  now(),
  now(),
  now()
)
on conflict (id) do update set
  name=excluded.name,
  type=excluded.type,
  level=excluded.level,
  family=excluded.family,
  jurisdiction=excluded.jurisdiction,
  route=excluded.route,
  subjects=excluded.subjects,
  ponderation_subjects=excluded.ponderation_subjects,
  route_options=excluded.route_options,
  availability_by_province=excluded.availability_by_province,
  sources=excluded.sources,
  source_url=excluded.source_url,
  source_id=excluded.source_id,
  raw=excluded.raw,
  data_quality=excluded.data_quality,
  verified_at=excluded.verified_at,
  last_seen_at=excluded.last_seen_at,
  updated_at=now();


insert into public.itinera_fp_catalog_details(id,study_id,learned,work_context,jobs,modules,source_file,raw)
values ('detail-fp-v36-cs-enerxias-renovables','fp-v36-cs-enerxias-renovables','ración e o mantemento de parques e instalacións de enerxía eólica, así como promover instalacións, desenvolver proxectos e xestionar e realizar a montaxe e o mantemento de instalacións solares fotovoltaicas, e tamén xestionar e supervisar a montaxe e o mantemento, e realizar a operación e o mantemento de primeiro nivel en subestacións eléctricas.','mantemento de instalacións de enerxías eólicas e solares fotovoltaicas para a produción de enerxía eléctrica, así como en empresas relacionadas coa xeración, o transporte e a distribución de enerxía eléctrica, ou que posúan instalacións de alta tensión, e tamén en empresas industriais que realicen traballos de montaxe e mantemento de subestacións eléctricas.','["responsable de montaxe de parques eólicos", "responsable de mon- taxe de aeroxeradores", "especialista montador/a de aeroxeradores", "espe- cialista en mantemento de parques eólicos", "promotor/a de instalacións solares", "proxectista de instalacións solares fotovoltaicas", "responsable de montaxe de instalacións solares fotovoltaicas", "responsable de mante- mento de instalacións solares fotovoltaicas", "responsable de explotación e mantemento de pequenas centrais solares fotovoltaicas", "montador/a ope- rador/a de instalacións solares fotovoltaicas", "encargado/a de montaxe de subestacións eléctricas de instalacións eólicas e fotovoltaicas", "encargado/a de mantemento de subestacións eléctricas de instalacións eólicas e foto- voltaicas", "operador/a mantedor/a de subestacións eléctricas de instalacións eólicas e fotovoltaicas."]'::jsonb,'[{"code": "MP0681", "name": "Configuración de instalacións solares fotovoltaicas", "hours": 107}, {"code": "MP0179", "name": "Inglés profesional", "hours": 60}, {"code": "MP1709", "name": "Itinerario persoal para a empregabilidade I", "hours": 107}, {"code": "MP0671", "name": "Prevención de riscos eléctricos", "hours": 30}, {"code": "MP0680", "name": "Sistemas de enerxías renovables", "hours": 125}, {"code": "MP0668", "name": "Sistemas eléctricos en centrais", "hours": 160}, {"code": "MP1708", "name": "Sostibilidade aplicada ao sistema produtivo", "hours": 30}, {"code": "MP0669", "name": "Subestacións eléctricas", "hours": 155}, {"code": "MP0670", "name": "Telecontrol e automatismos", "hours": 186}, {"code": "MP1665", "name": "Dixitalización aplicada ao sistema produtivo", "hours": 30}, {"code": "MP1710", "name": "Itinerario persoal para a empregabilidade II", "hours": 50}, {"code": "MP0684", "name": "Operación e mantemento de parques eólicos", "hours": 273}, {"code": "MP0686", "name": "Proxecto intermodular de enerxías renovables", "hours": 50}, {"code": "MP0682", "name": "Xestión da montaxe de instalacións solares fotovoltaicas", "hours": 274}, {"code": "MP0683", "name": "Xestión da montaxe de parques eólicos", "hours": 273}]'::jsonb,'08-enerxia_e_auga_v7.pdf',jsonb_build_object('source_upload','3 base de datos itinera.zip','duration_hours','2000'))
on conflict (id) do update set study_id=excluded.study_id,learned=excluded.learned,work_context=excluded.work_context,jobs=excluded.jobs,modules=excluded.modules,source_file=excluded.source_file,raw=excluded.raw,updated_at=now();


insert into public.itinera_studies(id,name,type,level,family,jurisdiction,official_title,route,subjects,ponderation_subjects,route_options,availability_by_province,sources,source_url,source_id,raw,data_quality,verified_at,last_seen_at,updated_at)
values (
  'fp-v36-cs-xestion-da-auga',
  'Xestión da auga',
  'fpgs',
  'Ciclo formativo de grao superior',
  'Enerxía e auga',
  'Galicia',
  true,
  'Consultar requisitos, prazas, centros, modalidade e fontes oficiais antes de decidir.',
  '["Calidade e tratamento de augas", "Configuración de redes de auga", "Inglés profesional", "Itinerario persoal para a empregabilidade I", "Planificación e implantación", "Sistemas eléctricos en instalacións de auga", "Sostibilidade aplicada ao sistema produtivo", "Técnicas de montaxe en instalacións de auga", "Automatismos e telecontrol en instalacións de auga", "Dixitalización aplicada ao sistema produtivo", "Itinerario persoal para a empregabilidade II", "Operacións en redes e instalacións de auga"]'::jsonb,
  '[{"subject": "Non aplica ou consultar fonte oficial", "weight": "consultar fonte oficial"}]'::jsonb,
  '[]'::jsonb,
  '{"Galicia": ["Consultar oferta por provincia, centro, modalidade e curso na Xunta FP."]}'::jsonb,
  '["xunta-fp-catalogo-familias-2025-2026", "xunta-fp-ciclos", "todofp-familias"]'::jsonb,
  'https://www.edu.xunta.gal/fp/oferta-fp',
  'xunta-fp-catalogo-familias-2025-2026',
  '{"source_upload": "3 base de datos itinera.zip", "source_file": "08-enerxia_e_auga_v7.pdf", "duration_hours": 2000, "modules": [{"code": "MP1573", "name": "Calidade e tratamento de augas", "hours": 127}, {"code": "MP1575", "name": "Configuración de redes de auga", "hours": 153}, {"code": "MP0179", "name": "Inglés profesional", "hours": 60}, {"code": "MP1709", "name": "Itinerario persoal para a empregabilidade I", "hours": 107}, {"code": "MP1572", "name": "Planificación e implantación", "hours": 178}, {"code": "MP1576", "name": "Sistemas eléctricos en instalacións de auga", "hours": 127}, {"code": "MP1708", "name": "Sostibilidade aplicada ao sistema produtivo", "hours": 30}, {"code": "MP1580", "name": "Técnicas de montaxe en instalacións de auga", "hours": 178}, {"code": "MP1577", "name": "Automatismos e telecontrol en instalacións de auga", "hours": 190}, {"code": "MP1665", "name": "Dixitalización aplicada ao sistema produtivo", "hours": 30}, {"code": "MP1710", "name": "Itinerario persoal para a empregabilidade II", "hours": 50}, {"code": "MP1578", "name": "Operacións en redes e instalacións de auga", "hours": 272}, {"code": "MP1581", "name": "Proxecto intermodular en xestión eficiente da auga", "hours": 50}, {"code": "MP0309", "name": "Técnicas de comunicación e de relacións", "hours": 82}, {"code": "MP1579", "name": "Xestión de operacións, calidade e ambiente", "hours": 108}, {"code": "MP1574", "name": "Xestión eficiente da auga", "hours": 168}], "learned": "xe, a posta en servizo, explotación e mantemento de redes e estacións de tratamento de augas, aplicando os requirimentos de calidade, tanto das ins- talacións como da auga e as medidas de prevención de riscos laborais e de protección ambiental requiridas pola normativa vixente.", "work_context": "ción e o mantemento de redes e instalacións de auga, así como en empresas de tratamento de augas, e a reutilización de augas residuais."}'::jsonb,
  'official_upload',
  now(),
  now(),
  now()
)
on conflict (id) do update set
  name=excluded.name,
  type=excluded.type,
  level=excluded.level,
  family=excluded.family,
  jurisdiction=excluded.jurisdiction,
  route=excluded.route,
  subjects=excluded.subjects,
  ponderation_subjects=excluded.ponderation_subjects,
  route_options=excluded.route_options,
  availability_by_province=excluded.availability_by_province,
  sources=excluded.sources,
  source_url=excluded.source_url,
  source_id=excluded.source_id,
  raw=excluded.raw,
  data_quality=excluded.data_quality,
  verified_at=excluded.verified_at,
  last_seen_at=excluded.last_seen_at,
  updated_at=now();


insert into public.itinera_fp_catalog_details(id,study_id,learned,work_context,jobs,modules,source_file,raw)
values ('detail-fp-v36-cs-xestion-da-auga','fp-v36-cs-xestion-da-auga','xe, a posta en servizo, explotación e mantemento de redes e estacións de tratamento de augas, aplicando os requirimentos de calidade, tanto das ins- talacións como da auga e as medidas de prevención de riscos laborais e de protección ambiental requiridas pola normativa vixente.','ción e o mantemento de redes e instalacións de auga, así como en empresas de tratamento de augas, e a reutilización de augas residuais.','["auga", "encargado/a de montaxe de redes e instalacións de saneamento", "en- cargado/a de mantemento de redes de auga", "encargado/a de mantemento de redes de saneamento", "operador/a de planta de tratamento de auga de abastecemento", "operador/a de planta de tratamento de augas residuais", "técnico/a en xestión do uso eficiente da auga", "técnico/a en sistemas de dis- tribución de auga."]'::jsonb,'[{"code": "MP1573", "name": "Calidade e tratamento de augas", "hours": 127}, {"code": "MP1575", "name": "Configuración de redes de auga", "hours": 153}, {"code": "MP0179", "name": "Inglés profesional", "hours": 60}, {"code": "MP1709", "name": "Itinerario persoal para a empregabilidade I", "hours": 107}, {"code": "MP1572", "name": "Planificación e implantación", "hours": 178}, {"code": "MP1576", "name": "Sistemas eléctricos en instalacións de auga", "hours": 127}, {"code": "MP1708", "name": "Sostibilidade aplicada ao sistema produtivo", "hours": 30}, {"code": "MP1580", "name": "Técnicas de montaxe en instalacións de auga", "hours": 178}, {"code": "MP1577", "name": "Automatismos e telecontrol en instalacións de auga", "hours": 190}, {"code": "MP1665", "name": "Dixitalización aplicada ao sistema produtivo", "hours": 30}, {"code": "MP1710", "name": "Itinerario persoal para a empregabilidade II", "hours": 50}, {"code": "MP1578", "name": "Operacións en redes e instalacións de auga", "hours": 272}, {"code": "MP1581", "name": "Proxecto intermodular en xestión eficiente da auga", "hours": 50}, {"code": "MP0309", "name": "Técnicas de comunicación e de relacións", "hours": 82}, {"code": "MP1579", "name": "Xestión de operacións, calidade e ambiente", "hours": 108}, {"code": "MP1574", "name": "Xestión eficiente da auga", "hours": 168}]'::jsonb,'08-enerxia_e_auga_v7.pdf',jsonb_build_object('source_upload','3 base de datos itinera.zip','duration_hours','2000'))
on conflict (id) do update set study_id=excluded.study_id,learned=excluded.learned,work_context=excluded.work_context,jobs=excluded.jobs,modules=excluded.modules,source_file=excluded.source_file,raw=excluded.raw,updated_at=now();


insert into public.itinera_studies(id,name,type,level,family,jurisdiction,official_title,route,subjects,ponderation_subjects,route_options,availability_by_province,sources,source_url,source_id,raw,data_quality,verified_at,last_seen_at,updated_at)
values (
  'fp-v36-es-auditoria-enerxetica',
  'Auditoría enerxética',
  'especializacion_gs',
  'Curso de especialización de grao superior',
  'Enerxía e auga',
  'Galicia',
  true,
  'Consultar requisitos, prazas, centros, modalidade e fontes oficiais antes de decidir.',
  '["Análise da situación enerxética de edificios e instalacións", "Avaliación da mellora enerxética de edificios e instalacións", "Procesos dunha auditoría enerxética", "Toma de datos e medicións de consumos enerxéticos"]'::jsonb,
  '[{"subject": "Non aplica ou consultar fonte oficial", "weight": "consultar fonte oficial"}]'::jsonb,
  '[]'::jsonb,
  '{"Galicia": ["Consultar oferta por provincia, centro, modalidade e curso na Xunta FP."]}'::jsonb,
  '["xunta-fp-catalogo-familias-2025-2026", "xunta-fp-ciclos", "todofp-familias"]'::jsonb,
  'https://www.edu.xunta.gal/fp/oferta-fp',
  'xunta-fp-catalogo-familias-2025-2026',
  '{"source_upload": "3 base de datos itinera.zip", "source_file": "08-enerxia_e_auga_v7.pdf", "duration_hours": 420, "modules": [{"code": "MP5107", "name": "Análise da situación enerxética de edificios e instalacións", "hours": 90}, {"code": "MP5108", "name": "Avaliación da mellora enerxética de edificios e instalacións", "hours": 120}, {"code": "MP5105", "name": "Procesos dunha auditoría enerxética", "hours": 90}, {"code": "MP5106", "name": "Toma de datos e medicións de consumos enerxéticos", "hours": 120}], "learned": "edificios, instalacións ou operacións industriais ou comerciais, e transpor- te vinculado á actividade ou ao servizo privado ou público, co obxectivo de identificar e informar sobre os fluxos de enerxía e o seu potencial de me- llora.", "work_context": "de especialización poderán exercer a súa actividade na área de produción dedicada á auditoría enerxética de edificios, instalacións ou operacións in- dustriais ou comerciais, transporte e servizos."}'::jsonb,
  'official_upload',
  now(),
  now(),
  now()
)
on conflict (id) do update set
  name=excluded.name,
  type=excluded.type,
  level=excluded.level,
  family=excluded.family,
  jurisdiction=excluded.jurisdiction,
  route=excluded.route,
  subjects=excluded.subjects,
  ponderation_subjects=excluded.ponderation_subjects,
  route_options=excluded.route_options,
  availability_by_province=excluded.availability_by_province,
  sources=excluded.sources,
  source_url=excluded.source_url,
  source_id=excluded.source_id,
  raw=excluded.raw,
  data_quality=excluded.data_quality,
  verified_at=excluded.verified_at,
  last_seen_at=excluded.last_seen_at,
  updated_at=now();


insert into public.itinera_fp_catalog_details(id,study_id,learned,work_context,jobs,modules,source_file,raw)
values ('detail-fp-v36-es-auditoria-enerxetica','fp-v36-es-auditoria-enerxetica','edificios, instalacións ou operacións industriais ou comerciais, e transpor- te vinculado á actividade ou ao servizo privado ou público, co obxectivo de identificar e informar sobre os fluxos de enerxía e o seu potencial de me- llora.','de especialización poderán exercer a súa actividade na área de produción dedicada á auditoría enerxética de edificios, instalacións ou operacións in- dustriais ou comerciais, transporte e servizos.','["ditorías enerxéticas en instalacións mecánicas, de climatización e de cale- facción", "técnico/a en auditorías enerxéticas en instalacións de electricidade e alumamento", "técnico/a en auditorías enerxéticas en edificios", "técnico/a en auditorías enerxéticas en instalacións térmicas."]'::jsonb,'[{"code": "MP5107", "name": "Análise da situación enerxética de edificios e instalacións", "hours": 90}, {"code": "MP5108", "name": "Avaliación da mellora enerxética de edificios e instalacións", "hours": 120}, {"code": "MP5105", "name": "Procesos dunha auditoría enerxética", "hours": 90}, {"code": "MP5106", "name": "Toma de datos e medicións de consumos enerxéticos", "hours": 120}]'::jsonb,'08-enerxia_e_auga_v7.pdf',jsonb_build_object('source_upload','3 base de datos itinera.zip','duration_hours','420'))
on conflict (id) do update set study_id=excluded.study_id,learned=excluded.learned,work_context=excluded.work_context,jobs=excluded.jobs,modules=excluded.modules,source_file=excluded.source_file,raw=excluded.raw,updated_at=now();


insert into public.itinera_studies(id,name,type,level,family,jurisdiction,official_title,route,subjects,ponderation_subjects,route_options,availability_by_province,sources,source_url,source_id,raw,data_quality,verified_at,last_seen_at,updated_at)
values (
  'fp-v36-cb-fabricacion-e-montaxe',
  'Fabricación e Montaxe',
  'fpb',
  'Ciclo formativo de grao básico',
  'Fabricación mecánica',
  'Galicia',
  true,
  'Consultar requisitos, prazas, centros, modalidade e fontes oficiais antes de decidir.',
  '["Carpintaría de aluminio e PVC", "Ciencias aplicadas I", "Comunicación e ciencias sociais I", "Itinerario persoal para a empregabilidade", "Operacións básicas de fabricación", "Soldadura e carpintaría metálica", "Ciencias aplicadas II", "Comunicación e ciencias sociais II", "Fontanaría e calefacción básica", "Montaxe de equipamentos de climatización", "Proxecto intermodular de aprendizaxe colaborativa", "Redes de evacuación"]'::jsonb,
  '[{"subject": "Non aplica ou consultar fonte oficial", "weight": "consultar fonte oficial"}]'::jsonb,
  '[]'::jsonb,
  '{"Galicia": ["Consultar oferta por provincia, centro, modalidade e curso na Xunta FP."]}'::jsonb,
  '["xunta-fp-catalogo-familias-2025-2026", "xunta-fp-ciclos", "todofp-familias"]'::jsonb,
  'https://www.edu.xunta.gal/fp/oferta-fp',
  'xunta-fp-catalogo-familias-2025-2026',
  '{"source_upload": "3 base de datos itinera.zip", "source_file": "09-fabricacion_e_mecanica_v7.pdf", "duration_hours": 2000, "modules": [{"code": "MP3022", "name": "Carpintaría de aluminio e PVC", "hours": 175}, {"code": "AM3163", "name": "Ciencias aplicadas I", "hours": 146}, {"code": "AM3161", "name": "Comunicación e ciencias sociais I", "hours": 175}, {"code": "MP3159", "name": "Itinerario persoal para a empregabilidade", "hours": 60}, {"code": "MP3020", "name": "Operacións básicas de fabricación", "hours": 179}, {"code": "MP3021", "name": "Soldadura e carpintaría metálica", "hours": 175}, {"code": "AM3164", "name": "Ciencias aplicadas II", "hours": 146}, {"code": "AM3162", "name": "Comunicación e ciencias sociais II", "hours": 125}, {"code": "MP3024", "name": "Fontanaría e calefacción básica", "hours": 285}, {"code": "MP3025", "name": "Montaxe de equipamentos de climatización", "hours": 164}, {"code": "MP3160", "name": "Proxecto intermodular de aprendizaxe colaborativa", "hours": 25}, {"code": "MP3023", "name": "Redes de evacuación", "hours": 285}], "learned": "mecánica con materiais férricos, non férricos e tecnoplásticos, así como para a instalación e o mantemento de elementos de redes de fontanaría, calefacción e climatización, operando coa calidade indicada, cumprindo as normas de prevención de riscos laborais e protección ambiental correspon- dentes, e comunicándose oralmente e por escrito en linguas galega e caste- lá, así como nalgunha lingua estranxeira.", "work_context": "cadas á fabricación e á montaxe de produtos mecánicos e electromecánicos, así como á montaxe e ao mantemento de instalacións de fontanaría, cale- facción e climatización."}'::jsonb,
  'official_upload',
  now(),
  now(),
  now()
)
on conflict (id) do update set
  name=excluded.name,
  type=excluded.type,
  level=excluded.level,
  family=excluded.family,
  jurisdiction=excluded.jurisdiction,
  route=excluded.route,
  subjects=excluded.subjects,
  ponderation_subjects=excluded.ponderation_subjects,
  route_options=excluded.route_options,
  availability_by_province=excluded.availability_by_province,
  sources=excluded.sources,
  source_url=excluded.source_url,
  source_id=excluded.source_id,
  raw=excluded.raw,
  data_quality=excluded.data_quality,
  verified_at=excluded.verified_at,
  last_seen_at=excluded.last_seen_at,
  updated_at=now();


insert into public.itinera_fp_catalog_details(id,study_id,learned,work_context,jobs,modules,source_file,raw)
values ('detail-fp-v36-cb-fabricacion-e-montaxe','fp-v36-cb-fabricacion-e-montaxe','mecánica con materiais férricos, non férricos e tecnoplásticos, así como para a instalación e o mantemento de elementos de redes de fontanaría, calefacción e climatización, operando coa calidade indicada, cumprindo as normas de prevención de riscos laborais e protección ambiental correspon- dentes, e comunicándose oralmente e por escrito en linguas galega e caste- lá, así como nalgunha lingua estranxeira.','cadas á fabricación e á montaxe de produtos mecánicos e electromecánicos, así como á montaxe e ao mantemento de instalacións de fontanaría, cale- facción e climatización.','["fontaneiro/a", "montador/a de equipamentos de calefacción", "mantedor/a de equipamentos de calefacción", "montador/a de equipamentos de climati- zación", "mantedor/a de equipamentos de climatización"]'::jsonb,'[{"code": "MP3022", "name": "Carpintaría de aluminio e PVC", "hours": 175}, {"code": "AM3163", "name": "Ciencias aplicadas I", "hours": 146}, {"code": "AM3161", "name": "Comunicación e ciencias sociais I", "hours": 175}, {"code": "MP3159", "name": "Itinerario persoal para a empregabilidade", "hours": 60}, {"code": "MP3020", "name": "Operacións básicas de fabricación", "hours": 179}, {"code": "MP3021", "name": "Soldadura e carpintaría metálica", "hours": 175}, {"code": "AM3164", "name": "Ciencias aplicadas II", "hours": 146}, {"code": "AM3162", "name": "Comunicación e ciencias sociais II", "hours": 125}, {"code": "MP3024", "name": "Fontanaría e calefacción básica", "hours": 285}, {"code": "MP3025", "name": "Montaxe de equipamentos de climatización", "hours": 164}, {"code": "MP3160", "name": "Proxecto intermodular de aprendizaxe colaborativa", "hours": 25}, {"code": "MP3023", "name": "Redes de evacuación", "hours": 285}]'::jsonb,'09-fabricacion_e_mecanica_v7.pdf',jsonb_build_object('source_upload','3 base de datos itinera.zip','duration_hours','2000'))
on conflict (id) do update set study_id=excluded.study_id,learned=excluded.learned,work_context=excluded.work_context,jobs=excluded.jobs,modules=excluded.modules,source_file=excluded.source_file,raw=excluded.raw,updated_at=now();


insert into public.itinera_studies(id,name,type,level,family,jurisdiction,official_title,route,subjects,ponderation_subjects,route_options,availability_by_province,sources,source_url,source_id,raw,data_quality,verified_at,last_seen_at,updated_at)
values (
  'fp-v36-cm-mecanizado',
  'Mecanizado',
  'fpgm',
  'Ciclo formativo de grao medio',
  'Fabricación mecánica',
  'Galicia',
  true,
  'Consultar requisitos, prazas, centros, modalidade e fontes oficiais antes de decidir.',
  '["Fabricación por arranque de labra", "Inglés profesional", "Interpretación gráfica", "Itinerario persoal para a empregabilidade I", "Operacións básicas de fabricación", "Procesos de mecanizado", "Sistemas automatizados", "Sostibilidade aplicada ao sistema produtivo", "Dixitalización aplicada ao sistema produtivo", "Fabricación por abrasión, electroerosión, corte e conforma-", "Itinerario persoal para a empregabilidade II", "Mecanizado por control numérico"]'::jsonb,
  '[{"subject": "Non aplica ou consultar fonte oficial", "weight": "consultar fonte oficial"}]'::jsonb,
  '[]'::jsonb,
  '{"Galicia": ["Consultar oferta por provincia, centro, modalidade e curso na Xunta FP."]}'::jsonb,
  '["xunta-fp-catalogo-familias-2025-2026", "xunta-fp-ciclos", "todofp-familias"]'::jsonb,
  'https://www.edu.xunta.gal/fp/oferta-fp',
  'xunta-fp-catalogo-familias-2025-2026',
  '{"source_upload": "3 base de datos itinera.zip", "source_file": "09-fabricacion_e_mecanica_v7.pdf", "duration_hours": 2000, "modules": [{"code": "MP0004", "name": "Fabricación por arranque de labra", "hours": 368}, {"code": "MP0156", "name": "Inglés profesional", "hours": 60}, {"code": "MP0007", "name": "Interpretación gráfica", "hours": 133}, {"code": "MP1709", "name": "Itinerario persoal para a empregabilidade I", "hours": 107}, {"code": "MP3020", "name": "Operacións básicas de fabricación", "hours": 179}, {"code": "MP0001", "name": "Procesos de mecanizado", "hours": 131}, {"code": "MP0005", "name": "Sistemas automatizados", "hours": 131}, {"code": "MP1708", "name": "Sostibilidade aplicada ao sistema produtivo", "hours": 30}, {"code": "MP1664", "name": "Dixitalización aplicada ao sistema produtivo", "hours": 30}, {"code": "MP0003", "name": "Fabricación por abrasión, electroerosión, corte e conforma-", "hours": 191}, {"code": "MP1710", "name": "Itinerario persoal para a empregabilidade II", "hours": 50}, {"code": "MP0002", "name": "Mecanizado por control numérico", "hours": 465}, {"code": "MP0006", "name": "Metroloxía e ensaios", "hours": 164}, {"code": "MP1713", "name": "Proxecto intermodular", "hours": 50}], "learned": "procedementos especiais, preparando e programando as máquinas ferra- menta, operando con elas e verificando o produto obtido, conforme as es- pecificacións de calidade, seguridade e protección ambiental.", "work_context": "construción de maquinaria e equipamento mecánico, de material e equipa- mento eléctrico, electrónico e óptico, e de material de transporte encadrado no sector industrial."}'::jsonb,
  'official_upload',
  now(),
  now(),
  now()
)
on conflict (id) do update set
  name=excluded.name,
  type=excluded.type,
  level=excluded.level,
  family=excluded.family,
  jurisdiction=excluded.jurisdiction,
  route=excluded.route,
  subjects=excluded.subjects,
  ponderation_subjects=excluded.ponderation_subjects,
  route_options=excluded.route_options,
  availability_by_province=excluded.availability_by_province,
  sources=excluded.sources,
  source_url=excluded.source_url,
  source_id=excluded.source_id,
  raw=excluded.raw,
  data_quality=excluded.data_quality,
  verified_at=excluded.verified_at,
  last_seen_at=excluded.last_seen_at,
  updated_at=now();


insert into public.itinera_fp_catalog_details(id,study_id,learned,work_context,jobs,modules,source_file,raw)
values ('detail-fp-v36-cm-mecanizado','fp-v36-cm-mecanizado','procedementos especiais, preparando e programando as máquinas ferra- menta, operando con elas e verificando o produto obtido, conforme as es- pecificacións de calidade, seguridade e protección ambiental.','construción de maquinaria e equipamento mecánico, de material e equipa- mento eléctrico, electrónico e óptico, e de material de transporte encadrado no sector industrial.','["afiador/a de ferramentas", "operador/a de máquinas para traballar me- tais", "operador/a de máquinas ferramenta", "operador/a de robots industriais", "traballador/a da fabricación de ferramentas", "mecánicos/as e axustadores/ as", "modelistas matriceiros/as e asimilados", "torneiro/a"]'::jsonb,'[{"code": "MP0004", "name": "Fabricación por arranque de labra", "hours": 368}, {"code": "MP0156", "name": "Inglés profesional", "hours": 60}, {"code": "MP0007", "name": "Interpretación gráfica", "hours": 133}, {"code": "MP1709", "name": "Itinerario persoal para a empregabilidade I", "hours": 107}, {"code": "MP3020", "name": "Operacións básicas de fabricación", "hours": 179}, {"code": "MP0001", "name": "Procesos de mecanizado", "hours": 131}, {"code": "MP0005", "name": "Sistemas automatizados", "hours": 131}, {"code": "MP1708", "name": "Sostibilidade aplicada ao sistema produtivo", "hours": 30}, {"code": "MP1664", "name": "Dixitalización aplicada ao sistema produtivo", "hours": 30}, {"code": "MP0003", "name": "Fabricación por abrasión, electroerosión, corte e conforma-", "hours": 191}, {"code": "MP1710", "name": "Itinerario persoal para a empregabilidade II", "hours": 50}, {"code": "MP0002", "name": "Mecanizado por control numérico", "hours": 465}, {"code": "MP0006", "name": "Metroloxía e ensaios", "hours": 164}, {"code": "MP1713", "name": "Proxecto intermodular", "hours": 50}]'::jsonb,'09-fabricacion_e_mecanica_v7.pdf',jsonb_build_object('source_upload','3 base de datos itinera.zip','duration_hours','2000'))
on conflict (id) do update set study_id=excluded.study_id,learned=excluded.learned,work_context=excluded.work_context,jobs=excluded.jobs,modules=excluded.modules,source_file=excluded.source_file,raw=excluded.raw,updated_at=now();


insert into public.itinera_studies(id,name,type,level,family,jurisdiction,official_title,route,subjects,ponderation_subjects,route_options,availability_by_province,sources,source_url,source_id,raw,data_quality,verified_at,last_seen_at,updated_at)
values (
  'fp-v36-cm-soldadura-e-caldeiraria',
  'Soldadura e Caldeiraría',
  'fpgm',
  'Ciclo formativo de grao medio',
  'Fabricación mecánica',
  'Galicia',
  true,
  'Consultar requisitos, prazas, centros, modalidade e fontes oficiais antes de decidir.',
  '["Inglés profesional", "Interpretación gráfica", "Itinerario persoal para a empregabilidade I", "Mecanizado", "Soldadura en atmosfera natural", "Sostibilidade aplicada ao sistema produtivo", "Trazado, corte e conformación", "Dixitalización aplicada ao sistema produtivo", "Itinerario persoal para a empregabilidade II", "Metroloxía e ensaios", "Montaxe", "Proxecto intermodular"]'::jsonb,
  '[{"subject": "Non aplica ou consultar fonte oficial", "weight": "consultar fonte oficial"}]'::jsonb,
  '[]'::jsonb,
  '{"Galicia": ["Consultar oferta por provincia, centro, modalidade e curso na Xunta FP."]}'::jsonb,
  '["xunta-fp-catalogo-familias-2025-2026", "xunta-fp-ciclos", "todofp-familias"]'::jsonb,
  'https://www.edu.xunta.gal/fp/oferta-fp',
  'xunta-fp-catalogo-familias-2025-2026',
  '{"source_upload": "3 base de datos itinera.zip", "source_file": "09-fabricacion_e_mecanica_v7.pdf", "duration_hours": 2000, "modules": [{"code": "MP0156", "name": "Inglés profesional", "hours": 60}, {"code": "MP0007", "name": "Interpretación gráfica", "hours": 133}, {"code": "MP1709", "name": "Itinerario persoal para a empregabilidade I", "hours": 107}, {"code": "MP0092", "name": "Mecanizado", "hours": 129}, {"code": "MP0093", "name": "Soldadura en atmosfera natural", "hours": 288}, {"code": "MP1708", "name": "Sostibilidade aplicada ao sistema produtivo", "hours": 30}, {"code": "MP0091", "name": "Trazado, corte e conformación", "hours": 213}, {"code": "MP1664", "name": "Dixitalización aplicada ao sistema produtivo", "hours": 30}, {"code": "MP1710", "name": "Itinerario persoal para a empregabilidade II", "hours": 50}, {"code": "MP0006", "name": "Metroloxía e ensaios", "hours": 164}, {"code": "MP0095", "name": "Montaxe", "hours": 273}, {"code": "MP1713", "name": "Proxecto intermodular", "hours": 50}, {"code": "MP0094", "name": "Soldadura en atmosfera protexida", "hours": 383}], "learned": "de caldeiraría, canalizacións, estruturas metálicas e carpintaría metálica aplicando as técnicas de soldadura, de mecanizado e de conformación, e cumprindo as especificacións de calidade, prevención de riscos laborais e protección ambiental.", "work_context": "raría, carpintaría e estrutura relacionadas cos subsectores de construcións metálicas e navais, e de fabricación de vehículos de transporte, encadradas no sector industrial."}'::jsonb,
  'official_upload',
  now(),
  now(),
  now()
)
on conflict (id) do update set
  name=excluded.name,
  type=excluded.type,
  level=excluded.level,
  family=excluded.family,
  jurisdiction=excluded.jurisdiction,
  route=excluded.route,
  subjects=excluded.subjects,
  ponderation_subjects=excluded.ponderation_subjects,
  route_options=excluded.route_options,
  availability_by_province=excluded.availability_by_province,
  sources=excluded.sources,
  source_url=excluded.source_url,
  source_id=excluded.source_id,
  raw=excluded.raw,
  data_quality=excluded.data_quality,
  verified_at=excluded.verified_at,
  last_seen_at=excluded.last_seen_at,
  updated_at=now();


insert into public.itinera_fp_catalog_details(id,study_id,learned,work_context,jobs,modules,source_file,raw)
values ('detail-fp-v36-cm-soldadura-e-caldeiraria','fp-v36-cm-soldadura-e-caldeiraria','de caldeiraría, canalizacións, estruturas metálicas e carpintaría metálica aplicando as técnicas de soldadura, de mecanizado e de conformación, e cumprindo as especificacións de calidade, prevención de riscos laborais e protección ambiental.','raría, carpintaría e estrutura relacionadas cos subsectores de construcións metálicas e navais, e de fabricación de vehículos de transporte, encadradas no sector industrial.','["caldeireiro/a", "montador/a de estruturas metálicas", "carpinteiro/a metálico/ a"]'::jsonb,'[{"code": "MP0156", "name": "Inglés profesional", "hours": 60}, {"code": "MP0007", "name": "Interpretación gráfica", "hours": 133}, {"code": "MP1709", "name": "Itinerario persoal para a empregabilidade I", "hours": 107}, {"code": "MP0092", "name": "Mecanizado", "hours": 129}, {"code": "MP0093", "name": "Soldadura en atmosfera natural", "hours": 288}, {"code": "MP1708", "name": "Sostibilidade aplicada ao sistema produtivo", "hours": 30}, {"code": "MP0091", "name": "Trazado, corte e conformación", "hours": 213}, {"code": "MP1664", "name": "Dixitalización aplicada ao sistema produtivo", "hours": 30}, {"code": "MP1710", "name": "Itinerario persoal para a empregabilidade II", "hours": 50}, {"code": "MP0006", "name": "Metroloxía e ensaios", "hours": 164}, {"code": "MP0095", "name": "Montaxe", "hours": 273}, {"code": "MP1713", "name": "Proxecto intermodular", "hours": 50}, {"code": "MP0094", "name": "Soldadura en atmosfera protexida", "hours": 383}]'::jsonb,'09-fabricacion_e_mecanica_v7.pdf',jsonb_build_object('source_upload','3 base de datos itinera.zip','duration_hours','2000'))
on conflict (id) do update set study_id=excluded.study_id,learned=excluded.learned,work_context=excluded.work_context,jobs=excluded.jobs,modules=excluded.modules,source_file=excluded.source_file,raw=excluded.raw,updated_at=now();


insert into public.itinera_studies(id,name,type,level,family,jurisdiction,official_title,route,subjects,ponderation_subjects,route_options,availability_by_province,sources,source_url,source_id,raw,data_quality,verified_at,last_seen_at,updated_at)
values (
  'fp-v36-cs-programacion-da-producion-en-fabricacion-mecanica',
  'Programación da produción en fabricación mecánica',
  'fpgs',
  'Ciclo formativo de grao superior',
  'Fabricación mecánica',
  'Galicia',
  true,
  'Consultar requisitos, prazas, centros, modalidade e fontes oficiais antes de decidir.',
  '["Definición de procesos de mecanizado, conformación e mon-", "Execución de procesos de fabricación", "Inglés profesional", "Interpretación gráfica", "Itinerario persoal para a empregabilidade I", "Programación de sistemas automáticos de fabricación me-", "Sostibilidade aplicada ao sistema produtivo", "Verificación de produtos", "Dixitalización aplicada ao sistema produtivo", "Fabricación asistida por computador (CAM)", "Itinerario persoal para a empregabilidade II", "Mecanizado por control numérico"]'::jsonb,
  '[{"subject": "Non aplica ou consultar fonte oficial", "weight": "consultar fonte oficial"}]'::jsonb,
  '[]'::jsonb,
  '{"Galicia": ["Consultar oferta por provincia, centro, modalidade e curso na Xunta FP."]}'::jsonb,
  '["xunta-fp-catalogo-familias-2025-2026", "xunta-fp-ciclos", "todofp-familias"]'::jsonb,
  'https://www.edu.xunta.gal/fp/oferta-fp',
  'xunta-fp-catalogo-familias-2025-2026',
  '{"source_upload": "3 base de datos itinera.zip", "source_file": "09-fabricacion_e_mecanica_v7.pdf", "duration_hours": 2000, "modules": [{"code": "MP0160", "name": "Definición de procesos de mecanizado, conformación e mon-", "hours": 181}, {"code": "MP0164", "name": "Execución de procesos de fabricación", "hours": 187}, {"code": "MP0179", "name": "Inglés profesional", "hours": 60}, {"code": "MP0007", "name": "Interpretación gráfica", "hours": 133}, {"code": "MP1709", "name": "Itinerario persoal para a empregabilidade I", "hours": 107}, {"code": "MP0162", "name": "Programación de sistemas automáticos de fabricación me-", "hours": 131}, {"code": "MP1708", "name": "Sostibilidade aplicada ao sistema produtivo", "hours": 30}, {"code": "MP0166", "name": "Verificación de produtos", "hours": 131}, {"code": "MP1665", "name": "Dixitalización aplicada ao sistema produtivo", "hours": 30}, {"code": "MP0161", "name": "Fabricación asistida por computador (CAM)", "hours": 109}, {"code": "MP1710", "name": "Itinerario persoal para a empregabilidade II", "hours": 50}, {"code": "MP0002", "name": "Mecanizado por control numérico", "hours": 383}, {"code": "MP0163", "name": "Programación da produción", "hours": 191}, {"code": "MP0167", "name": "Proxecto intermodular de fabricación de produtos mecánicos", "hours": 50}, {"code": "MP0165", "name": "Xestión da calidade, prevención de riscos laborais e protección", "hours": 137}], "learned": "xe de bens de equipamento, partindo da documentación do proceso e das especificacións dos produtos que se fabriquen, asegurando a calidade da xestión e dos produtos, así como a supervisión dos sistemas de prevención de riscos laborais e de protección ambiental.", "work_context": "construción de maquinaria e equipamento mecánico, de material e equipa- mento eléctrico, electrónico e óptico, e de material de transporte encadrado no sector industrial."}'::jsonb,
  'official_upload',
  now(),
  now(),
  now()
)
on conflict (id) do update set
  name=excluded.name,
  type=excluded.type,
  level=excluded.level,
  family=excluded.family,
  jurisdiction=excluded.jurisdiction,
  route=excluded.route,
  subjects=excluded.subjects,
  ponderation_subjects=excluded.ponderation_subjects,
  route_options=excluded.route_options,
  availability_by_province=excluded.availability_by_province,
  sources=excluded.sources,
  source_url=excluded.source_url,
  source_id=excluded.source_id,
  raw=excluded.raw,
  data_quality=excluded.data_quality,
  verified_at=excluded.verified_at,
  last_seen_at=excluded.last_seen_at,
  updated_at=now();


insert into public.itinera_fp_catalog_details(id,study_id,learned,work_context,jobs,modules,source_file,raw)
values ('detail-fp-v36-cs-programacion-da-producion-en-fabricacion-mecanica','fp-v36-cs-programacion-da-producion-en-fabricacion-mecanica','xe de bens de equipamento, partindo da documentación do proceso e das especificacións dos produtos que se fabriquen, asegurando a calidade da xestión e dos produtos, así como a supervisión dos sistemas de prevención de riscos laborais e de protección ambiental.','construción de maquinaria e equipamento mecánico, de material e equipa- mento eléctrico, electrónico e óptico, e de material de transporte encadrado no sector industrial.','["metais", "encargado/a de operadores de máquinas para traballar metais", "en- cargado/a de montadores", "programador/a de CNC", "programador/a de siste- mas automatizados en fabricación mecánica"]'::jsonb,'[{"code": "MP0160", "name": "Definición de procesos de mecanizado, conformación e mon-", "hours": 181}, {"code": "MP0164", "name": "Execución de procesos de fabricación", "hours": 187}, {"code": "MP0179", "name": "Inglés profesional", "hours": 60}, {"code": "MP0007", "name": "Interpretación gráfica", "hours": 133}, {"code": "MP1709", "name": "Itinerario persoal para a empregabilidade I", "hours": 107}, {"code": "MP0162", "name": "Programación de sistemas automáticos de fabricación me-", "hours": 131}, {"code": "MP1708", "name": "Sostibilidade aplicada ao sistema produtivo", "hours": 30}, {"code": "MP0166", "name": "Verificación de produtos", "hours": 131}, {"code": "MP1665", "name": "Dixitalización aplicada ao sistema produtivo", "hours": 30}, {"code": "MP0161", "name": "Fabricación asistida por computador (CAM)", "hours": 109}, {"code": "MP1710", "name": "Itinerario persoal para a empregabilidade II", "hours": 50}, {"code": "MP0002", "name": "Mecanizado por control numérico", "hours": 383}, {"code": "MP0163", "name": "Programación da produción", "hours": 191}, {"code": "MP0167", "name": "Proxecto intermodular de fabricación de produtos mecánicos", "hours": 50}, {"code": "MP0165", "name": "Xestión da calidade, prevención de riscos laborais e protección", "hours": 137}]'::jsonb,'09-fabricacion_e_mecanica_v7.pdf',jsonb_build_object('source_upload','3 base de datos itinera.zip','duration_hours','2000'))
on conflict (id) do update set study_id=excluded.study_id,learned=excluded.learned,work_context=excluded.work_context,jobs=excluded.jobs,modules=excluded.modules,source_file=excluded.source_file,raw=excluded.raw,updated_at=now();


insert into public.itinera_studies(id,name,type,level,family,jurisdiction,official_title,route,subjects,ponderation_subjects,route_options,availability_by_province,sources,source_url,source_id,raw,data_quality,verified_at,last_seen_at,updated_at)
values (
  'fp-v36-cs-construcions-metalicas',
  'Construcións metálicas',
  'fpgs',
  'Ciclo formativo de grao superior',
  'Fabricación mecánica',
  'Galicia',
  true,
  'Consultar requisitos, prazas, centros, modalidade e fontes oficiais antes de decidir.',
  '["Deseño de construcións metálicas", "Inglés profesional", "Itinerario persoal para a empregabilidade I", "Procesos de mecanizado, corte e conformación en constru-", "Programación de sistemas automáticos de fabricación me-", "Representación gráfica en fabricación mecánica", "Sostibilidade aplicada ao sistema produtivo", "Definición de procesos de construcións metálicas", "Dixitalización aplicada ao sistema produtivo", "Itinerario persoal para a empregabilidade II", "Procesos de unión e montaxe en construcións metálicas", "Programación da produción"]'::jsonb,
  '[{"subject": "Non aplica ou consultar fonte oficial", "weight": "consultar fonte oficial"}]'::jsonb,
  '[]'::jsonb,
  '{"Galicia": ["Consultar oferta por provincia, centro, modalidade e curso na Xunta FP."]}'::jsonb,
  '["xunta-fp-catalogo-familias-2025-2026", "xunta-fp-ciclos", "todofp-familias"]'::jsonb,
  'https://www.edu.xunta.gal/fp/oferta-fp',
  'xunta-fp-catalogo-familias-2025-2026',
  '{"source_upload": "3 base de datos itinera.zip", "source_file": "09-fabricacion_e_mecanica_v7.pdf", "duration_hours": 2000, "modules": [{"code": "MP0246", "name": "Deseño de construcións metálicas", "hours": 236}, {"code": "MP0179", "name": "Inglés profesional", "hours": 60}, {"code": "MP1709", "name": "Itinerario persoal para a empregabilidade I", "hours": 107}, {"code": "MP0248", "name": "Procesos de mecanizado, corte e conformación en constru-", "hours": 183}, {"code": "MP0162", "name": "Programación de sistemas automáticos de fabricación me-", "hours": 131}, {"code": "MP0245", "name": "Representación gráfica en fabricación mecánica", "hours": 213}, {"code": "MP1708", "name": "Sostibilidade aplicada ao sistema produtivo", "hours": 30}, {"code": "MP0247", "name": "Definición de procesos de construcións metálicas", "hours": 219}, {"code": "MP1665", "name": "Dixitalización aplicada ao sistema produtivo", "hours": 30}, {"code": "MP1710", "name": "Itinerario persoal para a empregabilidade II", "hours": 50}, {"code": "MP0249", "name": "Procesos de unión e montaxe en construcións metálicas", "hours": 273}, {"code": "MP0163", "name": "Programación da produción", "hours": 191}, {"code": "MP0250", "name": "Proxecto intermodular de construcións metálicas", "hours": 50}, {"code": "MP0165", "name": "Xestión da calidade, prevención de riscos laborais e protección", "hours": 137}], "learned": "baxe industrial, e planificar, programar e controlar a súa produción, par- tindo da documentación do proceso e as especificacións dos produtos que se fabriquen, asegurando a calidade da xestión e dos produtos, así como a supervisión dos sistemas de prevención de riscos laborais e protección ambiental.", "work_context": "sa e tubaxe industrial, talleres mecánicos, construción de carrozarías, re- molques e caixas abatibles, construción e reparación naval, instalacións pe- troquímicas, material de transporte, montaxe e reparación de construcións metálicas, no ámbito da produción de construcións metálicas encadradas no sector industrial."}'::jsonb,
  'official_upload',
  now(),
  now(),
  now()
)
on conflict (id) do update set
  name=excluded.name,
  type=excluded.type,
  level=excluded.level,
  family=excluded.family,
  jurisdiction=excluded.jurisdiction,
  route=excluded.route,
  subjects=excluded.subjects,
  ponderation_subjects=excluded.ponderation_subjects,
  route_options=excluded.route_options,
  availability_by_province=excluded.availability_by_province,
  sources=excluded.sources,
  source_url=excluded.source_url,
  source_id=excluded.source_id,
  raw=excluded.raw,
  data_quality=excluded.data_quality,
  verified_at=excluded.verified_at,
  last_seen_at=excluded.last_seen_at,
  updated_at=now();


insert into public.itinera_fp_catalog_details(id,study_id,learned,work_context,jobs,modules,source_file,raw)
values ('detail-fp-v36-cs-construcions-metalicas','fp-v36-cs-construcions-metalicas','baxe industrial, e planificar, programar e controlar a súa produción, par- tindo da documentación do proceso e as especificacións dos produtos que se fabriquen, asegurando a calidade da xestión e dos produtos, así como a supervisión dos sistemas de prevención de riscos laborais e protección ambiental.','sa e tubaxe industrial, talleres mecánicos, construción de carrozarías, re- molques e caixas abatibles, construción e reparación naval, instalacións pe- troquímicas, material de transporte, montaxe e reparación de construcións metálicas, no ámbito da produción de construcións metálicas encadradas no sector industrial.','["cións metálicas", "encargado/a de montadores en construcións metálicas", "delineante proxectista de caldeiraría e estruturas metálicas", "técnico/a en deseño asistido por computador (CAD) de caldeiraría e estruturas metá- licas", "deseñador/a técnico/a de caldeiraría e estruturas", "programador/a de sistemas automatizados en fabricación mecánica", "programador/a da produ- ción en fabricación mecánica", "técnico/a en desenvolvemento de tubaxes"]'::jsonb,'[{"code": "MP0246", "name": "Deseño de construcións metálicas", "hours": 236}, {"code": "MP0179", "name": "Inglés profesional", "hours": 60}, {"code": "MP1709", "name": "Itinerario persoal para a empregabilidade I", "hours": 107}, {"code": "MP0248", "name": "Procesos de mecanizado, corte e conformación en constru-", "hours": 183}, {"code": "MP0162", "name": "Programación de sistemas automáticos de fabricación me-", "hours": 131}, {"code": "MP0245", "name": "Representación gráfica en fabricación mecánica", "hours": 213}, {"code": "MP1708", "name": "Sostibilidade aplicada ao sistema produtivo", "hours": 30}, {"code": "MP0247", "name": "Definición de procesos de construcións metálicas", "hours": 219}, {"code": "MP1665", "name": "Dixitalización aplicada ao sistema produtivo", "hours": 30}, {"code": "MP1710", "name": "Itinerario persoal para a empregabilidade II", "hours": 50}, {"code": "MP0249", "name": "Procesos de unión e montaxe en construcións metálicas", "hours": 273}, {"code": "MP0163", "name": "Programación da produción", "hours": 191}, {"code": "MP0250", "name": "Proxecto intermodular de construcións metálicas", "hours": 50}, {"code": "MP0165", "name": "Xestión da calidade, prevención de riscos laborais e protección", "hours": 137}]'::jsonb,'09-fabricacion_e_mecanica_v7.pdf',jsonb_build_object('source_upload','3 base de datos itinera.zip','duration_hours','2000'))
on conflict (id) do update set study_id=excluded.study_id,learned=excluded.learned,work_context=excluded.work_context,jobs=excluded.jobs,modules=excluded.modules,source_file=excluded.source_file,raw=excluded.raw,updated_at=now();


insert into public.itinera_studies(id,name,type,level,family,jurisdiction,official_title,route,subjects,ponderation_subjects,route_options,availability_by_province,sources,source_url,source_id,raw,data_quality,verified_at,last_seen_at,updated_at)
values (
  'fp-v36-cs-deseno-en-fabricacion-mecanica',
  'Deseño en fabricación mecánica',
  'fpgs',
  'Ciclo formativo de grao superior',
  'Fabricación mecánica',
  'Galicia',
  true,
  'Consultar requisitos, prazas, centros, modalidade e fontes oficiais antes de decidir.',
  '["Deseño de moldes e modelos de fundición", "Deseño de produtos mecánicos", "Inglés profesional", "Itinerario persoal para a empregabilidade I", "Representación gráfica en fabricación mecánica", "Sostibilidade aplicada ao sistema produtivo", "Técnicas de fabricación mecánica", "Automatización da fabricación", "Deseño de moldes para produtos poliméricos", "Deseño de utensilios de procesamento de chapa e estampa-", "Dixitalización aplicada ao sistema produtivo", "Itinerario persoal para a empregabilidade II"]'::jsonb,
  '[{"subject": "Non aplica ou consultar fonte oficial", "weight": "consultar fonte oficial"}]'::jsonb,
  '[]'::jsonb,
  '{"Galicia": ["Consultar oferta por provincia, centro, modalidade e curso na Xunta FP."]}'::jsonb,
  '["xunta-fp-catalogo-familias-2025-2026", "xunta-fp-ciclos", "todofp-familias"]'::jsonb,
  'https://www.edu.xunta.gal/fp/oferta-fp',
  'xunta-fp-catalogo-familias-2025-2026',
  '{"source_upload": "3 base de datos itinera.zip", "source_file": "09-fabricacion_e_mecanica_v7.pdf", "duration_hours": 2000, "modules": [{"code": "MP0429", "name": "Deseño de moldes e modelos de fundición", "hours": 102}, {"code": "MP0427", "name": "Deseño de produtos mecánicos", "hours": 261}, {"code": "MP0179", "name": "Inglés profesional", "hours": 60}, {"code": "MP1709", "name": "Itinerario persoal para a empregabilidade I", "hours": 107}, {"code": "MP0245", "name": "Representación gráfica en fabricación mecánica", "hours": 213}, {"code": "MP1708", "name": "Sostibilidade aplicada ao sistema produtivo", "hours": 30}, {"code": "MP0432", "name": "Técnicas de fabricación mecánica", "hours": 187}, {"code": "MP0431", "name": "Automatización da fabricación", "hours": 301}, {"code": "MP0430", "name": "Deseño de moldes para produtos poliméricos", "hours": 191}, {"code": "MP0428", "name": "Deseño de utensilios de procesamento de chapa e estampa-", "hours": 328}, {"code": "MP1665", "name": "Dixitalización aplicada ao sistema produtivo", "hours": 30}, {"code": "MP1710", "name": "Itinerario persoal para a empregabilidade II", "hours": 50}, {"code": "MP0433", "name": "Proxecto intermodular de deseño de produtos mecánicos", "hours": 50}], "learned": "chapa, moldes e modelos para polímeros, fundición, forxa, estampación ou pulvimetalurxia, asegurando a calidade, e cumprindo a normativa de pre- vención de riscos laborais e de protección ambiental.", "work_context": "riais compostos relacionadas cos subsectores de construción de maquinaria e equipamento mecánico, de material e equipamento eléctrico, electrónico e óptico, e de material de transporte encadrado no sector industrial."}'::jsonb,
  'official_upload',
  now(),
  now(),
  now()
)
on conflict (id) do update set
  name=excluded.name,
  type=excluded.type,
  level=excluded.level,
  family=excluded.family,
  jurisdiction=excluded.jurisdiction,
  route=excluded.route,
  subjects=excluded.subjects,
  ponderation_subjects=excluded.ponderation_subjects,
  route_options=excluded.route_options,
  availability_by_province=excluded.availability_by_province,
  sources=excluded.sources,
  source_url=excluded.source_url,
  source_id=excluded.source_id,
  raw=excluded.raw,
  data_quality=excluded.data_quality,
  verified_at=excluded.verified_at,
  last_seen_at=excluded.last_seen_at,
  updated_at=now();


insert into public.itinera_fp_catalog_details(id,study_id,learned,work_context,jobs,modules,source_file,raw)
values ('detail-fp-v36-cs-deseno-en-fabricacion-mecanica','fp-v36-cs-deseno-en-fabricacion-mecanica','chapa, moldes e modelos para polímeros, fundición, forxa, estampación ou pulvimetalurxia, asegurando a calidade, e cumprindo a normativa de pre- vención de riscos laborais e de protección ambiental.','riais compostos relacionadas cos subsectores de construción de maquinaria e equipamento mecánico, de material e equipamento eléctrico, electrónico e óptico, e de material de transporte encadrado no sector industrial.','["produtos", "técnico/a en desenvolvemento de matrices", "técnico/a en desen- volvemento de utensilios", "técnico/a en desenvolvemento de moldes"]'::jsonb,'[{"code": "MP0429", "name": "Deseño de moldes e modelos de fundición", "hours": 102}, {"code": "MP0427", "name": "Deseño de produtos mecánicos", "hours": 261}, {"code": "MP0179", "name": "Inglés profesional", "hours": 60}, {"code": "MP1709", "name": "Itinerario persoal para a empregabilidade I", "hours": 107}, {"code": "MP0245", "name": "Representación gráfica en fabricación mecánica", "hours": 213}, {"code": "MP1708", "name": "Sostibilidade aplicada ao sistema produtivo", "hours": 30}, {"code": "MP0432", "name": "Técnicas de fabricación mecánica", "hours": 187}, {"code": "MP0431", "name": "Automatización da fabricación", "hours": 301}, {"code": "MP0430", "name": "Deseño de moldes para produtos poliméricos", "hours": 191}, {"code": "MP0428", "name": "Deseño de utensilios de procesamento de chapa e estampa-", "hours": 328}, {"code": "MP1665", "name": "Dixitalización aplicada ao sistema produtivo", "hours": 30}, {"code": "MP1710", "name": "Itinerario persoal para a empregabilidade II", "hours": 50}, {"code": "MP0433", "name": "Proxecto intermodular de deseño de produtos mecánicos", "hours": 50}]'::jsonb,'09-fabricacion_e_mecanica_v7.pdf',jsonb_build_object('source_upload','3 base de datos itinera.zip','duration_hours','2000'))
on conflict (id) do update set study_id=excluded.study_id,learned=excluded.learned,work_context=excluded.work_context,jobs=excluded.jobs,modules=excluded.modules,source_file=excluded.source_file,raw=excluded.raw,updated_at=now();


insert into public.itinera_studies(id,name,type,level,family,jurisdiction,official_title,route,subjects,ponderation_subjects,route_options,availability_by_province,sources,source_url,source_id,raw,data_quality,verified_at,last_seen_at,updated_at)
values (
  'fp-v36-cs-programacion-da-producion-en-moldeamento-de-metais-e-polimeros',
  'Programación da produción en moldeamento de metais e polímeros',
  'fpgs',
  'Ciclo formativo de grao superior',
  'Fabricación mecánica',
  'Galicia',
  true,
  'Consultar requisitos, prazas, centros, modalidade e fontes oficiais antes de decidir.',
  '["Caracterización de materiais", "Inglés profesional", "Interpretación gráfica", "Itinerario persoal para a empregabilidade I", "Moldeamento aberto", "Programación de sistemas automáticos de fabricación me-", "Sostibilidade aplicada ao sistema produtivo", "Verificación de produtos conformados", "Dixitalización aplicada ao sistema produtivo", "Itinerario persoal para a empregabilidade II", "Moldeamento pechado", "Programación da produción"]'::jsonb,
  '[{"subject": "Non aplica ou consultar fonte oficial", "weight": "consultar fonte oficial"}]'::jsonb,
  '[]'::jsonb,
  '{"Galicia": ["Consultar oferta por provincia, centro, modalidade e curso na Xunta FP."]}'::jsonb,
  '["xunta-fp-catalogo-familias-2025-2026", "xunta-fp-ciclos", "todofp-familias"]'::jsonb,
  'https://www.edu.xunta.gal/fp/oferta-fp',
  'xunta-fp-catalogo-familias-2025-2026',
  '{"source_upload": "3 base de datos itinera.zip", "source_file": "09-fabricacion_e_mecanica_v7.pdf", "duration_hours": 2000, "modules": [{"code": "MP0530", "name": "Caracterización de materiais", "hours": 133}, {"code": "MP0179", "name": "Inglés profesional", "hours": 60}, {"code": "MP0007", "name": "Interpretación gráfica", "hours": 133}, {"code": "MP1709", "name": "Itinerario persoal para a empregabilidade I", "hours": 107}, {"code": "MP0532", "name": "Moldeamento aberto", "hours": 235}, {"code": "MP0162", "name": "Programación de sistemas automáticos de fabricación me-", "hours": 131}, {"code": "MP1708", "name": "Sostibilidade aplicada ao sistema produtivo", "hours": 30}, {"code": "MP0533", "name": "Verificación de produtos conformados", "hours": 131}, {"code": "MP1665", "name": "Dixitalización aplicada ao sistema produtivo", "hours": 30}, {"code": "MP1710", "name": "Itinerario persoal para a empregabilidade II", "hours": 50}, {"code": "MP0531", "name": "Moldeamento pechado", "hours": 492}, {"code": "MP0163", "name": "Programación da produción", "hours": 191}, {"code": "MP0534", "name": "Proxecto intermodular de programación da produción en mol-", "hours": 50}, {"code": "MP0165", "name": "Xestión da calidade, prevención de riscos laborais e protección", "hours": 137}], "learned": "lurxia,transformación de plásticos e de materiais compostos, partindo da documentación do proceso e as especificacións dos produtos que cumpra fabricar, asegurando a calidade da xestión e dos produtos, así como o man- temento dos sistemas de prevención de riscos laborais e protección am- biental.", "work_context": "transformación de polímeros e materiais compostos, relacionadas cos sub- sectores de transformación de metais e polímeros encadrados no sector industrial."}'::jsonb,
  'official_upload',
  now(),
  now(),
  now()
)
on conflict (id) do update set
  name=excluded.name,
  type=excluded.type,
  level=excluded.level,
  family=excluded.family,
  jurisdiction=excluded.jurisdiction,
  route=excluded.route,
  subjects=excluded.subjects,
  ponderation_subjects=excluded.ponderation_subjects,
  route_options=excluded.route_options,
  availability_by_province=excluded.availability_by_province,
  sources=excluded.sources,
  source_url=excluded.source_url,
  source_id=excluded.source_id,
  raw=excluded.raw,
  data_quality=excluded.data_quality,
  verified_at=excluded.verified_at,
  last_seen_at=excluded.last_seen_at,
  updated_at=now();


insert into public.itinera_fp_catalog_details(id,study_id,learned,work_context,jobs,modules,source_file,raw)
values ('detail-fp-v36-cs-programacion-da-producion-en-moldeamento-de-metais-e-polimeros','fp-v36-cs-programacion-da-producion-en-moldeamento-de-metais-e-polimeros','lurxia,transformación de plásticos e de materiais compostos, partindo da documentación do proceso e as especificacións dos produtos que cumpra fabricar, asegurando a calidade da xestión e dos produtos, así como o man- temento dos sistemas de prevención de riscos laborais e protección am- biental.','transformación de polímeros e materiais compostos, relacionadas cos sub- sectores de transformación de metais e polímeros encadrados no sector industrial.','["ción", "técnico/a de aprovisionamento", "técnico/a en laboratorio de control de transformación de polímeros", "programador/a de sistemas automatiza- dos", "encargado/a de produción (moldeamento, extrusión, calandraxe, acaba- mento, tratamentos, etc.)", "encargado/a de operadores/as de máquinas para fabricar produtos de caucho e de materiais plásticos", "encargado/a de mol- deadores/as", "encargado/a de instalacións de procesos de fundición", "encarga- do/a de instalacións de procesos de pulvimetalurxia", "técnico/a de desenvol- vemento de produtos e moldes", "encargado/a de envasamento", "encargado/a de vulcanización", "encargado/a de sección de fabricación de pneumáticos en xeral", "inspector/a de verificadores/as de fabricación de pneumáticos", "encar- gado/a de sección de recauchutaxe de pneumáticos, encargado/a de sección de acabamentos"]'::jsonb,'[{"code": "MP0530", "name": "Caracterización de materiais", "hours": 133}, {"code": "MP0179", "name": "Inglés profesional", "hours": 60}, {"code": "MP0007", "name": "Interpretación gráfica", "hours": 133}, {"code": "MP1709", "name": "Itinerario persoal para a empregabilidade I", "hours": 107}, {"code": "MP0532", "name": "Moldeamento aberto", "hours": 235}, {"code": "MP0162", "name": "Programación de sistemas automáticos de fabricación me-", "hours": 131}, {"code": "MP1708", "name": "Sostibilidade aplicada ao sistema produtivo", "hours": 30}, {"code": "MP0533", "name": "Verificación de produtos conformados", "hours": 131}, {"code": "MP1665", "name": "Dixitalización aplicada ao sistema produtivo", "hours": 30}, {"code": "MP1710", "name": "Itinerario persoal para a empregabilidade II", "hours": 50}, {"code": "MP0531", "name": "Moldeamento pechado", "hours": 492}, {"code": "MP0163", "name": "Programación da produción", "hours": 191}, {"code": "MP0534", "name": "Proxecto intermodular de programación da produción en mol-", "hours": 50}, {"code": "MP0165", "name": "Xestión da calidade, prevención de riscos laborais e protección", "hours": 137}]'::jsonb,'09-fabricacion_e_mecanica_v7.pdf',jsonb_build_object('source_upload','3 base de datos itinera.zip','duration_hours','2000'))
on conflict (id) do update set study_id=excluded.study_id,learned=excluded.learned,work_context=excluded.work_context,jobs=excluded.jobs,modules=excluded.modules,source_file=excluded.source_file,raw=excluded.raw,updated_at=now();


insert into public.itinera_studies(id,name,type,level,family,jurisdiction,official_title,route,subjects,ponderation_subjects,route_options,availability_by_province,sources,source_url,source_id,raw,data_quality,verified_at,last_seen_at,updated_at)
values (
  'fp-v36-es-fabricacion-aditiva',
  'Fabricación aditiva',
  'especializacion_gs',
  'Curso de especialización de grao superior',
  'Fabricación mecánica',
  'Galicia',
  true,
  'Consultar requisitos, prazas, centros, modalidade e fontes oficiais antes de decidir.',
  '["Deseño de estruturas alixeiradas e optimización topolóxica", "Escaneamento e reparación de mallas 3D", "Manexo, reparación e custos da fabricación aditiva", "Modelaxe, laminado e impresión 3D", "Posprocesamento", "Tecnoloxías de fabricación aditiva"]'::jsonb,
  '[{"subject": "Non aplica ou consultar fonte oficial", "weight": "consultar fonte oficial"}]'::jsonb,
  '[]'::jsonb,
  '{"Galicia": ["Consultar oferta por provincia, centro, modalidade e curso na Xunta FP."]}'::jsonb,
  '["xunta-fp-catalogo-familias-2025-2026", "xunta-fp-ciclos", "todofp-familias"]'::jsonb,
  'https://www.edu.xunta.gal/fp/oferta-fp',
  'xunta-fp-catalogo-familias-2025-2026',
  '{"source_upload": "3 base de datos itinera.zip", "source_file": "09-fabricacion_e_mecanica_v7.pdf", "duration_hours": 600, "modules": [{"code": "MP5066", "name": "Deseño de estruturas alixeiradas e optimización topolóxica", "hours": 82}, {"code": "MP5068", "name": "Escaneamento e reparación de mallas 3D", "hours": 63}, {"code": "MP5070", "name": "Manexo, reparación e custos da fabricación aditiva", "hours": 100}, {"code": "MP5067", "name": "Modelaxe, laminado e impresión 3D", "hours": 200}, {"code": "MP5069", "name": "Posprocesamento", "hours": 73}, {"code": "MP5065", "name": "Tecnoloxías de fabricación aditiva", "hours": 82}], "learned": "de impresión 3D, supervisar ou executar a montaxe, mantemento e posta en marcha dos devanditos proxectos, así como tomar decisións de imple- mentación no desenvolvemento de produtos de empresa (auxiliares ou fi- nalistas) respectando criterios de calidade, deseño, seguridade e respecto ao medio ambiente.", "work_context": "principalmente nos ámbitos da investigación, desenvolvemento de produ- tos, produción industrial, mantemento industrial e servizos."}'::jsonb,
  'official_upload',
  now(),
  now(),
  now()
)
on conflict (id) do update set
  name=excluded.name,
  type=excluded.type,
  level=excluded.level,
  family=excluded.family,
  jurisdiction=excluded.jurisdiction,
  route=excluded.route,
  subjects=excluded.subjects,
  ponderation_subjects=excluded.ponderation_subjects,
  route_options=excluded.route_options,
  availability_by_province=excluded.availability_by_province,
  sources=excluded.sources,
  source_url=excluded.source_url,
  source_id=excluded.source_id,
  raw=excluded.raw,
  data_quality=excluded.data_quality,
  verified_at=excluded.verified_at,
  last_seen_at=excluded.last_seen_at,
  updated_at=now();


insert into public.itinera_fp_catalog_details(id,study_id,learned,work_context,jobs,modules,source_file,raw)
values ('detail-fp-v36-es-fabricacion-aditiva','fp-v36-es-fabricacion-aditiva','de impresión 3D, supervisar ou executar a montaxe, mantemento e posta en marcha dos devanditos proxectos, así como tomar decisións de imple- mentación no desenvolvemento de produtos de empresa (auxiliares ou fi- nalistas) respectando criterios de calidade, deseño, seguridade e respecto ao medio ambiente.','principalmente nos ámbitos da investigación, desenvolvemento de produ- tos, produción industrial, mantemento industrial e servizos.','["experto/a en deseño de produto para impresión 3D", "deseñador/a 3D por es- caneado"]'::jsonb,'[{"code": "MP5066", "name": "Deseño de estruturas alixeiradas e optimización topolóxica", "hours": 82}, {"code": "MP5068", "name": "Escaneamento e reparación de mallas 3D", "hours": 63}, {"code": "MP5070", "name": "Manexo, reparación e custos da fabricación aditiva", "hours": 100}, {"code": "MP5067", "name": "Modelaxe, laminado e impresión 3D", "hours": 200}, {"code": "MP5069", "name": "Posprocesamento", "hours": 73}, {"code": "MP5065", "name": "Tecnoloxías de fabricación aditiva", "hours": 82}]'::jsonb,'09-fabricacion_e_mecanica_v7.pdf',jsonb_build_object('source_upload','3 base de datos itinera.zip','duration_hours','600'))
on conflict (id) do update set study_id=excluded.study_id,learned=excluded.learned,work_context=excluded.work_context,jobs=excluded.jobs,modules=excluded.modules,source_file=excluded.source_file,raw=excluded.raw,updated_at=now();


insert into public.itinera_studies(id,name,type,level,family,jurisdiction,official_title,route,subjects,ponderation_subjects,route_options,availability_by_province,sources,source_url,source_id,raw,data_quality,verified_at,last_seen_at,updated_at)
values (
  'fp-v36-es-materiais-compostos-na-industria-aeroespacial',
  'Materiais compostos na industria aeroespacial',
  'especializacion_gs',
  'Curso de especialización de grao superior',
  'Fabricación mecánica',
  'Galicia',
  true,
  'Consultar requisitos, prazas, centros, modalidade e fontes oficiais antes de decidir.',
  '["Fabricación automática en materiais compostos", "Verificación de elementos de materiais compostos"]'::jsonb,
  '[{"subject": "Non aplica ou consultar fonte oficial", "weight": "consultar fonte oficial"}]'::jsonb,
  '[]'::jsonb,
  '{"Galicia": ["Consultar oferta por provincia, centro, modalidade e curso na Xunta FP."]}'::jsonb,
  '["xunta-fp-catalogo-familias-2025-2026", "xunta-fp-ciclos", "todofp-familias"]'::jsonb,
  'https://www.edu.xunta.gal/fp/oferta-fp',
  'xunta-fp-catalogo-familias-2025-2026',
  '{"source_upload": "3 base de datos itinera.zip", "source_file": "09-fabricacion_e_mecanica_v7.pdf", "duration_hours": 600, "modules": [{"code": "MP5084", "name": "Fabricación automática en materiais compostos", "hours": 180}, {"code": "MP5086", "name": "Verificación de elementos de materiais compostos", "hours": 90}], "learned": "en cadeas de produción, así como controlar os procesos implicados, verifi- car os resultados obtidos, realizar o mantemento avanzado, a preparación e posta a punto da instalación, da maquinaria e dos utensilios de acordo cos protocolos de actuación, cumprindo os criterios e as normas de calidade, os plans de prevención de riscos laborais e ambientais da empresa e a norma- tiva de aplicación.", "work_context": "da dedicadas á fabricación de elementos aeroespaciais con materiais com- postos e á corrección de defectos, dependendo, de ser o caso, funcional e xerarquicamente de persoal superior, e podendo ter ao seu cargo persoal de nivel inferior."}'::jsonb,
  'official_upload',
  now(),
  now(),
  now()
)
on conflict (id) do update set
  name=excluded.name,
  type=excluded.type,
  level=excluded.level,
  family=excluded.family,
  jurisdiction=excluded.jurisdiction,
  route=excluded.route,
  subjects=excluded.subjects,
  ponderation_subjects=excluded.ponderation_subjects,
  route_options=excluded.route_options,
  availability_by_province=excluded.availability_by_province,
  sources=excluded.sources,
  source_url=excluded.source_url,
  source_id=excluded.source_id,
  raw=excluded.raw,
  data_quality=excluded.data_quality,
  verified_at=excluded.verified_at,
  last_seen_at=excluded.last_seen_at,
  updated_at=now();


insert into public.itinera_fp_catalog_details(id,study_id,learned,work_context,jobs,modules,source_file,raw)
values ('detail-fp-v36-es-materiais-compostos-na-industria-aeroespacial','fp-v36-es-materiais-compostos-na-industria-aeroespacial','en cadeas de produción, así como controlar os procesos implicados, verifi- car os resultados obtidos, realizar o mantemento avanzado, a preparación e posta a punto da instalación, da maquinaria e dos utensilios de acordo cos protocolos de actuación, cumprindo os criterios e as normas de calidade, os plans de prevención de riscos laborais e ambientais da empresa e a norma- tiva de aplicación.','da dedicadas á fabricación de elementos aeroespaciais con materiais com- postos e á corrección de defectos, dependendo, de ser o caso, funcional e xerarquicamente de persoal superior, e podendo ter ao seu cargo persoal de nivel inferior.','["a construción de elementos aeroespaciais", "operador/a organizador/a de má- quina de encintado para a construción de elementos aeroespaciais", "plasto- químico/a laminador/a de manual para a construción de elementos aeroes- paciais", "operador/a organizador/a de autoclave e estufa de polimerización de materiais compostos para elementos aeroespaciais", "operador/a organi- zador/a de mecanizado de pezas de materiais compostos para elementos aeroespaciais", "verificador/a de elementos aeroespaciais de materiais com- postos"]'::jsonb,'[{"code": "MP5084", "name": "Fabricación automática en materiais compostos", "hours": 180}, {"code": "MP5086", "name": "Verificación de elementos de materiais compostos", "hours": 90}]'::jsonb,'09-fabricacion_e_mecanica_v7.pdf',jsonb_build_object('source_upload','3 base de datos itinera.zip','duration_hours','600'))
on conflict (id) do update set study_id=excluded.study_id,learned=excluded.learned,work_context=excluded.work_context,jobs=excluded.jobs,modules=excluded.modules,source_file=excluded.source_file,raw=excluded.raw,updated_at=now();


insert into public.itinera_studies(id,name,type,level,family,jurisdiction,official_title,route,subjects,ponderation_subjects,route_options,availability_by_province,sources,source_url,source_id,raw,data_quality,verified_at,last_seen_at,updated_at)
values (
  'fp-v36-cb-actividades-de-panadaria-e-pastelaria',
  'Actividades de panadaría e pastelaría',
  'fpb',
  'Ciclo formativo de grao básico',
  'Hostalaría e turismo',
  'Galicia',
  true,
  'Consultar requisitos, prazas, centros, modalidade e fontes oficiais antes de decidir.',
  '["Atención á clientela", "Ciencias aplicadas I", "Comunicación e ciencias sociais I", "Itinerario persoal para a empregabilidade", "Operacións auxiliares na industria alimentaria", "Procesos básicos de pastelaría", "Ciencias aplicadas II", "Comunicación e ciencias sociais II", "Dispensación en panadaría e pastelaría", "Procesos básicos de panadaría", "Proxecto intermodular de aprendizaxe colaborativa"]'::jsonb,
  '[{"subject": "Non aplica ou consultar fonte oficial", "weight": "consultar fonte oficial"}]'::jsonb,
  '[]'::jsonb,
  '{"Galicia": ["Consultar oferta por provincia, centro, modalidade e curso na Xunta FP."]}'::jsonb,
  '["xunta-fp-catalogo-familias-2025-2026", "xunta-fp-ciclos", "todofp-familias"]'::jsonb,
  'https://www.edu.xunta.gal/fp/oferta-fp',
  'xunta-fp-catalogo-familias-2025-2026',
  '{"source_upload": "3 base de datos itinera.zip", "source_file": "10-hostalaria_e_turismo_v7.pdf", "duration_hours": 2000, "modules": [{"code": "MP3005", "name": "Atención á clientela", "hours": 58}, {"code": "AM3163", "name": "Ciencias aplicadas I", "hours": 146}, {"code": "AM3161", "name": "Comunicación e ciencias sociais I", "hours": 175}, {"code": "MP3159", "name": "Itinerario persoal para a empregabilidade", "hours": 60}, {"code": "MP3133", "name": "Operacións auxiliares na industria alimentaria", "hours": 146}, {"code": "MP3017", "name": "Procesos básicos de pastelaría", "hours": 325}, {"code": "AM3164", "name": "Ciencias aplicadas II", "hours": 146}, {"code": "AM3162", "name": "Comunicación e ciencias sociais II", "hours": 125}, {"code": "MP3026", "name": "Dispensación en panadaría e pastelaría", "hours": 285}, {"code": "MP3007", "name": "Procesos básicos de panadaría", "hours": 449}, {"code": "MP3160", "name": "Proxecto intermodular de aprendizaxe colaborativa", "hours": 25}], "learned": "sicos de panadaría e pastelaría, presentalos para a súa venda e dispensalos, aplicando os protocolos establecidos, as normas de hixiene alimentaria, de prevención de riscos laborais e de protección ambiental correspondentes, e comunicándose de forma oral e escrita en linguas galega e castelá, así como nalgunha lingua estranxeira.", "work_context": "dianas e grandes empresas deste sector produtivo. Así mesmo, poden des- envolver a súa actividade seguindo instrucións e cun certo grao de autono- mía, en pequenos establecementos dedicados á produción e á venda deses produtos."}'::jsonb,
  'official_upload',
  now(),
  now(),
  now()
)
on conflict (id) do update set
  name=excluded.name,
  type=excluded.type,
  level=excluded.level,
  family=excluded.family,
  jurisdiction=excluded.jurisdiction,
  route=excluded.route,
  subjects=excluded.subjects,
  ponderation_subjects=excluded.ponderation_subjects,
  route_options=excluded.route_options,
  availability_by_province=excluded.availability_by_province,
  sources=excluded.sources,
  source_url=excluded.source_url,
  source_id=excluded.source_id,
  raw=excluded.raw,
  data_quality=excluded.data_quality,
  verified_at=excluded.verified_at,
  last_seen_at=excluded.last_seen_at,
  updated_at=now();


insert into public.itinera_fp_catalog_details(id,study_id,learned,work_context,jobs,modules,source_file,raw)
values ('detail-fp-v36-cb-actividades-de-panadaria-e-pastelaria','fp-v36-cb-actividades-de-panadaria-e-pastelaria','sicos de panadaría e pastelaría, presentalos para a súa venda e dispensalos, aplicando os protocolos establecidos, as normas de hixiene alimentaria, de prevención de riscos laborais e de protección ambiental correspondentes, e comunicándose de forma oral e escrita en linguas galega e castelá, así como nalgunha lingua estranxeira.','dianas e grandes empresas deste sector produtivo. Así mesmo, poden des- envolver a súa actividade seguindo instrucións e cun certo grao de autono- mía, en pequenos establecementos dedicados á produción e á venda deses produtos.','["pregado/a de establecemento de pastelaría", "auxiliar de almacén"]'::jsonb,'[{"code": "MP3005", "name": "Atención á clientela", "hours": 58}, {"code": "AM3163", "name": "Ciencias aplicadas I", "hours": 146}, {"code": "AM3161", "name": "Comunicación e ciencias sociais I", "hours": 175}, {"code": "MP3159", "name": "Itinerario persoal para a empregabilidade", "hours": 60}, {"code": "MP3133", "name": "Operacións auxiliares na industria alimentaria", "hours": 146}, {"code": "MP3017", "name": "Procesos básicos de pastelaría", "hours": 325}, {"code": "AM3164", "name": "Ciencias aplicadas II", "hours": 146}, {"code": "AM3162", "name": "Comunicación e ciencias sociais II", "hours": 125}, {"code": "MP3026", "name": "Dispensación en panadaría e pastelaría", "hours": 285}, {"code": "MP3007", "name": "Procesos básicos de panadaría", "hours": 449}, {"code": "MP3160", "name": "Proxecto intermodular de aprendizaxe colaborativa", "hours": 25}]'::jsonb,'10-hostalaria_e_turismo_v7.pdf',jsonb_build_object('source_upload','3 base de datos itinera.zip','duration_hours','2000'))
on conflict (id) do update set study_id=excluded.study_id,learned=excluded.learned,work_context=excluded.work_context,jobs=excluded.jobs,modules=excluded.modules,source_file=excluded.source_file,raw=excluded.raw,updated_at=now();


insert into public.itinera_studies(id,name,type,level,family,jurisdiction,official_title,route,subjects,ponderation_subjects,route_options,availability_by_province,sources,source_url,source_id,raw,data_quality,verified_at,last_seen_at,updated_at)
values (
  'fp-v36-cb-aloxamento-e-lavandaria',
  'Aloxamento e lavandaría',
  'fpb',
  'Ciclo formativo de grao básico',
  'Hostalaría e turismo',
  'Galicia',
  true,
  'Consultar requisitos, prazas, centros, modalidade e fontes oficiais antes de decidir.',
  '["Ciencias aplicadas I", "Comunicación e ciencias sociais I", "Itinerario persoal para a empregabilidade", "Lavado e secado de roupa", "Materiais e produtos téxtiles", "Pasada do ferro e embolsamento de roupa", "Posta a punto de habitacións e zonas comúns en aloxamento", "Atención á clientela", "Ciencias aplicadas II", "Comunicación e ciencias sociais II", "Lavandaría e mantemento de lenzaría no aloxamento", "Preparación e montaxe de materiais para colectividades e"]'::jsonb,
  '[{"subject": "Non aplica ou consultar fonte oficial", "weight": "consultar fonte oficial"}]'::jsonb,
  '[]'::jsonb,
  '{"Galicia": ["Consultar oferta por provincia, centro, modalidade e curso na Xunta FP."]}'::jsonb,
  '["xunta-fp-catalogo-familias-2025-2026", "xunta-fp-ciclos", "todofp-familias"]'::jsonb,
  'https://www.edu.xunta.gal/fp/oferta-fp',
  'xunta-fp-catalogo-familias-2025-2026',
  '{"source_upload": "3 base de datos itinera.zip", "source_file": "10-hostalaria_e_turismo_v7.pdf", "duration_hours": 2000, "modules": [{"code": "AM3163", "name": "Ciencias aplicadas I", "hours": 146}, {"code": "AM3161", "name": "Comunicación e ciencias sociais I", "hours": 175}, {"code": "MP3159", "name": "Itinerario persoal para a empregabilidade", "hours": 60}, {"code": "MP3093", "name": "Lavado e secado de roupa", "hours": 117}, {"code": "MP3077", "name": "Materiais e produtos téxtiles", "hours": 88}, {"code": "MP3094", "name": "Pasada do ferro e embolsamento de roupa", "hours": 116}, {"code": "MP3130", "name": "Posta a punto de habitacións e zonas comúns en aloxamento", "hours": 208}, {"code": "MP3005", "name": "Atención á clientela", "hours": 122}, {"code": "AM3164", "name": "Ciencias aplicadas II", "hours": 146}, {"code": "AM3162", "name": "Comunicación e ciencias sociais II", "hours": 125}, {"code": "MP3131", "name": "Lavandaría e mantemento de lenzaría no aloxamento", "hours": 449}, {"code": "MP3039", "name": "Preparación e montaxe de materiais para colectividades e", "hours": 163}, {"code": "MP3160", "name": "Proxecto intermodular de aprendizaxe colaborativa", "hours": 25}], "learned": "mentos turísticos ou doutra índole, e das súas áreas comúns, coidando o bo estado das instalacións e da moblaxe, así como realizar as operacións de clasificación, lavado e limpeza de artigos téxtiles en instalacións industriais, asistindo nos procesos de servizo e atención á clientela, seguindo os proto- colos de calidade establecidos, cumprindo as normas de hixiene, prevención de riscos laborais e protección ambiental, con responsabilidade e iniciativa persoal e comunicándose oralmente e por escrito en linguas galega e caste- lá, así como nalgunha lingua estranxeira.", "work_context": "mentos turísticos, e en residencias escolares, de maiores, sanitarias, etc., así como en empresas de servizos de atención a colectividades, e en lavandarías industriais e de proximidade."}'::jsonb,
  'official_upload',
  now(),
  now(),
  now()
)
on conflict (id) do update set
  name=excluded.name,
  type=excluded.type,
  level=excluded.level,
  family=excluded.family,
  jurisdiction=excluded.jurisdiction,
  route=excluded.route,
  subjects=excluded.subjects,
  ponderation_subjects=excluded.ponderation_subjects,
  route_options=excluded.route_options,
  availability_by_province=excluded.availability_by_province,
  sources=excluded.sources,
  source_url=excluded.source_url,
  source_id=excluded.source_id,
  raw=excluded.raw,
  data_quality=excluded.data_quality,
  verified_at=excluded.verified_at,
  last_seen_at=excluded.last_seen_at,
  updated_at=now();


insert into public.itinera_fp_catalog_details(id,study_id,learned,work_context,jobs,modules,source_file,raw)
values ('detail-fp-v36-cb-aloxamento-e-lavandaria','fp-v36-cb-aloxamento-e-lavandaria','mentos turísticos ou doutra índole, e das súas áreas comúns, coidando o bo estado das instalacións e da moblaxe, así como realizar as operacións de clasificación, lavado e limpeza de artigos téxtiles en instalacións industriais, asistindo nos procesos de servizo e atención á clientela, seguindo os proto- colos de calidade establecidos, cumprindo as normas de hixiene, prevención de riscos laborais e protección ambiental, con responsabilidade e iniciativa persoal e comunicándose oralmente e por escrito en linguas galega e caste- lá, así como nalgunha lingua estranxeira.','mentos turísticos, e en residencias escolares, de maiores, sanitarias, etc., así como en empresas de servizos de atención a colectividades, e en lavandarías industriais e de proximidade.','["calquera tipoloxía, modalidade ou categoría", "valet ou mozo/a de habita- cións", "auxiliar de pisos e limpeza", "auxiliar de lavandaría e lenzaría en esta- blecementos de aloxamento", "operador/a de máquinas lavadoras e secado- ras de pezas"]'::jsonb,'[{"code": "AM3163", "name": "Ciencias aplicadas I", "hours": 146}, {"code": "AM3161", "name": "Comunicación e ciencias sociais I", "hours": 175}, {"code": "MP3159", "name": "Itinerario persoal para a empregabilidade", "hours": 60}, {"code": "MP3093", "name": "Lavado e secado de roupa", "hours": 117}, {"code": "MP3077", "name": "Materiais e produtos téxtiles", "hours": 88}, {"code": "MP3094", "name": "Pasada do ferro e embolsamento de roupa", "hours": 116}, {"code": "MP3130", "name": "Posta a punto de habitacións e zonas comúns en aloxamento", "hours": 208}, {"code": "MP3005", "name": "Atención á clientela", "hours": 122}, {"code": "AM3164", "name": "Ciencias aplicadas II", "hours": 146}, {"code": "AM3162", "name": "Comunicación e ciencias sociais II", "hours": 125}, {"code": "MP3131", "name": "Lavandaría e mantemento de lenzaría no aloxamento", "hours": 449}, {"code": "MP3039", "name": "Preparación e montaxe de materiais para colectividades e", "hours": 163}, {"code": "MP3160", "name": "Proxecto intermodular de aprendizaxe colaborativa", "hours": 25}]'::jsonb,'10-hostalaria_e_turismo_v7.pdf',jsonb_build_object('source_upload','3 base de datos itinera.zip','duration_hours','2000'))
on conflict (id) do update set study_id=excluded.study_id,learned=excluded.learned,work_context=excluded.work_context,jobs=excluded.jobs,modules=excluded.modules,source_file=excluded.source_file,raw=excluded.raw,updated_at=now();


insert into public.itinera_studies(id,name,type,level,family,jurisdiction,official_title,route,subjects,ponderation_subjects,route_options,availability_by_province,sources,source_url,source_id,raw,data_quality,verified_at,last_seen_at,updated_at)
values (
  'fp-v36-cb-cocina-e-restauracion',
  'Cociña e Restauración',
  'fpb',
  'Ciclo formativo de grao básico',
  'Hostalaría e turismo',
  'Galicia',
  true,
  'Consultar requisitos, prazas, centros, modalidade e fontes oficiais antes de decidir.',
  '["Aprovisionamento e conservación de materias primas e hixie-", "Atención á clientela", "Ciencias aplicadas I", "Comunicación e ciencias sociais I", "Itinerario persoal para a empregabilidade", "Procesos básicos de produción culinaria", "Técnicas elementais de preelaboración", "Ciencias aplicadas II", "Comunicación e ciencias sociais II", "Preparación e montaxe de materiais para colectividades e", "Procesos básicos de preparación de alimentos e bebidas", "Proxecto intermodular de aprendizaxe colaborativa"]'::jsonb,
  '[{"subject": "Non aplica ou consultar fonte oficial", "weight": "consultar fonte oficial"}]'::jsonb,
  '[]'::jsonb,
  '{"Galicia": ["Consultar oferta por provincia, centro, modalidade e curso na Xunta FP."]}'::jsonb,
  '["xunta-fp-catalogo-familias-2025-2026", "xunta-fp-ciclos", "todofp-familias"]'::jsonb,
  'https://www.edu.xunta.gal/fp/oferta-fp',
  'xunta-fp-catalogo-familias-2025-2026',
  '{"source_upload": "3 base de datos itinera.zip", "source_file": "10-hostalaria_e_turismo_v7.pdf", "duration_hours": 2000, "modules": [{"code": "MP3036", "name": "Aprovisionamento e conservación de materias primas e hixie-", "hours": 117}, {"code": "MP3005", "name": "Atención á clientela", "hours": 58}, {"code": "AM3163", "name": "Ciencias aplicadas I", "hours": 146}, {"code": "AM3161", "name": "Comunicación e ciencias sociais I", "hours": 175}, {"code": "MP3159", "name": "Itinerario persoal para a empregabilidade", "hours": 60}, {"code": "MP3035", "name": "Procesos básicos de produción culinaria", "hours": 179}, {"code": "MP3034", "name": "Técnicas elementais de preelaboración", "hours": 175}, {"code": "AM3164", "name": "Ciencias aplicadas II", "hours": 146}, {"code": "AM3162", "name": "Comunicación e ciencias sociais II", "hours": 125}, {"code": "MP3039", "name": "Preparación e montaxe de materiais para colectividades e", "hours": 163}, {"code": "MP3038", "name": "Procesos básicos de preparación de alimentos e bebidas", "hours": 286}, {"code": "MP3160", "name": "Proxecto intermodular de aprendizaxe colaborativa", "hours": 25}, {"code": "MP3037", "name": "Técnicas elementais de servizo", "hours": 285}], "learned": "de elaboracións culinarias sinxelas no ámbito da produción en cociña, así como as operacións de preparación e presentación de alimentos e bebidas en establecementos de restauración e catering, asistindo nos procesos de servizo e atención á clientela, seguindo os protocolos de calidade estable- cidos, cumprindo as normas de hixiene, prevención de riscos laborais e pro- tección ambiental, con responsabilidade e iniciativa persoal, e comunicán- dose oralmente e por escrito en linguas galega e castelá, así como nalgunha lingua estranxeira.", "work_context": "do sector da hostalaría, en establecementos de restauración, bares e ca- fetarías, en tendas especializadas en comidas preparadas e en empresas dedicadas ao almacenamento, o envasamento e a distribución de produtos alimenticios. Tamén poden traballar por conta propia en pequenos estable- cementos dos subsectores de hotelaría e restauración tradicional, moderna ou colectiva."}'::jsonb,
  'official_upload',
  now(),
  now(),
  now()
)
on conflict (id) do update set
  name=excluded.name,
  type=excluded.type,
  level=excluded.level,
  family=excluded.family,
  jurisdiction=excluded.jurisdiction,
  route=excluded.route,
  subjects=excluded.subjects,
  ponderation_subjects=excluded.ponderation_subjects,
  route_options=excluded.route_options,
  availability_by_province=excluded.availability_by_province,
  sources=excluded.sources,
  source_url=excluded.source_url,
  source_id=excluded.source_id,
  raw=excluded.raw,
  data_quality=excluded.data_quality,
  verified_at=excluded.verified_at,
  last_seen_at=excluded.last_seen_at,
  updated_at=now();


insert into public.itinera_fp_catalog_details(id,study_id,learned,work_context,jobs,modules,source_file,raw)
values ('detail-fp-v36-cb-cocina-e-restauracion','fp-v36-cb-cocina-e-restauracion','de elaboracións culinarias sinxelas no ámbito da produción en cociña, así como as operacións de preparación e presentación de alimentos e bebidas en establecementos de restauración e catering, asistindo nos procesos de servizo e atención á clientela, seguindo os protocolos de calidade estable- cidos, cumprindo as normas de hixiene, prevención de riscos laborais e pro- tección ambiental, con responsabilidade e iniciativa persoal, e comunicán- dose oralmente e por escrito en linguas galega e castelá, así como nalgunha lingua estranxeira.','do sector da hostalaría, en establecementos de restauración, bares e ca- fetarías, en tendas especializadas en comidas preparadas e en empresas dedicadas ao almacenamento, o envasamento e a distribución de produtos alimenticios. Tamén poden traballar por conta propia en pequenos estable- cementos dos subsectores de hotelaría e restauración tradicional, moderna ou colectiva.','["produción e servizo de alimentos e bebidas", "auxiliar ou axudante de cama- reiro/a en sala", "auxiliar ou axudante/a de camareiro/a en bar-cafetaría", "auxi- liar ou axudante de barman"]'::jsonb,'[{"code": "MP3036", "name": "Aprovisionamento e conservación de materias primas e hixie-", "hours": 117}, {"code": "MP3005", "name": "Atención á clientela", "hours": 58}, {"code": "AM3163", "name": "Ciencias aplicadas I", "hours": 146}, {"code": "AM3161", "name": "Comunicación e ciencias sociais I", "hours": 175}, {"code": "MP3159", "name": "Itinerario persoal para a empregabilidade", "hours": 60}, {"code": "MP3035", "name": "Procesos básicos de produción culinaria", "hours": 179}, {"code": "MP3034", "name": "Técnicas elementais de preelaboración", "hours": 175}, {"code": "AM3164", "name": "Ciencias aplicadas II", "hours": 146}, {"code": "AM3162", "name": "Comunicación e ciencias sociais II", "hours": 125}, {"code": "MP3039", "name": "Preparación e montaxe de materiais para colectividades e", "hours": 163}, {"code": "MP3038", "name": "Procesos básicos de preparación de alimentos e bebidas", "hours": 286}, {"code": "MP3160", "name": "Proxecto intermodular de aprendizaxe colaborativa", "hours": 25}, {"code": "MP3037", "name": "Técnicas elementais de servizo", "hours": 285}]'::jsonb,'10-hostalaria_e_turismo_v7.pdf',jsonb_build_object('source_upload','3 base de datos itinera.zip','duration_hours','2000'))
on conflict (id) do update set study_id=excluded.study_id,learned=excluded.learned,work_context=excluded.work_context,jobs=excluded.jobs,modules=excluded.modules,source_file=excluded.source_file,raw=excluded.raw,updated_at=now();


insert into public.itinera_studies(id,name,type,level,family,jurisdiction,official_title,route,subjects,ponderation_subjects,route_options,availability_by_province,sources,source_url,source_id,raw,data_quality,verified_at,last_seen_at,updated_at)
values (
  'fp-v36-cm-cocina-e-gastronomia',
  'Cociña e gastronomía',
  'fpgm',
  'Ciclo formativo de grao medio',
  'Hostalaría e turismo',
  'Galicia',
  true,
  'Consultar requisitos, prazas, centros, modalidade e fontes oficiais antes de decidir.',
  '["Inglés profesional", "Itinerario persoal para a empregabilidade I", "Preelaboración e conservación de alimentos", "Procesos básicos de pastelaría e repostaría", "Seguridade e hixiene na manipulación de alimentos", "Sostibilidade aplicada ao sistema produtivo", "Técnicas culinarias", "Dixitalización aplicada ao sistema produtivo", "Itinerario persoal para a empregabilidade II", "Ofertas gastronómicas", "Produtos culinarios", "Proxecto intermodular"]'::jsonb,
  '[{"subject": "Non aplica ou consultar fonte oficial", "weight": "consultar fonte oficial"}]'::jsonb,
  '[]'::jsonb,
  '{"Galicia": ["Consultar oferta por provincia, centro, modalidade e curso na Xunta FP."]}'::jsonb,
  '["xunta-fp-catalogo-familias-2025-2026", "xunta-fp-ciclos", "todofp-familias"]'::jsonb,
  'https://www.edu.xunta.gal/fp/oferta-fp',
  'xunta-fp-catalogo-familias-2025-2026',
  '{"source_upload": "3 base de datos itinera.zip", "source_file": "10-hostalaria_e_turismo_v7.pdf", "duration_hours": 2000, "modules": [{"code": "MP0156", "name": "Inglés profesional", "hours": 60}, {"code": "MP1709", "name": "Itinerario persoal para a empregabilidade I", "hours": 107}, {"code": "MP0046", "name": "Preelaboración e conservación de alimentos", "hours": 210}, {"code": "MP0026", "name": "Procesos básicos de pastelaría e repostaría", "hours": 210}, {"code": "MP0031", "name": "Seguridade e hixiene na manipulación de alimentos", "hours": 53}, {"code": "MP1708", "name": "Sostibilidade aplicada ao sistema produtivo", "hours": 30}, {"code": "MP0047", "name": "Técnicas culinarias", "hours": 290}, {"code": "MP1664", "name": "Dixitalización aplicada ao sistema produtivo", "hours": 30}, {"code": "MP1710", "name": "Itinerario persoal para a empregabilidade II", "hours": 50}, {"code": "MP0045", "name": "Ofertas gastronómicas", "hours": 137}, {"code": "MP0048", "name": "Produtos culinarios", "hours": 492}, {"code": "MP1713", "name": "Proxecto intermodular", "hours": 50}, {"code": "MP0028", "name": "Sobremesas en restauración", "hours": 191}], "learned": "minación e presentación, e servizo de todo tipo de elaboracións culinarias no ámbito da produción en cociña, seguindo os protocolos de calidade esta- blecidos e actuando segundo normas de hixiene, prevención de riscos labo- rais e protección ambiental.", "work_context": "hostalaría, aínda que tamén poden traballar por conta propia en pequenos establecementos do subsector de restauración. En sectores e subsectores produtivos e de prestación de servizo onde se desenvolvan procesos de preelaboración, elaboración e, de ser o caso, servizo de alimentos e bebi- das, como é o sector de hostalaría e, no seu seo, as subáreas de hotelaría e restauración (tradicional, moderna e colectiva). Tamén en establecementos dedicados á preelaboración e á comercialización de alimentos crus, tendas especializadas en comidas preparadas, empresas dedicadas á almacenaxe, ao envasado e á distribución de produtos alimentarios e outros."}'::jsonb,
  'official_upload',
  now(),
  now(),
  now()
)
on conflict (id) do update set
  name=excluded.name,
  type=excluded.type,
  level=excluded.level,
  family=excluded.family,
  jurisdiction=excluded.jurisdiction,
  route=excluded.route,
  subjects=excluded.subjects,
  ponderation_subjects=excluded.ponderation_subjects,
  route_options=excluded.route_options,
  availability_by_province=excluded.availability_by_province,
  sources=excluded.sources,
  source_url=excluded.source_url,
  source_id=excluded.source_id,
  raw=excluded.raw,
  data_quality=excluded.data_quality,
  verified_at=excluded.verified_at,
  last_seen_at=excluded.last_seen_at,
  updated_at=now();


insert into public.itinera_fp_catalog_details(id,study_id,learned,work_context,jobs,modules,source_file,raw)
values ('detail-fp-v36-cm-cocina-e-gastronomia','fp-v36-cm-cocina-e-gastronomia','minación e presentación, e servizo de todo tipo de elaboracións culinarias no ámbito da produción en cociña, seguindo os protocolos de calidade esta- blecidos e actuando segundo normas de hixiene, prevención de riscos labo- rais e protección ambiental.','hostalaría, aínda que tamén poden traballar por conta propia en pequenos establecementos do subsector de restauración. En sectores e subsectores produtivos e de prestación de servizo onde se desenvolvan procesos de preelaboración, elaboración e, de ser o caso, servizo de alimentos e bebi- das, como é o sector de hostalaría e, no seu seo, as subáreas de hotelaría e restauración (tradicional, moderna e colectiva). Tamén en establecementos dedicados á preelaboración e á comercialización de alimentos crus, tendas especializadas en comidas preparadas, empresas dedicadas á almacenaxe, ao envasado e á distribución de produtos alimentarios e outros.','["xunto co seu código", "realizar o aprovisiona- mento e controlar consumos UC0709_2 Definir ofertas sinxelas de re- postaría", "hixiene e protección am- biental en hostalaría Que módulos A táboa seguinte detalla", "na columna da esquerda", "sobremesas de cociña e xeados UC0711_2 Actuar baixo normas de seguri- MP0031 Seguridade e hixiene na manipu- dade"]'::jsonb,'[{"code": "MP0156", "name": "Inglés profesional", "hours": 60}, {"code": "MP1709", "name": "Itinerario persoal para a empregabilidade I", "hours": 107}, {"code": "MP0046", "name": "Preelaboración e conservación de alimentos", "hours": 210}, {"code": "MP0026", "name": "Procesos básicos de pastelaría e repostaría", "hours": 210}, {"code": "MP0031", "name": "Seguridade e hixiene na manipulación de alimentos", "hours": 53}, {"code": "MP1708", "name": "Sostibilidade aplicada ao sistema produtivo", "hours": 30}, {"code": "MP0047", "name": "Técnicas culinarias", "hours": 290}, {"code": "MP1664", "name": "Dixitalización aplicada ao sistema produtivo", "hours": 30}, {"code": "MP1710", "name": "Itinerario persoal para a empregabilidade II", "hours": 50}, {"code": "MP0045", "name": "Ofertas gastronómicas", "hours": 137}, {"code": "MP0048", "name": "Produtos culinarios", "hours": 492}, {"code": "MP1713", "name": "Proxecto intermodular", "hours": 50}, {"code": "MP0028", "name": "Sobremesas en restauración", "hours": 191}]'::jsonb,'10-hostalaria_e_turismo_v7.pdf',jsonb_build_object('source_upload','3 base de datos itinera.zip','duration_hours','2000'))
on conflict (id) do update set study_id=excluded.study_id,learned=excluded.learned,work_context=excluded.work_context,jobs=excluded.jobs,modules=excluded.modules,source_file=excluded.source_file,raw=excluded.raw,updated_at=now();


insert into public.itinera_studies(id,name,type,level,family,jurisdiction,official_title,route,subjects,ponderation_subjects,route_options,availability_by_province,sources,source_url,source_id,raw,data_quality,verified_at,last_seen_at,updated_at)
values (
  'fp-v36-cm-servizos-en-restauracion',
  'Servizos en restauración',
  'fpgm',
  'Ciclo formativo de grao medio',
  'Hostalaría e turismo',
  'Galicia',
  true,
  'Consultar requisitos, prazas, centros, modalidade e fontes oficiais antes de decidir.',
  '["Inglés profesional", "Itinerario persoal para a empregabilidade I", "Operacións básicas en bar e cafetaría", "Operacións básicas en restaurante", "Seguridade e hixiene na manipulación de alimentos", "Sostibilidade aplicada ao sistema produtivo", "Técnicas de comunicación en restauración", "Dixitalización aplicada ao sistema produtivo", "Itinerario persoal para a empregabilidade II", "O viño e o seu servizo", "Ofertas gastronómicas", "Proxecto intermodular"]'::jsonb,
  '[{"subject": "Non aplica ou consultar fonte oficial", "weight": "consultar fonte oficial"}]'::jsonb,
  '[]'::jsonb,
  '{"Galicia": ["Consultar oferta por provincia, centro, modalidade e curso na Xunta FP."]}'::jsonb,
  '["xunta-fp-catalogo-familias-2025-2026", "xunta-fp-ciclos", "todofp-familias"]'::jsonb,
  'https://www.edu.xunta.gal/fp/oferta-fp',
  'xunta-fp-catalogo-familias-2025-2026',
  '{"source_upload": "3 base de datos itinera.zip", "source_file": "10-hostalaria_e_turismo_v7.pdf", "duration_hours": 2000, "modules": [{"code": "MP0156", "name": "Inglés profesional", "hours": 60}, {"code": "MP1709", "name": "Itinerario persoal para a empregabilidade I", "hours": 107}, {"code": "MP0150", "name": "Operacións básicas en bar e cafetaría", "hours": 259}, {"code": "MP0151", "name": "Operacións básicas en restaurante", "hours": 310}, {"code": "MP0031", "name": "Seguridade e hixiene na manipulación de alimentos", "hours": 52}, {"code": "MP1708", "name": "Sostibilidade aplicada ao sistema produtivo", "hours": 30}, {"code": "MP0155", "name": "Técnicas de comunicación en restauración", "hours": 52}, {"code": "MP1664", "name": "Dixitalización aplicada ao sistema produtivo", "hours": 30}, {"code": "MP1710", "name": "Itinerario persoal para a empregabilidade II", "hours": 50}, {"code": "MP0154", "name": "O viño e o seu servizo", "hours": 221}, {"code": "MP0045", "name": "Ofertas gastronómicas", "hours": 137}, {"code": "MP1713", "name": "Proxecto intermodular", "hours": 50}, {"code": "MP0152", "name": "Servizos en bar e cafetaría", "hours": 221}, {"code": "MP0153", "name": "Servizos en restaurante e eventos especiais", "hours": 331}], "learned": "e bebidas, así como as de atención á clientela no ámbito da restauración, seguindo os protocolos de seguridade establecidos e actuando segundo normas de hixiene, prevención de riscos laborais e protección ambiental.", "work_context": "hostalaría, aínda que tamén pode traballar por conta propia en pequenos establecementos de restauración. Esta profesión desenvólvese en sectores e subsectores produtivos en que se desenvolvan procesos de elaboración e servizo de alimentos e bebidas, como o sector da hostalaría e, no seu mar- co, as áreas de hostalaría e restauración (tradicional, moderna e colectiva)."}'::jsonb,
  'official_upload',
  now(),
  now(),
  now()
)
on conflict (id) do update set
  name=excluded.name,
  type=excluded.type,
  level=excluded.level,
  family=excluded.family,
  jurisdiction=excluded.jurisdiction,
  route=excluded.route,
  subjects=excluded.subjects,
  ponderation_subjects=excluded.ponderation_subjects,
  route_options=excluded.route_options,
  availability_by_province=excluded.availability_by_province,
  sources=excluded.sources,
  source_url=excluded.source_url,
  source_id=excluded.source_id,
  raw=excluded.raw,
  data_quality=excluded.data_quality,
  verified_at=excluded.verified_at,
  last_seen_at=excluded.last_seen_at,
  updated_at=now();


insert into public.itinera_fp_catalog_details(id,study_id,learned,work_context,jobs,modules,source_file,raw)
values ('detail-fp-v36-cm-servizos-en-restauracion','fp-v36-cm-servizos-en-restauracion','e bebidas, así como as de atención á clientela no ámbito da restauración, seguindo os protocolos de seguridade establecidos e actuando segundo normas de hixiene, prevención de riscos laborais e protección ambiental.','hostalaría, aínda que tamén pode traballar por conta propia en pequenos establecementos de restauración. Esta profesión desenvólvese en sectores e subsectores produtivos en que se desenvolvan procesos de elaboración e servizo de alimentos e bebidas, como o sector da hostalaría e, no seu mar- co, as áreas de hostalaría e restauración (tradicional, moderna e colectiva).','["do/a de economato de unidades de produción e servizo de alimentos", "bar- man", "axudante/a de somelier"]'::jsonb,'[{"code": "MP0156", "name": "Inglés profesional", "hours": 60}, {"code": "MP1709", "name": "Itinerario persoal para a empregabilidade I", "hours": 107}, {"code": "MP0150", "name": "Operacións básicas en bar e cafetaría", "hours": 259}, {"code": "MP0151", "name": "Operacións básicas en restaurante", "hours": 310}, {"code": "MP0031", "name": "Seguridade e hixiene na manipulación de alimentos", "hours": 52}, {"code": "MP1708", "name": "Sostibilidade aplicada ao sistema produtivo", "hours": 30}, {"code": "MP0155", "name": "Técnicas de comunicación en restauración", "hours": 52}, {"code": "MP1664", "name": "Dixitalización aplicada ao sistema produtivo", "hours": 30}, {"code": "MP1710", "name": "Itinerario persoal para a empregabilidade II", "hours": 50}, {"code": "MP0154", "name": "O viño e o seu servizo", "hours": 221}, {"code": "MP0045", "name": "Ofertas gastronómicas", "hours": 137}, {"code": "MP1713", "name": "Proxecto intermodular", "hours": 50}, {"code": "MP0152", "name": "Servizos en bar e cafetaría", "hours": 221}, {"code": "MP0153", "name": "Servizos en restaurante e eventos especiais", "hours": 331}]'::jsonb,'10-hostalaria_e_turismo_v7.pdf',jsonb_build_object('source_upload','3 base de datos itinera.zip','duration_hours','2000'))
on conflict (id) do update set study_id=excluded.study_id,learned=excluded.learned,work_context=excluded.work_context,jobs=excluded.jobs,modules=excluded.modules,source_file=excluded.source_file,raw=excluded.raw,updated_at=now();


insert into public.itinera_studies(id,name,type,level,family,jurisdiction,official_title,route,subjects,ponderation_subjects,route_options,availability_by_province,sources,source_url,source_id,raw,data_quality,verified_at,last_seen_at,updated_at)
values (
  'fp-v36-cs-axencias-de-viaxes-e-xestion-de-eventos',
  'Axencias de viaxes e xestión de eventos',
  'fpgs',
  'Ciclo formativo de grao superior',
  'Hostalaría e turismo',
  'Galicia',
  true,
  'Consultar requisitos, prazas, centros, modalidade e fontes oficiais antes de decidir.',
  '["Destinos turísticos", "Estrutura do mercado turístico", "Inglés profesional", "Itinerario persoal para a empregabilidade I", "Márketing turístico", "Recursos turísticos", "Sostibilidade aplicada ao sistema produtivo", "Dirección de entidades de intermediación turística", "Dixitalización aplicada ao sistema produtivo", "Itinerario persoal para a empregabilidade II", "Protocolo e relacións públicas", "Proxecto intermodular de axencias de viaxes e xestión de eventos"]'::jsonb,
  '[{"subject": "Non aplica ou consultar fonte oficial", "weight": "consultar fonte oficial"}]'::jsonb,
  '[]'::jsonb,
  '{"Galicia": ["Consultar oferta por provincia, centro, modalidade e curso na Xunta FP."]}'::jsonb,
  '["xunta-fp-catalogo-familias-2025-2026", "xunta-fp-ciclos", "todofp-familias"]'::jsonb,
  'https://www.edu.xunta.gal/fp/oferta-fp',
  'xunta-fp-catalogo-familias-2025-2026',
  '{"source_upload": "3 base de datos itinera.zip", "source_file": "10-hostalaria_e_turismo_v7.pdf", "duration_hours": 2000, "modules": [{"code": "MP0383", "name": "Destinos turísticos", "hours": 207}, {"code": "MP0171", "name": "Estrutura do mercado turístico", "hours": 130}, {"code": "MP0179", "name": "Inglés profesional", "hours": 60}, {"code": "MP1709", "name": "Itinerario persoal para a empregabilidade I", "hours": 107}, {"code": "MP0173", "name": "Márketing turístico", "hours": 155}, {"code": "MP0384", "name": "Recursos turísticos", "hours": 181}, {"code": "MP1708", "name": "Sostibilidade aplicada ao sistema produtivo", "hours": 30}, {"code": "MP0399", "name": "Dirección de entidades de intermediación turística", "hours": 165}, {"code": "MP1665", "name": "Dixitalización aplicada ao sistema produtivo", "hours": 30}, {"code": "MP1710", "name": "Itinerario persoal para a empregabilidade II", "hours": 50}, {"code": "MP0172", "name": "Protocolo e relacións públicas", "hours": 165}, {"code": "MP0400", "name": "Proxecto intermodular de axencias de viaxes e xestión de eventos", "hours": 50}, {"code": "MP0180", "name": "Segunda lingua estranxeira", "hours": 248}, {"code": "MP0398", "name": "Venda de servizos turísticos", "hours": 193}, {"code": "MP0397", "name": "Xestión de produtos turísticos", "hours": 139}], "learned": "servizos turísticos en axencias de viaxes e a través doutras unidades de dis- tribución, propondo accións para o desenvolvemento dos seus programas de márketing e asegurando a satisfacción da clientela.", "work_context": "to e mixtas, así como nas axencias especializadas en recepción e eventos. Trátase de traballadores e traballadoras por conta propia que xestionan a súa propia axencia de viaxes ou eventos, ou por conta allea que exercen a súa actividade profesional como empregados/as ou xefes/as de oficina ou de departamento, nas áreas funcionais de administración, de reservas, de produto, e de venda de servizos e produtos turísticos e eventos."}'::jsonb,
  'official_upload',
  now(),
  now(),
  now()
)
on conflict (id) do update set
  name=excluded.name,
  type=excluded.type,
  level=excluded.level,
  family=excluded.family,
  jurisdiction=excluded.jurisdiction,
  route=excluded.route,
  subjects=excluded.subjects,
  ponderation_subjects=excluded.ponderation_subjects,
  route_options=excluded.route_options,
  availability_by_province=excluded.availability_by_province,
  sources=excluded.sources,
  source_url=excluded.source_url,
  source_id=excluded.source_id,
  raw=excluded.raw,
  data_quality=excluded.data_quality,
  verified_at=excluded.verified_at,
  last_seen_at=excluded.last_seen_at,
  updated_at=now();


insert into public.itinera_fp_catalog_details(id,study_id,learned,work_context,jobs,modules,source_file,raw)
values ('detail-fp-v36-cs-axencias-de-viaxes-e-xestion-de-eventos','fp-v36-cs-axencias-de-viaxes-e-xestion-de-eventos','servizos turísticos en axencias de viaxes e a través doutras unidades de dis- tribución, propondo accións para o desenvolvemento dos seus programas de márketing e asegurando a satisfacción da clientela.','to e mixtas, así como nas axencias especializadas en recepción e eventos. Trátase de traballadores e traballadoras por conta propia que xestionan a súa propia axencia de viaxes ou eventos, ou por conta allea que exercen a súa actividade profesional como empregados/as ou xefes/as de oficina ou de departamento, nas áreas funcionais de administración, de reservas, de produto, e de venda de servizos e produtos turísticos e eventos.','["de viaxes", "axente de viaxes", "consultor/a de viaxes", "organizador/a de even- tos", "vendedor/a de servizos de viaxe e viaxes programadas", "promotor/a co- mercial de viaxes e servizos turísticos"]'::jsonb,'[{"code": "MP0383", "name": "Destinos turísticos", "hours": 207}, {"code": "MP0171", "name": "Estrutura do mercado turístico", "hours": 130}, {"code": "MP0179", "name": "Inglés profesional", "hours": 60}, {"code": "MP1709", "name": "Itinerario persoal para a empregabilidade I", "hours": 107}, {"code": "MP0173", "name": "Márketing turístico", "hours": 155}, {"code": "MP0384", "name": "Recursos turísticos", "hours": 181}, {"code": "MP1708", "name": "Sostibilidade aplicada ao sistema produtivo", "hours": 30}, {"code": "MP0399", "name": "Dirección de entidades de intermediación turística", "hours": 165}, {"code": "MP1665", "name": "Dixitalización aplicada ao sistema produtivo", "hours": 30}, {"code": "MP1710", "name": "Itinerario persoal para a empregabilidade II", "hours": 50}, {"code": "MP0172", "name": "Protocolo e relacións públicas", "hours": 165}, {"code": "MP0400", "name": "Proxecto intermodular de axencias de viaxes e xestión de eventos", "hours": 50}, {"code": "MP0180", "name": "Segunda lingua estranxeira", "hours": 248}, {"code": "MP0398", "name": "Venda de servizos turísticos", "hours": 193}, {"code": "MP0397", "name": "Xestión de produtos turísticos", "hours": 139}]'::jsonb,'10-hostalaria_e_turismo_v7.pdf',jsonb_build_object('source_upload','3 base de datos itinera.zip','duration_hours','2000'))
on conflict (id) do update set study_id=excluded.study_id,learned=excluded.learned,work_context=excluded.work_context,jobs=excluded.jobs,modules=excluded.modules,source_file=excluded.source_file,raw=excluded.raw,updated_at=now();


insert into public.itinera_studies(id,name,type,level,family,jurisdiction,official_title,route,subjects,ponderation_subjects,route_options,availability_by_province,sources,source_url,source_id,raw,data_quality,verified_at,last_seen_at,updated_at)
values (
  'fp-v36-cs-direccion-de-cocina',
  'Dirección de cociña',
  'fpgs',
  'Ciclo formativo de grao superior',
  'Hostalaría e turismo',
  'Galicia',
  true,
  'Consultar requisitos, prazas, centros, modalidade e fontes oficiais antes de decidir.',
  '["Control do aprovisionamento de materias primas", "Gastronomía e nutrición", "Inglés profesional", "Itinerario persoal para a empregabilidade I", "Procesos de elaboración culinaria", "Procesos de preelaboración e conservación en cociña", "Sostibilidade aplicada ao sistema produtivo", "Xestión da calidade, e da seguridade e hixiene alimentarias", "Dixitalización aplicada ao sistema produtivo", "Elaboracións de pastelaría e repostaría en cociña", "Itinerario persoal para a empregabilidade II", "Proxecto intermodular de dirección de cociña"]'::jsonb,
  '[{"subject": "Non aplica ou consultar fonte oficial", "weight": "consultar fonte oficial"}]'::jsonb,
  '[]'::jsonb,
  '{"Galicia": ["Consultar oferta por provincia, centro, modalidade e curso na Xunta FP."]}'::jsonb,
  '["xunta-fp-catalogo-familias-2025-2026", "xunta-fp-ciclos", "todofp-familias"]'::jsonb,
  'https://www.edu.xunta.gal/fp/oferta-fp',
  'xunta-fp-catalogo-familias-2025-2026',
  '{"source_upload": "3 base de datos itinera.zip", "source_file": "10-hostalaria_e_turismo_v7.pdf", "duration_hours": 2000, "modules": [{"code": "MP0496", "name": "Control do aprovisionamento de materias primas", "hours": 52}, {"code": "MP0502", "name": "Gastronomía e nutrición", "hours": 52}, {"code": "MP0179", "name": "Inglés profesional", "hours": 60}, {"code": "MP1709", "name": "Itinerario persoal para a empregabilidade I", "hours": 107}, {"code": "MP0499", "name": "Procesos de elaboración culinaria", "hours": 259}, {"code": "MP0497", "name": "Procesos de preelaboración e conservación en cociña", "hours": 232}, {"code": "MP1708", "name": "Sostibilidade aplicada ao sistema produtivo", "hours": 30}, {"code": "MP0501", "name": "Xestión da calidade, e da seguridade e hixiene alimentarias", "hours": 78}, {"code": "MP1665", "name": "Dixitalización aplicada ao sistema produtivo", "hours": 30}, {"code": "MP0498", "name": "Elaboracións de pastelaría e repostaría en cociña", "hours": 331}, {"code": "MP1710", "name": "Itinerario persoal para a empregabilidade II", "hours": 50}, {"code": "MP0505", "name": "Proxecto intermodular de dirección de cociña", "hours": 50}, {"code": "MP0504", "name": "Recursos humanos e dirección de equipos en restauración", "hours": 83}, {"code": "MP0503", "name": "Xestión administrativa e comercial en restauración", "hours": 110}, {"code": "MP0500", "name": "Xestión da produción en cociña", "hours": 386}], "learned": "e o servizo en cociña, determinando ofertas e recursos, controlando as ac- tividades propias do aprovisionamento, a produción e o servizo, cumprindo os obxectivos económicos, seguindo os protocolos de calidade establecidos e actuando segundo normas de hixiene, prevención de riscos laborais e pro- tección ambiental.", "work_context": "grandes, medianas e pequenas, nomeadamente do sector da hostalaría e, en concreto, do subsector de restauración. Poden actuar en pequenos es- tablecementos, en moitas ocasións como propietario ou propietaria e res- ponsable de cociña simultaneamente. Malia desenvolver habitualmente a súa actividade profesional en establecementos de carácter privado, tamén pode desenvolvela en establecementos públicos, nomeadamente nos sec- tores educativo, sanitario e de servizos sociais. Cando non actúan por conta propia, realizan as súas funcións baixo a dependencia da dirección do esta- blecemento, sexa este un hotel ou sexa outro tipo de aloxamento ou esta- blecemento de restauración."}'::jsonb,
  'official_upload',
  now(),
  now(),
  now()
)
on conflict (id) do update set
  name=excluded.name,
  type=excluded.type,
  level=excluded.level,
  family=excluded.family,
  jurisdiction=excluded.jurisdiction,
  route=excluded.route,
  subjects=excluded.subjects,
  ponderation_subjects=excluded.ponderation_subjects,
  route_options=excluded.route_options,
  availability_by_province=excluded.availability_by_province,
  sources=excluded.sources,
  source_url=excluded.source_url,
  source_id=excluded.source_id,
  raw=excluded.raw,
  data_quality=excluded.data_quality,
  verified_at=excluded.verified_at,
  last_seen_at=excluded.last_seen_at,
  updated_at=now();


insert into public.itinera_fp_catalog_details(id,study_id,learned,work_context,jobs,modules,source_file,raw)
values ('detail-fp-v36-cs-direccion-de-cocina','fp-v36-cs-direccion-de-cocina','e o servizo en cociña, determinando ofertas e recursos, controlando as ac- tividades propias do aprovisionamento, a produción e o servizo, cumprindo os obxectivos económicos, seguindo os protocolos de calidade establecidos e actuando segundo normas de hixiene, prevención de riscos laborais e pro- tección ambiental.','grandes, medianas e pequenas, nomeadamente do sector da hostalaría e, en concreto, do subsector de restauración. Poden actuar en pequenos es- tablecementos, en moitas ocasións como propietario ou propietaria e res- ponsable de cociña simultaneamente. Malia desenvolver habitualmente a súa actividade profesional en establecementos de carácter privado, tamén pode desenvolvela en establecementos públicos, nomeadamente nos sec- tores educativo, sanitario e de servizos sociais. Cando non actúan por conta propia, realizan as súas funcións baixo a dependencia da dirección do esta- blecemento, sexa este un hotel ou sexa outro tipo de aloxamento ou esta- blecemento de restauración.','["en cociña", "xefe/a de cociña", "segundo/a xefe/a de cociña", "xefe/a de operacións de cátering", "xefe/a de partida", "cociñeiro/a"]'::jsonb,'[{"code": "MP0496", "name": "Control do aprovisionamento de materias primas", "hours": 52}, {"code": "MP0502", "name": "Gastronomía e nutrición", "hours": 52}, {"code": "MP0179", "name": "Inglés profesional", "hours": 60}, {"code": "MP1709", "name": "Itinerario persoal para a empregabilidade I", "hours": 107}, {"code": "MP0499", "name": "Procesos de elaboración culinaria", "hours": 259}, {"code": "MP0497", "name": "Procesos de preelaboración e conservación en cociña", "hours": 232}, {"code": "MP1708", "name": "Sostibilidade aplicada ao sistema produtivo", "hours": 30}, {"code": "MP0501", "name": "Xestión da calidade, e da seguridade e hixiene alimentarias", "hours": 78}, {"code": "MP1665", "name": "Dixitalización aplicada ao sistema produtivo", "hours": 30}, {"code": "MP0498", "name": "Elaboracións de pastelaría e repostaría en cociña", "hours": 331}, {"code": "MP1710", "name": "Itinerario persoal para a empregabilidade II", "hours": 50}, {"code": "MP0505", "name": "Proxecto intermodular de dirección de cociña", "hours": 50}, {"code": "MP0504", "name": "Recursos humanos e dirección de equipos en restauración", "hours": 83}, {"code": "MP0503", "name": "Xestión administrativa e comercial en restauración", "hours": 110}, {"code": "MP0500", "name": "Xestión da produción en cociña", "hours": 386}]'::jsonb,'10-hostalaria_e_turismo_v7.pdf',jsonb_build_object('source_upload','3 base de datos itinera.zip','duration_hours','2000'))
on conflict (id) do update set study_id=excluded.study_id,learned=excluded.learned,work_context=excluded.work_context,jobs=excluded.jobs,modules=excluded.modules,source_file=excluded.source_file,raw=excluded.raw,updated_at=now();


insert into public.itinera_studies(id,name,type,level,family,jurisdiction,official_title,route,subjects,ponderation_subjects,route_options,availability_by_province,sources,source_url,source_id,raw,data_quality,verified_at,last_seen_at,updated_at)
values (
  'fp-v36-cs-direccion-de-servizos-de-restauracion',
  'Dirección de servizos de restauración',
  'fpgs',
  'Ciclo formativo de grao superior',
  'Hostalaría e turismo',
  'Galicia',
  true,
  'Consultar requisitos, prazas, centros, modalidade e fontes oficiais antes de decidir.',
  '["Control do aprovisionamento de materias primas", "Gastronomía e nutrición", "Inglés profesional", "Itinerario persoal para a empregabilidade I", "Procesos de servizos en bar-cafetaría", "Procesos de servizos en restaurante", "Sostibilidade aplicada ao sistema produtivo", "Xestión da calidade, e da seguridade e hixiene alimentarias", "Dixitalización aplicada ao sistema produtivo", "Itinerario persoal para a empregabilidade II", "Planificación e dirección de servizos e eventos en restaura-", "Proxecto intermodular de dirección de servizos en restauración"]'::jsonb,
  '[{"subject": "Non aplica ou consultar fonte oficial", "weight": "consultar fonte oficial"}]'::jsonb,
  '[]'::jsonb,
  '{"Galicia": ["Consultar oferta por provincia, centro, modalidade e curso na Xunta FP."]}'::jsonb,
  '["xunta-fp-catalogo-familias-2025-2026", "xunta-fp-ciclos", "todofp-familias"]'::jsonb,
  'https://www.edu.xunta.gal/fp/oferta-fp',
  'xunta-fp-catalogo-familias-2025-2026',
  '{"source_upload": "3 base de datos itinera.zip", "source_file": "10-hostalaria_e_turismo_v7.pdf", "duration_hours": 2000, "modules": [{"code": "MP0496", "name": "Control do aprovisionamento de materias primas", "hours": 52}, {"code": "MP0502", "name": "Gastronomía e nutrición", "hours": 52}, {"code": "MP0179", "name": "Inglés profesional", "hours": 60}, {"code": "MP1709", "name": "Itinerario persoal para a empregabilidade I", "hours": 107}, {"code": "MP0509", "name": "Procesos de servizos en bar-cafetaría", "hours": 233}, {"code": "MP0510", "name": "Procesos de servizos en restaurante", "hours": 258}, {"code": "MP1708", "name": "Sostibilidade aplicada ao sistema produtivo", "hours": 30}, {"code": "MP0501", "name": "Xestión da calidade, e da seguridade e hixiene alimentarias", "hours": 78}, {"code": "MP1665", "name": "Dixitalización aplicada ao sistema produtivo", "hours": 30}, {"code": "MP1710", "name": "Itinerario persoal para a empregabilidade II", "hours": 50}, {"code": "MP0512", "name": "Planificación e dirección de servizos e eventos en restaura-", "hours": 221}, {"code": "MP0513", "name": "Proxecto intermodular de dirección de servizos en restauración", "hours": 50}, {"code": "MP0504", "name": "Recursos humanos e dirección de equipos en restauración", "hours": 83}, {"code": "MP0180", "name": "Segunda lingua estranxeira", "hours": 248}, {"code": "MP0511", "name": "Sommelier", "hours": 248}, {"code": "MP0503", "name": "Xestión administrativa e comercial en restauración", "hours": 110}], "learned": "e o servizo de alimentos e bebidas en restauración, determinando ofertas e recursos, controlando as actividades propias do aprovisionamento, cum- prindo os obxectivos económicos, seguindo os protocolos de calidade es- tablecidos e actuando segundo normas de hixiene, e prevención de riscos laborais e protección ambiental.", "work_context": "sas grandes, medianas e pequenas de restauración do sector público ou do privado. Neste caso, realizan as súas funcións baixo a dependencia da direc- ción ou a xerencia dun restaurante, ou do superior xerárquico equivalente. Tamén poden desenvolver a súa actividade profesional no ámbito do comer- cio de viños e outras bebidas, ben na venda directa, ou ben na distribución ou na asesoría."}'::jsonb,
  'official_upload',
  now(),
  now(),
  now()
)
on conflict (id) do update set
  name=excluded.name,
  type=excluded.type,
  level=excluded.level,
  family=excluded.family,
  jurisdiction=excluded.jurisdiction,
  route=excluded.route,
  subjects=excluded.subjects,
  ponderation_subjects=excluded.ponderation_subjects,
  route_options=excluded.route_options,
  availability_by_province=excluded.availability_by_province,
  sources=excluded.sources,
  source_url=excluded.source_url,
  source_id=excluded.source_id,
  raw=excluded.raw,
  data_quality=excluded.data_quality,
  verified_at=excluded.verified_at,
  last_seen_at=excluded.last_seen_at,
  updated_at=now();


insert into public.itinera_fp_catalog_details(id,study_id,learned,work_context,jobs,modules,source_file,raw)
values ('detail-fp-v36-cs-direccion-de-servizos-de-restauracion','fp-v36-cs-direccion-de-servizos-de-restauracion','e o servizo de alimentos e bebidas en restauración, determinando ofertas e recursos, controlando as actividades propias do aprovisionamento, cum- prindo os obxectivos económicos, seguindo os protocolos de calidade es- tablecidos e actuando segundo normas de hixiene, e prevención de riscos laborais e protección ambiental.','sas grandes, medianas e pequenas de restauración do sector público ou do privado. Neste caso, realizan as súas funcións baixo a dependencia da direc- ción ou a xerencia dun restaurante, ou do superior xerárquico equivalente. Tamén poden desenvolver a súa actividade profesional no ámbito do comer- cio de viños e outras bebidas, ben na venda directa, ou ben na distribución ou na asesoría.','["\"maître\"", "xefe/a de sala", "encargado/a de bar-cafetaría", "xefe/a de banque- tes", "xefe/a de operacións de cátering", "\"sommelier\"", "responsable de compra de bebidas"]'::jsonb,'[{"code": "MP0496", "name": "Control do aprovisionamento de materias primas", "hours": 52}, {"code": "MP0502", "name": "Gastronomía e nutrición", "hours": 52}, {"code": "MP0179", "name": "Inglés profesional", "hours": 60}, {"code": "MP1709", "name": "Itinerario persoal para a empregabilidade I", "hours": 107}, {"code": "MP0509", "name": "Procesos de servizos en bar-cafetaría", "hours": 233}, {"code": "MP0510", "name": "Procesos de servizos en restaurante", "hours": 258}, {"code": "MP1708", "name": "Sostibilidade aplicada ao sistema produtivo", "hours": 30}, {"code": "MP0501", "name": "Xestión da calidade, e da seguridade e hixiene alimentarias", "hours": 78}, {"code": "MP1665", "name": "Dixitalización aplicada ao sistema produtivo", "hours": 30}, {"code": "MP1710", "name": "Itinerario persoal para a empregabilidade II", "hours": 50}, {"code": "MP0512", "name": "Planificación e dirección de servizos e eventos en restaura-", "hours": 221}, {"code": "MP0513", "name": "Proxecto intermodular de dirección de servizos en restauración", "hours": 50}, {"code": "MP0504", "name": "Recursos humanos e dirección de equipos en restauración", "hours": 83}, {"code": "MP0180", "name": "Segunda lingua estranxeira", "hours": 248}, {"code": "MP0511", "name": "Sommelier", "hours": 248}, {"code": "MP0503", "name": "Xestión administrativa e comercial en restauración", "hours": 110}]'::jsonb,'10-hostalaria_e_turismo_v7.pdf',jsonb_build_object('source_upload','3 base de datos itinera.zip','duration_hours','2000'))
on conflict (id) do update set study_id=excluded.study_id,learned=excluded.learned,work_context=excluded.work_context,jobs=excluded.jobs,modules=excluded.modules,source_file=excluded.source_file,raw=excluded.raw,updated_at=now();


insert into public.itinera_studies(id,name,type,level,family,jurisdiction,official_title,route,subjects,ponderation_subjects,route_options,availability_by_province,sources,source_url,source_id,raw,data_quality,verified_at,last_seen_at,updated_at)
values (
  'fp-v36-cs-guia-informacion-e-asistencia-turisticas',
  'Guía, información e asistencia turísticas',
  'fpgs',
  'Ciclo formativo de grao superior',
  'Hostalaría e turismo',
  'Galicia',
  true,
  'Consultar requisitos, prazas, centros, modalidade e fontes oficiais antes de decidir.',
  '["Destinos turísticos", "Estrutura do mercado turístico", "Inglés profesional", "Itinerario persoal para a empregabilidade I", "Márketing turístico", "Recursos turísticos", "Sostibilidade aplicada ao sistema produtivo", "Deseño de produtos turísticos", "Dixitalización aplicada ao sistema produtivo", "Itinerario persoal para a empregabilidade II", "Procesos de guía e asistencia turística", "Protocolo e relacións públicas"]'::jsonb,
  '[{"subject": "Non aplica ou consultar fonte oficial", "weight": "consultar fonte oficial"}]'::jsonb,
  '[]'::jsonb,
  '{"Galicia": ["Consultar oferta por provincia, centro, modalidade e curso na Xunta FP."]}'::jsonb,
  '["xunta-fp-catalogo-familias-2025-2026", "xunta-fp-ciclos", "todofp-familias"]'::jsonb,
  'https://www.edu.xunta.gal/fp/oferta-fp',
  'xunta-fp-catalogo-familias-2025-2026',
  '{"source_upload": "3 base de datos itinera.zip", "source_file": "10-hostalaria_e_turismo_v7.pdf", "duration_hours": 2000, "modules": [{"code": "MP0383", "name": "Destinos turísticos", "hours": 207}, {"code": "MP0171", "name": "Estrutura do mercado turístico", "hours": 130}, {"code": "MP0179", "name": "Inglés profesional", "hours": 60}, {"code": "MP1709", "name": "Itinerario persoal para a empregabilidade I", "hours": 107}, {"code": "MP0173", "name": "Márketing turístico", "hours": 155}, {"code": "MP0384", "name": "Recursos turísticos", "hours": 181}, {"code": "MP1708", "name": "Sostibilidade aplicada ao sistema produtivo", "hours": 30}, {"code": "MP0387", "name": "Deseño de produtos turísticos", "hours": 222}, {"code": "MP1665", "name": "Dixitalización aplicada ao sistema produtivo", "hours": 30}, {"code": "MP1710", "name": "Itinerario persoal para a empregabilidade II", "hours": 50}, {"code": "MP0386", "name": "Procesos de guía e asistencia turística", "hours": 165}, {"code": "MP0172", "name": "Protocolo e relacións públicas", "hours": 165}, {"code": "MP0388", "name": "Proxecto intermodular de guía, información e asistencia turísti-", "hours": 50}, {"code": "MP0180", "name": "Segunda lingua estranxeira", "hours": 248}, {"code": "MP0385", "name": "Servizos de información turística", "hours": 110}], "learned": "sobre eles, e guiar e asistir persoas viaxeiras e clientes nestes destinos, así como en terminais, en medios de transporte, en eventos e noutros destinos turísticos.", "work_context": "gue calquera tipo de eventos, terminais de viaxeiros e empresas de trans- porte, ademais das áreas turísticas tradicionais, como destinos e puntos de información, entre outros. Ademais, tense capacitación para crear e implan- tar plans e actividades de desenvolvemento locais, en relación co mesmo sector. Trátase de persoal traballador por conta allea ou por conta propia, incluíndo a posibilidade de ocupar postos na Administración ou en entes de características similares (consorcios, padroados, etc.)."}'::jsonb,
  'official_upload',
  now(),
  now(),
  now()
)
on conflict (id) do update set
  name=excluded.name,
  type=excluded.type,
  level=excluded.level,
  family=excluded.family,
  jurisdiction=excluded.jurisdiction,
  route=excluded.route,
  subjects=excluded.subjects,
  ponderation_subjects=excluded.ponderation_subjects,
  route_options=excluded.route_options,
  availability_by_province=excluded.availability_by_province,
  sources=excluded.sources,
  source_url=excluded.source_url,
  source_id=excluded.source_id,
  raw=excluded.raw,
  data_quality=excluded.data_quality,
  verified_at=excluded.verified_at,
  last_seen_at=excluded.last_seen_at,
  updated_at=now();


insert into public.itinera_fp_catalog_details(id,study_id,learned,work_context,jobs,modules,source_file,raw)
values ('detail-fp-v36-cs-guia-informacion-e-asistencia-turisticas','fp-v36-cs-guia-informacion-e-asistencia-turisticas','sobre eles, e guiar e asistir persoas viaxeiras e clientes nestes destinos, así como en terminais, en medios de transporte, en eventos e noutros destinos turísticos.','gue calquera tipo de eventos, terminais de viaxeiros e empresas de trans- porte, ademais das áreas turísticas tradicionais, como destinos e puntos de información, entre outros. Ademais, tense capacitación para crear e implan- tar plans e actividades de desenvolvemento locais, en relación co mesmo sector. Trátase de persoal traballador por conta allea ou por conta propia, incluíndo a posibilidade de ocupar postos na Administración ou en entes de características similares (consorcios, padroados, etc.).','["interese cultural", "informador/a turístico/a", "xefe/a de oficinas de informa- ción", "promotor/a turístico/a", "técnico/a de empresa de consultoría turísti- ca", "axente de desenvolvemento turístico local", "azafata/o asistente en me- dios de transporte terrestre ou marítimo", "asistente en terminais (estacións, portos e aeroportos)", "encargado/a de facturación en terminais de transpor- te"]'::jsonb,'[{"code": "MP0383", "name": "Destinos turísticos", "hours": 207}, {"code": "MP0171", "name": "Estrutura do mercado turístico", "hours": 130}, {"code": "MP0179", "name": "Inglés profesional", "hours": 60}, {"code": "MP1709", "name": "Itinerario persoal para a empregabilidade I", "hours": 107}, {"code": "MP0173", "name": "Márketing turístico", "hours": 155}, {"code": "MP0384", "name": "Recursos turísticos", "hours": 181}, {"code": "MP1708", "name": "Sostibilidade aplicada ao sistema produtivo", "hours": 30}, {"code": "MP0387", "name": "Deseño de produtos turísticos", "hours": 222}, {"code": "MP1665", "name": "Dixitalización aplicada ao sistema produtivo", "hours": 30}, {"code": "MP1710", "name": "Itinerario persoal para a empregabilidade II", "hours": 50}, {"code": "MP0386", "name": "Procesos de guía e asistencia turística", "hours": 165}, {"code": "MP0172", "name": "Protocolo e relacións públicas", "hours": 165}, {"code": "MP0388", "name": "Proxecto intermodular de guía, información e asistencia turísti-", "hours": 50}, {"code": "MP0180", "name": "Segunda lingua estranxeira", "hours": 248}, {"code": "MP0385", "name": "Servizos de información turística", "hours": 110}]'::jsonb,'10-hostalaria_e_turismo_v7.pdf',jsonb_build_object('source_upload','3 base de datos itinera.zip','duration_hours','2000'))
on conflict (id) do update set study_id=excluded.study_id,learned=excluded.learned,work_context=excluded.work_context,jobs=excluded.jobs,modules=excluded.modules,source_file=excluded.source_file,raw=excluded.raw,updated_at=now();


insert into public.itinera_studies(id,name,type,level,family,jurisdiction,official_title,route,subjects,ponderation_subjects,route_options,availability_by_province,sources,source_url,source_id,raw,data_quality,verified_at,last_seen_at,updated_at)
values (
  'fp-v36-cs-xestion-de-aloxamentos-turisticos',
  'Xestión de aloxamentos turísticos',
  'fpgs',
  'Ciclo formativo de grao superior',
  'Hostalaría e turismo',
  'Galicia',
  true,
  'Consultar requisitos, prazas, centros, modalidade e fontes oficiais antes de decidir.',
  '["Dirección de aloxamentos turísticos", "Estrutura do mercado turístico", "Inglés profesional", "Itinerario persoal para a empregabilidade I", "Márketing turístico", "Recepción e reservas", "Sostibilidade aplicada ao sistema produtivo", "Comercialización de eventos", "Dixitalización aplicada ao sistema produtivo", "Itinerario persoal para a empregabilidade II", "Protocolo e relacións públicas", "Proxecto intermodular de xestión aloxamento turístico"]'::jsonb,
  '[{"subject": "Non aplica ou consultar fonte oficial", "weight": "consultar fonte oficial"}]'::jsonb,
  '[]'::jsonb,
  '{"Galicia": ["Consultar oferta por provincia, centro, modalidade e curso na Xunta FP."]}'::jsonb,
  '["xunta-fp-catalogo-familias-2025-2026", "xunta-fp-ciclos", "todofp-familias"]'::jsonb,
  'https://www.edu.xunta.gal/fp/oferta-fp',
  'xunta-fp-catalogo-familias-2025-2026',
  '{"source_upload": "3 base de datos itinera.zip", "source_file": "10-hostalaria_e_turismo_v7.pdf", "duration_hours": 2000, "modules": [{"code": "MP0174", "name": "Dirección de aloxamentos turísticos", "hours": 233}, {"code": "MP0171", "name": "Estrutura do mercado turístico", "hours": 130}, {"code": "MP0179", "name": "Inglés profesional", "hours": 60}, {"code": "MP1709", "name": "Itinerario persoal para a empregabilidade I", "hours": 107}, {"code": "MP0173", "name": "Márketing turístico", "hours": 155}, {"code": "MP0176", "name": "Recepción e reservas", "hours": 155}, {"code": "MP1708", "name": "Sostibilidade aplicada ao sistema produtivo", "hours": 30}, {"code": "MP0178", "name": "Comercialización de eventos", "hours": 194}, {"code": "MP1665", "name": "Dixitalización aplicada ao sistema produtivo", "hours": 30}, {"code": "MP1710", "name": "Itinerario persoal para a empregabilidade II", "hours": 50}, {"code": "MP0172", "name": "Protocolo e relacións públicas", "hours": 165}, {"code": "MP0181", "name": "Proxecto intermodular de xestión aloxamento turístico", "hours": 50}, {"code": "MP0177", "name": "Recursos humanos no aloxamento", "hours": 138}, {"code": "MP0180", "name": "Segunda lingua estranxeira", "hours": 248}, {"code": "MP0175", "name": "Xestión do departamento de pisos", "hours": 165}], "learned": "as políticas empresariais establecidas, controlando obxectivos dos departa- mentos, accións comerciais e os resultados económicos do establecemento, prestando o servizo na área de aloxamento e asegurando a satisfacción da clientela.", "work_context": "cos hoteleiros e extrahoteleiros, incluíndo tamén algúns tipos afíns, como as residencias sanitarias, hospitalarias e de estudantes, entre outras, inde- pendentemente da súa modalidade. Trátase de persoal fundamentalmente por conta allea, dado o grande investimento en inmobilizado que adoita su- por o aloxamento, e que exerce as súas actividades en labores de xestión, dirección e supervisión en áreas funcionais de recepción, reservas, pisos e eventos."}'::jsonb,
  'official_upload',
  now(),
  now(),
  now()
)
on conflict (id) do update set
  name=excluded.name,
  type=excluded.type,
  level=excluded.level,
  family=excluded.family,
  jurisdiction=excluded.jurisdiction,
  route=excluded.route,
  subjects=excluded.subjects,
  ponderation_subjects=excluded.ponderation_subjects,
  route_options=excluded.route_options,
  availability_by_province=excluded.availability_by_province,
  sources=excluded.sources,
  source_url=excluded.source_url,
  source_id=excluded.source_id,
  raw=excluded.raw,
  data_quality=excluded.data_quality,
  verified_at=excluded.verified_at,
  last_seen_at=excluded.last_seen_at,
  updated_at=now();


insert into public.itinera_fp_catalog_details(id,study_id,learned,work_context,jobs,modules,source_file,raw)
values ('detail-fp-v36-cs-xestion-de-aloxamentos-turisticos','fp-v36-cs-xestion-de-aloxamentos-turisticos','as políticas empresariais establecidas, controlando obxectivos dos departa- mentos, accións comerciais e os resultados económicos do establecemento, prestando o servizo na área de aloxamento e asegurando a satisfacción da clientela.','cos hoteleiros e extrahoteleiros, incluíndo tamén algúns tipos afíns, como as residencias sanitarias, hospitalarias e de estudantes, entre outras, inde- pendentemente da súa modalidade. Trátase de persoal fundamentalmente por conta allea, dado o grande investimento en inmobilizado que adoita su- por o aloxamento, e que exerce as súas actividades en labores de xestión, dirección e supervisión en áreas funcionais de recepción, reservas, pisos e eventos.','["recepción", "encargado/a de reservas", "xefe/a de reservas", "coordinador/a de calidade", "gobernante/a ou encargado/a xeral do servizo de pisos e limpe- za", "subgobernante/a ou encargado/a de sección do servizo de pisos e limpe- za", "xestor/a de aloxamento en residencias, hospitais e similares", "xestor/a de aloxamento en casas rurais", "coordinador/a de eventos", "xefe/a de vendas en establecementos de aloxamentos turísticos"]'::jsonb,'[{"code": "MP0174", "name": "Dirección de aloxamentos turísticos", "hours": 233}, {"code": "MP0171", "name": "Estrutura do mercado turístico", "hours": 130}, {"code": "MP0179", "name": "Inglés profesional", "hours": 60}, {"code": "MP1709", "name": "Itinerario persoal para a empregabilidade I", "hours": 107}, {"code": "MP0173", "name": "Márketing turístico", "hours": 155}, {"code": "MP0176", "name": "Recepción e reservas", "hours": 155}, {"code": "MP1708", "name": "Sostibilidade aplicada ao sistema produtivo", "hours": 30}, {"code": "MP0178", "name": "Comercialización de eventos", "hours": 194}, {"code": "MP1665", "name": "Dixitalización aplicada ao sistema produtivo", "hours": 30}, {"code": "MP1710", "name": "Itinerario persoal para a empregabilidade II", "hours": 50}, {"code": "MP0172", "name": "Protocolo e relacións públicas", "hours": 165}, {"code": "MP0181", "name": "Proxecto intermodular de xestión aloxamento turístico", "hours": 50}, {"code": "MP0177", "name": "Recursos humanos no aloxamento", "hours": 138}, {"code": "MP0180", "name": "Segunda lingua estranxeira", "hours": 248}, {"code": "MP0175", "name": "Xestión do departamento de pisos", "hours": 165}]'::jsonb,'10-hostalaria_e_turismo_v7.pdf',jsonb_build_object('source_upload','3 base de datos itinera.zip','duration_hours','2000'))
on conflict (id) do update set study_id=excluded.study_id,learned=excluded.learned,work_context=excluded.work_context,jobs=excluded.jobs,modules=excluded.modules,source_file=excluded.source_file,raw=excluded.raw,updated_at=now();


insert into public.itinera_studies(id,name,type,level,family,jurisdiction,official_title,route,subjects,ponderation_subjects,route_options,availability_by_province,sources,source_url,source_id,raw,data_quality,verified_at,last_seen_at,updated_at)
values (
  'fp-v36-em-coordinacion-do-persoal-en-reunions-profesionais-congresos',
  'Coordinación do persoal en reunións profesionais, congresos,',
  'especializacion_gm',
  'Curso de especialización de grao medio',
  'Hostalaría e turismo',
  'Galicia',
  true,
  'Consultar requisitos, prazas, centros, modalidade e fontes oficiais antes de decidir.',
  '["Inglés de especialización", "Operativa en accións de márketing, promocións e venda de", "Protocolo aplicado a reunións profesionais e eventos", "Reunións profesionais, congresos, incentivos, feiras e expo-"]'::jsonb,
  '[{"subject": "Non aplica ou consultar fonte oficial", "weight": "consultar fonte oficial"}]'::jsonb,
  '[]'::jsonb,
  '{"Galicia": ["Consultar oferta por provincia, centro, modalidade e curso na Xunta FP."]}'::jsonb,
  '["xunta-fp-catalogo-familias-2025-2026", "xunta-fp-ciclos", "todofp-familias"]'::jsonb,
  'https://www.edu.xunta.gal/fp/oferta-fp',
  'xunta-fp-catalogo-familias-2025-2026',
  '{"source_upload": "3 base de datos itinera.zip", "source_file": "10-hostalaria_e_turismo_v7.pdf", "duration_hours": 600, "modules": [{"code": "MP5138", "name": "Inglés de especialización", "hours": 90}, {"code": "MP5136", "name": "Operativa en accións de márketing, promocións e venda de", "hours": 180}, {"code": "MP5137", "name": "Protocolo aplicado a reunións profesionais e eventos", "hours": 130}, {"code": "MP5135", "name": "Reunións profesionais, congresos, incentivos, feiras e expo-", "hours": 200}], "learned": "colaborar e apoiar na selección, na formación e na supervisión dos equipos de persoas que prestan servizos á organización de reunións profesionais, incentivos, convencións, congresos, exposicións, feiras (en diante MICE) e eventos, utilizando unha lingua estranxeira, segundo o protocolo do plan operativo definido e os estándares de calidade e seguridade, e cumprindo a normativa.", "work_context": "das, en axencias de viaxes con departamento de congresos, empresas de organización de congresos (OPC), axencias de eventos, empresas de azafa- tos/as e centros de convencións, palacios de congresos, institucións feirais e hoteis, entre outros."}'::jsonb,
  'official_upload',
  now(),
  now(),
  now()
)
on conflict (id) do update set
  name=excluded.name,
  type=excluded.type,
  level=excluded.level,
  family=excluded.family,
  jurisdiction=excluded.jurisdiction,
  route=excluded.route,
  subjects=excluded.subjects,
  ponderation_subjects=excluded.ponderation_subjects,
  route_options=excluded.route_options,
  availability_by_province=excluded.availability_by_province,
  sources=excluded.sources,
  source_url=excluded.source_url,
  source_id=excluded.source_id,
  raw=excluded.raw,
  data_quality=excluded.data_quality,
  verified_at=excluded.verified_at,
  last_seen_at=excluded.last_seen_at,
  updated_at=now();


insert into public.itinera_fp_catalog_details(id,study_id,learned,work_context,jobs,modules,source_file,raw)
values ('detail-fp-v36-em-coordinacion-do-persoal-en-reunions-profesionais-congresos','fp-v36-em-coordinacion-do-persoal-en-reunions-profesionais-congresos','colaborar e apoiar na selección, na formación e na supervisión dos equipos de persoas que prestan servizos á organización de reunións profesionais, incentivos, convencións, congresos, exposicións, feiras (en diante MICE) e eventos, utilizando unha lingua estranxeira, segundo o protocolo do plan operativo definido e os estándares de calidade e seguridade, e cumprindo a normativa.','das, en axencias de viaxes con departamento de congresos, empresas de organización de congresos (OPC), axencias de eventos, empresas de azafa- tos/as e centros de convencións, palacios de congresos, institucións feirais e hoteis, entre outros.','["tiva de reunións profesionais, congresos e eventos", "coordinador/a de azafatos/as de congresos, con- vencións, feiras e exposicións", "responsable de eventos (sociais, institucio- nais, culturais e deportivos)", "supervisor/a de persoal de apoio de azafatos/ as de acompañamento en visitas técnicas, viaxes e programas sociais", "coor- dinador/a de azafatos/as de protocolo, de actos institucionais e corporati- vos", "coordinador/a de azafatos/as de promocións comerciais, presentacións e lanzamento de produtos", "coordinador/a de azafatos/as en accións de már- keting e publicitarias"]'::jsonb,'[{"code": "MP5138", "name": "Inglés de especialización", "hours": 90}, {"code": "MP5136", "name": "Operativa en accións de márketing, promocións e venda de", "hours": 180}, {"code": "MP5137", "name": "Protocolo aplicado a reunións profesionais e eventos", "hours": 130}, {"code": "MP5135", "name": "Reunións profesionais, congresos, incentivos, feiras e expo-", "hours": 200}]'::jsonb,'10-hostalaria_e_turismo_v7.pdf',jsonb_build_object('source_upload','3 base de datos itinera.zip','duration_hours','600'))
on conflict (id) do update set study_id=excluded.study_id,learned=excluded.learned,work_context=excluded.work_context,jobs=excluded.jobs,modules=excluded.modules,source_file=excluded.source_file,raw=excluded.raw,updated_at=now();


insert into public.itinera_studies(id,name,type,level,family,jurisdiction,official_title,route,subjects,ponderation_subjects,route_options,availability_by_province,sources,source_url,source_id,raw,data_quality,verified_at,last_seen_at,updated_at)
values (
  'fp-v36-em-panadaria-e-bolaria-artesanais',
  'Panadaría e bolaría artesanais',
  'especializacion_gm',
  'Curso de especialización de grao medio',
  'Hostalaría e turismo',
  'Galicia',
  true,
  'Consultar requisitos, prazas, centros, modalidade e fontes oficiais antes de decidir.',
  '["Bolaría artesá e follados", "Cata e maridaxe de produtos de panificación", "Masas nai de cultivo e prefermentos", "Pans artesáns de cereais tradicionais, especiais e pseudocereais", "Tecnoloxía do frío aplicada á panadaría artesanal"]'::jsonb,
  '[{"subject": "Non aplica ou consultar fonte oficial", "weight": "consultar fonte oficial"}]'::jsonb,
  '[]'::jsonb,
  '{"Galicia": ["Consultar oferta por provincia, centro, modalidade e curso na Xunta FP."]}'::jsonb,
  '["xunta-fp-catalogo-familias-2025-2026", "xunta-fp-ciclos", "todofp-familias"]'::jsonb,
  'https://www.edu.xunta.gal/fp/oferta-fp',
  'xunta-fp-catalogo-familias-2025-2026',
  '{"source_upload": "3 base de datos itinera.zip", "source_file": "10-hostalaria_e_turismo_v7.pdf", "duration_hours": 600, "modules": [{"code": "MP5019", "name": "Bolaría artesá e follados", "hours": 164}, {"code": "MP5020", "name": "Cata e maridaxe de produtos de panificación", "hours": 54}, {"code": "MP5016", "name": "Masas nai de cultivo e prefermentos", "hours": 118}, {"code": "MP5018", "name": "Pans artesáns de cereais tradicionais, especiais e pseudocereais", "hours": 164}, {"code": "MP5017", "name": "Tecnoloxía do frío aplicada á panadaría artesanal", "hours": 100}], "learned": "artesanais, doces e salgados, con ou sen recheo, a partir de masas nai de cultivo e prefermentos con cereais tradicionais, especiais e pseudocereais, respectando os requirimentos da elaboración artesá e aplicando técnicas actuais con creatividade e innovación, cumprindo a normativa vixente de seguridade alimentaria, prevención de riscos e protección medio ambiental.", "work_context": "daría, pastelaría e confeitaría; así como no sector de hostalería, subsector de restauración e como elaborador por conta propia ou allea. Tamén exerce a súa actividade no sector do comercio da alimentación naqueles estable- cementos que elaboran e venden produtos de panadaría, pastelaría e re- postaría."}'::jsonb,
  'official_upload',
  now(),
  now(),
  now()
)
on conflict (id) do update set
  name=excluded.name,
  type=excluded.type,
  level=excluded.level,
  family=excluded.family,
  jurisdiction=excluded.jurisdiction,
  route=excluded.route,
  subjects=excluded.subjects,
  ponderation_subjects=excluded.ponderation_subjects,
  route_options=excluded.route_options,
  availability_by_province=excluded.availability_by_province,
  sources=excluded.sources,
  source_url=excluded.source_url,
  source_id=excluded.source_id,
  raw=excluded.raw,
  data_quality=excluded.data_quality,
  verified_at=excluded.verified_at,
  last_seen_at=excluded.last_seen_at,
  updated_at=now();


insert into public.itinera_fp_catalog_details(id,study_id,learned,work_context,jobs,modules,source_file,raw)
values ('detail-fp-v36-em-panadaria-e-bolaria-artesanais','fp-v36-em-panadaria-e-bolaria-artesanais','artesanais, doces e salgados, con ou sen recheo, a partir de masas nai de cultivo e prefermentos con cereais tradicionais, especiais e pseudocereais, respectando os requirimentos da elaboración artesá e aplicando técnicas actuais con creatividade e innovación, cumprindo a normativa vixente de seguridade alimentaria, prevención de riscos e protección medio ambiental.','daría, pastelaría e confeitaría; así como no sector de hostalería, subsector de restauración e como elaborador por conta propia ou allea. Tamén exerce a súa actividade no sector do comercio da alimentación naqueles estable- cementos que elaboran e venden produtos de panadaría, pastelaría e re- postaría.','["ses de pizza", "reposteiro/a"]'::jsonb,'[{"code": "MP5019", "name": "Bolaría artesá e follados", "hours": 164}, {"code": "MP5020", "name": "Cata e maridaxe de produtos de panificación", "hours": 54}, {"code": "MP5016", "name": "Masas nai de cultivo e prefermentos", "hours": 118}, {"code": "MP5018", "name": "Pans artesáns de cereais tradicionais, especiais e pseudocereais", "hours": 164}, {"code": "MP5017", "name": "Tecnoloxía do frío aplicada á panadaría artesanal", "hours": 100}]'::jsonb,'10-hostalaria_e_turismo_v7.pdf',jsonb_build_object('source_upload','3 base de datos itinera.zip','duration_hours','600'))
on conflict (id) do update set study_id=excluded.study_id,learned=excluded.learned,work_context=excluded.work_context,jobs=excluded.jobs,modules=excluded.modules,source_file=excluded.source_file,raw=excluded.raw,updated_at=now();


insert into public.itinera_studies(id,name,type,level,family,jurisdiction,official_title,route,subjects,ponderation_subjects,route_options,availability_by_province,sources,source_url,source_id,raw,data_quality,verified_at,last_seen_at,updated_at)
values (
  'fp-v36-cm-video-disc-jockey-e-son',
  'Vídeo disc-jockey e son',
  'fpgm',
  'Ciclo formativo de grao medio',
  'Imaxe e son',
  'Galicia',
  true,
  'Consultar requisitos, prazas, centros, modalidade e fontes oficiais antes de decidir.',
  '["Captación e gravación de son", "Inglés profesional", "Instalación e montaxe de equipamentos de son", "Itinerario persoal para a empregabilidade I", "Preparación de sesións de vídeo disc-jockey", "Sostibilidade aplicada ao sistema produtivo", "Toma e edición dixital de imaxe", "Animación musical en vivo", "Animación visual en vivo", "Control, edición e mestura de son", "Dixitalización aplicada ao sistema produtivo", "Itinerario persoal para a empregabilidade II"]'::jsonb,
  '[{"subject": "Non aplica ou consultar fonte oficial", "weight": "consultar fonte oficial"}]'::jsonb,
  '[]'::jsonb,
  '{"Galicia": ["Consultar oferta por provincia, centro, modalidade e curso na Xunta FP."]}'::jsonb,
  '["xunta-fp-catalogo-familias-2025-2026", "xunta-fp-ciclos", "todofp-familias"]'::jsonb,
  'https://www.edu.xunta.gal/fp/oferta-fp',
  'xunta-fp-catalogo-familias-2025-2026',
  '{"source_upload": "3 base de datos itinera.zip", "source_file": "11-imaxe_e_son_v7.pdf", "duration_hours": 2000, "modules": [{"code": "MP1299", "name": "Captación e gravación de son", "hours": 183}, {"code": "MP0156", "name": "Inglés profesional", "hours": 60}, {"code": "MP1298", "name": "Instalación e montaxe de equipamentos de son", "hours": 183}, {"code": "MP1709", "name": "Itinerario persoal para a empregabilidade I", "hours": 107}, {"code": "MP1301", "name": "Preparación de sesións de vídeo disc-jockey", "hours": 157}, {"code": "MP1708", "name": "Sostibilidade aplicada ao sistema produtivo", "hours": 30}, {"code": "MP1304", "name": "Toma e edición dixital de imaxe", "hours": 240}, {"code": "MP1302", "name": "Animación musical en vivo", "hours": 301}, {"code": "MP1303", "name": "Animación visual en vivo", "hours": 273}, {"code": "MP1300", "name": "Control, edición e mestura de son", "hours": 246}, {"code": "MP1664", "name": "Dixitalización aplicada ao sistema produtivo", "hours": 30}, {"code": "MP1710", "name": "Itinerario persoal para a empregabilidade II", "hours": 50}, {"code": "MP1713", "name": "Proxecto intermodular", "hours": 50}], "learned": "musical e visual en vivo e en directo, e efectuar a captación, a mestura di- recta, a gravación e a reprodución de son en calquera tipo de proxectos sonoros.", "work_context": "do son para producións de cine, vídeo, televisión, multimedia, radio, indus- tria discográfica, espectáculos e instalacións fixas de sonorización, en gran- des, medianas e pequenas empresas, públicas ou privadas, en televisións, produtoras de cine e vídeo, emisoras de radio, produtoras discográficas, em- presas de dobraxe, empresas de sonorización e produtoras de espectáculos, e en empresas dedicadas á produción de eventos musicais públicos, tales como bares musicais, discotecas, salas de festa, salas de baile, salas de con- certos ou festivais, así como en eventos non estritamente musicais, tales como desfiles de moda, presentacións publicitarias ou feiras de mostras, e en grandes, medianas e pequenas empresas, por conta propia ou allea, dedicadas ao tratamento dixital de imaxes."}'::jsonb,
  'official_upload',
  now(),
  now(),
  now()
)
on conflict (id) do update set
  name=excluded.name,
  type=excluded.type,
  level=excluded.level,
  family=excluded.family,
  jurisdiction=excluded.jurisdiction,
  route=excluded.route,
  subjects=excluded.subjects,
  ponderation_subjects=excluded.ponderation_subjects,
  route_options=excluded.route_options,
  availability_by_province=excluded.availability_by_province,
  sources=excluded.sources,
  source_url=excluded.source_url,
  source_id=excluded.source_id,
  raw=excluded.raw,
  data_quality=excluded.data_quality,
  verified_at=excluded.verified_at,
  last_seen_at=excluded.last_seen_at,
  updated_at=now();


insert into public.itinera_fp_catalog_details(id,study_id,learned,work_context,jobs,modules,source_file,raw)
values ('detail-fp-v36-cm-video-disc-jockey-e-son','fp-v36-cm-video-disc-jockey-e-son','musical e visual en vivo e en directo, e efectuar a captación, a mestura di- recta, a gravación e a reprodución de son en calquera tipo de proxectos sonoros.','do son para producións de cine, vídeo, televisión, multimedia, radio, indus- tria discográfica, espectáculos e instalacións fixas de sonorización, en gran- des, medianas e pequenas empresas, públicas ou privadas, en televisións, produtoras de cine e vídeo, emisoras de radio, produtoras discográficas, em- presas de dobraxe, empresas de sonorización e produtoras de espectáculos, e en empresas dedicadas á produción de eventos musicais públicos, tales como bares musicais, discotecas, salas de festa, salas de baile, salas de con- certos ou festivais, así como en eventos non estritamente musicais, tales como desfiles de moda, presentacións publicitarias ou feiras de mostras, e en grandes, medianas e pequenas empresas, por conta propia ou allea, dedicadas ao tratamento dixital de imaxes.','["de concertos musicais", "microfonista de espectáculos escénicos", "axudante/a de montaxe de son en cine", "disc-jockey", "vídeo-jockey", "vídeo disc-jockey", "li- ght-jockey"]'::jsonb,'[{"code": "MP1299", "name": "Captación e gravación de son", "hours": 183}, {"code": "MP0156", "name": "Inglés profesional", "hours": 60}, {"code": "MP1298", "name": "Instalación e montaxe de equipamentos de son", "hours": 183}, {"code": "MP1709", "name": "Itinerario persoal para a empregabilidade I", "hours": 107}, {"code": "MP1301", "name": "Preparación de sesións de vídeo disc-jockey", "hours": 157}, {"code": "MP1708", "name": "Sostibilidade aplicada ao sistema produtivo", "hours": 30}, {"code": "MP1304", "name": "Toma e edición dixital de imaxe", "hours": 240}, {"code": "MP1302", "name": "Animación musical en vivo", "hours": 301}, {"code": "MP1303", "name": "Animación visual en vivo", "hours": 273}, {"code": "MP1300", "name": "Control, edición e mestura de son", "hours": 246}, {"code": "MP1664", "name": "Dixitalización aplicada ao sistema produtivo", "hours": 30}, {"code": "MP1710", "name": "Itinerario persoal para a empregabilidade II", "hours": 50}, {"code": "MP1713", "name": "Proxecto intermodular", "hours": 50}]'::jsonb,'11-imaxe_e_son_v7.pdf',jsonb_build_object('source_upload','3 base de datos itinera.zip','duration_hours','2000'))
on conflict (id) do update set study_id=excluded.study_id,learned=excluded.learned,work_context=excluded.work_context,jobs=excluded.jobs,modules=excluded.modules,source_file=excluded.source_file,raw=excluded.raw,updated_at=now();


insert into public.itinera_studies(id,name,type,level,family,jurisdiction,official_title,route,subjects,ponderation_subjects,route_options,availability_by_province,sources,source_url,source_id,raw,data_quality,verified_at,last_seen_at,updated_at)
values (
  'fp-v36-cs-animacions-3d-xogos-e-contornos-interactivos',
  'Animacións 3D, xogos e contornos interactivos',
  'fpgs',
  'Ciclo formativo de grao superior',
  'Imaxe e son',
  'Galicia',
  true,
  'Consultar requisitos, prazas, centros, modalidade e fontes oficiais antes de decidir.',
  '["Animación de elementos 2D e 3D", "Deseño, debuxo e modelaxe para animación", "Inglés profesional", "Itinerario persoal para a empregabilidade I", "Proxectos de animación audiovisual 2D e 3D", "Realización de proxectos multimedia interactivos", "Sostibilidade aplicada ao sistema produtivo", "Cor, iluminación e acabamentos 2D e 3D", "Desenvolvemento de contornos interactivos multidispositivo", "Dixitalización aplicada ao sistema produtivo", "Itinerario persoal para a empregabilidade II", "Proxecto intermodular de animacións 3D, xogos e contornos in-"]'::jsonb,
  '[{"subject": "Non aplica ou consultar fonte oficial", "weight": "consultar fonte oficial"}]'::jsonb,
  '[]'::jsonb,
  '{"Galicia": ["Consultar oferta por provincia, centro, modalidade e curso na Xunta FP."]}'::jsonb,
  '["xunta-fp-catalogo-familias-2025-2026", "xunta-fp-ciclos", "todofp-familias"]'::jsonb,
  'https://www.edu.xunta.gal/fp/oferta-fp',
  'xunta-fp-catalogo-familias-2025-2026',
  '{"source_upload": "3 base de datos itinera.zip", "source_file": "11-imaxe_e_son_v7.pdf", "duration_hours": 2000, "modules": [{"code": "MP1087", "name": "Animación de elementos 2D e 3D", "hours": 262}, {"code": "MP1086", "name": "Deseño, debuxo e modelaxe para animación", "hours": 236}, {"code": "MP0179", "name": "Inglés profesional", "hours": 60}, {"code": "MP1709", "name": "Itinerario persoal para a empregabilidade I", "hours": 107}, {"code": "MP1085", "name": "Proxectos de animación audiovisual 2D e 3D", "hours": 78}, {"code": "MP1090", "name": "Realización de proxectos multimedia interactivos", "hours": 187}, {"code": "MP1708", "name": "Sostibilidade aplicada ao sistema produtivo", "hours": 30}, {"code": "MP1088", "name": "Cor, iluminación e acabamentos 2D e 3D", "hours": 300}, {"code": "MP1091", "name": "Desenvolvemento de contornos interactivos multidispositivo", "hours": 164}, {"code": "MP1665", "name": "Dixitalización aplicada ao sistema produtivo", "hours": 30}, {"code": "MP1710", "name": "Itinerario persoal para a empregabilidade II", "hours": 50}, {"code": "MP1093", "name": "Proxecto intermodular de animacións 3D, xogos e contornos in-", "hours": 50}, {"code": "MP1089", "name": "Proxectos de xogos e contornos interactivos", "hours": 137}, {"code": "MP0907", "name": "Realización da montaxe e posprodución de audiovisuais", "hours": 219}], "learned": "dutos audiovisuais multimedia interactivos, integrando os elementos e as fontes que interveñen na súa creación, tendo en conta as súas relacións, as dependencias e os criterios de interactividade, a partir de parámetros previamente definidos.", "work_context": "e 3D, de multimedia interactiva e non interactiva, así como en publicidade e empresas relacionadas con internet e os novos medios."}'::jsonb,
  'official_upload',
  now(),
  now(),
  now()
)
on conflict (id) do update set
  name=excluded.name,
  type=excluded.type,
  level=excluded.level,
  family=excluded.family,
  jurisdiction=excluded.jurisdiction,
  route=excluded.route,
  subjects=excluded.subjects,
  ponderation_subjects=excluded.ponderation_subjects,
  route_options=excluded.route_options,
  availability_by_province=excluded.availability_by_province,
  sources=excluded.sources,
  source_url=excluded.source_url,
  source_id=excluded.source_id,
  raw=excluded.raw,
  data_quality=excluded.data_quality,
  verified_at=excluded.verified_at,
  last_seen_at=excluded.last_seen_at,
  updated_at=now();


insert into public.itinera_fp_catalog_details(id,study_id,learned,work_context,jobs,modules,source_file,raw)
values ('detail-fp-v36-cs-animacions-3d-xogos-e-contornos-interactivos','fp-v36-cs-animacions-3d-xogos-e-contornos-interactivos','dutos audiovisuais multimedia interactivos, integrando os elementos e as fontes que interveñen na súa creación, tendo en conta as súas relacións, as dependencias e os criterios de interactividade, a partir de parámetros previamente definidos.','e 3D, de multimedia interactiva e non interactiva, así como en publicidade e empresas relacionadas con internet e os novos medios.','["dixital", "xerador/a de espazos virtuais", "técnico/a de efectos especiais 3D", "in- tegrador/a multimedia audiovisual", "desenvolvedor/a de aplicacións e produ- tos audiovisuais multimedia", "editor/a de contidos audiovisuais multimedia interactivos e non interactivos"]'::jsonb,'[{"code": "MP1087", "name": "Animación de elementos 2D e 3D", "hours": 262}, {"code": "MP1086", "name": "Deseño, debuxo e modelaxe para animación", "hours": 236}, {"code": "MP0179", "name": "Inglés profesional", "hours": 60}, {"code": "MP1709", "name": "Itinerario persoal para a empregabilidade I", "hours": 107}, {"code": "MP1085", "name": "Proxectos de animación audiovisual 2D e 3D", "hours": 78}, {"code": "MP1090", "name": "Realización de proxectos multimedia interactivos", "hours": 187}, {"code": "MP1708", "name": "Sostibilidade aplicada ao sistema produtivo", "hours": 30}, {"code": "MP1088", "name": "Cor, iluminación e acabamentos 2D e 3D", "hours": 300}, {"code": "MP1091", "name": "Desenvolvemento de contornos interactivos multidispositivo", "hours": 164}, {"code": "MP1665", "name": "Dixitalización aplicada ao sistema produtivo", "hours": 30}, {"code": "MP1710", "name": "Itinerario persoal para a empregabilidade II", "hours": 50}, {"code": "MP1093", "name": "Proxecto intermodular de animacións 3D, xogos e contornos in-", "hours": 50}, {"code": "MP1089", "name": "Proxectos de xogos e contornos interactivos", "hours": 137}, {"code": "MP0907", "name": "Realización da montaxe e posprodución de audiovisuais", "hours": 219}]'::jsonb,'11-imaxe_e_son_v7.pdf',jsonb_build_object('source_upload','3 base de datos itinera.zip','duration_hours','2000'))
on conflict (id) do update set study_id=excluded.study_id,learned=excluded.learned,work_context=excluded.work_context,jobs=excluded.jobs,modules=excluded.modules,source_file=excluded.source_file,raw=excluded.raw,updated_at=now();


insert into public.itinera_studies(id,name,type,level,family,jurisdiction,official_title,route,subjects,ponderation_subjects,route_options,availability_by_province,sources,source_url,source_id,raw,data_quality,verified_at,last_seen_at,updated_at)
values (
  'fp-v36-cs-iluminacion-captacion-e-tratamento-de-imaxe',
  'Iluminación, captación e tratamento de imaxe',
  'fpgs',
  'Ciclo formativo de grao superior',
  'Imaxe e son',
  'Galicia',
  true,
  'Consultar requisitos, prazas, centros, modalidade e fontes oficiais antes de decidir.',
  '["Control da iluminación", "Inglés profesional", "Itinerario persoal para a empregabilidade I", "Luminotecnia", "Planificación de cámara en audiovisuais", "Sostibilidade aplicada ao sistema produtivo", "Toma de imaxe audiovisual", "Toma fotográfica", "Dixitalización aplicada ao sistema produtivo", "Gravación e edición de reportaxes audiovisuais", "Itinerario persoal para a empregabilidade II", "Procesos finais fotográficos"]'::jsonb,
  '[{"subject": "Non aplica ou consultar fonte oficial", "weight": "consultar fonte oficial"}]'::jsonb,
  '[]'::jsonb,
  '{"Galicia": ["Consultar oferta por provincia, centro, modalidade e curso na Xunta FP."]}'::jsonb,
  '["xunta-fp-catalogo-familias-2025-2026", "xunta-fp-ciclos", "todofp-familias"]'::jsonb,
  'https://www.edu.xunta.gal/fp/oferta-fp',
  'xunta-fp-catalogo-familias-2025-2026',
  '{"source_upload": "3 base de datos itinera.zip", "source_file": "11-imaxe_e_son_v7.pdf", "duration_hours": 2000, "modules": [{"code": "MP1162", "name": "Control da iluminación", "hours": 103}, {"code": "MP0179", "name": "Inglés profesional", "hours": 60}, {"code": "MP1709", "name": "Itinerario persoal para a empregabilidade I", "hours": 107}, {"code": "MP1161", "name": "Luminotecnia", "hours": 183}, {"code": "MP1158", "name": "Planificación de cámara en audiovisuais", "hours": 133}, {"code": "MP1708", "name": "Sostibilidade aplicada ao sistema produtivo", "hours": 30}, {"code": "MP1159", "name": "Toma de imaxe audiovisual", "hours": 157}, {"code": "MP1164", "name": "Toma fotográfica", "hours": 187}, {"code": "MP1665", "name": "Dixitalización aplicada ao sistema produtivo", "hours": 30}, {"code": "MP1167", "name": "Gravación e edición de reportaxes audiovisuais", "hours": 219}, {"code": "MP1710", "name": "Itinerario persoal para a empregabilidade II", "hours": 50}, {"code": "MP1166", "name": "Procesos finais fotográficos", "hours": 109}, {"code": "MP1168", "name": "Proxecto intermodular de iluminación, captación e tratamento", "hours": 50}, {"code": "MP1160", "name": "Proxectos de iluminación", "hours": 137}, {"code": "MP1163", "name": "Proxectos fotográficos", "hours": 164}, {"code": "MP1165", "name": "Tratamento fotográfico dixital", "hours": 191}], "learned": "en producións audiovisuais, e iluminar espazos escénicos en audiovisuais, espectáculos e eventos, determinando e controlando a calidade técnica, formal e expresiva.", "work_context": "cine e vídeo, e en emisoras de televisión, así como en empresas dedicadas á iluminación espectacular en calquera clase de espectáculos e eventos, e tamén en empresas dedicadas á elaboración, a xeración e o tratamento dixi- tal de imaxes fotográficas."}'::jsonb,
  'official_upload',
  now(),
  now(),
  now()
)
on conflict (id) do update set
  name=excluded.name,
  type=excluded.type,
  level=excluded.level,
  family=excluded.family,
  jurisdiction=excluded.jurisdiction,
  route=excluded.route,
  subjects=excluded.subjects,
  ponderation_subjects=excluded.ponderation_subjects,
  route_options=excluded.route_options,
  availability_by_province=excluded.availability_by_province,
  sources=excluded.sources,
  source_url=excluded.source_url,
  source_id=excluded.source_id,
  raw=excluded.raw,
  data_quality=excluded.data_quality,
  verified_at=excluded.verified_at,
  last_seen_at=excluded.last_seen_at,
  updated_at=now();


insert into public.itinera_fp_catalog_details(id,study_id,learned,work_context,jobs,modules,source_file,raw)
values ('detail-fp-v36-cs-iluminacion-captacion-e-tratamento-de-imaxe','fp-v36-cs-iluminacion-captacion-e-tratamento-de-imaxe','en producións audiovisuais, e iluminar espazos escénicos en audiovisuais, espectáculos e eventos, determinando e controlando a calidade técnica, formal e expresiva.','cine e vídeo, e en emisoras de televisión, así como en empresas dedicadas á iluminación espectacular en calquera clase de espectáculos e eventos, e tamén en empresas dedicadas á elaboración, a xeración e o tratamento dixi- tal de imaxes fotográficas.','["iluminador/a de televisión", "axudante/a de iluminación", "responsable de iluminación en espectáculos en vivo", "luminotécnico/a de espectáculos en vivo", "técnico/a de mesas de control de iluminación en espectáculos", "fotógra- fo/a", "foto fixa", "reporteiro gráfico", "retocador/a fotográfico/a dixital"]'::jsonb,'[{"code": "MP1162", "name": "Control da iluminación", "hours": 103}, {"code": "MP0179", "name": "Inglés profesional", "hours": 60}, {"code": "MP1709", "name": "Itinerario persoal para a empregabilidade I", "hours": 107}, {"code": "MP1161", "name": "Luminotecnia", "hours": 183}, {"code": "MP1158", "name": "Planificación de cámara en audiovisuais", "hours": 133}, {"code": "MP1708", "name": "Sostibilidade aplicada ao sistema produtivo", "hours": 30}, {"code": "MP1159", "name": "Toma de imaxe audiovisual", "hours": 157}, {"code": "MP1164", "name": "Toma fotográfica", "hours": 187}, {"code": "MP1665", "name": "Dixitalización aplicada ao sistema produtivo", "hours": 30}, {"code": "MP1167", "name": "Gravación e edición de reportaxes audiovisuais", "hours": 219}, {"code": "MP1710", "name": "Itinerario persoal para a empregabilidade II", "hours": 50}, {"code": "MP1166", "name": "Procesos finais fotográficos", "hours": 109}, {"code": "MP1168", "name": "Proxecto intermodular de iluminación, captación e tratamento", "hours": 50}, {"code": "MP1160", "name": "Proxectos de iluminación", "hours": 137}, {"code": "MP1163", "name": "Proxectos fotográficos", "hours": 164}, {"code": "MP1165", "name": "Tratamento fotográfico dixital", "hours": 191}]'::jsonb,'11-imaxe_e_son_v7.pdf',jsonb_build_object('source_upload','3 base de datos itinera.zip','duration_hours','2000'))
on conflict (id) do update set study_id=excluded.study_id,learned=excluded.learned,work_context=excluded.work_context,jobs=excluded.jobs,modules=excluded.modules,source_file=excluded.source_file,raw=excluded.raw,updated_at=now();


insert into public.itinera_studies(id,name,type,level,family,jurisdiction,official_title,route,subjects,ponderation_subjects,route_options,availability_by_province,sources,source_url,source_id,raw,data_quality,verified_at,last_seen_at,updated_at)
values (
  'fp-v36-cs-producion-de-audiovisuais-e-espectaculos',
  'Produción de audiovisuais e espectáculos',
  'fpgs',
  'Ciclo formativo de grao superior',
  'Imaxe e son',
  'Galicia',
  true,
  'Consultar requisitos, prazas, centros, modalidade e fontes oficiais antes de decidir.',
  '["Inglés profesional", "Itinerario persoal para a empregabilidade I", "Medios técnicos audiovisuais e escénicos", "Planificación de proxectos audiovisuais", "Planificación de proxectos de espectáculos e eventos", "Recursos expresivos audiovisuais e escénicos", "Sostibilidade aplicada ao sistema produtivo", "Administración e promoción de audiovisuais e espectáculos", "Dixitalización aplicada ao sistema produtivo", "Itinerario persoal para a empregabilidade II", "Proxecto intermodular de produción de audiovisuais e espectá-", "Xestión de proxectos de cine, vídeo e multimedia"]'::jsonb,
  '[{"subject": "Non aplica ou consultar fonte oficial", "weight": "consultar fonte oficial"}]'::jsonb,
  '[]'::jsonb,
  '{"Galicia": ["Consultar oferta por provincia, centro, modalidade e curso na Xunta FP."]}'::jsonb,
  '["xunta-fp-catalogo-familias-2025-2026", "xunta-fp-ciclos", "todofp-familias"]'::jsonb,
  'https://www.edu.xunta.gal/fp/oferta-fp',
  'xunta-fp-catalogo-familias-2025-2026',
  '{"source_upload": "3 base de datos itinera.zip", "source_file": "11-imaxe_e_son_v7.pdf", "duration_hours": 2000, "modules": [{"code": "MP0179", "name": "Inglés profesional", "hours": 60}, {"code": "MP1709", "name": "Itinerario persoal para a empregabilidade I", "hours": 107}, {"code": "MP0910", "name": "Medios técnicos audiovisuais e escénicos", "hours": 130}, {"code": "MP0915", "name": "Planificación de proxectos audiovisuais", "hours": 266}, {"code": "MP0918", "name": "Planificación de proxectos de espectáculos e eventos", "hours": 213}, {"code": "MP0920", "name": "Recursos expresivos audiovisuais e escénicos", "hours": 154}, {"code": "MP1708", "name": "Sostibilidade aplicada ao sistema produtivo", "hours": 30}, {"code": "MP0921", "name": "Administración e promoción de audiovisuais e espectáculos", "hours": 191}, {"code": "MP1665", "name": "Dixitalización aplicada ao sistema produtivo", "hours": 30}, {"code": "MP1710", "name": "Itinerario persoal para a empregabilidade II", "hours": 50}, {"code": "MP0922", "name": "Proxecto intermodular de produción de audiovisuais e espectá-", "hours": 50}, {"code": "MP0916", "name": "Xestión de proxectos de cine, vídeo e multimedia", "hours": 246}, {"code": "MP0919", "name": "Xestión de proxectos de espectáculos e eventos", "hours": 164}, {"code": "MP0917", "name": "Xestión de proxectos de televisión e radio", "hours": 219}], "learned": "riais, técnicos e humanos para a produción de audiovisuais, espectáculos e eventos, asegurando o cumprimento dos plans ou obxectivos da produción, no tempo e nas condicións de custo e calidade establecidas.", "work_context": "multimedia, televisión, radio e novos medios), así como produción de espec- táculos (artes escénicas, producións musicais e eventos)."}'::jsonb,
  'official_upload',
  now(),
  now(),
  now()
)
on conflict (id) do update set
  name=excluded.name,
  type=excluded.type,
  level=excluded.level,
  family=excluded.family,
  jurisdiction=excluded.jurisdiction,
  route=excluded.route,
  subjects=excluded.subjects,
  ponderation_subjects=excluded.ponderation_subjects,
  route_options=excluded.route_options,
  availability_by_province=excluded.availability_by_province,
  sources=excluded.sources,
  source_url=excluded.source_url,
  source_id=excluded.source_id,
  raw=excluded.raw,
  data_quality=excluded.data_quality,
  verified_at=excluded.verified_at,
  last_seen_at=excluded.last_seen_at,
  updated_at=now();


insert into public.itinera_fp_catalog_details(id,study_id,learned,work_context,jobs,modules,source_file,raw)
values ('detail-fp-v36-cs-producion-de-audiovisuais-e-espectaculos','fp-v36-cs-producion-de-audiovisuais-e-espectaculos','riais, técnicos e humanos para a produción de audiovisuais, espectáculos e eventos, asegurando o cumprimento dos plans ou obxectivos da produción, no tempo e nas condicións de custo e calidade establecidas.','multimedia, televisión, radio e novos medios), así como produción de espec- táculos (artes escénicas, producións musicais e eventos).','["dante/a de produción de televisión", "axudante/a de produción de anima- ción", "axudante/a de produción de multimedia", "axudante/a de produción de radio", "xefe/a de produción de espectáculos en vivo e eventos", "axudante/a de produción de espectáculos en vivo e eventos"]'::jsonb,'[{"code": "MP0179", "name": "Inglés profesional", "hours": 60}, {"code": "MP1709", "name": "Itinerario persoal para a empregabilidade I", "hours": 107}, {"code": "MP0910", "name": "Medios técnicos audiovisuais e escénicos", "hours": 130}, {"code": "MP0915", "name": "Planificación de proxectos audiovisuais", "hours": 266}, {"code": "MP0918", "name": "Planificación de proxectos de espectáculos e eventos", "hours": 213}, {"code": "MP0920", "name": "Recursos expresivos audiovisuais e escénicos", "hours": 154}, {"code": "MP1708", "name": "Sostibilidade aplicada ao sistema produtivo", "hours": 30}, {"code": "MP0921", "name": "Administración e promoción de audiovisuais e espectáculos", "hours": 191}, {"code": "MP1665", "name": "Dixitalización aplicada ao sistema produtivo", "hours": 30}, {"code": "MP1710", "name": "Itinerario persoal para a empregabilidade II", "hours": 50}, {"code": "MP0922", "name": "Proxecto intermodular de produción de audiovisuais e espectá-", "hours": 50}, {"code": "MP0916", "name": "Xestión de proxectos de cine, vídeo e multimedia", "hours": 246}, {"code": "MP0919", "name": "Xestión de proxectos de espectáculos e eventos", "hours": 164}, {"code": "MP0917", "name": "Xestión de proxectos de televisión e radio", "hours": 219}]'::jsonb,'11-imaxe_e_son_v7.pdf',jsonb_build_object('source_upload','3 base de datos itinera.zip','duration_hours','2000'))
on conflict (id) do update set study_id=excluded.study_id,learned=excluded.learned,work_context=excluded.work_context,jobs=excluded.jobs,modules=excluded.modules,source_file=excluded.source_file,raw=excluded.raw,updated_at=now();


insert into public.itinera_studies(id,name,type,level,family,jurisdiction,official_title,route,subjects,ponderation_subjects,route_options,availability_by_province,sources,source_url,source_id,raw,data_quality,verified_at,last_seen_at,updated_at)
values (
  'fp-v36-cs-realizacion-de-proxectos-audiovisuais-e-espectaculos',
  'Realización de proxectos audiovisuais e espectáculos',
  'fpgs',
  'Ciclo formativo de grao superior',
  'Imaxe e son',
  'Galicia',
  true,
  'Consultar requisitos, prazas, centros, modalidade e fontes oficiais antes de decidir.',
  '["Inglés profesional", "Itinerario persoal para a empregabilidade I", "Medios técnicos audiovisuais e escénicos", "Planificación da montaxe e a posprodución de audiovisuais", "Planificación da realización en cine e vídeo", "Planificación da realización en televisión", "Planificación da rexedoría de espectáculos e eventos", "Sostibilidade aplicada ao sistema produtivo", "Dixitalización aplicada ao sistema produtivo", "Itinerario persoal para a empregabilidade II", "Procesos de realización en cine e vídeo", "Procesos de realización en televisión"]'::jsonb,
  '[{"subject": "Non aplica ou consultar fonte oficial", "weight": "consultar fonte oficial"}]'::jsonb,
  '[]'::jsonb,
  '{"Galicia": ["Consultar oferta por provincia, centro, modalidade e curso na Xunta FP."]}'::jsonb,
  '["xunta-fp-catalogo-familias-2025-2026", "xunta-fp-ciclos", "todofp-familias"]'::jsonb,
  'https://www.edu.xunta.gal/fp/oferta-fp',
  'xunta-fp-catalogo-familias-2025-2026',
  '{"source_upload": "3 base de datos itinera.zip", "source_file": "11-imaxe_e_son_v7.pdf", "duration_hours": 2000, "modules": [{"code": "MP0179", "name": "Inglés profesional", "hours": 60}, {"code": "MP1709", "name": "Itinerario persoal para a empregabilidade I", "hours": 107}, {"code": "MP0910", "name": "Medios técnicos audiovisuais e escénicos", "hours": 130}, {"code": "MP0906", "name": "Planificación da montaxe e a posprodución de audiovisuais", "hours": 153}, {"code": "MP0902", "name": "Planificación da realización en cine e vídeo", "hours": 160}, {"code": "MP0904", "name": "Planificación da realización en televisión", "hours": 160}, {"code": "MP0908", "name": "Planificación da rexedoría de espectáculos e eventos", "hours": 160}, {"code": "MP1708", "name": "Sostibilidade aplicada ao sistema produtivo", "hours": 30}, {"code": "MP1665", "name": "Dixitalización aplicada ao sistema produtivo", "hours": 30}, {"code": "MP1710", "name": "Itinerario persoal para a empregabilidade II", "hours": 50}, {"code": "MP0903", "name": "Procesos de realización en cine e vídeo", "hours": 219}, {"code": "MP0905", "name": "Procesos de realización en televisión", "hours": 219}, {"code": "MP0909", "name": "Procesos de rexedoría de espectáculos e eventos", "hours": 163}, {"code": "MP0911", "name": "Proxecto intermodular de realización de proxectos de audiovi-", "hours": 50}, {"code": "MP0907", "name": "Realización da montaxe e posprodución de audiovisuais", "hours": 219}], "learned": "tos audiovisuais filmados, gravados ou en directo, así como rexer os proce- sos técnicos e artísticos de representacións de espectáculos en vivo e even- tos, coordinando os medios técnicos e humanos e controlando o contido, a forma, o proxecto artístico e a calidade establecida.", "work_context": "suais (cine, vídeo, multimedia, televisión e novos medios), e no da produ- ción e a realización de espectáculos (artes escénicas, producións musicais e eventos)."}'::jsonb,
  'official_upload',
  now(),
  now(),
  now()
)
on conflict (id) do update set
  name=excluded.name,
  type=excluded.type,
  level=excluded.level,
  family=excluded.family,
  jurisdiction=excluded.jurisdiction,
  route=excluded.route,
  subjects=excluded.subjects,
  ponderation_subjects=excluded.ponderation_subjects,
  route_options=excluded.route_options,
  availability_by_province=excluded.availability_by_province,
  sources=excluded.sources,
  source_url=excluded.source_url,
  source_id=excluded.source_id,
  raw=excluded.raw,
  data_quality=excluded.data_quality,
  verified_at=excluded.verified_at,
  last_seen_at=excluded.last_seen_at,
  updated_at=now();


insert into public.itinera_fp_catalog_details(id,study_id,learned,work_context,jobs,modules,source_file,raw)
values ('detail-fp-v36-cs-realizacion-de-proxectos-audiovisuais-e-espectaculos','fp-v36-cs-realizacion-de-proxectos-audiovisuais-e-espectaculos','tos audiovisuais filmados, gravados ou en directo, así como rexer os proce- sos técnicos e artísticos de representacións de espectáculos en vivo e even- tos, coordinando os medios técnicos e humanos e controlando o contido, a forma, o proxecto artístico e a calidade establecida.','suais (cine, vídeo, multimedia, televisión e novos medios), e no da produ- ción e a realización de espectáculos (artes escénicas, producións musicais e eventos).','["te/a de realización de televisión", "responsable de área de audiovisuais (en empresas alleas á actividade)", "montador/a de cine", "editor/a montador/a de vídeo", "xefe/a de rexedoría", "rexedor/a de espectáculos en vivo", "rexedor/a de eventos"]'::jsonb,'[{"code": "MP0179", "name": "Inglés profesional", "hours": 60}, {"code": "MP1709", "name": "Itinerario persoal para a empregabilidade I", "hours": 107}, {"code": "MP0910", "name": "Medios técnicos audiovisuais e escénicos", "hours": 130}, {"code": "MP0906", "name": "Planificación da montaxe e a posprodución de audiovisuais", "hours": 153}, {"code": "MP0902", "name": "Planificación da realización en cine e vídeo", "hours": 160}, {"code": "MP0904", "name": "Planificación da realización en televisión", "hours": 160}, {"code": "MP0908", "name": "Planificación da rexedoría de espectáculos e eventos", "hours": 160}, {"code": "MP1708", "name": "Sostibilidade aplicada ao sistema produtivo", "hours": 30}, {"code": "MP1665", "name": "Dixitalización aplicada ao sistema produtivo", "hours": 30}, {"code": "MP1710", "name": "Itinerario persoal para a empregabilidade II", "hours": 50}, {"code": "MP0903", "name": "Procesos de realización en cine e vídeo", "hours": 219}, {"code": "MP0905", "name": "Procesos de realización en televisión", "hours": 219}, {"code": "MP0909", "name": "Procesos de rexedoría de espectáculos e eventos", "hours": 163}, {"code": "MP0911", "name": "Proxecto intermodular de realización de proxectos de audiovi-", "hours": 50}, {"code": "MP0907", "name": "Realización da montaxe e posprodución de audiovisuais", "hours": 219}]'::jsonb,'11-imaxe_e_son_v7.pdf',jsonb_build_object('source_upload','3 base de datos itinera.zip','duration_hours','2000'))
on conflict (id) do update set study_id=excluded.study_id,learned=excluded.learned,work_context=excluded.work_context,jobs=excluded.jobs,modules=excluded.modules,source_file=excluded.source_file,raw=excluded.raw,updated_at=now();


insert into public.itinera_studies(id,name,type,level,family,jurisdiction,official_title,route,subjects,ponderation_subjects,route_options,availability_by_province,sources,source_url,source_id,raw,data_quality,verified_at,last_seen_at,updated_at)
values (
  'fp-v36-cs-son-para-audiovisuais-e-espectaculos',
  'Son para audiovisuais e espectáculos',
  'fpgs',
  'Ciclo formativo de grao superior',
  'Imaxe e son',
  'Galicia',
  true,
  'Consultar requisitos, prazas, centros, modalidade e fontes oficiais antes de decidir.',
  '["Comunicación e expresión sonora", "Electroacústica", "Inglés profesional", "Instalacións de son", "Itinerario persoal para a empregabilidade I", "Planificación de proxectos de son", "Son para audiovisuais", "Sostibilidade aplicada ao sistema produtivo", "Axustes de sistemas de sonorización", "Control de son en directo", "Dixitalización aplicada ao sistema produtivo", "Gravación en estudio"]'::jsonb,
  '[{"subject": "Non aplica ou consultar fonte oficial", "weight": "consultar fonte oficial"}]'::jsonb,
  '[]'::jsonb,
  '{"Galicia": ["Consultar oferta por provincia, centro, modalidade e curso na Xunta FP."]}'::jsonb,
  '["xunta-fp-catalogo-familias-2025-2026", "xunta-fp-ciclos", "todofp-familias"]'::jsonb,
  'https://www.edu.xunta.gal/fp/oferta-fp',
  'xunta-fp-catalogo-familias-2025-2026',
  '{"source_upload": "3 base de datos itinera.zip", "source_file": "11-imaxe_e_son_v7.pdf", "duration_hours": 2000, "modules": [{"code": "MP1104", "name": "Comunicación e expresión sonora", "hours": 133}, {"code": "MP1103", "name": "Electroacústica", "hours": 102}, {"code": "MP0179", "name": "Inglés profesional", "hours": 60}, {"code": "MP1097", "name": "Instalacións de son", "hours": 183}, {"code": "MP1709", "name": "Itinerario persoal para a empregabilidade I", "hours": 107}, {"code": "MP1096", "name": "Planificación de proxectos de son", "hours": 78}, {"code": "MP1098", "name": "Son para audiovisuais", "hours": 267}, {"code": "MP1708", "name": "Sostibilidade aplicada ao sistema produtivo", "hours": 30}, {"code": "MP1101", "name": "Axustes de sistemas de sonorización", "hours": 109}, {"code": "MP1099", "name": "Control de son en directo", "hours": 219}, {"code": "MP1665", "name": "Dixitalización aplicada ao sistema produtivo", "hours": 30}, {"code": "MP1100", "name": "Gravación en estudio", "hours": 246}, {"code": "MP1710", "name": "Itinerario persoal para a empregabilidade II", "hours": 50}, {"code": "MP1102", "name": "Posprodución de son", "hours": 246}, {"code": "MP1105", "name": "Proxecto intermodular de son para audiovisuais e espectáculos", "hours": 50}], "learned": "trol, a emisión, a posprodución e a reprodución do son en audiovisuais, radio, industria discográfica, espectáculos, eventos e instalacións fixas de sonori- zación, controlando e asegurando a calidade técnica e formal.", "work_context": "e de instalación de estruturas fixas e efémeras de sonorización en recintos acoutados."}'::jsonb,
  'official_upload',
  now(),
  now(),
  now()
)
on conflict (id) do update set
  name=excluded.name,
  type=excluded.type,
  level=excluded.level,
  family=excluded.family,
  jurisdiction=excluded.jurisdiction,
  route=excluded.route,
  subjects=excluded.subjects,
  ponderation_subjects=excluded.ponderation_subjects,
  route_options=excluded.route_options,
  availability_by_province=excluded.availability_by_province,
  sources=excluded.sources,
  source_url=excluded.source_url,
  source_id=excluded.source_id,
  raw=excluded.raw,
  data_quality=excluded.data_quality,
  verified_at=excluded.verified_at,
  last_seen_at=excluded.last_seen_at,
  updated_at=now();


insert into public.itinera_fp_catalog_details(id,study_id,learned,work_context,jobs,modules,source_file,raw)
values ('detail-fp-v36-cs-son-para-audiovisuais-e-espectaculos','fp-v36-cs-son-para-audiovisuais-e-espectaculos','trol, a emisión, a posprodución e a reprodución do son en audiovisuais, radio, industria discográfica, espectáculos, eventos e instalacións fixas de sonori- zación, controlando e asegurando a calidade técnica e formal.','e de instalación de estruturas fixas e efémeras de sonorización en recintos acoutados.','["audiovisuais", "técnico/a de son directo", "técnico/a de gravación musical", "- técnico/a de gravación de son en estudio", "técnico/a de son para PA (\"public address\")", "técnico/a de monitores de son", "técnico/a de sistemas de son", "téc- nico/a de son en sistemas sen fíos", "técnico/a en sistemas de microfonía", "es- pecialista de son", "montador/a e editor/a de son"]'::jsonb,'[{"code": "MP1104", "name": "Comunicación e expresión sonora", "hours": 133}, {"code": "MP1103", "name": "Electroacústica", "hours": 102}, {"code": "MP0179", "name": "Inglés profesional", "hours": 60}, {"code": "MP1097", "name": "Instalacións de son", "hours": 183}, {"code": "MP1709", "name": "Itinerario persoal para a empregabilidade I", "hours": 107}, {"code": "MP1096", "name": "Planificación de proxectos de son", "hours": 78}, {"code": "MP1098", "name": "Son para audiovisuais", "hours": 267}, {"code": "MP1708", "name": "Sostibilidade aplicada ao sistema produtivo", "hours": 30}, {"code": "MP1101", "name": "Axustes de sistemas de sonorización", "hours": 109}, {"code": "MP1099", "name": "Control de son en directo", "hours": 219}, {"code": "MP1665", "name": "Dixitalización aplicada ao sistema produtivo", "hours": 30}, {"code": "MP1100", "name": "Gravación en estudio", "hours": 246}, {"code": "MP1710", "name": "Itinerario persoal para a empregabilidade II", "hours": 50}, {"code": "MP1102", "name": "Posprodución de son", "hours": 246}, {"code": "MP1105", "name": "Proxecto intermodular de son para audiovisuais e espectáculos", "hours": 50}]'::jsonb,'11-imaxe_e_son_v7.pdf',jsonb_build_object('source_upload','3 base de datos itinera.zip','duration_hours','2000'))
on conflict (id) do update set study_id=excluded.study_id,learned=excluded.learned,work_context=excluded.work_context,jobs=excluded.jobs,modules=excluded.modules,source_file=excluded.source_file,raw=excluded.raw,updated_at=now();


insert into public.itinera_studies(id,name,type,level,family,jurisdiction,official_title,route,subjects,ponderation_subjects,route_options,availability_by_province,sources,source_url,source_id,raw,data_quality,verified_at,last_seen_at,updated_at)
values (
  'fp-v36-es-audiodescricion-e-subtitulacion',
  'Audiodescrición e subtitulación',
  'especializacion_gs',
  'Curso de especialización de grao superior',
  'Imaxe e son',
  'Galicia',
  true,
  'Consultar requisitos, prazas, centros, modalidade e fontes oficiais antes de decidir.',
  '["Audiodescrición de obras audiovisuais, eventos e espectácu-", "Locución, autoría e audionavegación", "Subtitulación de obras audiovisuais, eventos e espectáculos"]'::jsonb,
  '[{"subject": "Non aplica ou consultar fonte oficial", "weight": "consultar fonte oficial"}]'::jsonb,
  '[]'::jsonb,
  '{"Galicia": ["Consultar oferta por provincia, centro, modalidade e curso na Xunta FP."]}'::jsonb,
  '["xunta-fp-catalogo-familias-2025-2026", "xunta-fp-ciclos", "todofp-familias"]'::jsonb,
  'https://www.edu.xunta.gal/fp/oferta-fp',
  'xunta-fp-catalogo-familias-2025-2026',
  '{"source_upload": "3 base de datos itinera.zip", "source_file": "11-imaxe_e_son_v7.pdf", "duration_hours": 500, "modules": [{"code": "MP5007", "name": "Audiodescrición de obras audiovisuais, eventos e espectácu-", "hours": 210}, {"code": "MP5009", "name": "Locución, autoría e audionavegación", "hours": 100}, {"code": "MP5008", "name": "Subtitulación de obras audiovisuais, eventos e espectáculos", "hours": 190}], "learned": "obras audiovisuais, espectáculos en vivo e eventos, así como elaborar guións de audiodescrición e subtítulos, controlando os procesos e respectando o contido da mensaxe, a forma e a calidade, todo iso conforme á normativa vixente.", "work_context": ""}'::jsonb,
  'official_upload',
  now(),
  now(),
  now()
)
on conflict (id) do update set
  name=excluded.name,
  type=excluded.type,
  level=excluded.level,
  family=excluded.family,
  jurisdiction=excluded.jurisdiction,
  route=excluded.route,
  subjects=excluded.subjects,
  ponderation_subjects=excluded.ponderation_subjects,
  route_options=excluded.route_options,
  availability_by_province=excluded.availability_by_province,
  sources=excluded.sources,
  source_url=excluded.source_url,
  source_id=excluded.source_id,
  raw=excluded.raw,
  data_quality=excluded.data_quality,
  verified_at=excluded.verified_at,
  last_seen_at=excluded.last_seen_at,
  updated_at=now();


insert into public.itinera_fp_catalog_details(id,study_id,learned,work_context,jobs,modules,source_file,raw)
values ('detail-fp-v36-es-audiodescricion-e-subtitulacion','fp-v36-es-audiodescricion-e-subtitulacion','obras audiovisuais, espectáculos en vivo e eventos, así como elaborar guións de audiodescrición e subtítulos, controlando os procesos e respectando o contido da mensaxe, a forma e a calidade, todo iso conforme á normativa vixente.','','["culos en vivo e eventos", "subtitulador/a de obras audiovisuais e espectáculos en vivo e eventos", "locutor/a de proxectos de audiodescrición de obras audio- visuais e espectáculos en vivo e eventos"]'::jsonb,'[{"code": "MP5007", "name": "Audiodescrición de obras audiovisuais, eventos e espectácu-", "hours": 210}, {"code": "MP5009", "name": "Locución, autoría e audionavegación", "hours": 100}, {"code": "MP5008", "name": "Subtitulación de obras audiovisuais, eventos e espectáculos", "hours": 190}]'::jsonb,'11-imaxe_e_son_v7.pdf',jsonb_build_object('source_upload','3 base de datos itinera.zip','duration_hours','500'))
on conflict (id) do update set study_id=excluded.study_id,learned=excluded.learned,work_context=excluded.work_context,jobs=excluded.jobs,modules=excluded.modules,source_file=excluded.source_file,raw=excluded.raw,updated_at=now();


insert into public.itinera_studies(id,name,type,level,family,jurisdiction,official_title,route,subjects,ponderation_subjects,route_options,availability_by_province,sources,source_url,source_id,raw,data_quality,verified_at,last_seen_at,updated_at)
values (
  'fp-v36-cb-peiteado-e-estetica',
  'Peiteado e estética',
  'fpb',
  'Ciclo formativo de grao básico',
  'Imaxe persoal',
  'Galicia',
  true,
  'Consultar requisitos, prazas, centros, modalidade e fontes oficiais antes de decidir.',
  '["Cambio de cor do cabelo", "Ciencias aplicadas I", "Comunicación e ciencias sociais I", "Depilación mecánica e descoloración da peluxe superflua", "Itinerario persoal para a empregabilidade", "Lavado e cambios de forma do cabelo", "Preparación do contorno profesional", "Atención á clientela", "Ciencias aplicadas II", "Coidados estéticos básicos de uñas", "Comunicación e ciencias sociais II", "Maquillaxe"]'::jsonb,
  '[{"subject": "Non aplica ou consultar fonte oficial", "weight": "consultar fonte oficial"}]'::jsonb,
  '[]'::jsonb,
  '{"Galicia": ["Consultar oferta por provincia, centro, modalidade e curso na Xunta FP."]}'::jsonb,
  '["xunta-fp-catalogo-familias-2025-2026", "xunta-fp-ciclos", "todofp-familias"]'::jsonb,
  'https://www.edu.xunta.gal/fp/oferta-fp',
  'xunta-fp-catalogo-familias-2025-2026',
  '{"source_upload": "3 base de datos itinera.zip", "source_file": "12-imaxe_persoal_v7.pdf", "duration_hours": 2000, "modules": [{"code": "MP3065", "name": "Cambio de cor do cabelo", "hours": 150}, {"code": "AM3163", "name": "Ciencias aplicadas I", "hours": 146}, {"code": "AM3161", "name": "Comunicación e ciencias sociais I", "hours": 175}, {"code": "MP3062", "name": "Depilación mecánica e descoloración da peluxe superflua", "hours": 117}, {"code": "MP3159", "name": "Itinerario persoal para a empregabilidade", "hours": 60}, {"code": "MP3064", "name": "Lavado e cambios de forma do cabelo", "hours": 175}, {"code": "MP3060", "name": "Preparación do contorno profesional", "hours": 87}, {"code": "MP3005", "name": "Atención á clientela", "hours": 122}, {"code": "AM3164", "name": "Ciencias aplicadas II", "hours": 146}, {"code": "MP3061", "name": "Coidados estéticos básicos de uñas", "hours": 245}, {"code": "AM3162", "name": "Comunicación e ciencias sociais II", "hours": 125}, {"code": "MP3063", "name": "Maquillaxe", "hours": 367}, {"code": "MP3160", "name": "Proxecto intermodular de aprendizaxe colaborativa", "hours": 25}], "learned": "técnicas básicas de maquillaxe, depilación, manicura e pedicura, atenden- do á clientela e preparando os equipamentos, os materiais e as aéreas de traballo con responsabilidade e iniciativa persoal, operando coa calidade in- dicada, cumprindo as normas de prevención de riscos laborais e protección ambiental correspondentes, e comunicándose oralmente e por escrito en linguas galega e castelá, así como nalgunha lingua estranxeira.", "work_context": "peiteado e/ou estética, en ximnasios ou centros de beleza de hoteis, re- sidencias de persoas maiores, hospitais e balnearios, baixo a supervisión de persoal técnico responsable. Tamén poden realizar de xeito autónomo servizos básicos de peiteado, manicura e pedicura, depilación e maquillaxe."}'::jsonb,
  'official_upload',
  now(),
  now(),
  now()
)
on conflict (id) do update set
  name=excluded.name,
  type=excluded.type,
  level=excluded.level,
  family=excluded.family,
  jurisdiction=excluded.jurisdiction,
  route=excluded.route,
  subjects=excluded.subjects,
  ponderation_subjects=excluded.ponderation_subjects,
  route_options=excluded.route_options,
  availability_by_province=excluded.availability_by_province,
  sources=excluded.sources,
  source_url=excluded.source_url,
  source_id=excluded.source_id,
  raw=excluded.raw,
  data_quality=excluded.data_quality,
  verified_at=excluded.verified_at,
  last_seen_at=excluded.last_seen_at,
  updated_at=now();


insert into public.itinera_fp_catalog_details(id,study_id,learned,work_context,jobs,modules,source_file,raw)
values ('detail-fp-v36-cb-peiteado-e-estetica','fp-v36-cb-peiteado-e-estetica','técnicas básicas de maquillaxe, depilación, manicura e pedicura, atenden- do á clientela e preparando os equipamentos, os materiais e as aéreas de traballo con responsabilidade e iniciativa persoal, operando coa calidade in- dicada, cumprindo as normas de prevención de riscos laborais e protección ambiental correspondentes, e comunicándose oralmente e por escrito en linguas galega e castelá, así como nalgunha lingua estranxeira.','peiteado e/ou estética, en ximnasios ou centros de beleza de hoteis, re- sidencias de persoas maiores, hospitais e balnearios, baixo a supervisión de persoal técnico responsable. Tamén poden realizar de xeito autónomo servizos básicos de peiteado, manicura e pedicura, depilación e maquillaxe.','["quillaxe|auxiliar de depilación."]'::jsonb,'[{"code": "MP3065", "name": "Cambio de cor do cabelo", "hours": 150}, {"code": "AM3163", "name": "Ciencias aplicadas I", "hours": 146}, {"code": "AM3161", "name": "Comunicación e ciencias sociais I", "hours": 175}, {"code": "MP3062", "name": "Depilación mecánica e descoloración da peluxe superflua", "hours": 117}, {"code": "MP3159", "name": "Itinerario persoal para a empregabilidade", "hours": 60}, {"code": "MP3064", "name": "Lavado e cambios de forma do cabelo", "hours": 175}, {"code": "MP3060", "name": "Preparación do contorno profesional", "hours": 87}, {"code": "MP3005", "name": "Atención á clientela", "hours": 122}, {"code": "AM3164", "name": "Ciencias aplicadas II", "hours": 146}, {"code": "MP3061", "name": "Coidados estéticos básicos de uñas", "hours": 245}, {"code": "AM3162", "name": "Comunicación e ciencias sociais II", "hours": 125}, {"code": "MP3063", "name": "Maquillaxe", "hours": 367}, {"code": "MP3160", "name": "Proxecto intermodular de aprendizaxe colaborativa", "hours": 25}]'::jsonb,'12-imaxe_persoal_v7.pdf',jsonb_build_object('source_upload','3 base de datos itinera.zip','duration_hours','2000'))
on conflict (id) do update set study_id=excluded.study_id,learned=excluded.learned,work_context=excluded.work_context,jobs=excluded.jobs,modules=excluded.modules,source_file=excluded.source_file,raw=excluded.raw,updated_at=now();


insert into public.itinera_studies(id,name,type,level,family,jurisdiction,official_title,route,subjects,ponderation_subjects,route_options,availability_by_province,sources,source_url,source_id,raw,data_quality,verified_at,last_seen_at,updated_at)
values (
  'fp-v36-cm-estetica-e-beleza',
  'Estética e beleza',
  'fpgm',
  'Ciclo formativo de grao medio',
  'Imaxe persoal',
  'Galicia',
  true,
  'Consultar requisitos, prazas, centros, modalidade e fontes oficiais antes de decidir.',
  '["Análise estética", "Cosmetoloxía para estética e beleza", "Estética de mans e pés", "Imaxe corporal e hábitos saudables", "Inglés profesional", "Itinerario persoal para a empregabilidade I", "Maquillaxe", "Sostibilidade aplicada ao sistema produtivo", "Técnicas de hixiene facial e corporal", "Actividades en cabina de estética", "Depilación mecánica e descoloración da peluxe", "Dixitalización aplicada ao sistema produtivo"]'::jsonb,
  '[{"subject": "Non aplica ou consultar fonte oficial", "weight": "consultar fonte oficial"}]'::jsonb,
  '[]'::jsonb,
  '{"Galicia": ["Consultar oferta por provincia, centro, modalidade e curso na Xunta FP."]}'::jsonb,
  '["xunta-fp-catalogo-familias-2025-2026", "xunta-fp-ciclos", "todofp-familias"]'::jsonb,
  'https://www.edu.xunta.gal/fp/oferta-fp',
  'xunta-fp-catalogo-familias-2025-2026',
  '{"source_upload": "3 base de datos itinera.zip", "source_file": "12-imaxe_persoal_v7.pdf", "duration_hours": 2000, "modules": [{"code": "MP0638", "name": "Análise estética", "hours": 107}, {"code": "MP0641", "name": "Cosmetoloxía para estética e beleza", "hours": 129}, {"code": "MP0636", "name": "Estética de mans e pés", "hours": 107}, {"code": "MP0640", "name": "Imaxe corporal e hábitos saudables", "hours": 104}, {"code": "MP0156", "name": "Inglés profesional", "hours": 60}, {"code": "MP1709", "name": "Itinerario persoal para a empregabilidade I", "hours": 107}, {"code": "MP0634", "name": "Maquillaxe", "hours": 130}, {"code": "MP1708", "name": "Sostibilidade aplicada ao sistema produtivo", "hours": 30}, {"code": "MP0633", "name": "Técnicas de hixiene facial e corporal", "hours": 186}, {"code": "MP0639", "name": "Actividades en cabina de estética", "hours": 246}, {"code": "MP0635", "name": "Depilación mecánica e descoloración da peluxe", "hours": 191}, {"code": "MP1664", "name": "Dixitalización aplicada ao sistema produtivo", "hours": 30}, {"code": "MP1710", "name": "Itinerario persoal para a empregabilidade II", "hours": 50}, {"code": "MP0643", "name": "Márketing e venda en imaxe persoal", "hours": 82}, {"code": "MP0642", "name": "Perfumaría e cosmética natural", "hours": 137}, {"code": "MP1713", "name": "Proxecto intermodular", "hours": 50}, {"code": "MP0637", "name": "Técnicas de uñas artificiais", "hours": 164}], "learned": "tética, cosméticos e perfumes, cumprindo os procedementos de calidade e os requisitos de prevención de riscos laborais e protección ambiental esta- blecidos na normativa.", "work_context": "persoal, nomeadamente en establecementos do sector de servizos de es- tética e peiteado, e en xeral en establecementos relacionados coa venda de produtos de imaxe persoal, así como coa cosmética, desempeñando tarefas de execución de maquillaxe social, depilación mecánica, tratamentos bási- cos de hixiene, hidratación facial e corporal, estética de mans e pés, aseso- ramento sobre perfumes e cosmética natural, así como a comercialización dos produtos e os servizos estéticos, ofrecendo un servizo de atención á clientela da empresa. Podería ser persoal traballador por conta propia efec- tuando a organización da súa propia empresa."}'::jsonb,
  'official_upload',
  now(),
  now(),
  now()
)
on conflict (id) do update set
  name=excluded.name,
  type=excluded.type,
  level=excluded.level,
  family=excluded.family,
  jurisdiction=excluded.jurisdiction,
  route=excluded.route,
  subjects=excluded.subjects,
  ponderation_subjects=excluded.ponderation_subjects,
  route_options=excluded.route_options,
  availability_by_province=excluded.availability_by_province,
  sources=excluded.sources,
  source_url=excluded.source_url,
  source_id=excluded.source_id,
  raw=excluded.raw,
  data_quality=excluded.data_quality,
  verified_at=excluded.verified_at,
  last_seen_at=excluded.last_seen_at,
  updated_at=now();


insert into public.itinera_fp_catalog_details(id,study_id,learned,work_context,jobs,modules,source_file,raw)
values ('detail-fp-v36-cm-estetica-e-beleza','fp-v36-cm-estetica-e-beleza','tética, cosméticos e perfumes, cumprindo os procedementos de calidade e os requisitos de prevención de riscos laborais e protección ambiental esta- blecidos na normativa.','persoal, nomeadamente en establecementos do sector de servizos de es- tética e peiteado, e en xeral en establecementos relacionados coa venda de produtos de imaxe persoal, así como coa cosmética, desempeñando tarefas de execución de maquillaxe social, depilación mecánica, tratamentos bási- cos de hixiene, hidratación facial e corporal, estética de mans e pés, aseso- ramento sobre perfumes e cosmética natural, así como a comercialización dos produtos e os servizos estéticos, ofrecendo un servizo de atención á clientela da empresa. Podería ser persoal traballador por conta propia efec- tuando a organización da súa propia empresa.','["llador/a", "técnico/a en uñas artificiais", "técnico/a en depilación", "técnico/a en manicura e pedicura", "recepcionista en empresas estéticas", "demostrador/a de equipamentos, cosméticos e técnicas estéticas", "axente comercial en em- presas do sector", "asesor/a vendedor/a en perfumarías e drogarías."]'::jsonb,'[{"code": "MP0638", "name": "Análise estética", "hours": 107}, {"code": "MP0641", "name": "Cosmetoloxía para estética e beleza", "hours": 129}, {"code": "MP0636", "name": "Estética de mans e pés", "hours": 107}, {"code": "MP0640", "name": "Imaxe corporal e hábitos saudables", "hours": 104}, {"code": "MP0156", "name": "Inglés profesional", "hours": 60}, {"code": "MP1709", "name": "Itinerario persoal para a empregabilidade I", "hours": 107}, {"code": "MP0634", "name": "Maquillaxe", "hours": 130}, {"code": "MP1708", "name": "Sostibilidade aplicada ao sistema produtivo", "hours": 30}, {"code": "MP0633", "name": "Técnicas de hixiene facial e corporal", "hours": 186}, {"code": "MP0639", "name": "Actividades en cabina de estética", "hours": 246}, {"code": "MP0635", "name": "Depilación mecánica e descoloración da peluxe", "hours": 191}, {"code": "MP1664", "name": "Dixitalización aplicada ao sistema produtivo", "hours": 30}, {"code": "MP1710", "name": "Itinerario persoal para a empregabilidade II", "hours": 50}, {"code": "MP0643", "name": "Márketing e venda en imaxe persoal", "hours": 82}, {"code": "MP0642", "name": "Perfumaría e cosmética natural", "hours": 137}, {"code": "MP1713", "name": "Proxecto intermodular", "hours": 50}, {"code": "MP0637", "name": "Técnicas de uñas artificiais", "hours": 164}]'::jsonb,'12-imaxe_persoal_v7.pdf',jsonb_build_object('source_upload','3 base de datos itinera.zip','duration_hours','2000'))
on conflict (id) do update set study_id=excluded.study_id,learned=excluded.learned,work_context=excluded.work_context,jobs=excluded.jobs,modules=excluded.modules,source_file=excluded.source_file,raw=excluded.raw,updated_at=now();


insert into public.itinera_studies(id,name,type,level,family,jurisdiction,official_title,route,subjects,ponderation_subjects,route_options,availability_by_province,sources,source_url,source_id,raw,data_quality,verified_at,last_seen_at,updated_at)
values (
  'fp-v36-cm-peiteado-e-cosmetica-capilar',
  'Peiteado e cosmética capilar',
  'fpgm',
  'Ciclo formativo de grao medio',
  'Imaxe persoal',
  'Galicia',
  true,
  'Consultar requisitos, prazas, centros, modalidade e fontes oficiais antes de decidir.',
  '["Análise capilar", "Cosmética para peiteado", "Estética de mans e pés", "Imaxe corporal e hábitos saudables", "Inglés profesional", "Itinerario persoal para a empregabilidade I", "Peiteado e estilismo masculino", "Peiteados e recollidos", "Sostibilidade aplicada ao sistema produtivo", "Cambios de forma permanente do cabelo", "Coloración capilar", "Dixitalización aplicada ao sistema produtivo"]'::jsonb,
  '[{"subject": "Non aplica ou consultar fonte oficial", "weight": "consultar fonte oficial"}]'::jsonb,
  '[]'::jsonb,
  '{"Galicia": ["Consultar oferta por provincia, centro, modalidade e curso na Xunta FP."]}'::jsonb,
  '["xunta-fp-catalogo-familias-2025-2026", "xunta-fp-ciclos", "todofp-familias"]'::jsonb,
  'https://www.edu.xunta.gal/fp/oferta-fp',
  'xunta-fp-catalogo-familias-2025-2026',
  '{"source_upload": "3 base de datos itinera.zip", "source_file": "12-imaxe_persoal_v7.pdf", "duration_hours": 2000, "modules": [{"code": "MP0849", "name": "Análise capilar", "hours": 107}, {"code": "MP0844", "name": "Cosmética para peiteado", "hours": 131}, {"code": "MP0636", "name": "Estética de mans e pés", "hours": 107}, {"code": "MP0640", "name": "Imaxe corporal e hábitos saudables", "hours": 104}, {"code": "MP0156", "name": "Inglés profesional", "hours": 60}, {"code": "MP1709", "name": "Itinerario persoal para a empregabilidade I", "hours": 107}, {"code": "MP0848", "name": "Peiteado e estilismo masculino", "hours": 80}, {"code": "MP0842", "name": "Peiteados e recollidos", "hours": 234}, {"code": "MP1708", "name": "Sostibilidade aplicada ao sistema produtivo", "hours": 30}, {"code": "MP0846", "name": "Cambios de forma permanente do cabelo", "hours": 136}, {"code": "MP0843", "name": "Coloración capilar", "hours": 301}, {"code": "MP1664", "name": "Dixitalización aplicada ao sistema produtivo", "hours": 30}, {"code": "MP1710", "name": "Itinerario persoal para a empregabilidade II", "hours": 50}, {"code": "MP0643", "name": "Márketing e venda en imaxe persoal", "hours": 82}, {"code": "MP1713", "name": "Proxecto intermodular", "hours": 50}, {"code": "MP0845", "name": "Técnicas de corte do cabelo", "hours": 301}], "learned": "e o estilismo masculino, así como comercializar servizos e venda de cosmé- ticos, cumprindo os protocolos de calidade, prevención de riscos laborais e protección ambiental.", "work_context": "social, onde desenvolve tarefas de prestación de servizos, comercialización, aprovisionamento, calidade, protección fronte a riscos e control de efluen- tes e residuos. Adoitan actuar por conta allea, integrándose en equipos de traballo con persoas cun nivel de cualificación igual, inferior ou superior."}'::jsonb,
  'official_upload',
  now(),
  now(),
  now()
)
on conflict (id) do update set
  name=excluded.name,
  type=excluded.type,
  level=excluded.level,
  family=excluded.family,
  jurisdiction=excluded.jurisdiction,
  route=excluded.route,
  subjects=excluded.subjects,
  ponderation_subjects=excluded.ponderation_subjects,
  route_options=excluded.route_options,
  availability_by_province=excluded.availability_by_province,
  sources=excluded.sources,
  source_url=excluded.source_url,
  source_id=excluded.source_id,
  raw=excluded.raw,
  data_quality=excluded.data_quality,
  verified_at=excluded.verified_at,
  last_seen_at=excluded.last_seen_at,
  updated_at=now();


insert into public.itinera_fp_catalog_details(id,study_id,learned,work_context,jobs,modules,source_file,raw)
values ('detail-fp-v36-cm-peiteado-e-cosmetica-capilar','fp-v36-cm-peiteado-e-cosmetica-capilar','e o estilismo masculino, así como comercializar servizos e venda de cosmé- ticos, cumprindo os protocolos de calidade, prevención de riscos laborais e protección ambiental.','social, onde desenvolve tarefas de prestación de servizos, comercialización, aprovisionamento, calidade, protección fronte a riscos e control de efluen- tes e residuos. Adoitan actuar por conta allea, integrándose en equipos de traballo con persoas cun nivel de cualificación igual, inferior ou superior.','["cambios de forma do cabelo", "técnico/a en corte de cabelo", "técnico/a en postizaría", "técnico/a en manicura", "técnico/a en pedicura", "técnico/a ou axente comercial de empresas do sector", "recepcionista en empresas de peiteado", "demostrador/a de equipamentos, cosméticos e técnicas de peiteado."]'::jsonb,'[{"code": "MP0849", "name": "Análise capilar", "hours": 107}, {"code": "MP0844", "name": "Cosmética para peiteado", "hours": 131}, {"code": "MP0636", "name": "Estética de mans e pés", "hours": 107}, {"code": "MP0640", "name": "Imaxe corporal e hábitos saudables", "hours": 104}, {"code": "MP0156", "name": "Inglés profesional", "hours": 60}, {"code": "MP1709", "name": "Itinerario persoal para a empregabilidade I", "hours": 107}, {"code": "MP0848", "name": "Peiteado e estilismo masculino", "hours": 80}, {"code": "MP0842", "name": "Peiteados e recollidos", "hours": 234}, {"code": "MP1708", "name": "Sostibilidade aplicada ao sistema produtivo", "hours": 30}, {"code": "MP0846", "name": "Cambios de forma permanente do cabelo", "hours": 136}, {"code": "MP0843", "name": "Coloración capilar", "hours": 301}, {"code": "MP1664", "name": "Dixitalización aplicada ao sistema produtivo", "hours": 30}, {"code": "MP1710", "name": "Itinerario persoal para a empregabilidade II", "hours": 50}, {"code": "MP0643", "name": "Márketing e venda en imaxe persoal", "hours": 82}, {"code": "MP1713", "name": "Proxecto intermodular", "hours": 50}, {"code": "MP0845", "name": "Técnicas de corte do cabelo", "hours": 301}]'::jsonb,'12-imaxe_persoal_v7.pdf',jsonb_build_object('source_upload','3 base de datos itinera.zip','duration_hours','2000'))
on conflict (id) do update set study_id=excluded.study_id,learned=excluded.learned,work_context=excluded.work_context,jobs=excluded.jobs,modules=excluded.modules,source_file=excluded.source_file,raw=excluded.raw,updated_at=now();


insert into public.itinera_studies(id,name,type,level,family,jurisdiction,official_title,route,subjects,ponderation_subjects,route_options,availability_by_province,sources,source_url,source_id,raw,data_quality,verified_at,last_seen_at,updated_at)
values (
  'fp-v36-cs-asesoria-de-imaxe-persoal-e-corporativa',
  'Asesoría de imaxe persoal e corporativa',
  'fpgs',
  'Ciclo formativo de grao superior',
  'Imaxe persoal',
  'Galicia',
  true,
  'Consultar requisitos, prazas, centros, modalidade e fontes oficiais antes de decidir.',
  '["Asesoría cosmética", "Asesoría de peiteado", "Asesoría estética", "Estilismo en vestiario e complementos", "Habilidades comunicativas", "Inglés profesional", "Itinerario persoal para a empregabilidade I", "Sostibilidade aplicada ao sistema produtivo", "Deseño de imaxe integral", "Dirección e comercialización", "Dixitalización aplicada ao sistema produtivo", "Imaxe corporativa"]'::jsonb,
  '[{"subject": "Non aplica ou consultar fonte oficial", "weight": "consultar fonte oficial"}]'::jsonb,
  '[]'::jsonb,
  '{"Galicia": ["Consultar oferta por provincia, centro, modalidade e curso na Xunta FP."]}'::jsonb,
  '["xunta-fp-catalogo-familias-2025-2026", "xunta-fp-ciclos", "todofp-familias"]'::jsonb,
  'https://www.edu.xunta.gal/fp/oferta-fp',
  'xunta-fp-catalogo-familias-2025-2026',
  '{"source_upload": "3 base de datos itinera.zip", "source_file": "12-imaxe_persoal_v7.pdf", "duration_hours": 2000, "modules": [{"code": "MP1181", "name": "Asesoría cosmética", "hours": 133}, {"code": "MP1184", "name": "Asesoría de peiteado", "hours": 157}, {"code": "MP1187", "name": "Asesoría estética", "hours": 157}, {"code": "MP1183", "name": "Estilismo en vestiario e complementos", "hours": 183}, {"code": "MP1188", "name": "Habilidades comunicativas", "hours": 133}, {"code": "MP0179", "name": "Inglés profesional", "hours": 60}, {"code": "MP1709", "name": "Itinerario persoal para a empregabilidade I", "hours": 107}, {"code": "MP1708", "name": "Sostibilidade aplicada ao sistema produtivo", "hours": 30}, {"code": "MP1182", "name": "Deseño de imaxe integral", "hours": 219}, {"code": "MP1071", "name": "Dirección e comercialización", "hours": 109}, {"code": "MP1665", "name": "Dixitalización aplicada ao sistema produtivo", "hours": 30}, {"code": "MP1189", "name": "Imaxe corporativa", "hours": 164}, {"code": "MP1710", "name": "Itinerario persoal para a empregabilidade II", "hours": 50}, {"code": "MP1185", "name": "Protocolo e organización de eventos", "hours": 191}, {"code": "MP1190", "name": "Proxecto intermodular de asesoría de imaxe persoal e corpora-", "hours": 50}, {"code": "MP1186", "name": "Usos sociais", "hours": 137}], "learned": "sarial e institucional, organizar eventos e planificar os procesos de ades- tramento persoal en habilidades de comunicación, protocolo e usos sociais, respectando criterios de calidade, seguridade, respecto polo ambiente e deseño universal.", "work_context": "corporativa e pública, ou integrarse en equipos multidisciplinares de cal- quera empresa, en departamentos de comunicación ou márketing. De igual modo, poden exercer a súa actividade en establecementos dedicados á ven- da de vestiario, complementos e cosméticos, onde desenvolverán tarefas nas áreas funcionais de deseño dunha nova imaxe persoal, pública e cor- porativa, e na organización e na prestación de servizos. Actúan por conta propia, cun alto grao de autonomía, asumindo labores de xestión e dirección, ou ben por conta allea, integrándose nun equipo de traballo con persoas cun nivel de cualificación igual, inferior ou superior."}'::jsonb,
  'official_upload',
  now(),
  now(),
  now()
)
on conflict (id) do update set
  name=excluded.name,
  type=excluded.type,
  level=excluded.level,
  family=excluded.family,
  jurisdiction=excluded.jurisdiction,
  route=excluded.route,
  subjects=excluded.subjects,
  ponderation_subjects=excluded.ponderation_subjects,
  route_options=excluded.route_options,
  availability_by_province=excluded.availability_by_province,
  sources=excluded.sources,
  source_url=excluded.source_url,
  source_id=excluded.source_id,
  raw=excluded.raw,
  data_quality=excluded.data_quality,
  verified_at=excluded.verified_at,
  last_seen_at=excluded.last_seen_at,
  updated_at=now();


insert into public.itinera_fp_catalog_details(id,study_id,learned,work_context,jobs,modules,source_file,raw)
values ('detail-fp-v36-cs-asesoria-de-imaxe-persoal-e-corporativa','fp-v36-cs-asesoria-de-imaxe-persoal-e-corporativa','sarial e institucional, organizar eventos e planificar os procesos de ades- tramento persoal en habilidades de comunicación, protocolo e usos sociais, respectando criterios de calidade, seguridade, respecto polo ambiente e deseño universal.','corporativa e pública, ou integrarse en equipos multidisciplinares de cal- quera empresa, en departamentos de comunicación ou márketing. De igual modo, poden exercer a súa actividade en establecementos dedicados á ven- da de vestiario, complementos e cosméticos, onde desenvolverán tarefas nas áreas funcionais de deseño dunha nova imaxe persoal, pública e cor- porativa, e na organización e na prestación de servizos. Actúan por conta propia, cun alto grao de autonomía, asumindo labores de xestión e dirección, ou ben por conta allea, integrándose nun equipo de traballo con persoas cun nivel de cualificación igual, inferior ou superior.','["moda", "técnico/a de protocolo e cerimonial en institucións públicas e priva- das", "experto/a en etiqueta e usos sociais", "asesor/a consultor/a de estilismo no vestir", "asesor/a de estilos e tendencias", "asistente técnico/a de imaxe política, cultural e artística", "asesor/a en comercios de vestiario e comple- mentos", "asesor/a de imaxe en medios audiovisuais e de moda", "técnico/a co- mercial", "asesor/a consultor/a de imaxe corporativa", "experto/a en habilidades comunicativas", "técnico/a especialista en gabinetes de relacións públicas", "- técnico/a especialista en imaxe en departamento de márketing", "director/a de gabinete de asesoría de imaxe", "consultor/a asesor/a de protocolo e orga- nización de actos e eventos", "asesor/a na compra de vestiario, complemen- tos", "regalos e cosméticos", "asistente persoal no coidado da imaxe", "organiza- dor/a de vodas", "asesor/a de prensa especializada en imaxe persoal."]'::jsonb,'[{"code": "MP1181", "name": "Asesoría cosmética", "hours": 133}, {"code": "MP1184", "name": "Asesoría de peiteado", "hours": 157}, {"code": "MP1187", "name": "Asesoría estética", "hours": 157}, {"code": "MP1183", "name": "Estilismo en vestiario e complementos", "hours": 183}, {"code": "MP1188", "name": "Habilidades comunicativas", "hours": 133}, {"code": "MP0179", "name": "Inglés profesional", "hours": 60}, {"code": "MP1709", "name": "Itinerario persoal para a empregabilidade I", "hours": 107}, {"code": "MP1708", "name": "Sostibilidade aplicada ao sistema produtivo", "hours": 30}, {"code": "MP1182", "name": "Deseño de imaxe integral", "hours": 219}, {"code": "MP1071", "name": "Dirección e comercialización", "hours": 109}, {"code": "MP1665", "name": "Dixitalización aplicada ao sistema produtivo", "hours": 30}, {"code": "MP1189", "name": "Imaxe corporativa", "hours": 164}, {"code": "MP1710", "name": "Itinerario persoal para a empregabilidade II", "hours": 50}, {"code": "MP1185", "name": "Protocolo e organización de eventos", "hours": 191}, {"code": "MP1190", "name": "Proxecto intermodular de asesoría de imaxe persoal e corpora-", "hours": 50}, {"code": "MP1186", "name": "Usos sociais", "hours": 137}]'::jsonb,'12-imaxe_persoal_v7.pdf',jsonb_build_object('source_upload','3 base de datos itinera.zip','duration_hours','2000'))
on conflict (id) do update set study_id=excluded.study_id,learned=excluded.learned,work_context=excluded.work_context,jobs=excluded.jobs,modules=excluded.modules,source_file=excluded.source_file,raw=excluded.raw,updated_at=now();


insert into public.itinera_studies(id,name,type,level,family,jurisdiction,official_title,route,subjects,ponderation_subjects,route_options,availability_by_province,sources,source_url,source_id,raw,data_quality,verified_at,last_seen_at,updated_at)
values (
  'fp-v36-cs-caracterizacion-e-maquillaxe-profesional',
  'Caracterización e maquillaxe profesional',
  'fpgs',
  'Ciclo formativo de grao superior',
  'Imaxe persoal',
  'Galicia',
  true,
  'Consultar requisitos, prazas, centros, modalidade e fontes oficiais antes de decidir.',
  '["Creación de próteses faciais e corporais", "Deseño dixital de personaxes 2D 3D", "Deseño gráfico aplicado", "Inglés profesional", "Itinerario persoal para a empregabilidade I", "Planificación e proxectos", "Postizaría", "Produtos de caracterización e maquillaxe", "Sostibilidade aplicada ao sistema produtivo", "Caracterización de personaxes", "Dixitalización aplicada ao sistema produtivo", "Efectos especiais a través da maquillaxe"]'::jsonb,
  '[{"subject": "Non aplica ou consultar fonte oficial", "weight": "consultar fonte oficial"}]'::jsonb,
  '[]'::jsonb,
  '{"Galicia": ["Consultar oferta por provincia, centro, modalidade e curso na Xunta FP."]}'::jsonb,
  '["xunta-fp-catalogo-familias-2025-2026", "xunta-fp-ciclos", "todofp-familias"]'::jsonb,
  'https://www.edu.xunta.gal/fp/oferta-fp',
  'xunta-fp-catalogo-familias-2025-2026',
  '{"source_upload": "3 base de datos itinera.zip", "source_file": "12-imaxe_persoal_v7.pdf", "duration_hours": 2000, "modules": [{"code": "MP1264", "name": "Creación de próteses faciais e corporais", "hours": 213}, {"code": "MP1267", "name": "Deseño dixital de personaxes 2D 3D", "hours": 80}, {"code": "MP1268", "name": "Deseño gráfico aplicado", "hours": 103}, {"code": "MP0179", "name": "Inglés profesional", "hours": 60}, {"code": "MP1709", "name": "Itinerario persoal para a empregabilidade I", "hours": 107}, {"code": "MP0685", "name": "Planificación e proxectos", "hours": 107}, {"code": "MP1266", "name": "Postizaría", "hours": 181}, {"code": "MP1269", "name": "Produtos de caracterización e maquillaxe", "hours": 79}, {"code": "MP1708", "name": "Sostibilidade aplicada ao sistema produtivo", "hours": 30}, {"code": "MP1261", "name": "Caracterización de personaxes", "hours": 219}, {"code": "MP1665", "name": "Dixitalización aplicada ao sistema produtivo", "hours": 30}, {"code": "MP1263", "name": "Efectos especiais a través da maquillaxe", "hours": 137}, {"code": "MP1710", "name": "Itinerario persoal para a empregabilidade II", "hours": 50}, {"code": "MP1262", "name": "Maquillaxe profesional", "hours": 273}, {"code": "MP1265", "name": "Peiteado para caracterización", "hours": 191}, {"code": "MP1270", "name": "Proxecto intermodular de caracterización e maquillaxe profe-", "hours": 50}], "learned": "audiovisuais e escénicos, así como deseñar e realizar próteses, perrucas e maquillaxes sociais, profesionais e artísticas, coordinando os medios técni- cos e humanos, e respectando os criterios de calidade, seguridade, protec- ción ambiental e deseño universal.", "work_context": "de proxectos de caracterización para producións audiovisuais e escénicas, en talleres e estudios de caracterización e en empresas dedicadas á ma- quillaxe profesional, onde desenvolven tarefas individuais e en grupo nas áreas funcionais de xestión e supervisión, deseño, organización e prestación de servizos, así como na fabricación de postizos, perrucas e próteses de caracterización, ben como traballadoras e traballadores autónomos ou ben por conta allea."}'::jsonb,
  'official_upload',
  now(),
  now(),
  now()
)
on conflict (id) do update set
  name=excluded.name,
  type=excluded.type,
  level=excluded.level,
  family=excluded.family,
  jurisdiction=excluded.jurisdiction,
  route=excluded.route,
  subjects=excluded.subjects,
  ponderation_subjects=excluded.ponderation_subjects,
  route_options=excluded.route_options,
  availability_by_province=excluded.availability_by_province,
  sources=excluded.sources,
  source_url=excluded.source_url,
  source_id=excluded.source_id,
  raw=excluded.raw,
  data_quality=excluded.data_quality,
  verified_at=excluded.verified_at,
  last_seen_at=excluded.last_seen_at,
  updated_at=now();


insert into public.itinera_fp_catalog_details(id,study_id,learned,work_context,jobs,modules,source_file,raw)
values ('detail-fp-v36-cs-caracterizacion-e-maquillaxe-profesional','fp-v36-cs-caracterizacion-e-maquillaxe-profesional','audiovisuais e escénicos, así como deseñar e realizar próteses, perrucas e maquillaxes sociais, profesionais e artísticas, coordinando os medios técni- cos e humanos, e respectando os criterios de calidade, seguridade, protec- ción ambiental e deseño universal.','de proxectos de caracterización para producións audiovisuais e escénicas, en talleres e estudios de caracterización e en empresas dedicadas á ma- quillaxe profesional, onde desenvolven tarefas individuais e en grupo nas áreas funcionais de xestión e supervisión, deseño, organización e prestación de servizos, así como na fabricación de postizos, perrucas e próteses de caracterización, ben como traballadoras e traballadores autónomos ou ben por conta allea.','["des e actuacións escénicas", "peiteador/a para caracterización", "maquillador/a para medios audiovisuais e actividades e actuacións escénicas", "posticeiro/ a", "xefe/a de caracterización", "xefe/a de peiteado para espectáculos e medios audiovisuais", "especialista en próteses e efectos especiais de caracteriza- ción", "deseñador/a de personaxes de caracterización", "formador/a técnico/a en caracterización", "técnico/a comercial."]'::jsonb,'[{"code": "MP1264", "name": "Creación de próteses faciais e corporais", "hours": 213}, {"code": "MP1267", "name": "Deseño dixital de personaxes 2D 3D", "hours": 80}, {"code": "MP1268", "name": "Deseño gráfico aplicado", "hours": 103}, {"code": "MP0179", "name": "Inglés profesional", "hours": 60}, {"code": "MP1709", "name": "Itinerario persoal para a empregabilidade I", "hours": 107}, {"code": "MP0685", "name": "Planificación e proxectos", "hours": 107}, {"code": "MP1266", "name": "Postizaría", "hours": 181}, {"code": "MP1269", "name": "Produtos de caracterización e maquillaxe", "hours": 79}, {"code": "MP1708", "name": "Sostibilidade aplicada ao sistema produtivo", "hours": 30}, {"code": "MP1261", "name": "Caracterización de personaxes", "hours": 219}, {"code": "MP1665", "name": "Dixitalización aplicada ao sistema produtivo", "hours": 30}, {"code": "MP1263", "name": "Efectos especiais a través da maquillaxe", "hours": 137}, {"code": "MP1710", "name": "Itinerario persoal para a empregabilidade II", "hours": 50}, {"code": "MP1262", "name": "Maquillaxe profesional", "hours": 273}, {"code": "MP1265", "name": "Peiteado para caracterización", "hours": 191}, {"code": "MP1270", "name": "Proxecto intermodular de caracterización e maquillaxe profe-", "hours": 50}]'::jsonb,'12-imaxe_persoal_v7.pdf',jsonb_build_object('source_upload','3 base de datos itinera.zip','duration_hours','2000'))
on conflict (id) do update set study_id=excluded.study_id,learned=excluded.learned,work_context=excluded.work_context,jobs=excluded.jobs,modules=excluded.modules,source_file=excluded.source_file,raw=excluded.raw,updated_at=now();


insert into public.itinera_studies(id,name,type,level,family,jurisdiction,official_title,route,subjects,ponderation_subjects,route_options,availability_by_province,sources,source_url,source_id,raw,data_quality,verified_at,last_seen_at,updated_at)
values (
  'fp-v36-cs-estetica-integral-e-benestar',
  'Estética integral e benestar',
  'fpgs',
  'Ciclo formativo de grao superior',
  'Imaxe persoal',
  'Galicia',
  true,
  'Consultar requisitos, prazas, centros, modalidade e fontes oficiais antes de decidir.',
  '["Aparellos de estética", "Cosmética aplicada a estética e benestar", "Dermoestética", "Inglés profesional", "Itinerario persoal para a empregabilidade I", "Masaxe estética", "Procesos fisiolóxicos e de hixiene en imaxe persoal", "Sostibilidade aplicada ao sistema produtivo", "Depilación avanzada", "Dixitalización aplicada ao sistema produtivo", "Drenaxe estética e técnicas por presión", "Estética hidrotermal"]'::jsonb,
  '[{"subject": "Non aplica ou consultar fonte oficial", "weight": "consultar fonte oficial"}]'::jsonb,
  '[]'::jsonb,
  '{"Galicia": ["Consultar oferta por provincia, centro, modalidade e curso na Xunta FP."]}'::jsonb,
  '["xunta-fp-catalogo-familias-2025-2026", "xunta-fp-ciclos", "todofp-familias"]'::jsonb,
  'https://www.edu.xunta.gal/fp/oferta-fp',
  'xunta-fp-catalogo-familias-2025-2026',
  '{"source_upload": "3 base de datos itinera.zip", "source_file": "12-imaxe_persoal_v7.pdf", "duration_hours": 2000, "modules": [{"code": "MP0744", "name": "Aparellos de estética", "hours": 133}, {"code": "MP0752", "name": "Cosmética aplicada a estética e benestar", "hours": 156}, {"code": "MP0751", "name": "Dermoestética", "hours": 131}, {"code": "MP0179", "name": "Inglés profesional", "hours": 60}, {"code": "MP1709", "name": "Itinerario persoal para a empregabilidade I", "hours": 107}, {"code": "MP0747", "name": "Masaxe estética", "hours": 240}, {"code": "MP0750", "name": "Procesos fisiolóxicos e de hixiene en imaxe persoal", "hours": 103}, {"code": "MP1708", "name": "Sostibilidade aplicada ao sistema produtivo", "hours": 30}, {"code": "MP0746", "name": "Depilación avanzada", "hours": 137}, {"code": "MP1665", "name": "Dixitalización aplicada ao sistema produtivo", "hours": 30}, {"code": "MP0748", "name": "Drenaxe estética e técnicas por presión", "hours": 137}, {"code": "MP0745", "name": "Estética hidrotermal", "hours": 190}, {"code": "MP1710", "name": "Itinerario persoal para a empregabilidade II", "hours": 50}, {"code": "MP0749", "name": "Micropigmentación", "hours": 137}, {"code": "MP0754", "name": "Proxecto intermodular de estética integral e benestar", "hours": 50}, {"code": "MP0753", "name": "Tratamentos estéticos integrais", "hours": 219}], "learned": "e realizar tratamentos estéticos relacionados coa imaxe e o benestar, e aplicar técnicas estéticas hidrotermais, depilación e implantación de pig- mentos, asegurando a calidade, a prevención de riscos laborais e a xestión ambiental.", "work_context": "en pequenas e medianas empresas, maioritariamente privadas, nas áreas de tratamentos estéticos integrais, estética hidrotermal, microimplantación de pigmentos, depilación avanzada, masaxe estética e drenaxe, e asesora- mento en tratamentos e produtos cosméticos. Trátase de profesionais por conta propia que traballan xestionando a súa propia empresa ou de pro- fesionais por conta allea, que exercen a súa actividade profesional como empregados ou xefes de área ou departamento."}'::jsonb,
  'official_upload',
  now(),
  now(),
  now()
)
on conflict (id) do update set
  name=excluded.name,
  type=excluded.type,
  level=excluded.level,
  family=excluded.family,
  jurisdiction=excluded.jurisdiction,
  route=excluded.route,
  subjects=excluded.subjects,
  ponderation_subjects=excluded.ponderation_subjects,
  route_options=excluded.route_options,
  availability_by_province=excluded.availability_by_province,
  sources=excluded.sources,
  source_url=excluded.source_url,
  source_id=excluded.source_id,
  raw=excluded.raw,
  data_quality=excluded.data_quality,
  verified_at=excluded.verified_at,
  last_seen_at=excluded.last_seen_at,
  updated_at=now();


insert into public.itinera_fp_catalog_details(id,study_id,learned,work_context,jobs,modules,source_file,raw)
values ('detail-fp-v36-cs-estetica-integral-e-benestar','fp-v36-cs-estetica-integral-e-benestar','e realizar tratamentos estéticos relacionados coa imaxe e o benestar, e aplicar técnicas estéticas hidrotermais, depilación e implantación de pig- mentos, asegurando a calidade, a prevención de riscos laborais e a xestión ambiental.','en pequenas e medianas empresas, maioritariamente privadas, nas áreas de tratamentos estéticos integrais, estética hidrotermal, microimplantación de pigmentos, depilación avanzada, masaxe estética e drenaxe, e asesora- mento en tratamentos e produtos cosméticos. Trátase de profesionais por conta propia que traballan xestionando a súa propia empresa ou de pro- fesionais por conta allea, que exercen a súa actividade profesional como empregados ou xefes de área ou departamento.','["persoal, de spa e balnearios", "técnico/a en tratamentos estéticos inte- grais", "especialista en técnicas hidroestéticas", "técnico/a en micropigmenta- ción", "técnico/a en depilación mecánica e avanzada", "técnico/a en aparellos de estética", "especialista en bronceamento mediante radiación ultravioleta", "técnico/a en masaxes estéticas", "técnico/a en drenaxe linfática estética", "traballador/a cualificado/a en centros de medicina e cirurxía estética", "téc- nico/a comercial", "asesor/a estético/a e cosmético/a", "formador/a técnico/a en estética."]'::jsonb,'[{"code": "MP0744", "name": "Aparellos de estética", "hours": 133}, {"code": "MP0752", "name": "Cosmética aplicada a estética e benestar", "hours": 156}, {"code": "MP0751", "name": "Dermoestética", "hours": 131}, {"code": "MP0179", "name": "Inglés profesional", "hours": 60}, {"code": "MP1709", "name": "Itinerario persoal para a empregabilidade I", "hours": 107}, {"code": "MP0747", "name": "Masaxe estética", "hours": 240}, {"code": "MP0750", "name": "Procesos fisiolóxicos e de hixiene en imaxe persoal", "hours": 103}, {"code": "MP1708", "name": "Sostibilidade aplicada ao sistema produtivo", "hours": 30}, {"code": "MP0746", "name": "Depilación avanzada", "hours": 137}, {"code": "MP1665", "name": "Dixitalización aplicada ao sistema produtivo", "hours": 30}, {"code": "MP0748", "name": "Drenaxe estética e técnicas por presión", "hours": 137}, {"code": "MP0745", "name": "Estética hidrotermal", "hours": 190}, {"code": "MP1710", "name": "Itinerario persoal para a empregabilidade II", "hours": 50}, {"code": "MP0749", "name": "Micropigmentación", "hours": 137}, {"code": "MP0754", "name": "Proxecto intermodular de estética integral e benestar", "hours": 50}, {"code": "MP0753", "name": "Tratamentos estéticos integrais", "hours": 219}]'::jsonb,'12-imaxe_persoal_v7.pdf',jsonb_build_object('source_upload','3 base de datos itinera.zip','duration_hours','2000'))
on conflict (id) do update set study_id=excluded.study_id,learned=excluded.learned,work_context=excluded.work_context,jobs=excluded.jobs,modules=excluded.modules,source_file=excluded.source_file,raw=excluded.raw,updated_at=now();


insert into public.itinera_studies(id,name,type,level,family,jurisdiction,official_title,route,subjects,ponderation_subjects,route_options,availability_by_province,sources,source_url,source_id,raw,data_quality,verified_at,last_seen_at,updated_at)
values (
  'fp-v36-cs-estilismo-e-direccion-de-peiteado',
  'Estilismo e dirección de peiteado',
  'fpgs',
  'Ciclo formativo de grao superior',
  'Imaxe persoal',
  'Galicia',
  true,
  'Consultar requisitos, prazas, centros, modalidade e fontes oficiais antes de decidir.',
  '["Dermotricoloxía", "Inglés profesional", "Itinerario persoal para a empregabilidade I", "Peiteado en coidados especiais", "Procedementos e técnicas de peiteado", "Procesos fisiolóxicos e de hixiene en imaxe persoal", "Recursos técnicos e cosméticos", "Sostibilidade aplicada ao sistema produtivo", "Dirección e comercialización", "Dixitalización aplicada ao sistema produtivo", "Estilismo en peiteado", "Estudo da imaxe"]'::jsonb,
  '[{"subject": "Non aplica ou consultar fonte oficial", "weight": "consultar fonte oficial"}]'::jsonb,
  '[]'::jsonb,
  '{"Galicia": ["Consultar oferta por provincia, centro, modalidade e curso na Xunta FP."]}'::jsonb,
  '["xunta-fp-catalogo-familias-2025-2026", "xunta-fp-ciclos", "todofp-familias"]'::jsonb,
  'https://www.edu.xunta.gal/fp/oferta-fp',
  'xunta-fp-catalogo-familias-2025-2026',
  '{"source_upload": "3 base de datos itinera.zip", "source_file": "12-imaxe_persoal_v7.pdf", "duration_hours": 2000, "modules": [{"code": "MP1064", "name": "Dermotricoloxía", "hours": 131}, {"code": "MP0179", "name": "Inglés profesional", "hours": 60}, {"code": "MP1709", "name": "Itinerario persoal para a empregabilidade I", "hours": 107}, {"code": "MP1072", "name": "Peiteado en coidados especiais", "hours": 80}, {"code": "MP1067", "name": "Procedementos e técnicas de peiteado", "hours": 293}, {"code": "MP0750", "name": "Procesos fisiolóxicos e de hixiene en imaxe persoal", "hours": 103}, {"code": "MP1065", "name": "Recursos técnicos e cosméticos", "hours": 156}, {"code": "MP1708", "name": "Sostibilidade aplicada ao sistema produtivo", "hours": 30}, {"code": "MP1071", "name": "Dirección e comercialización", "hours": 109}, {"code": "MP1665", "name": "Dixitalización aplicada ao sistema produtivo", "hours": 30}, {"code": "MP1069", "name": "Estilismo en peiteado", "hours": 246}, {"code": "MP1070", "name": "Estudo da imaxe", "hours": 109}, {"code": "MP1710", "name": "Itinerario persoal para a empregabilidade II", "hours": 50}, {"code": "MP1068", "name": "Peiteados para producións audiovisuais e de moda", "hours": 191}, {"code": "MP1073", "name": "Proxecto intermodular de estilismo e dirección de peiteado", "hours": 50}, {"code": "MP1066", "name": "Tratamentos capilares", "hours": 165}], "learned": "realizar tratamentos capilares estéticos e deseñar estilismos de cambio de imaxe, respectando criterios de calidade, seguridade, respecto polo medio e deseño universal.", "work_context": "en producións audiovisuais e escénicas, onde se desenvolven tarefas indivi- duais e en grupo nas áreas funcionais de deseño e innovación, organización e prestación de servizos, comercialización, loxística, calidade, prevención de riscos e xestión ambiental. Actúase por conta propia, cun alto grao de autonomía, asumindo labores de xestión e dirección, ou por conta allea, in- tegrándose nun equipo de traballo con persoas dun nivel de cualificación igual, inferior ou superior."}'::jsonb,
  'official_upload',
  now(),
  now(),
  now()
)
on conflict (id) do update set
  name=excluded.name,
  type=excluded.type,
  level=excluded.level,
  family=excluded.family,
  jurisdiction=excluded.jurisdiction,
  route=excluded.route,
  subjects=excluded.subjects,
  ponderation_subjects=excluded.ponderation_subjects,
  route_options=excluded.route_options,
  availability_by_province=excluded.availability_by_province,
  sources=excluded.sources,
  source_url=excluded.source_url,
  source_id=excluded.source_id,
  raw=excluded.raw,
  data_quality=excluded.data_quality,
  verified_at=excluded.verified_at,
  last_seen_at=excluded.last_seen_at,
  updated_at=now();


insert into public.itinera_fp_catalog_details(id,study_id,learned,work_context,jobs,modules,source_file,raw)
values ('detail-fp-v36-cs-estilismo-e-direccion-de-peiteado','fp-v36-cs-estilismo-e-direccion-de-peiteado','realizar tratamentos capilares estéticos e deseñar estilismos de cambio de imaxe, respectando criterios de calidade, seguridade, respecto polo medio e deseño universal.','en producións audiovisuais e escénicas, onde se desenvolven tarefas indivi- duais e en grupo nas áreas funcionais de deseño e innovación, organización e prestación de servizos, comercialización, loxística, calidade, prevención de riscos e xestión ambiental. Actúase por conta propia, cun alto grao de autonomía, asumindo labores de xestión e dirección, ou por conta allea, in- tegrándose nun equipo de traballo con persoas dun nivel de cualificación igual, inferior ou superior.','["peiteado en producións audiovisuais, escénicas e de moda", "especialista en tratamentos capilares, asesoría artística de peiteado, estilismo", "especialis- ta en próteses capilares e postizaría, consello e avaliación de empresas de peiteado", "experto/a en coidados capilares en clientes con necesidades es- peciais", "técnico/a en análise capilar", "peiteador/a especialista", "traballador/a cualificado/a en clínicas capilares e centros de medicina e cirurxía estética", "técnico/a comercial", "asesoría de imaxe", "formación técnica en peiteado", "ase- soría de venda e demostración de produtos e aparellos de peiteado", "asesoría de prensa especializada en imaxe persoal e peiteado."]'::jsonb,'[{"code": "MP1064", "name": "Dermotricoloxía", "hours": 131}, {"code": "MP0179", "name": "Inglés profesional", "hours": 60}, {"code": "MP1709", "name": "Itinerario persoal para a empregabilidade I", "hours": 107}, {"code": "MP1072", "name": "Peiteado en coidados especiais", "hours": 80}, {"code": "MP1067", "name": "Procedementos e técnicas de peiteado", "hours": 293}, {"code": "MP0750", "name": "Procesos fisiolóxicos e de hixiene en imaxe persoal", "hours": 103}, {"code": "MP1065", "name": "Recursos técnicos e cosméticos", "hours": 156}, {"code": "MP1708", "name": "Sostibilidade aplicada ao sistema produtivo", "hours": 30}, {"code": "MP1071", "name": "Dirección e comercialización", "hours": 109}, {"code": "MP1665", "name": "Dixitalización aplicada ao sistema produtivo", "hours": 30}, {"code": "MP1069", "name": "Estilismo en peiteado", "hours": 246}, {"code": "MP1070", "name": "Estudo da imaxe", "hours": 109}, {"code": "MP1710", "name": "Itinerario persoal para a empregabilidade II", "hours": 50}, {"code": "MP1068", "name": "Peiteados para producións audiovisuais e de moda", "hours": 191}, {"code": "MP1073", "name": "Proxecto intermodular de estilismo e dirección de peiteado", "hours": 50}, {"code": "MP1066", "name": "Tratamentos capilares", "hours": 165}]'::jsonb,'12-imaxe_persoal_v7.pdf',jsonb_build_object('source_upload','3 base de datos itinera.zip','duration_hours','2000'))
on conflict (id) do update set study_id=excluded.study_id,learned=excluded.learned,work_context=excluded.work_context,jobs=excluded.jobs,modules=excluded.modules,source_file=excluded.source_file,raw=excluded.raw,updated_at=now();


insert into public.itinera_studies(id,name,type,level,family,jurisdiction,official_title,route,subjects,ponderation_subjects,route_options,availability_by_province,sources,source_url,source_id,raw,data_quality,verified_at,last_seen_at,updated_at)
values (
  'fp-v36-cs-termalismo-e-benestar',
  'Termalismo e benestar',
  'fpgs',
  'Ciclo formativo de grao superior',
  'Imaxe persoal',
  'Galicia',
  true,
  'Consultar requisitos, prazas, centros, modalidade e fontes oficiais antes de decidir.',
  '["Acondicionamento físico na auga", "pendencia", "Dinamización grupal", "Inglés profesional", "Itinerario persoal para a empregabilidade I", "Masaxe estética", "Sostibilidade aplicada ao sistema produtivo", "Actividades de lecer e tempo libre", "Dixitalización aplicada ao sistema produtivo", "Estética hidrotermal", "Itinerario persoal para a empregabilidade II", "Proxecto intermodular de termalismo e benestar"]'::jsonb,
  '[{"subject": "Non aplica ou consultar fonte oficial", "weight": "consultar fonte oficial"}]'::jsonb,
  '[]'::jsonb,
  '{"Galicia": ["Consultar oferta por provincia, centro, modalidade e curso na Xunta FP."]}'::jsonb,
  '["xunta-fp-catalogo-familias-2025-2026", "xunta-fp-ciclos", "todofp-familias"]'::jsonb,
  'https://www.edu.xunta.gal/fp/oferta-fp',
  'xunta-fp-catalogo-familias-2025-2026',
  '{"source_upload": "3 base de datos itinera.zip", "source_file": "12-imaxe_persoal_v7.pdf", "duration_hours": 2000, "modules": [{"code": "MP1151", "name": "Acondicionamento físico na auga", "hours": 210}, {"code": "MP0212", "name": "pendencia", "hours": 158}, {"code": "MP1124", "name": "Dinamización grupal", "hours": 158}, {"code": "MP0179", "name": "Inglés profesional", "hours": 60}, {"code": "MP1709", "name": "Itinerario persoal para a empregabilidade I", "hours": 107}, {"code": "MP0747", "name": "Masaxe estética", "hours": 237}, {"code": "MP1708", "name": "Sostibilidade aplicada ao sistema produtivo", "hours": 30}, {"code": "MP1123", "name": "Actividades de lecer e tempo libre", "hours": 246}, {"code": "MP1665", "name": "Dixitalización aplicada ao sistema produtivo", "hours": 30}, {"code": "MP0745", "name": "Estética hidrotermal", "hours": 191}, {"code": "MP1710", "name": "Itinerario persoal para a empregabilidade II", "hours": 50}, {"code": "MP1647", "name": "Proxecto intermodular de termalismo e benestar", "hours": 50}, {"code": "MP1152", "name": "Técnicas de hidrocinesia", "hours": 164}, {"code": "MP1136", "name": "Valoración da condición física e intervención en accidentes", "hours": 219}], "learned": "nicas de hidrocinesia, técnicas hidrotermais, masaxes estéticas e programas de acondicionamento físico na auga, consonte protocolos establecidos, di- namizando as actividades personalizadas programadas e orientándoas cara á mellora da calidade de vida e da saúde, para conseguir a satisfacción das persoas usuarias e asegurar a prestación do servizo en condicións de calida- de, seguridade e protección ambiental.", "work_context": "ticos, en pequenas e medianas empresas tales como hoteis, centros de spa e balnearios. A súa actividade está abranguida nas áreas de tratamentos estéticos integrais, estética hidrotermal, masaxe estética e drenaxe, aseso- ramento en tratamentos cosméticos, acondicionamento físico e recreación, ocupándose da planificación, a organización, a dinamización e a avaliación das actividades."}'::jsonb,
  'official_upload',
  now(),
  now(),
  now()
)
on conflict (id) do update set
  name=excluded.name,
  type=excluded.type,
  level=excluded.level,
  family=excluded.family,
  jurisdiction=excluded.jurisdiction,
  route=excluded.route,
  subjects=excluded.subjects,
  ponderation_subjects=excluded.ponderation_subjects,
  route_options=excluded.route_options,
  availability_by_province=excluded.availability_by_province,
  sources=excluded.sources,
  source_url=excluded.source_url,
  source_id=excluded.source_id,
  raw=excluded.raw,
  data_quality=excluded.data_quality,
  verified_at=excluded.verified_at,
  last_seen_at=excluded.last_seen_at,
  updated_at=now();


insert into public.itinera_fp_catalog_details(id,study_id,learned,work_context,jobs,modules,source_file,raw)
values ('detail-fp-v36-cs-termalismo-e-benestar','fp-v36-cs-termalismo-e-benestar','nicas de hidrocinesia, técnicas hidrotermais, masaxes estéticas e programas de acondicionamento físico na auga, consonte protocolos establecidos, di- namizando as actividades personalizadas programadas e orientándoas cara á mellora da calidade de vida e da saúde, para conseguir a satisfacción das persoas usuarias e asegurar a prestación do servizo en condicións de calida- de, seguridade e protección ambiental.','ticos, en pequenas e medianas empresas tales como hoteis, centros de spa e balnearios. A súa actividade está abranguida nas áreas de tratamentos estéticos integrais, estética hidrotermal, masaxe estética e drenaxe, aseso- ramento en tratamentos cosméticos, acondicionamento físico e recreación, ocupándose da planificación, a organización, a dinamización e a avaliación das actividades.','["droestéticas", "técnico/a en masaxes estéticas", "técnico/a en drenaxe linfática estética", "instrutor/a de grupos de hidrocinesia e coidado corporal", "coordina- dor/a de actividades de acondicionamento físico e de hidrocinesia", "director/a técnico/a en spas e balnearios", "monitor/a de tempo libre e socorrista en ins- talacións acuáticas."]'::jsonb,'[{"code": "MP1151", "name": "Acondicionamento físico na auga", "hours": 210}, {"code": "MP0212", "name": "pendencia", "hours": 158}, {"code": "MP1124", "name": "Dinamización grupal", "hours": 158}, {"code": "MP0179", "name": "Inglés profesional", "hours": 60}, {"code": "MP1709", "name": "Itinerario persoal para a empregabilidade I", "hours": 107}, {"code": "MP0747", "name": "Masaxe estética", "hours": 237}, {"code": "MP1708", "name": "Sostibilidade aplicada ao sistema produtivo", "hours": 30}, {"code": "MP1123", "name": "Actividades de lecer e tempo libre", "hours": 246}, {"code": "MP1665", "name": "Dixitalización aplicada ao sistema produtivo", "hours": 30}, {"code": "MP0745", "name": "Estética hidrotermal", "hours": 191}, {"code": "MP1710", "name": "Itinerario persoal para a empregabilidade II", "hours": 50}, {"code": "MP1647", "name": "Proxecto intermodular de termalismo e benestar", "hours": 50}, {"code": "MP1152", "name": "Técnicas de hidrocinesia", "hours": 164}, {"code": "MP1136", "name": "Valoración da condición física e intervención en accidentes", "hours": 219}]'::jsonb,'12-imaxe_persoal_v7.pdf',jsonb_build_object('source_upload','3 base de datos itinera.zip','duration_hours','2000'))
on conflict (id) do update set study_id=excluded.study_id,learned=excluded.learned,work_context=excluded.work_context,jobs=excluded.jobs,modules=excluded.modules,source_file=excluded.source_file,raw=excluded.raw,updated_at=now();


insert into public.itinera_studies(id,name,type,level,family,jurisdiction,official_title,route,subjects,ponderation_subjects,route_options,availability_by_province,sources,source_url,source_id,raw,data_quality,verified_at,last_seen_at,updated_at)
values (
  'fp-v36-cb-industrias-alimentarias',
  'Industrias alimentarias',
  'fpb',
  'Ciclo formativo de grao básico',
  'Industrias alimentarias',
  'Galicia',
  true,
  'Consultar requisitos, prazas, centros, modalidade e fontes oficiais antes de decidir.',
  '["Ciencias aplicadas I", "Comunicación e ciencias sociais I", "Elaboración de produtos alimentarios", "Itinerario persoal para a empregabilidade", "Operacións auxiliares de almacenaxe", "Operacións auxiliares na industria alimentaria", "Ciencias aplicadas II", "Comunicación e ciencias sociais II", "Limpeza e mantemento de instalacións e equipamentos", "Operacións básicas de laboratorio", "Proxecto intermodular de aprendizaxe colaborativa"]'::jsonb,
  '[{"subject": "Non aplica ou consultar fonte oficial", "weight": "consultar fonte oficial"}]'::jsonb,
  '[]'::jsonb,
  '{"Galicia": ["Consultar oferta por provincia, centro, modalidade e curso na Xunta FP."]}'::jsonb,
  '["xunta-fp-catalogo-familias-2025-2026", "xunta-fp-ciclos", "todofp-familias"]'::jsonb,
  'https://www.edu.xunta.gal/fp/oferta-fp',
  'xunta-fp-catalogo-familias-2025-2026',
  '{"source_upload": "3 base de datos itinera.zip", "source_file": "13-industrias_alimentarias_v7.pdf", "duration_hours": 2000, "modules": [{"code": "AM3163", "name": "Ciencias aplicadas I", "hours": 146}, {"code": "AM3161", "name": "Comunicación e ciencias sociais I", "hours": 175}, {"code": "MP3134", "name": "Elaboración de produtos alimentarios", "hours": 237}, {"code": "MP3159", "name": "Itinerario persoal para a empregabilidade", "hours": 60}, {"code": "MP3070", "name": "Operacións auxiliares de almacenaxe", "hours": 146}, {"code": "MP3133", "name": "Operacións auxiliares na industria alimentaria", "hours": 146}, {"code": "AM3164", "name": "Ciencias aplicadas II", "hours": 146}, {"code": "AM3162", "name": "Comunicación e ciencias sociais II", "hours": 125}, {"code": "MP3135", "name": "Limpeza e mantemento de instalacións e equipamentos", "hours": 367}, {"code": "MP3136", "name": "Operacións básicas de laboratorio", "hours": 367}, {"code": "MP3160", "name": "Proxecto intermodular de aprendizaxe colaborativa", "hours": 25}], "learned": "primas e auxiliares que interveñen nos procesos produtivos, colaborando neses procesos e axudando nas operacións rutineiras e sinxelas de elabo- ración e envasamento de produtos alimentarios, e tamén participando en tarefas sinxelas de laboratorio e operacións rutineiras de proceso quími- co, intervindo nas operacións de limpeza e hixiene de equipamentos e ins- talacións, así como de axuda ao mantemento de primeiro nivel, seguindo instrucións técnicas, operando coa calidade indicada, cumprindo as normas correspondentes de hixiene alimentaria, de prevención de riscos laborais e de protección ambiental, comunicándose oralmente e por escrito en linguas galega e castelá, así como nalgunha lingua estranxeira.", "work_context": "que se dedican á fabricación directa de transformacións alimentarias como as de servizos e produtos auxiliares para o sector. Desenvolve, xeralmen- te por conta allea, tarefas normalizadas de apoio nas áreas de recepción, preparación, elaboración e conservación, operando de xeito automático con dispositivos, equipamentos e instalacións, e en áreas de laboratorio, reali- zando tarefas sinxelas e rutineiras. Realiza, así mesmo, tarefas de coidado e mantemento de instalacións e equipamentos, e labores relacionados co transporte interno e coa almacenaxe. Ocasionalmente, pode tamén exercer a súa actividade por conta propia no campo da artesanía relacionada coa fabricación de produtos alimentarios derivados da gandería. Opera seguindo instrucións de persoas coa titulación de técnico/a superior e segundo pro- cedementos establecidos."}'::jsonb,
  'official_upload',
  now(),
  now(),
  now()
)
on conflict (id) do update set
  name=excluded.name,
  type=excluded.type,
  level=excluded.level,
  family=excluded.family,
  jurisdiction=excluded.jurisdiction,
  route=excluded.route,
  subjects=excluded.subjects,
  ponderation_subjects=excluded.ponderation_subjects,
  route_options=excluded.route_options,
  availability_by_province=excluded.availability_by_province,
  sources=excluded.sources,
  source_url=excluded.source_url,
  source_id=excluded.source_id,
  raw=excluded.raw,
  data_quality=excluded.data_quality,
  verified_at=excluded.verified_at,
  last_seen_at=excluded.last_seen_at,
  updated_at=now();


insert into public.itinera_fp_catalog_details(id,study_id,learned,work_context,jobs,modules,source_file,raw)
values ('detail-fp-v36-cb-industrias-alimentarias','fp-v36-cb-industrias-alimentarias','primas e auxiliares que interveñen nos procesos produtivos, colaborando neses procesos e axudando nas operacións rutineiras e sinxelas de elabo- ración e envasamento de produtos alimentarios, e tamén participando en tarefas sinxelas de laboratorio e operacións rutineiras de proceso quími- co, intervindo nas operacións de limpeza e hixiene de equipamentos e ins- talacións, así como de axuda ao mantemento de primeiro nivel, seguindo instrucións técnicas, operando coa calidade indicada, cumprindo as normas correspondentes de hixiene alimentaria, de prevención de riscos laborais e de protección ambiental, comunicándose oralmente e por escrito en linguas galega e castelá, así como nalgunha lingua estranxeira.','que se dedican á fabricación directa de transformacións alimentarias como as de servizos e produtos auxiliares para o sector. Desenvolve, xeralmen- te por conta allea, tarefas normalizadas de apoio nas áreas de recepción, preparación, elaboración e conservación, operando de xeito automático con dispositivos, equipamentos e instalacións, e en áreas de laboratorio, reali- zando tarefas sinxelas e rutineiras. Realiza, así mesmo, tarefas de coidado e mantemento de instalacións e equipamentos, e labores relacionados co transporte interno e coa almacenaxe. Ocasionalmente, pode tamén exercer a súa actividade por conta propia no campo da artesanía relacionada coa fabricación de produtos alimentarios derivados da gandería. Opera seguindo instrucións de persoas coa titulación de técnico/a superior e segundo pro- cedementos establecidos.','["primas", "operador/a de máquinas para elaborar e envasar produtos alimen- tarios", "mozo/a de almacén", "operador/a de carreta", "auxiliar de planta ali- mentaria", "auxiliar de mantemento en industria alimentaria", "auxiliar de liña de produción", "auxiliar de almacén", "auxiliar de limpeza e de desinfección de instalacións", "aparellos e material de laboratorio", "axudante de plantas resi- duais", "axudante/a de plantas de tratamento de augas."]'::jsonb,'[{"code": "AM3163", "name": "Ciencias aplicadas I", "hours": 146}, {"code": "AM3161", "name": "Comunicación e ciencias sociais I", "hours": 175}, {"code": "MP3134", "name": "Elaboración de produtos alimentarios", "hours": 237}, {"code": "MP3159", "name": "Itinerario persoal para a empregabilidade", "hours": 60}, {"code": "MP3070", "name": "Operacións auxiliares de almacenaxe", "hours": 146}, {"code": "MP3133", "name": "Operacións auxiliares na industria alimentaria", "hours": 146}, {"code": "AM3164", "name": "Ciencias aplicadas II", "hours": 146}, {"code": "AM3162", "name": "Comunicación e ciencias sociais II", "hours": 125}, {"code": "MP3135", "name": "Limpeza e mantemento de instalacións e equipamentos", "hours": 367}, {"code": "MP3136", "name": "Operacións básicas de laboratorio", "hours": 367}, {"code": "MP3160", "name": "Proxecto intermodular de aprendizaxe colaborativa", "hours": 25}]'::jsonb,'13-industrias_alimentarias_v7.pdf',jsonb_build_object('source_upload','3 base de datos itinera.zip','duration_hours','2000'))
on conflict (id) do update set study_id=excluded.study_id,learned=excluded.learned,work_context=excluded.work_context,jobs=excluded.jobs,modules=excluded.modules,source_file=excluded.source_file,raw=excluded.raw,updated_at=now();


insert into public.itinera_studies(id,name,type,level,family,jurisdiction,official_title,route,subjects,ponderation_subjects,route_options,availability_by_province,sources,source_url,source_id,raw,data_quality,verified_at,last_seen_at,updated_at)
values (
  'fp-v36-cm-aceites-de-oliva-e-vinos',
  'Aceites de oliva e viños',
  'fpgm',
  'Ciclo formativo de grao medio',
  'Industrias alimentarias',
  'Galicia',
  true,
  'Consultar requisitos, prazas, centros, modalidade e fontes oficiais antes de decidir.',
  '["Elaboración de viños", "Extracción de aceites de oliva", "Inglés profesional", "Itinerario persoal para a empregabilidade I", "Materias primas e produtos na industria oleícola, vinícola e dou-", "Operacións e control de almacén na industria alimentaria", "Seguridade e hixiene na manipulación de alimentos", "Sostibilidade aplicada ao sistema produtivo", "Acondicionamento de aceites de oliva", "Análise sensorial", "Dixitalización aplicada ao sistema produtivo", "Elaboración doutras bebidas e derivados"]'::jsonb,
  '[{"subject": "Non aplica ou consultar fonte oficial", "weight": "consultar fonte oficial"}]'::jsonb,
  '[]'::jsonb,
  '{"Galicia": ["Consultar oferta por provincia, centro, modalidade e curso na Xunta FP."]}'::jsonb,
  '["xunta-fp-catalogo-familias-2025-2026", "xunta-fp-ciclos", "todofp-familias"]'::jsonb,
  'https://www.edu.xunta.gal/fp/oferta-fp',
  'xunta-fp-catalogo-familias-2025-2026',
  '{"source_upload": "3 base de datos itinera.zip", "source_file": "13-industrias_alimentarias_v7.pdf", "duration_hours": 2000, "modules": [{"code": "MP0318", "name": "Elaboración de viños", "hours": 261}, {"code": "MP0317", "name": "Extracción de aceites de oliva", "hours": 90}, {"code": "MP0156", "name": "Inglés profesional", "hours": 60}, {"code": "MP1709", "name": "Itinerario persoal para a empregabilidade I", "hours": 107}, {"code": "MP0316", "name": "Materias primas e produtos na industria oleícola, vinícola e dou-", "hours": 279}, {"code": "MP0030", "name": "Operacións e control de almacén na industria alimentaria", "hours": 80}, {"code": "MP0031", "name": "Seguridade e hixiene na manipulación de alimentos", "hours": 53}, {"code": "MP1708", "name": "Sostibilidade aplicada ao sistema produtivo", "hours": 30}, {"code": "MP0319", "name": "Acondicionamento de aceites de oliva", "hours": 137}, {"code": "MP0321", "name": "Análise sensorial", "hours": 164}, {"code": "MP1664", "name": "Dixitalización aplicada ao sistema produtivo", "hours": 30}, {"code": "MP0320", "name": "Elaboración doutras bebidas e derivados", "hours": 301}, {"code": "MP1710", "name": "Itinerario persoal para a empregabilidade II", "hours": 50}, {"code": "MP0116", "name": "Principios de mantemento electromecánico", "hours": 109}, {"code": "MP1713", "name": "Proxecto intermodular", "hours": 50}, {"code": "MP0146", "name": "Venda e comercialización de produtos alimentarios", "hours": 109}], "learned": "plans de produción e calidade, efectuando o mantemento de primeiro nivel dos equipamentos e aplicando a lexislación de hixiene e seguridade alimen- taria, de protección ambiental e de prevención de riscos laborais.", "work_context": "outras bebidas, en pequenas, medianas ou grandes empresas, con tecno- loxía tradicional ou avanzada. Intégrase en equipos de traballo con outras persoas do mesmo ou de inferior nivel de cualificación, dependendo orga- nicamente dun mando intermedio. En certos casos de pequenas empresas pode ter baixo a súa responsabilidade operarios e depender directamente da persoa responsable de produción."}'::jsonb,
  'official_upload',
  now(),
  now(),
  now()
)
on conflict (id) do update set
  name=excluded.name,
  type=excluded.type,
  level=excluded.level,
  family=excluded.family,
  jurisdiction=excluded.jurisdiction,
  route=excluded.route,
  subjects=excluded.subjects,
  ponderation_subjects=excluded.ponderation_subjects,
  route_options=excluded.route_options,
  availability_by_province=excluded.availability_by_province,
  sources=excluded.sources,
  source_url=excluded.source_url,
  source_id=excluded.source_id,
  raw=excluded.raw,
  data_quality=excluded.data_quality,
  verified_at=excluded.verified_at,
  last_seen_at=excluded.last_seen_at,
  updated_at=now();


insert into public.itinera_fp_catalog_details(id,study_id,learned,work_context,jobs,modules,source_file,raw)
values ('detail-fp-v36-cm-aceites-de-oliva-e-vinos','fp-v36-cm-aceites-de-oliva-e-vinos','plans de produción e calidade, efectuando o mantemento de primeiro nivel dos equipamentos e aplicando a lexislación de hixiene e seguridade alimen- taria, de protección ambiental e de prevención de riscos laborais.','outras bebidas, en pequenas, medianas ou grandes empresas, con tecno- loxía tradicional ou avanzada. Intégrase en equipos de traballo con outras persoas do mesmo ou de inferior nivel de cualificación, dependendo orga- nicamente dun mando intermedio. En certos casos de pequenas empresas pode ter baixo a súa responsabilidade operarios e depender directamente da persoa responsable de produción.','["mestre/a de lagar", "extracción e refinamento de aceites de oliva", "recep- cionista de materias primas", "operador/a de sección de embotellamento e/ou envasamento", "auxiliar de laboratorio en lagares e adegas", "auxiliar de control de calidade en lagares e adegas", "comercial de lagares e adegas."]'::jsonb,'[{"code": "MP0318", "name": "Elaboración de viños", "hours": 261}, {"code": "MP0317", "name": "Extracción de aceites de oliva", "hours": 90}, {"code": "MP0156", "name": "Inglés profesional", "hours": 60}, {"code": "MP1709", "name": "Itinerario persoal para a empregabilidade I", "hours": 107}, {"code": "MP0316", "name": "Materias primas e produtos na industria oleícola, vinícola e dou-", "hours": 279}, {"code": "MP0030", "name": "Operacións e control de almacén na industria alimentaria", "hours": 80}, {"code": "MP0031", "name": "Seguridade e hixiene na manipulación de alimentos", "hours": 53}, {"code": "MP1708", "name": "Sostibilidade aplicada ao sistema produtivo", "hours": 30}, {"code": "MP0319", "name": "Acondicionamento de aceites de oliva", "hours": 137}, {"code": "MP0321", "name": "Análise sensorial", "hours": 164}, {"code": "MP1664", "name": "Dixitalización aplicada ao sistema produtivo", "hours": 30}, {"code": "MP0320", "name": "Elaboración doutras bebidas e derivados", "hours": 301}, {"code": "MP1710", "name": "Itinerario persoal para a empregabilidade II", "hours": 50}, {"code": "MP0116", "name": "Principios de mantemento electromecánico", "hours": 109}, {"code": "MP1713", "name": "Proxecto intermodular", "hours": 50}, {"code": "MP0146", "name": "Venda e comercialización de produtos alimentarios", "hours": 109}]'::jsonb,'13-industrias_alimentarias_v7.pdf',jsonb_build_object('source_upload','3 base de datos itinera.zip','duration_hours','2000'))
on conflict (id) do update set study_id=excluded.study_id,learned=excluded.learned,work_context=excluded.work_context,jobs=excluded.jobs,modules=excluded.modules,source_file=excluded.source_file,raw=excluded.raw,updated_at=now();


insert into public.itinera_studies(id,name,type,level,family,jurisdiction,official_title,route,subjects,ponderation_subjects,route_options,availability_by_province,sources,source_url,source_id,raw,data_quality,verified_at,last_seen_at,updated_at)
values (
  'fp-v36-cm-elaboracion-de-produtos-alimentarios',
  'Elaboración de produtos alimentarios',
  'fpgm',
  'Ciclo formativo de grao medio',
  'Industrias alimentarias',
  'Galicia',
  true,
  'Consultar requisitos, prazas, centros, modalidade e fontes oficiais antes de decidir.',
  '["Inglés profesional", "Itinerario persoal para a empregabilidade I", "Materias primas na industria alimentaria", "Operacións de acondicionamento de materias primas", "Operacións e control de almacén na industria alimentaria", "Seguridade e hixiene na manipulación de alimentos", "Sostibilidade aplicada ao sistema produtivo", "Tratamentos de transformación e conservación", "Dixitalización aplicada ao sistema produtivo", "Itinerario persoal para a empregabilidade II", "Principios de mantemento electromecánico", "Procesamento de produtos alimentarios"]'::jsonb,
  '[{"subject": "Non aplica ou consultar fonte oficial", "weight": "consultar fonte oficial"}]'::jsonb,
  '[]'::jsonb,
  '{"Galicia": ["Consultar oferta por provincia, centro, modalidade e curso na Xunta FP."]}'::jsonb,
  '["xunta-fp-catalogo-familias-2025-2026", "xunta-fp-ciclos", "todofp-familias"]'::jsonb,
  'https://www.edu.xunta.gal/fp/oferta-fp',
  'xunta-fp-catalogo-familias-2025-2026',
  '{"source_upload": "3 base de datos itinera.zip", "source_file": "13-industrias_alimentarias_v7.pdf", "duration_hours": 2000, "modules": [{"code": "MP0156", "name": "Inglés profesional", "hours": 60}, {"code": "MP1709", "name": "Itinerario persoal para a empregabilidade I", "hours": 107}, {"code": "MP0141", "name": "Materias primas na industria alimentaria", "hours": 236}, {"code": "MP0142", "name": "Operacións de acondicionamento de materias primas", "hours": 184}, {"code": "MP0030", "name": "Operacións e control de almacén na industria alimentaria", "hours": 80}, {"code": "MP0031", "name": "Seguridade e hixiene na manipulación de alimentos", "hours": 53}, {"code": "MP1708", "name": "Sostibilidade aplicada ao sistema produtivo", "hours": 30}, {"code": "MP0143", "name": "Tratamentos de transformación e conservación", "hours": 210}, {"code": "MP1664", "name": "Dixitalización aplicada ao sistema produtivo", "hours": 30}, {"code": "MP1710", "name": "Itinerario persoal para a empregabilidade II", "hours": 50}, {"code": "MP0116", "name": "Principios de mantemento electromecánico", "hours": 109}, {"code": "MP0144", "name": "Procesamento de produtos alimentarios", "hours": 274}, {"code": "MP0145", "name": "Procesos tecnolóxicos na industria alimentaria", "hours": 328}, {"code": "MP1713", "name": "Proxecto intermodular", "hours": 50}, {"code": "MP0146", "name": "Venda e comercialización de produtos alimentarios", "hours": 109}], "learned": "alimentarios de acordo cos plans de produción e calidade, así como efectuar o mantemento de primeiro nivel dos equipamentos, aplicando a lexislación de hixiene e seguridade alimentaria, de protección ambiental e de preven- ción de riscos laborais.", "work_context": "pequenas, medianas ou grandes, con niveis moi diversos tanto na súa tecno- loxía como na súa organización. Son traballadores e traballadoras por conta allea que se integran nun equipo de traballo con persoas do seu mesmo nivel de cualificación, ou inferior, onde desenvolven tarefas individuais e en grupo nas áreas funcionais de recepción de materias primas e materiais, preparación e manexo de equipamentos de produción, control de operacións de elaboración, envasamento e embalaxe, apoio ao control de calidade, al- macenamento e expedición de produtos acabados. En xeral, dependerán or- ganicamente dun mando intermedio, coa excepción de pequenas empresas ou nas que aínda as operacións manuais posúan relevancia, nas que poden exercer funcións de supervisión de operarios e depender, no seu exercicio, directamente da dirección de produción."}'::jsonb,
  'official_upload',
  now(),
  now(),
  now()
)
on conflict (id) do update set
  name=excluded.name,
  type=excluded.type,
  level=excluded.level,
  family=excluded.family,
  jurisdiction=excluded.jurisdiction,
  route=excluded.route,
  subjects=excluded.subjects,
  ponderation_subjects=excluded.ponderation_subjects,
  route_options=excluded.route_options,
  availability_by_province=excluded.availability_by_province,
  sources=excluded.sources,
  source_url=excluded.source_url,
  source_id=excluded.source_id,
  raw=excluded.raw,
  data_quality=excluded.data_quality,
  verified_at=excluded.verified_at,
  last_seen_at=excluded.last_seen_at,
  updated_at=now();


insert into public.itinera_fp_catalog_details(id,study_id,learned,work_context,jobs,modules,source_file,raw)
values ('detail-fp-v36-cm-elaboracion-de-produtos-alimentarios','fp-v36-cm-elaboracion-de-produtos-alimentarios','alimentarios de acordo cos plans de produción e calidade, así como efectuar o mantemento de primeiro nivel dos equipamentos, aplicando a lexislación de hixiene e seguridade alimentaria, de protección ambiental e de preven- ción de riscos laborais.','pequenas, medianas ou grandes, con niveis moi diversos tanto na súa tecno- loxía como na súa organización. Son traballadores e traballadoras por conta allea que se integran nun equipo de traballo con persoas do seu mesmo nivel de cualificación, ou inferior, onde desenvolven tarefas individuais e en grupo nas áreas funcionais de recepción de materias primas e materiais, preparación e manexo de equipamentos de produción, control de operacións de elaboración, envasamento e embalaxe, apoio ao control de calidade, al- macenamento e expedición de produtos acabados. En xeral, dependerán or- ganicamente dun mando intermedio, coa excepción de pequenas empresas ou nas que aínda as operacións manuais posúan relevancia, nas que poden exercer funcións de supervisión de operarios e depender, no seu exercicio, directamente da dirección de produción.','["mentos para o tratamento e a elaboración de produtos alimentarios", "opera- dor/a e controlador/a de liñas de envasamento e embalaxe", "recepcionista e almaceneiro/a", "subministrador/a de materias primas e materiais ás liñas de produción", "dosificador/a", "supervisor/a de liña."]'::jsonb,'[{"code": "MP0156", "name": "Inglés profesional", "hours": 60}, {"code": "MP1709", "name": "Itinerario persoal para a empregabilidade I", "hours": 107}, {"code": "MP0141", "name": "Materias primas na industria alimentaria", "hours": 236}, {"code": "MP0142", "name": "Operacións de acondicionamento de materias primas", "hours": 184}, {"code": "MP0030", "name": "Operacións e control de almacén na industria alimentaria", "hours": 80}, {"code": "MP0031", "name": "Seguridade e hixiene na manipulación de alimentos", "hours": 53}, {"code": "MP1708", "name": "Sostibilidade aplicada ao sistema produtivo", "hours": 30}, {"code": "MP0143", "name": "Tratamentos de transformación e conservación", "hours": 210}, {"code": "MP1664", "name": "Dixitalización aplicada ao sistema produtivo", "hours": 30}, {"code": "MP1710", "name": "Itinerario persoal para a empregabilidade II", "hours": 50}, {"code": "MP0116", "name": "Principios de mantemento electromecánico", "hours": 109}, {"code": "MP0144", "name": "Procesamento de produtos alimentarios", "hours": 274}, {"code": "MP0145", "name": "Procesos tecnolóxicos na industria alimentaria", "hours": 328}, {"code": "MP1713", "name": "Proxecto intermodular", "hours": 50}, {"code": "MP0146", "name": "Venda e comercialización de produtos alimentarios", "hours": 109}]'::jsonb,'13-industrias_alimentarias_v7.pdf',jsonb_build_object('source_upload','3 base de datos itinera.zip','duration_hours','2000'))
on conflict (id) do update set study_id=excluded.study_id,learned=excluded.learned,work_context=excluded.work_context,jobs=excluded.jobs,modules=excluded.modules,source_file=excluded.source_file,raw=excluded.raw,updated_at=now();


insert into public.itinera_studies(id,name,type,level,family,jurisdiction,official_title,route,subjects,ponderation_subjects,route_options,availability_by_province,sources,source_url,source_id,raw,data_quality,verified_at,last_seen_at,updated_at)
values (
  'fp-v36-cm-panadaria-repostaria-e-confeitaria',
  'Panadaría, repostaría e confeitaría',
  'fpgm',
  'Ciclo formativo de grao medio',
  'Industrias alimentarias',
  'Galicia',
  true,
  'Consultar requisitos, prazas, centros, modalidade e fontes oficiais antes de decidir.',
  '["Elaboracións de panadaría e bolaría", "Inglés profesional", "Itinerario persoal para a empregabilidade I", "Materias primas e procesos en panadaría, pastelaría e repos-", "Operacións e control de almacén na industria alimentaria", "Procesos básicos de pastelaría e repostaría", "Seguridade e hixiene na manipulación de alimentos", "Sostibilidade aplicada ao sistema produtivo", "Dixitalización aplicada ao sistema produtivo", "Elaboracións de confeitaría e outras especialidades", "Itinerario persoal para a empregabilidade II", "Presentación e venda de produtos de panadaría e pastelaría"]'::jsonb,
  '[{"subject": "Non aplica ou consultar fonte oficial", "weight": "consultar fonte oficial"}]'::jsonb,
  '[]'::jsonb,
  '{"Galicia": ["Consultar oferta por provincia, centro, modalidade e curso na Xunta FP."]}'::jsonb,
  '["xunta-fp-catalogo-familias-2025-2026", "xunta-fp-ciclos", "todofp-familias"]'::jsonb,
  'https://www.edu.xunta.gal/fp/oferta-fp',
  'xunta-fp-catalogo-familias-2025-2026',
  '{"source_upload": "3 base de datos itinera.zip", "source_file": "13-industrias_alimentarias_v7.pdf", "duration_hours": 2000, "modules": [{"code": "MP0025", "name": "Elaboracións de panadaría e bolaría", "hours": 317}, {"code": "MP0156", "name": "Inglés profesional", "hours": 60}, {"code": "MP1709", "name": "Itinerario persoal para a empregabilidade I", "hours": 107}, {"code": "MP0024", "name": "Materias primas e procesos en panadaría, pastelaría e repos-", "hours": 103}, {"code": "MP0030", "name": "Operacións e control de almacén na industria alimentaria", "hours": 80}, {"code": "MP0026", "name": "Procesos básicos de pastelaría e repostaría", "hours": 210}, {"code": "MP0031", "name": "Seguridade e hixiene na manipulación de alimentos", "hours": 53}, {"code": "MP1708", "name": "Sostibilidade aplicada ao sistema produtivo", "hours": 30}, {"code": "MP1664", "name": "Dixitalización aplicada ao sistema produtivo", "hours": 30}, {"code": "MP0027", "name": "Elaboracións de confeitaría e outras especialidades", "hours": 301}, {"code": "MP1710", "name": "Itinerario persoal para a empregabilidade II", "hours": 50}, {"code": "MP0032", "name": "Presentación e venda de produtos de panadaría e pastelaría", "hours": 82}, {"code": "MP0029", "name": "Produtos de obradoiro", "hours": 246}, {"code": "MP1713", "name": "Proxecto intermodular", "hours": 50}, {"code": "MP0028", "name": "Sobremesas en restauración", "hours": 191}], "learned": "ducindo as operacións de produción, composición e decoración, en obradoi- ros e establecementos de restauración, con aplicación da lexislación vixente de hixiene e seguridade alimentaria, de protección ambiental e de preven- ción de riscos laborais.", "work_context": "daría, pastelarías e confeitaría, así como no sector da hostalaría, subsector de restauración, e como elaboradores ou elaboradoras por conta propia ou por conta allea. Tamén exercen a súa actividade no sector do comercio da alimentación en establecementos que elaboran e venden produtos de pana- daría, pastelarías e repostaría."}'::jsonb,
  'official_upload',
  now(),
  now(),
  now()
)
on conflict (id) do update set
  name=excluded.name,
  type=excluded.type,
  level=excluded.level,
  family=excluded.family,
  jurisdiction=excluded.jurisdiction,
  route=excluded.route,
  subjects=excluded.subjects,
  ponderation_subjects=excluded.ponderation_subjects,
  route_options=excluded.route_options,
  availability_by_province=excluded.availability_by_province,
  sources=excluded.sources,
  source_url=excluded.source_url,
  source_id=excluded.source_id,
  raw=excluded.raw,
  data_quality=excluded.data_quality,
  verified_at=excluded.verified_at,
  last_seen_at=excluded.last_seen_at,
  updated_at=now();


insert into public.itinera_fp_catalog_details(id,study_id,learned,work_context,jobs,modules,source_file,raw)
values ('detail-fp-v36-cm-panadaria-repostaria-e-confeitaria','fp-v36-cm-panadaria-repostaria-e-confeitaria','ducindo as operacións de produción, composición e decoración, en obradoi- ros e establecementos de restauración, con aplicación da lexislación vixente de hixiene e seguridade alimentaria, de protección ambiental e de preven- ción de riscos laborais.','daría, pastelarías e confeitaría, así como no sector da hostalaría, subsector de restauración, e como elaboradores ou elaboradoras por conta propia ou por conta allea. Tamén exercen a súa actividade no sector do comercio da alimentación en establecementos que elaboran e venden produtos de pana- daría, pastelarías e repostaría.','["pizza", "pasteleiro/a", "elaborador/a e decorador/a de pasteis", "confeiteiro/a", "re- posteiro/a", "turroneiro/a", "elaborador/a de caramelos e doces", "elaborador/a de produtos de cacao e chocolate", "churreiro/a", "galleteiro/a", "elaborador/a de sobremesas en restauración."]'::jsonb,'[{"code": "MP0025", "name": "Elaboracións de panadaría e bolaría", "hours": 317}, {"code": "MP0156", "name": "Inglés profesional", "hours": 60}, {"code": "MP1709", "name": "Itinerario persoal para a empregabilidade I", "hours": 107}, {"code": "MP0024", "name": "Materias primas e procesos en panadaría, pastelaría e repos-", "hours": 103}, {"code": "MP0030", "name": "Operacións e control de almacén na industria alimentaria", "hours": 80}, {"code": "MP0026", "name": "Procesos básicos de pastelaría e repostaría", "hours": 210}, {"code": "MP0031", "name": "Seguridade e hixiene na manipulación de alimentos", "hours": 53}, {"code": "MP1708", "name": "Sostibilidade aplicada ao sistema produtivo", "hours": 30}, {"code": "MP1664", "name": "Dixitalización aplicada ao sistema produtivo", "hours": 30}, {"code": "MP0027", "name": "Elaboracións de confeitaría e outras especialidades", "hours": 301}, {"code": "MP1710", "name": "Itinerario persoal para a empregabilidade II", "hours": 50}, {"code": "MP0032", "name": "Presentación e venda de produtos de panadaría e pastelaría", "hours": 82}, {"code": "MP0029", "name": "Produtos de obradoiro", "hours": 246}, {"code": "MP1713", "name": "Proxecto intermodular", "hours": 50}, {"code": "MP0028", "name": "Sobremesas en restauración", "hours": 191}]'::jsonb,'13-industrias_alimentarias_v7.pdf',jsonb_build_object('source_upload','3 base de datos itinera.zip','duration_hours','2000'))
on conflict (id) do update set study_id=excluded.study_id,learned=excluded.learned,work_context=excluded.work_context,jobs=excluded.jobs,modules=excluded.modules,source_file=excluded.source_file,raw=excluded.raw,updated_at=now();


insert into public.itinera_studies(id,name,type,level,family,jurisdiction,official_title,route,subjects,ponderation_subjects,route_options,availability_by_province,sources,source_url,source_id,raw,data_quality,verified_at,last_seen_at,updated_at)
values (
  'fp-v36-cs-procesos-e-calidade-na-industria-alimentaria',
  'Procesos e calidade na industria alimentaria',
  'fpgs',
  'Ciclo formativo de grao superior',
  'Industrias alimentarias',
  'Galicia',
  true,
  'Consultar requisitos, prazas, centros, modalidade e fontes oficiais antes de decidir.',
  '["Análise de alimentos", "Biotecnoloxía alimentaria", "Inglés profesional", "Innovación alimentaria", "Itinerario persoal para a empregabilidade I", "Mantemento electromecánico en industrias de proceso", "Nutrición e seguridade alimentaria", "Organización da produción alimentaria", "Sostibilidade aplicada ao sistema produtivo", "Tratamentos de preparación e conservación dos alimentos", "Comercialización e loxística na industria alimentaria", "Control microbiolóxico e sensorial dos alimentos"]'::jsonb,
  '[{"subject": "Non aplica ou consultar fonte oficial", "weight": "consultar fonte oficial"}]'::jsonb,
  '[]'::jsonb,
  '{"Galicia": ["Consultar oferta por provincia, centro, modalidade e curso na Xunta FP."]}'::jsonb,
  '["xunta-fp-catalogo-familias-2025-2026", "xunta-fp-ciclos", "todofp-familias"]'::jsonb,
  'https://www.edu.xunta.gal/fp/oferta-fp',
  'xunta-fp-catalogo-familias-2025-2026',
  '{"source_upload": "3 base de datos itinera.zip", "source_file": "13-industrias_alimentarias_v7.pdf", "duration_hours": 2000, "modules": [{"code": "MP0464", "name": "Análise de alimentos", "hours": 160}, {"code": "MP0463", "name": "Biotecnoloxía alimentaria", "hours": 107}, {"code": "MP0179", "name": "Inglés profesional", "hours": 60}, {"code": "MP0470", "name": "Innovación alimentaria", "hours": 51}, {"code": "MP1709", "name": "Itinerario persoal para a empregabilidade I", "hours": 107}, {"code": "MP0191", "name": "Mantemento electromecánico en industrias de proceso", "hours": 133}, {"code": "MP0468", "name": "Nutrición e seguridade alimentaria", "hours": 77}, {"code": "MP0466", "name": "Organización da produción alimentaria", "hours": 105}, {"code": "MP1708", "name": "Sostibilidade aplicada ao sistema produtivo", "hours": 30}, {"code": "MP0465", "name": "Tratamentos de preparación e conservación dos alimentos", "hours": 130}, {"code": "MP0084", "name": "Comercialización e loxística na industria alimentaria", "hours": 164}, {"code": "MP0467", "name": "Control microbiolóxico e sensorial dos alimentos", "hours": 109}, {"code": "MP1665", "name": "Dixitalización aplicada ao sistema produtivo", "hours": 30}, {"code": "MP1710", "name": "Itinerario persoal para a empregabilidade II", "hours": 50}, {"code": "MP0469", "name": "Procesos integrados na industria alimentaria", "hours": 137}, {"code": "MP0471", "name": "Proxecto intermodular de procesos e calidade na industria ali-", "hours": 50}, {"code": "MP0462", "name": "Tecnoloxía alimentaria", "hours": 301}, {"code": "MP0086", "name": "Xestión de calidade e ambiental na industria alimentaria", "hours": 109}], "learned": "sos de elaboración de produtos alimentarios programando e supervisando as operacións e os recursos materiais e humanos necesarios, aplicando os plans de produción, calidade, seguridade alimentaria, prevención de riscos laborais e protección ambiental, de acordo coa lexislación.", "work_context": "sas pequenas, medianas ou grandes da industria alimentaria integradas nun equipo de traballo onde realizan tarefas de xestión da produción, organi- zación e control, nas áreas funcionais de loxística, investigación e desen- volvemento, calidade, seguridade alimentaria, prevención de riscos laborais e protección ambiental. Actúan como mandos intermedios baixo a super- visión de persoal responsable técnico de nivel superior, aínda que en pe- quenas empresas dispoñen dun maior grao de autonomía, e poden asumir labores de xestión e dirección de empresa."}'::jsonb,
  'official_upload',
  now(),
  now(),
  now()
)
on conflict (id) do update set
  name=excluded.name,
  type=excluded.type,
  level=excluded.level,
  family=excluded.family,
  jurisdiction=excluded.jurisdiction,
  route=excluded.route,
  subjects=excluded.subjects,
  ponderation_subjects=excluded.ponderation_subjects,
  route_options=excluded.route_options,
  availability_by_province=excluded.availability_by_province,
  sources=excluded.sources,
  source_url=excluded.source_url,
  source_id=excluded.source_id,
  raw=excluded.raw,
  data_quality=excluded.data_quality,
  verified_at=excluded.verified_at,
  last_seen_at=excluded.last_seen_at,
  updated_at=now();


insert into public.itinera_fp_catalog_details(id,study_id,learned,work_context,jobs,modules,source_file,raw)
values ('detail-fp-v36-cs-procesos-e-calidade-na-industria-alimentaria','fp-v36-cs-procesos-e-calidade-na-industria-alimentaria','sos de elaboración de produtos alimentarios programando e supervisando as operacións e os recursos materiais e humanos necesarios, aplicando os plans de produción, calidade, seguridade alimentaria, prevención de riscos laborais e protección ambiental, de acordo coa lexislación.','sas pequenas, medianas ou grandes da industria alimentaria integradas nun equipo de traballo onde realizan tarefas de xestión da produción, organi- zación e control, nas áreas funcionais de loxística, investigación e desen- volvemento, calidade, seguridade alimentaria, prevención de riscos laborais e protección ambiental. Actúan como mandos intermedios baixo a super- visión de persoal responsable técnico de nivel superior, aínda que en pe- quenas empresas dispoñen dun maior grao de autonomía, e poden asumir labores de xestión e dirección de empresa.','["quenda", "supervisor/a de equipamentos, procesos e produtos", "encargado/a de produción", "encargado/a de elaboración de novos produtos e desenvol- vemento de procesos", "técnico/a en análise de alimentos", "técnico/a en aná- lise sensorial", "técnico/a en laboratorio de control de calidade", "inspector/a ou auditor/a de calidade", "encargado/a da xestión da seguridade alimenta- ria", "encargado/a de aprovisionamentos", "encargado/a da liña de envasamento e embalaxe", "encargado/a de control ambiental e seguridade laboral", "técni- co/a comercial."]'::jsonb,'[{"code": "MP0464", "name": "Análise de alimentos", "hours": 160}, {"code": "MP0463", "name": "Biotecnoloxía alimentaria", "hours": 107}, {"code": "MP0179", "name": "Inglés profesional", "hours": 60}, {"code": "MP0470", "name": "Innovación alimentaria", "hours": 51}, {"code": "MP1709", "name": "Itinerario persoal para a empregabilidade I", "hours": 107}, {"code": "MP0191", "name": "Mantemento electromecánico en industrias de proceso", "hours": 133}, {"code": "MP0468", "name": "Nutrición e seguridade alimentaria", "hours": 77}, {"code": "MP0466", "name": "Organización da produción alimentaria", "hours": 105}, {"code": "MP1708", "name": "Sostibilidade aplicada ao sistema produtivo", "hours": 30}, {"code": "MP0465", "name": "Tratamentos de preparación e conservación dos alimentos", "hours": 130}, {"code": "MP0084", "name": "Comercialización e loxística na industria alimentaria", "hours": 164}, {"code": "MP0467", "name": "Control microbiolóxico e sensorial dos alimentos", "hours": 109}, {"code": "MP1665", "name": "Dixitalización aplicada ao sistema produtivo", "hours": 30}, {"code": "MP1710", "name": "Itinerario persoal para a empregabilidade II", "hours": 50}, {"code": "MP0469", "name": "Procesos integrados na industria alimentaria", "hours": 137}, {"code": "MP0471", "name": "Proxecto intermodular de procesos e calidade na industria ali-", "hours": 50}, {"code": "MP0462", "name": "Tecnoloxía alimentaria", "hours": 301}, {"code": "MP0086", "name": "Xestión de calidade e ambiental na industria alimentaria", "hours": 109}]'::jsonb,'13-industrias_alimentarias_v7.pdf',jsonb_build_object('source_upload','3 base de datos itinera.zip','duration_hours','2000'))
on conflict (id) do update set study_id=excluded.study_id,learned=excluded.learned,work_context=excluded.work_context,jobs=excluded.jobs,modules=excluded.modules,source_file=excluded.source_file,raw=excluded.raw,updated_at=now();


insert into public.itinera_studies(id,name,type,level,family,jurisdiction,official_title,route,subjects,ponderation_subjects,route_options,availability_by_province,sources,source_url,source_id,raw,data_quality,verified_at,last_seen_at,updated_at)
values (
  'fp-v36-cs-vitivinicultura',
  'Vitivinicultura',
  'fpgs',
  'Ciclo formativo de grao superior',
  'Industrias alimentarias',
  'Galicia',
  true,
  'Consultar requisitos, prazas, centros, modalidade e fontes oficiais antes de decidir.',
  '["Análise enolóxica", "Cata e cultura vitivinícola", "Inglés profesional", "Itinerario persoal para a empregabilidade I", "Procesos bioquímicos", "Sostibilidade aplicada ao sistema produtivo", "Vinificacións", "Viticultura", "Comercialización e loxística na industria alimentaria", "Dixitalización aplicada ao sistema produtivo", "Estabilización, crianza e envasamento", "Industrias derivadas"]'::jsonb,
  '[{"subject": "Non aplica ou consultar fonte oficial", "weight": "consultar fonte oficial"}]'::jsonb,
  '[]'::jsonb,
  '{"Galicia": ["Consultar oferta por provincia, centro, modalidade e curso na Xunta FP."]}'::jsonb,
  '["xunta-fp-catalogo-familias-2025-2026", "xunta-fp-ciclos", "todofp-familias"]'::jsonb,
  'https://www.edu.xunta.gal/fp/oferta-fp',
  'xunta-fp-catalogo-familias-2025-2026',
  '{"source_upload": "3 base de datos itinera.zip", "source_file": "13-industrias_alimentarias_v7.pdf", "duration_hours": 2000, "modules": [{"code": "MP0081", "name": "Análise enolóxica", "hours": 183}, {"code": "MP0083", "name": "Cata e cultura vitivinícola", "hours": 80}, {"code": "MP0179", "name": "Inglés profesional", "hours": 60}, {"code": "MP1709", "name": "Itinerario persoal para a empregabilidade I", "hours": 107}, {"code": "MP0079", "name": "Procesos bioquímicos", "hours": 183}, {"code": "MP1708", "name": "Sostibilidade aplicada ao sistema produtivo", "hours": 30}, {"code": "MP0078", "name": "Vinificacións", "hours": 157}, {"code": "MP0077", "name": "Viticultura", "hours": 160}, {"code": "MP0084", "name": "Comercialización e loxística na industria alimentaria", "hours": 164}, {"code": "MP1665", "name": "Dixitalización aplicada ao sistema produtivo", "hours": 30}, {"code": "MP0080", "name": "Estabilización, crianza e envasamento", "hours": 191}, {"code": "MP0082", "name": "Industrias derivadas", "hours": 137}, {"code": "MP1710", "name": "Itinerario persoal para a empregabilidade II", "hours": 50}, {"code": "MP0085", "name": "Lexislación vitivinícola e seguridade alimentaria", "hours": 219}, {"code": "MP0087", "name": "Proxecto na industria vitivinícola", "hours": 50}, {"code": "MP0086", "name": "Xestión de calidade e ambiental na industria alimentaria", "hours": 109}], "learned": "trolando a produción vitícola e as operacións de elaboración, estabilización e envasamento de viños e derivados, aplicando os plans de produción, ca- lidade, seguridade alimentaria, prevención de riscos laborais e protección ambiental, consonte a lexislación.", "work_context": "dución de uva, á elaboración, á crianza e ao envasamento de viño, así como en pequenas, medianas e grandes industrias de destilados de viño, concen- tración de mostos, elaboración de vinagres e outros produtos derivados da uva e do viño. Trátase de persoal por conta allea ou propia que exerce a súa actividade en labores de xestión, dirección e supervisión en áreas funcionais de recepción, produción e envasamento."}'::jsonb,
  'official_upload',
  now(),
  now(),
  now()
)
on conflict (id) do update set
  name=excluded.name,
  type=excluded.type,
  level=excluded.level,
  family=excluded.family,
  jurisdiction=excluded.jurisdiction,
  route=excluded.route,
  subjects=excluded.subjects,
  ponderation_subjects=excluded.ponderation_subjects,
  route_options=excluded.route_options,
  availability_by_province=excluded.availability_by_province,
  sources=excluded.sources,
  source_url=excluded.source_url,
  source_id=excluded.source_id,
  raw=excluded.raw,
  data_quality=excluded.data_quality,
  verified_at=excluded.verified_at,
  last_seen_at=excluded.last_seen_at,
  updated_at=now();


insert into public.itinera_fp_catalog_details(id,study_id,learned,work_context,jobs,modules,source_file,raw)
values ('detail-fp-v36-cs-vitivinicultura','fp-v36-cs-vitivinicultura','trolando a produción vitícola e as operacións de elaboración, estabilización e envasamento de viños e derivados, aplicando os plans de produción, ca- lidade, seguridade alimentaria, prevención de riscos laborais e protección ambiental, consonte a lexislación.','dución de uva, á elaboración, á crianza e ao envasamento de viño, así como en pequenas, medianas e grandes industrias de destilados de viño, concen- tración de mostos, elaboración de vinagres e outros produtos derivados da uva e do viño. Trátase de persoal por conta allea ou propia que exerce a súa actividade en labores de xestión, dirección e supervisión en áreas funcionais de recepción, produción e envasamento.','["ción", "encargado/a de recepción de mostos frescos e sulfitados", "supervisor/a de columnas de destilación e concentración", "encargado/a da liña de enva- samento de destilados", "concentrados e vinagres", "encargado/a de avellen- tamento e crianza de destilados e vinagres", "técnico/a en análise sensorial."]'::jsonb,'[{"code": "MP0081", "name": "Análise enolóxica", "hours": 183}, {"code": "MP0083", "name": "Cata e cultura vitivinícola", "hours": 80}, {"code": "MP0179", "name": "Inglés profesional", "hours": 60}, {"code": "MP1709", "name": "Itinerario persoal para a empregabilidade I", "hours": 107}, {"code": "MP0079", "name": "Procesos bioquímicos", "hours": 183}, {"code": "MP1708", "name": "Sostibilidade aplicada ao sistema produtivo", "hours": 30}, {"code": "MP0078", "name": "Vinificacións", "hours": 157}, {"code": "MP0077", "name": "Viticultura", "hours": 160}, {"code": "MP0084", "name": "Comercialización e loxística na industria alimentaria", "hours": 164}, {"code": "MP1665", "name": "Dixitalización aplicada ao sistema produtivo", "hours": 30}, {"code": "MP0080", "name": "Estabilización, crianza e envasamento", "hours": 191}, {"code": "MP0082", "name": "Industrias derivadas", "hours": 137}, {"code": "MP1710", "name": "Itinerario persoal para a empregabilidade II", "hours": 50}, {"code": "MP0085", "name": "Lexislación vitivinícola e seguridade alimentaria", "hours": 219}, {"code": "MP0087", "name": "Proxecto na industria vitivinícola", "hours": 50}, {"code": "MP0086", "name": "Xestión de calidade e ambiental na industria alimentaria", "hours": 109}]'::jsonb,'13-industrias_alimentarias_v7.pdf',jsonb_build_object('source_upload','3 base de datos itinera.zip','duration_hours','2000'))
on conflict (id) do update set study_id=excluded.study_id,learned=excluded.learned,work_context=excluded.work_context,jobs=excluded.jobs,modules=excluded.modules,source_file=excluded.source_file,raw=excluded.raw,updated_at=now();


insert into public.itinera_studies(id,name,type,level,family,jurisdiction,official_title,route,subjects,ponderation_subjects,route_options,availability_by_province,sources,source_url,source_id,raw,data_quality,verified_at,last_seen_at,updated_at)
values (
  'fp-v36-es-tecnoloxia-e-xestion-queixeira',
  'Tecnoloxía e xestión queixeira',
  'especializacion_gs',
  'Curso de especialización de grao superior',
  'Industrias alimentarias',
  'Galicia',
  true,
  'Consultar requisitos, prazas, centros, modalidade e fontes oficiais antes de decidir.',
  '["Lactoloxía e técnicas analíticas", "Operacións e equipos na industria queixeira", "Tecnoloxía queixeira", "Xestión industrial da queixeiría"]'::jsonb,
  '[{"subject": "Non aplica ou consultar fonte oficial", "weight": "consultar fonte oficial"}]'::jsonb,
  '[]'::jsonb,
  '{"Galicia": ["Consultar oferta por provincia, centro, modalidade e curso na Xunta FP."]}'::jsonb,
  '["xunta-fp-catalogo-familias-2025-2026", "xunta-fp-ciclos", "todofp-familias"]'::jsonb,
  'https://www.edu.xunta.gal/fp/oferta-fp',
  'xunta-fp-catalogo-familias-2025-2026',
  '{"source_upload": "3 base de datos itinera.zip", "source_file": "13-industrias_alimentarias_v7.pdf", "duration_hours": 680, "modules": [{"code": "MP5145", "name": "Lactoloxía e técnicas analíticas", "hours": 140}, {"code": "MP5147", "name": "Operacións e equipos na industria queixeira", "hours": 120}, {"code": "MP5146", "name": "Tecnoloxía queixeira", "hours": 280}, {"code": "MP5148", "name": "Xestión industrial da queixeiría", "hours": 140}], "learned": "e aplicar a tecnoloxía queixeira, programando e supervisando as etapas de fabricación, aplicando os sistemas de control e as técnicas de mellora con- tinua, así como a xestión dos recursos necesarios para garantir os plans de produción, os obxectivos de calidade e seguridade alimentaria, a xestión de custos, a prevención de riscos laborais e a protección ambiental, de acordo coas normas establecidas pola empresa e coa lexislación.", "work_context": "tarefas de fabricación, organización da produción, xestión económica, des- envolvemento de produtos, calidade, seguridade alimentaria, prevención de riscos laborais e protección ambiental. Actuarase como mando intermedio baixo a supervisión de persoal técnico superior, aínda que en pequenas em- presas se terá un maior grao de autonomía e poderanse asumir labores de xestión e dirección."}'::jsonb,
  'official_upload',
  now(),
  now(),
  now()
)
on conflict (id) do update set
  name=excluded.name,
  type=excluded.type,
  level=excluded.level,
  family=excluded.family,
  jurisdiction=excluded.jurisdiction,
  route=excluded.route,
  subjects=excluded.subjects,
  ponderation_subjects=excluded.ponderation_subjects,
  route_options=excluded.route_options,
  availability_by_province=excluded.availability_by_province,
  sources=excluded.sources,
  source_url=excluded.source_url,
  source_id=excluded.source_id,
  raw=excluded.raw,
  data_quality=excluded.data_quality,
  verified_at=excluded.verified_at,
  last_seen_at=excluded.last_seen_at,
  updated_at=now();


insert into public.itinera_fp_catalog_details(id,study_id,learned,work_context,jobs,modules,source_file,raw)
values ('detail-fp-v36-es-tecnoloxia-e-xestion-queixeira','fp-v36-es-tecnoloxia-e-xestion-queixeira','e aplicar a tecnoloxía queixeira, programando e supervisando as etapas de fabricación, aplicando os sistemas de control e as técnicas de mellora con- tinua, así como a xestión dos recursos necesarios para garantir os plans de produción, os obxectivos de calidade e seguridade alimentaria, a xestión de custos, a prevención de riscos laborais e a protección ambiental, de acordo coas normas establecidas pola empresa e coa lexislación.','tarefas de fabricación, organización da produción, xestión económica, des- envolvemento de produtos, calidade, seguridade alimentaria, prevención de riscos laborais e protección ambiental. Actuarase como mando intermedio baixo a supervisión de persoal técnico superior, aínda que en pequenas em- presas se terá un maior grao de autonomía e poderanse asumir labores de xestión e dirección.','["ción ou afinado", "responsable de fabricación", "responsable de afinado ou de maduración", "técnico/a de laboratorio en queixaría", "técnico/a de investigación e desenvolvemento", "responsable de empresa queixeira (persoas emprende- doras)", "técnico/a comercial."]'::jsonb,'[{"code": "MP5145", "name": "Lactoloxía e técnicas analíticas", "hours": 140}, {"code": "MP5147", "name": "Operacións e equipos na industria queixeira", "hours": 120}, {"code": "MP5146", "name": "Tecnoloxía queixeira", "hours": 280}, {"code": "MP5148", "name": "Xestión industrial da queixeiría", "hours": 140}]'::jsonb,'13-industrias_alimentarias_v7.pdf',jsonb_build_object('source_upload','3 base de datos itinera.zip','duration_hours','680'))
on conflict (id) do update set study_id=excluded.study_id,learned=excluded.learned,work_context=excluded.work_context,jobs=excluded.jobs,modules=excluded.modules,source_file=excluded.source_file,raw=excluded.raw,updated_at=now();


insert into public.itinera_studies(id,name,type,level,family,jurisdiction,official_title,route,subjects,ponderation_subjects,route_options,availability_by_province,sources,source_url,source_id,raw,data_quality,verified_at,last_seen_at,updated_at)
values (
  'fp-v36-cm-pedra-natural',
  'Pedra natural',
  'fpgm',
  'Ciclo formativo de grao medio',
  'Industrias extractivas',
  'Galicia',
  true,
  'Consultar requisitos, prazas, centros, modalidade e fontes oficiais antes de decidir.',
  '["Coñecemento e extracción de pedra", "Corte de bloques", "Elaboración de pezas", "Inglés profesional", "Itinerario persoal para a empregabilidade I", "Modelos en obras de pedra", "Montaxe de pedra natural", "Sostibilidade aplicada ao sistema produtivo", "Comercialización de obras de pedra", "Dixitalización aplicada ao sistema produtivo", "Itinerario persoal para a empregabilidade II", "Proxecto intermodular"]'::jsonb,
  '[{"subject": "Non aplica ou consultar fonte oficial", "weight": "consultar fonte oficial"}]'::jsonb,
  '[]'::jsonb,
  '{"Galicia": ["Consultar oferta por provincia, centro, modalidade e curso na Xunta FP."]}'::jsonb,
  '["xunta-fp-catalogo-familias-2025-2026", "xunta-fp-ciclos", "todofp-familias"]'::jsonb,
  'https://www.edu.xunta.gal/fp/oferta-fp',
  'xunta-fp-catalogo-familias-2025-2026',
  '{"source_upload": "3 base de datos itinera.zip", "source_file": "14-industrias_extractivas_v7.pdf", "duration_hours": 2000, "modules": [{"code": "MP0892", "name": "Coñecemento e extracción de pedra", "hours": 127}, {"code": "MP0887", "name": "Corte de bloques", "hours": 102}, {"code": "MP0889", "name": "Elaboración de pezas", "hours": 178}, {"code": "MP0156", "name": "Inglés profesional", "hours": 60}, {"code": "MP1709", "name": "Itinerario persoal para a empregabilidade I", "hours": 107}, {"code": "MP0890", "name": "Modelos en obras de pedra", "hours": 152}, {"code": "MP0896", "name": "Montaxe de pedra natural", "hours": 204}, {"code": "MP1708", "name": "Sostibilidade aplicada ao sistema produtivo", "hours": 30}, {"code": "MP0891", "name": "Comercialización de obras de pedra", "hours": 109}, {"code": "MP1664", "name": "Dixitalización aplicada ao sistema produtivo", "hours": 30}, {"code": "MP1710", "name": "Itinerario persoal para a empregabilidade II", "hours": 50}, {"code": "MP1713", "name": "Proxecto intermodular", "hours": 50}, {"code": "MP0894", "name": "Restauración de pedra natural", "hours": 219}, {"code": "MP0893", "name": "Talla e montaxe de pedra natural", "hours": 246}, {"code": "MP0895", "name": "Tecnoloxías de mecanizado en piedra natural", "hours": 164}, {"code": "MP0888", "name": "Tratamentos superficiais", "hours": 82}], "learned": "ral segundo as técnicas e os procesos establecidos, así como en colocala e restaurala, manexando e mantendo ferramentas e maquinaria, e cumprindo as especificacións de calidade, seguridade laboral e protección ambiental.", "work_context": "natural ou de construción, xeralmente privadas e de tamaño pequeno, me- diano ou grande. Tamén se pode desempeñar en obradoiros artesanais e artísticos. Desenvolveranse funcións técnicas, seguindo instrucións de per- soal técnico de nivel superior, a quen se informará do alcance dos obxectivos establecidos."}'::jsonb,
  'official_upload',
  now(),
  now(),
  now()
)
on conflict (id) do update set
  name=excluded.name,
  type=excluded.type,
  level=excluded.level,
  family=excluded.family,
  jurisdiction=excluded.jurisdiction,
  route=excluded.route,
  subjects=excluded.subjects,
  ponderation_subjects=excluded.ponderation_subjects,
  route_options=excluded.route_options,
  availability_by_province=excluded.availability_by_province,
  sources=excluded.sources,
  source_url=excluded.source_url,
  source_id=excluded.source_id,
  raw=excluded.raw,
  data_quality=excluded.data_quality,
  verified_at=excluded.verified_at,
  last_seen_at=excluded.last_seen_at,
  updated_at=now();


insert into public.itinera_fp_catalog_details(id,study_id,learned,work_context,jobs,modules,source_file,raw)
values ('detail-fp-v36-cm-pedra-natural','fp-v36-cm-pedra-natural','ral segundo as técnicas e os procesos establecidos, así como en colocala e restaurala, manexando e mantendo ferramentas e maquinaria, e cumprindo as especificacións de calidade, seguridade laboral e protección ambiental.','natural ou de construción, xeralmente privadas e de tamaño pequeno, me- diano ou grande. Tamén se pode desempeñar en obradoiros artesanais e artísticos. Desenvolveranse funcións técnicas, seguindo instrucións de per- soal técnico de nivel superior, a quen se informará do alcance dos obxectivos establecidos.','["ques", "elaborador/a de cachotaría", "operador/a de maquinaria de control numérico de pedra natural", "operador/a, torneiro/a ou fresador/a de pe- dra", "operador/a de máquina", "tallista", "labrador/a", "fendedor/a de pedra natu- ral", "operador/a de tratamentos químicos para pedra", "embalador/a, empa- quetador/a, etiquetador/a", "colocador/a de conxuntos artesanais de pedra natural", "colocador/a de placas", "colocador/a de fachadas ventiladas", "puli- dor/a, abrillantador/a de chans", "marmorista da construción", "traballador/a cualificado/a en mantemento e restauración de pedra natural", "traballador/a especialista na realización de padróns, moldes, modelos e maquetas para traballos de pedra natural."]'::jsonb,'[{"code": "MP0892", "name": "Coñecemento e extracción de pedra", "hours": 127}, {"code": "MP0887", "name": "Corte de bloques", "hours": 102}, {"code": "MP0889", "name": "Elaboración de pezas", "hours": 178}, {"code": "MP0156", "name": "Inglés profesional", "hours": 60}, {"code": "MP1709", "name": "Itinerario persoal para a empregabilidade I", "hours": 107}, {"code": "MP0890", "name": "Modelos en obras de pedra", "hours": 152}, {"code": "MP0896", "name": "Montaxe de pedra natural", "hours": 204}, {"code": "MP1708", "name": "Sostibilidade aplicada ao sistema produtivo", "hours": 30}, {"code": "MP0891", "name": "Comercialización de obras de pedra", "hours": 109}, {"code": "MP1664", "name": "Dixitalización aplicada ao sistema produtivo", "hours": 30}, {"code": "MP1710", "name": "Itinerario persoal para a empregabilidade II", "hours": 50}, {"code": "MP1713", "name": "Proxecto intermodular", "hours": 50}, {"code": "MP0894", "name": "Restauración de pedra natural", "hours": 219}, {"code": "MP0893", "name": "Talla e montaxe de pedra natural", "hours": 246}, {"code": "MP0895", "name": "Tecnoloxías de mecanizado en piedra natural", "hours": 164}, {"code": "MP0888", "name": "Tratamentos superficiais", "hours": 82}]'::jsonb,'14-industrias_extractivas_v7.pdf',jsonb_build_object('source_upload','3 base de datos itinera.zip','duration_hours','2000'))
on conflict (id) do update set study_id=excluded.study_id,learned=excluded.learned,work_context=excluded.work_context,jobs=excluded.jobs,modules=excluded.modules,source_file=excluded.source_file,raw=excluded.raw,updated_at=now();


insert into public.itinera_studies(id,name,type,level,family,jurisdiction,official_title,route,subjects,ponderation_subjects,route_options,availability_by_province,sources,source_url,source_id,raw,data_quality,verified_at,last_seen_at,updated_at)
values (
  'fp-v36-cm-pedra-natural-especializado-en-canteria',
  'Pedra natural especializado en Cantería',
  'fpgm',
  'Ciclo formativo de grao medio',
  'Industrias extractivas',
  'Galicia',
  true,
  'Consultar requisitos, prazas, centros, modalidade e fontes oficiais antes de decidir.',
  '["Coñecemento e extracción de pedra", "Corte de bloques", "Elaboración de pezas", "Inglés profesional", "Itinerario persoal para a empregabilidade I", "Modelos en obras de pedra", "Montaxe de pedra natural", "Sostibilidade aplicada ao sistema produtivo", "Comercialización de obras de pedra", "Dixitalización aplicada ao sistema produtivo", "Itinerario persoal para a empregabilidade II", "Proxecto intermodular"]'::jsonb,
  '[{"subject": "Non aplica ou consultar fonte oficial", "weight": "consultar fonte oficial"}]'::jsonb,
  '[]'::jsonb,
  '{"Galicia": ["Consultar oferta por provincia, centro, modalidade e curso na Xunta FP."]}'::jsonb,
  '["xunta-fp-catalogo-familias-2025-2026", "xunta-fp-ciclos", "todofp-familias"]'::jsonb,
  'https://www.edu.xunta.gal/fp/oferta-fp',
  'xunta-fp-catalogo-familias-2025-2026',
  '{"source_upload": "3 base de datos itinera.zip", "source_file": "14-industrias_extractivas_v7.pdf", "duration_hours": 2107, "modules": [{"code": "MP0892", "name": "Coñecemento e extracción de pedra", "hours": 127}, {"code": "MP0887", "name": "Corte de bloques", "hours": 102}, {"code": "MP0889", "name": "Elaboración de pezas", "hours": 178}, {"code": "MP0156", "name": "Inglés profesional", "hours": 60}, {"code": "MP1709", "name": "Itinerario persoal para a empregabilidade I", "hours": 107}, {"code": "MP0890", "name": "Modelos en obras de pedra", "hours": 152}, {"code": "MP0896", "name": "Montaxe de pedra natural", "hours": 204}, {"code": "MP1708", "name": "Sostibilidade aplicada ao sistema produtivo", "hours": 30}, {"code": "MP0891", "name": "Comercialización de obras de pedra", "hours": 109}, {"code": "MP1664", "name": "Dixitalización aplicada ao sistema produtivo", "hours": 30}, {"code": "MP1710", "name": "Itinerario persoal para a empregabilidade II", "hours": 50}, {"code": "MP1713", "name": "Proxecto intermodular", "hours": 50}, {"code": "MP0894", "name": "Restauración de pedra natural", "hours": 219}, {"code": "MP0893", "name": "Talla e montaxe de pedra natural", "hours": 246}, {"code": "MP0895", "name": "Tecnoloxías de mecanizado en piedra natural", "hours": 164}, {"code": "MP0888", "name": "Tratamentos superficiais", "hours": 82}, {"code": "MP0996", "name": "Interpretación de planos de construción", "hours": 107}, {"code": "MP0847", "name": "Sondaxes", "hours": 179}, {"code": "MP0850", "name": "Traballos xeotécnicos", "hours": 152}, {"code": "MP1031", "name": "Técnicas de voaduras", "hours": 152}], "learned": "ral segundo as técnicas e os procesos establecidos, así como en colocala e restaurala, manexando e mantendo ferramentas e maquinaria, e cumprindo as especificacións de calidade, seguridade laboral e protección ambiental.", "work_context": "natural ou de construción, xeralmente privadas e de tamaño pequeno, me- diano ou grande. Tamén se pode desempeñar en obradoiros artesanais e artísticos. Desenvolveranse funcións técnicas, seguindo instrucións de per- soal técnico de nivel superior, a quen se informará do alcance dos obxectivos establecidos."}'::jsonb,
  'official_upload',
  now(),
  now(),
  now()
)
on conflict (id) do update set
  name=excluded.name,
  type=excluded.type,
  level=excluded.level,
  family=excluded.family,
  jurisdiction=excluded.jurisdiction,
  route=excluded.route,
  subjects=excluded.subjects,
  ponderation_subjects=excluded.ponderation_subjects,
  route_options=excluded.route_options,
  availability_by_province=excluded.availability_by_province,
  sources=excluded.sources,
  source_url=excluded.source_url,
  source_id=excluded.source_id,
  raw=excluded.raw,
  data_quality=excluded.data_quality,
  verified_at=excluded.verified_at,
  last_seen_at=excluded.last_seen_at,
  updated_at=now();


insert into public.itinera_fp_catalog_details(id,study_id,learned,work_context,jobs,modules,source_file,raw)
values ('detail-fp-v36-cm-pedra-natural-especializado-en-canteria','fp-v36-cm-pedra-natural-especializado-en-canteria','ral segundo as técnicas e os procesos establecidos, así como en colocala e restaurala, manexando e mantendo ferramentas e maquinaria, e cumprindo as especificacións de calidade, seguridade laboral e protección ambiental.','natural ou de construción, xeralmente privadas e de tamaño pequeno, me- diano ou grande. Tamén se pode desempeñar en obradoiros artesanais e artísticos. Desenvolveranse funcións técnicas, seguindo instrucións de per- soal técnico de nivel superior, a quen se informará do alcance dos obxectivos establecidos.','["ques", "elaborador/a de cachotaría", "operador/a de maquinaria de control numérico de pedra natural", "operador/a tornero/a fresador/a de pedra", "ope- rador/a de máquina", "tallista", "labrador/a", "fendedor/a de pedra natural", "opera- dor/a de tratamentos químicos para pedra", "embalador/a empaquetador/a etiquetador/a", "colocador/a de conxuntos artesanais de pedra natural", "co- locador/a de placas", "colocador/a de fachadas ventiladas", "pulidor/a abrillan- tador/a de chans", "marmorista da construción", "traballador/a cualificado/a en mantemento e restauración de pedra natural", "traballador/a especialista na realización de padróns, moldes, modelos e maquetas para traballos de pe- dra natural."]'::jsonb,'[{"code": "MP0892", "name": "Coñecemento e extracción de pedra", "hours": 127}, {"code": "MP0887", "name": "Corte de bloques", "hours": 102}, {"code": "MP0889", "name": "Elaboración de pezas", "hours": 178}, {"code": "MP0156", "name": "Inglés profesional", "hours": 60}, {"code": "MP1709", "name": "Itinerario persoal para a empregabilidade I", "hours": 107}, {"code": "MP0890", "name": "Modelos en obras de pedra", "hours": 152}, {"code": "MP0896", "name": "Montaxe de pedra natural", "hours": 204}, {"code": "MP1708", "name": "Sostibilidade aplicada ao sistema produtivo", "hours": 30}, {"code": "MP0891", "name": "Comercialización de obras de pedra", "hours": 109}, {"code": "MP1664", "name": "Dixitalización aplicada ao sistema produtivo", "hours": 30}, {"code": "MP1710", "name": "Itinerario persoal para a empregabilidade II", "hours": 50}, {"code": "MP1713", "name": "Proxecto intermodular", "hours": 50}, {"code": "MP0894", "name": "Restauración de pedra natural", "hours": 219}, {"code": "MP0893", "name": "Talla e montaxe de pedra natural", "hours": 246}, {"code": "MP0895", "name": "Tecnoloxías de mecanizado en piedra natural", "hours": 164}, {"code": "MP0888", "name": "Tratamentos superficiais", "hours": 82}, {"code": "MP0996", "name": "Interpretación de planos de construción", "hours": 107}, {"code": "MP0847", "name": "Sondaxes", "hours": 179}, {"code": "MP0850", "name": "Traballos xeotécnicos", "hours": 152}, {"code": "MP1031", "name": "Técnicas de voaduras", "hours": 152}, {"code": "MP1078", "name": "Estabilización de noiros", "hours": 128}, {"code": "MP1081", "name": "Operacións e manexo de maquinaria de escavación", "hours": 152}, {"code": "MP1708", "name": "Sostibilidade aplicada ao sistema produtivo", "hours": 30}, {"code": "MP1709", "name": "Itinerario persoal para a empregabilidade I", "hours": 107}, {"code": "MP0156", "name": "Inglés profesional", "hours": 60}, {"code": "MP0881", "name": "Perforacións", "hours": 246}, {"code": "MP1077", "name": "Sostemento", "hours": 137}, {"code": "MP1079", "name": "Escavacións con arranque selectivo", "hours": 164}, {"code": "MP1080", "name": "Operacións de carga e transporte en escavacións", "hours": 273}, {"code": "MP1664", "name": "Dixitalización aplicada aos sectores produtivos", "hours": 30}, {"code": "MP1710", "name": "Itinerario persoal para a empregabilidade II", "hours": 50}, {"code": "MP1713", "name": "Proxecto intermodular", "hours": 50}]'::jsonb,'14-industrias_extractivas_v7.pdf',jsonb_build_object('source_upload','3 base de datos itinera.zip','duration_hours','2107'))
on conflict (id) do update set study_id=excluded.study_id,learned=excluded.learned,work_context=excluded.work_context,jobs=excluded.jobs,modules=excluded.modules,source_file=excluded.source_file,raw=excluded.raw,updated_at=now();


insert into public.itinera_studies(id,name,type,level,family,jurisdiction,official_title,route,subjects,ponderation_subjects,route_options,availability_by_province,sources,source_url,source_id,raw,data_quality,verified_at,last_seen_at,updated_at)
values (
  'fp-v36-cb-informatica-de-oficina',
  'Informática de oficina',
  'fpb',
  'Ciclo formativo de grao básico',
  'Informática e comunicacións',
  'Galicia',
  true,
  'Consultar requisitos, prazas, centros, modalidade e fontes oficiais antes de decidir.',
  '["Ciencias aplicadas I", "Comunicación e ciencias sociais I", "Itinerario persoal para a empregabilidade", "Montaxe e mantemento de sistemas e compoñentes infor-", "Ofimática e arquivamento de documentos", "Ciencias aplicadas II", "Comunicación e ciencias sociais II", "Instalación e mantemento de redes para transmisión de da-", "Operacións auxiliares para a configuración e a explotación", "Proxecto intermodular de aprendizaxe colaborativa"]'::jsonb,
  '[{"subject": "Non aplica ou consultar fonte oficial", "weight": "consultar fonte oficial"}]'::jsonb,
  '[]'::jsonb,
  '{"Galicia": ["Consultar oferta por provincia, centro, modalidade e curso na Xunta FP."]}'::jsonb,
  '["xunta-fp-catalogo-familias-2025-2026", "xunta-fp-ciclos", "todofp-familias"]'::jsonb,
  'https://www.edu.xunta.gal/fp/oferta-fp',
  'xunta-fp-catalogo-familias-2025-2026',
  '{"source_upload": "3 base de datos itinera.zip", "source_file": "15-informatica_e_comunicacion_v7.pdf", "duration_hours": 2000, "modules": [{"code": "AM3163", "name": "Ciencias aplicadas I", "hours": 146}, {"code": "AM3161", "name": "Comunicación e ciencias sociais I", "hours": 175}, {"code": "MP3159", "name": "Itinerario persoal para a empregabilidade", "hours": 60}, {"code": "MP3029", "name": "Montaxe e mantemento de sistemas e compoñentes infor-", "hours": 296}, {"code": "MP3031", "name": "Ofimática e arquivamento de documentos", "hours": 233}, {"code": "AM3164", "name": "Ciencias aplicadas II", "hours": 146}, {"code": "AM3162", "name": "Comunicación e ciencias sociais II", "hours": 125}, {"code": "MP3016", "name": "Instalación e mantemento de redes para transmisión de da-", "hours": 367}, {"code": "MP3030", "name": "Operacións auxiliares para a configuración e a explotación", "hours": 367}, {"code": "MP3160", "name": "Proxecto intermodular de aprendizaxe colaborativa", "hours": 25}], "learned": "croinformáticos, periféricos e redes de comunicación de datos, de trata- mento, reprodución e arquivamento de documentos, operando coa calidade indicada e en condicións de seguridade e de protección ambiental, con res- ponsabilidade e iniciativa persoal, e comunicándose oralmente e por escrito en linguas galega e castelá, así como nalgunha lingua estranxeira.", "work_context": "montaxe, ao mantemento e á reparación de sistemas microinformáticos e de equipamentos eléctricos ou electrónicos, e en empresas que utilicen sis- temas informáticos, para a súa xestión."}'::jsonb,
  'official_upload',
  now(),
  now(),
  now()
)
on conflict (id) do update set
  name=excluded.name,
  type=excluded.type,
  level=excluded.level,
  family=excluded.family,
  jurisdiction=excluded.jurisdiction,
  route=excluded.route,
  subjects=excluded.subjects,
  ponderation_subjects=excluded.ponderation_subjects,
  route_options=excluded.route_options,
  availability_by_province=excluded.availability_by_province,
  sources=excluded.sources,
  source_url=excluded.source_url,
  source_id=excluded.source_id,
  raw=excluded.raw,
  data_quality=excluded.data_quality,
  verified_at=excluded.verified_at,
  last_seen_at=excluded.last_seen_at,
  updated_at=now();


insert into public.itinera_fp_catalog_details(id,study_id,learned,work_context,jobs,modules,source_file,raw)
values ('detail-fp-v36-cb-informatica-de-oficina','fp-v36-cb-informatica-de-oficina','croinformáticos, periféricos e redes de comunicación de datos, de trata- mento, reprodución e arquivamento de documentos, operando coa calidade indicada e en condicións de seguridade e de protección ambiental, con res- ponsabilidade e iniciativa persoal, e comunicándose oralmente e por escrito en linguas galega e castelá, así como nalgunha lingua estranxeira.','montaxe, ao mantemento e á reparación de sistemas microinformáticos e de equipamentos eléctricos ou electrónicos, e en empresas que utilicen sis- temas informáticos, para a súa xestión.','["mantemento de sistemas informáticos", "axudante/a de instalador/a de siste- mas informáticos", "axudante/a de instalador/a de sistemas para transmisión de datos", "auxiliar de oficina", "auxiliar de servizos xerais", "gravador-verificador de datos", "auxiliar de dixitalización", "operador/a documental."]'::jsonb,'[{"code": "AM3163", "name": "Ciencias aplicadas I", "hours": 146}, {"code": "AM3161", "name": "Comunicación e ciencias sociais I", "hours": 175}, {"code": "MP3159", "name": "Itinerario persoal para a empregabilidade", "hours": 60}, {"code": "MP3029", "name": "Montaxe e mantemento de sistemas e compoñentes infor-", "hours": 296}, {"code": "MP3031", "name": "Ofimática e arquivamento de documentos", "hours": 233}, {"code": "AM3164", "name": "Ciencias aplicadas II", "hours": 146}, {"code": "AM3162", "name": "Comunicación e ciencias sociais II", "hours": 125}, {"code": "MP3016", "name": "Instalación e mantemento de redes para transmisión de da-", "hours": 367}, {"code": "MP3030", "name": "Operacións auxiliares para a configuración e a explotación", "hours": 367}, {"code": "MP3160", "name": "Proxecto intermodular de aprendizaxe colaborativa", "hours": 25}]'::jsonb,'15-informatica_e_comunicacion_v7.pdf',jsonb_build_object('source_upload','3 base de datos itinera.zip','duration_hours','2000'))
on conflict (id) do update set study_id=excluded.study_id,learned=excluded.learned,work_context=excluded.work_context,jobs=excluded.jobs,modules=excluded.modules,source_file=excluded.source_file,raw=excluded.raw,updated_at=now();


insert into public.itinera_studies(id,name,type,level,family,jurisdiction,official_title,route,subjects,ponderation_subjects,route_options,availability_by_province,sources,source_url,source_id,raw,data_quality,verified_at,last_seen_at,updated_at)
values (
  'fp-v36-cb-informatica-e-comunicacions',
  'Informática e comunicacións',
  'fpb',
  'Ciclo formativo de grao básico',
  'Informática e comunicacións',
  'Galicia',
  true,
  'Consultar requisitos, prazas, centros, modalidade e fontes oficiais antes de decidir.',
  '["Ciencias aplicadas I", "Comunicación e ciencias sociais I", "Equipamentos eléctricos e electrónicos", "Itinerario persoal para a empregabilidade", "Montaxe e mantemento de sistemas e compoñentes infor-", "Ciencias aplicadas II", "Comunicación e ciencias sociais II", "Instalación e mantemento de redes para transmisión de da-", "Operacións auxiliares para a configuración e a explotación", "Proxecto intermodular de aprendizaxe colaborativa"]'::jsonb,
  '[{"subject": "Non aplica ou consultar fonte oficial", "weight": "consultar fonte oficial"}]'::jsonb,
  '[]'::jsonb,
  '{"Galicia": ["Consultar oferta por provincia, centro, modalidade e curso na Xunta FP."]}'::jsonb,
  '["xunta-fp-catalogo-familias-2025-2026", "xunta-fp-ciclos", "todofp-familias"]'::jsonb,
  'https://www.edu.xunta.gal/fp/oferta-fp',
  'xunta-fp-catalogo-familias-2025-2026',
  '{"source_upload": "3 base de datos itinera.zip", "source_file": "15-informatica_e_comunicacion_v7.pdf", "duration_hours": 2000, "modules": [{"code": "AM3163", "name": "Ciencias aplicadas I", "hours": 146}, {"code": "AM3161", "name": "Comunicación e ciencias sociais I", "hours": 175}, {"code": "MP3015", "name": "Equipamentos eléctricos e electrónicos", "hours": 233}, {"code": "MP3159", "name": "Itinerario persoal para a empregabilidade", "hours": 60}, {"code": "MP3029", "name": "Montaxe e mantemento de sistemas e compoñentes infor-", "hours": 296}, {"code": "AM3164", "name": "Ciencias aplicadas II", "hours": 146}, {"code": "AM3162", "name": "Comunicación e ciencias sociais II", "hours": 125}, {"code": "MP3016", "name": "Instalación e mantemento de redes para transmisión de da-", "hours": 367}, {"code": "MP3030", "name": "Operacións auxiliares para a configuración e a explotación", "hours": 367}, {"code": "MP3160", "name": "Proxecto intermodular de aprendizaxe colaborativa", "hours": 25}], "learned": "croinformáticos, periféricos e redes de comunicación de datos, así como de equipamentos eléctricos e electrónicos, operando coa calidade indicada e actuando en condicións de seguridade e de protección ambiental, con res- ponsabilidade e iniciativa persoal e comunicándose oralmente e por escrito en linguas galega e castelá, así como nalgunha lingua estranxeira.", "work_context": "montaxe, ao mantemento e á reparación de sistemas microinformáticos e de equipamentos eléctricos ou electrónicos, así como en empresas que uti- licen sistemas informáticos, para a súa xestión."}'::jsonb,
  'official_upload',
  now(),
  now(),
  now()
)
on conflict (id) do update set
  name=excluded.name,
  type=excluded.type,
  level=excluded.level,
  family=excluded.family,
  jurisdiction=excluded.jurisdiction,
  route=excluded.route,
  subjects=excluded.subjects,
  ponderation_subjects=excluded.ponderation_subjects,
  route_options=excluded.route_options,
  availability_by_province=excluded.availability_by_province,
  sources=excluded.sources,
  source_url=excluded.source_url,
  source_id=excluded.source_id,
  raw=excluded.raw,
  data_quality=excluded.data_quality,
  verified_at=excluded.verified_at,
  last_seen_at=excluded.last_seen_at,
  updated_at=now();


insert into public.itinera_fp_catalog_details(id,study_id,learned,work_context,jobs,modules,source_file,raw)
values ('detail-fp-v36-cb-informatica-e-comunicacions','fp-v36-cb-informatica-e-comunicacions','croinformáticos, periféricos e redes de comunicación de datos, así como de equipamentos eléctricos e electrónicos, operando coa calidade indicada e actuando en condicións de seguridade e de protección ambiental, con res- ponsabilidade e iniciativa persoal e comunicándose oralmente e por escrito en linguas galega e castelá, así como nalgunha lingua estranxeira.','montaxe, ao mantemento e á reparación de sistemas microinformáticos e de equipamentos eléctricos ou electrónicos, así como en empresas que uti- licen sistemas informáticos, para a súa xestión.','["axudante de instalador/a e reparador/a de equipamentos telefónicos e telegráficos", "axudante/a de instalador/a de equipamentos e sistemas de comunicación", "axudante/a de instalador/a e reparador/a de instalacións telefónicas", "axudante/a de montador/a de sistemas microinformáticos", "axu- dante/a de mantemento de sistemas informáticos", "axudante/a de instala- dor/a de sistemas informáticos", "axudante/a de instalador/a de sistemas para transmisión de datos", "operador/a de ensamblaxe de equipamentos eléctri- cos e electrónicos", "auxiliar de mantemento de equipamentos eléctricos e electrónicos", "probador/a axustador/a de placas e equipamentos eléctricos e electrónicos", "montador/a de compoñentes en placas de circuíto impreso."]'::jsonb,'[{"code": "AM3163", "name": "Ciencias aplicadas I", "hours": 146}, {"code": "AM3161", "name": "Comunicación e ciencias sociais I", "hours": 175}, {"code": "MP3015", "name": "Equipamentos eléctricos e electrónicos", "hours": 233}, {"code": "MP3159", "name": "Itinerario persoal para a empregabilidade", "hours": 60}, {"code": "MP3029", "name": "Montaxe e mantemento de sistemas e compoñentes infor-", "hours": 296}, {"code": "AM3164", "name": "Ciencias aplicadas II", "hours": 146}, {"code": "AM3162", "name": "Comunicación e ciencias sociais II", "hours": 125}, {"code": "MP3016", "name": "Instalación e mantemento de redes para transmisión de da-", "hours": 367}, {"code": "MP3030", "name": "Operacións auxiliares para a configuración e a explotación", "hours": 367}, {"code": "MP3160", "name": "Proxecto intermodular de aprendizaxe colaborativa", "hours": 25}]'::jsonb,'15-informatica_e_comunicacion_v7.pdf',jsonb_build_object('source_upload','3 base de datos itinera.zip','duration_hours','2000'))
on conflict (id) do update set study_id=excluded.study_id,learned=excluded.learned,work_context=excluded.work_context,jobs=excluded.jobs,modules=excluded.modules,source_file=excluded.source_file,raw=excluded.raw,updated_at=now();


insert into public.itinera_studies(id,name,type,level,family,jurisdiction,official_title,route,subjects,ponderation_subjects,route_options,availability_by_province,sources,source_url,source_id,raw,data_quality,verified_at,last_seen_at,updated_at)
values (
  'fp-v36-cm-sistemas-microinformaticos-e-redes',
  'Sistemas microinformáticos e redes',
  'fpgm',
  'Ciclo formativo de grao medio',
  'Informática e comunicacións',
  'Galicia',
  true,
  'Consultar requisitos, prazas, centros, modalidade e fontes oficiais antes de decidir.',
  '["Aplicacións ofimáticas", "Inglés profesional", "Itinerario persoal para a empregabilidade I", "Montaxe e mantemento de equipamentos", "Redes locais", "Sistemas operativos monoposto", "Sostibilidade aplicada ao sistema produtivo", "Aplicacións web", "Dixitalización aplicada ao sistema produtivo", "Itinerario persoal para a empregabilidade II", "Proxecto intermodular", "Seguridade informática"]'::jsonb,
  '[{"subject": "Non aplica ou consultar fonte oficial", "weight": "consultar fonte oficial"}]'::jsonb,
  '[]'::jsonb,
  '{"Galicia": ["Consultar oferta por provincia, centro, modalidade e curso na Xunta FP."]}'::jsonb,
  '["xunta-fp-catalogo-familias-2025-2026", "xunta-fp-ciclos", "todofp-familias"]'::jsonb,
  'https://www.edu.xunta.gal/fp/oferta-fp',
  'xunta-fp-catalogo-familias-2025-2026',
  '{"source_upload": "3 base de datos itinera.zip", "source_file": "15-informatica_e_comunicacion_v7.pdf", "duration_hours": 2000, "modules": [{"code": "MP0223", "name": "Aplicacións ofimáticas", "hours": 184}, {"code": "MP0156", "name": "Inglés profesional", "hours": 60}, {"code": "MP1709", "name": "Itinerario persoal para a empregabilidade I", "hours": 107}, {"code": "MP0221", "name": "Montaxe e mantemento de equipamentos", "hours": 206}, {"code": "MP0225", "name": "Redes locais", "hours": 213}, {"code": "MP0222", "name": "Sistemas operativos monoposto", "hours": 160}, {"code": "MP1708", "name": "Sostibilidade aplicada ao sistema produtivo", "hours": 30}, {"code": "MP0228", "name": "Aplicacións web", "hours": 163}, {"code": "MP1664", "name": "Dixitalización aplicada ao sistema produtivo", "hours": 30}, {"code": "MP1710", "name": "Itinerario persoal para a empregabilidade II", "hours": 50}, {"code": "MP1713", "name": "Proxecto intermodular", "hours": 50}, {"code": "MP0226", "name": "Seguridade informática", "hours": 219}, {"code": "MP0227", "name": "Servizos en rede", "hours": 219}, {"code": "MP0224", "name": "Sistemas operativos en rede", "hours": 219}], "learned": "rede, así como redes locais en pequenos contornos, asegurando a súa fun- cionalidade e aplicando os protocolos establecidos de calidade, seguridade e respecto polo medio.", "work_context": "e á reparación de equipamentos, redes e servizos microinformáticos en xe- ral, como parte do soporte informático da organización, ou en entidades de calquera tamaño e calquera sector produtivo que utilicen sistemas microin- formáticos e redes de datos para a súa xestión."}'::jsonb,
  'official_upload',
  now(),
  now(),
  now()
)
on conflict (id) do update set
  name=excluded.name,
  type=excluded.type,
  level=excluded.level,
  family=excluded.family,
  jurisdiction=excluded.jurisdiction,
  route=excluded.route,
  subjects=excluded.subjects,
  ponderation_subjects=excluded.ponderation_subjects,
  route_options=excluded.route_options,
  availability_by_province=excluded.availability_by_province,
  sources=excluded.sources,
  source_url=excluded.source_url,
  source_id=excluded.source_id,
  raw=excluded.raw,
  data_quality=excluded.data_quality,
  verified_at=excluded.verified_at,
  last_seen_at=excluded.last_seen_at,
  updated_at=now();


insert into public.itinera_fp_catalog_details(id,study_id,learned,work_context,jobs,modules,source_file,raw)
values ('detail-fp-v36-cm-sistemas-microinformaticos-e-redes','fp-v36-cm-sistemas-microinformaticos-e-redes','rede, así como redes locais en pequenos contornos, asegurando a súa fun- cionalidade e aplicando os protocolos establecidos de calidade, seguridade e respecto polo medio.','e á reparación de equipamentos, redes e servizos microinformáticos en xe- ral, como parte do soporte informático da organización, ou en entidades de calquera tamaño e calquera sector produtivo que utilicen sistemas microin- formáticos e redes de datos para a súa xestión.','["nico/a de soporte informático", "técnico/a de redes de datos", "reparador/a de periféricos de sistemas microinformáticos", "comercial de microinformáti- ca", "operador/a de teleasistencia", "operador/a de sistemas."]'::jsonb,'[{"code": "MP0223", "name": "Aplicacións ofimáticas", "hours": 184}, {"code": "MP0156", "name": "Inglés profesional", "hours": 60}, {"code": "MP1709", "name": "Itinerario persoal para a empregabilidade I", "hours": 107}, {"code": "MP0221", "name": "Montaxe e mantemento de equipamentos", "hours": 206}, {"code": "MP0225", "name": "Redes locais", "hours": 213}, {"code": "MP0222", "name": "Sistemas operativos monoposto", "hours": 160}, {"code": "MP1708", "name": "Sostibilidade aplicada ao sistema produtivo", "hours": 30}, {"code": "MP0228", "name": "Aplicacións web", "hours": 163}, {"code": "MP1664", "name": "Dixitalización aplicada ao sistema produtivo", "hours": 30}, {"code": "MP1710", "name": "Itinerario persoal para a empregabilidade II", "hours": 50}, {"code": "MP1713", "name": "Proxecto intermodular", "hours": 50}, {"code": "MP0226", "name": "Seguridade informática", "hours": 219}, {"code": "MP0227", "name": "Servizos en rede", "hours": 219}, {"code": "MP0224", "name": "Sistemas operativos en rede", "hours": 219}]'::jsonb,'15-informatica_e_comunicacion_v7.pdf',jsonb_build_object('source_upload','3 base de datos itinera.zip','duration_hours','2000'))
on conflict (id) do update set study_id=excluded.study_id,learned=excluded.learned,work_context=excluded.work_context,jobs=excluded.jobs,modules=excluded.modules,source_file=excluded.source_file,raw=excluded.raw,updated_at=now();


insert into public.itinera_studies(id,name,type,level,family,jurisdiction,official_title,route,subjects,ponderation_subjects,route_options,availability_by_province,sources,source_url,source_id,raw,data_quality,verified_at,last_seen_at,updated_at)
values (
  'fp-v36-cs-administracion-de-sistemas-informaticos-en-rede',
  'Administración de sistemas informáticos en rede',
  'fpgs',
  'Ciclo formativo de grao superior',
  'Informática e comunicacións',
  'Galicia',
  true,
  'Consultar requisitos, prazas, centros, modalidade e fontes oficiais antes de decidir.',
  '["Fundamentos de hardware", "Implantación de sistemas operativos", "Inglés profesional", "Itinerario persoal para a empregabilidade I", "Linguaxes de marcas e sistemas de xestión de información", "Planificación e administración de redes", "Sostibilidade aplicada ao sistema produtivo", "Xestión de bases de datos", "Administración de sistemas operativos", "Administración de sistemas xestores de bases de datos", "Dixitalización aplicada ao sistema produtivo", "Implantación de aplicacións web"]'::jsonb,
  '[{"subject": "Non aplica ou consultar fonte oficial", "weight": "consultar fonte oficial"}]'::jsonb,
  '[]'::jsonb,
  '{"Galicia": ["Consultar oferta por provincia, centro, modalidade e curso na Xunta FP."]}'::jsonb,
  '["xunta-fp-catalogo-familias-2025-2026", "xunta-fp-ciclos", "todofp-familias"]'::jsonb,
  'https://www.edu.xunta.gal/fp/oferta-fp',
  'xunta-fp-catalogo-familias-2025-2026',
  '{"source_upload": "3 base de datos itinera.zip", "source_file": "15-informatica_e_comunicacion_v7.pdf", "duration_hours": 2000, "modules": [{"code": "MP0371", "name": "Fundamentos de hardware", "hours": 78}, {"code": "MP0369", "name": "Implantación de sistemas operativos", "hours": 213}, {"code": "MP0179", "name": "Inglés profesional", "hours": 60}, {"code": "MP1709", "name": "Itinerario persoal para a empregabilidade I", "hours": 107}, {"code": "MP0373", "name": "Linguaxes de marcas e sistemas de xestión de información", "hours": 103}, {"code": "MP0370", "name": "Planificación e administración de redes", "hours": 213}, {"code": "MP1708", "name": "Sostibilidade aplicada ao sistema produtivo", "hours": 30}, {"code": "MP0372", "name": "Xestión de bases de datos", "hours": 156}, {"code": "MP0374", "name": "Administración de sistemas operativos", "hours": 219}, {"code": "MP0377", "name": "Administración de sistemas xestores de bases de datos", "hours": 109}, {"code": "MP1665", "name": "Dixitalización aplicada ao sistema produtivo", "hours": 30}, {"code": "MP0376", "name": "Implantación de aplicacións web", "hours": 164}, {"code": "MP1710", "name": "Itinerario persoal para a empregabilidade II", "hours": 50}, {"code": "MP0379", "name": "Proxecto intermodular de administración de sistemas informá-", "hours": 50}, {"code": "MP0378", "name": "Seguridade e alta dispoñibilidade", "hours": 137}, {"code": "MP0375", "name": "Servizos de rede e internet", "hours": 191}], "learned": "cionalidade e a integridade dos recursos e dos servizos do sistema, coa cali- dade esixida e conforme a regulamentación.", "work_context": "para a xestión de datos e infraestrutura de redes (intranet, internet e/ou extranet)."}'::jsonb,
  'official_upload',
  now(),
  now(),
  now()
)
on conflict (id) do update set
  name=excluded.name,
  type=excluded.type,
  level=excluded.level,
  family=excluded.family,
  jurisdiction=excluded.jurisdiction,
  route=excluded.route,
  subjects=excluded.subjects,
  ponderation_subjects=excluded.ponderation_subjects,
  route_options=excluded.route_options,
  availability_by_province=excluded.availability_by_province,
  sources=excluded.sources,
  source_url=excluded.source_url,
  source_id=excluded.source_id,
  raw=excluded.raw,
  data_quality=excluded.data_quality,
  verified_at=excluded.verified_at,
  last_seen_at=excluded.last_seen_at,
  updated_at=now();


insert into public.itinera_fp_catalog_details(id,study_id,learned,work_context,jobs,modules,source_file,raw)
values ('detail-fp-v36-cs-administracion-de-sistemas-informaticos-en-rede','fp-v36-cs-administracion-de-sistemas-informaticos-en-rede','cionalidade e a integridade dos recursos e dos servizos do sistema, coa cali- dade esixida e conforme a regulamentación.','para a xestión de datos e infraestrutura de redes (intranet, internet e/ou extranet).','["co/a en servizos de internet", "técnico/a en servizos de mensaxaría electróni- ca", "persoal de apoio e soporte técnico", "técnico/a en teleasistencia", "técnico/a en administración de base de datos", "técnico/a de redes", "supervisor/a de sis- temas", "técnico/a en servizos de comunicacións", "técnico/a en contornos web."]'::jsonb,'[{"code": "MP0371", "name": "Fundamentos de hardware", "hours": 78}, {"code": "MP0369", "name": "Implantación de sistemas operativos", "hours": 213}, {"code": "MP0179", "name": "Inglés profesional", "hours": 60}, {"code": "MP1709", "name": "Itinerario persoal para a empregabilidade I", "hours": 107}, {"code": "MP0373", "name": "Linguaxes de marcas e sistemas de xestión de información", "hours": 103}, {"code": "MP0370", "name": "Planificación e administración de redes", "hours": 213}, {"code": "MP1708", "name": "Sostibilidade aplicada ao sistema produtivo", "hours": 30}, {"code": "MP0372", "name": "Xestión de bases de datos", "hours": 156}, {"code": "MP0374", "name": "Administración de sistemas operativos", "hours": 219}, {"code": "MP0377", "name": "Administración de sistemas xestores de bases de datos", "hours": 109}, {"code": "MP1665", "name": "Dixitalización aplicada ao sistema produtivo", "hours": 30}, {"code": "MP0376", "name": "Implantación de aplicacións web", "hours": 164}, {"code": "MP1710", "name": "Itinerario persoal para a empregabilidade II", "hours": 50}, {"code": "MP0379", "name": "Proxecto intermodular de administración de sistemas informá-", "hours": 50}, {"code": "MP0378", "name": "Seguridade e alta dispoñibilidade", "hours": 137}, {"code": "MP0375", "name": "Servizos de rede e internet", "hours": 191}]'::jsonb,'15-informatica_e_comunicacion_v7.pdf',jsonb_build_object('source_upload','3 base de datos itinera.zip','duration_hours','2000'))
on conflict (id) do update set study_id=excluded.study_id,learned=excluded.learned,work_context=excluded.work_context,jobs=excluded.jobs,modules=excluded.modules,source_file=excluded.source_file,raw=excluded.raw,updated_at=now();


insert into public.itinera_studies(id,name,type,level,family,jurisdiction,official_title,route,subjects,ponderation_subjects,route_options,availability_by_province,sources,source_url,source_id,raw,data_quality,verified_at,last_seen_at,updated_at)
values (
  'fp-v36-cs-desenvolvemento-de-aplicacions-multiplataforma',
  'Desenvolvemento de aplicacións multiplataforma',
  'fpgs',
  'Ciclo formativo de grao superior',
  'Informática e comunicacións',
  'Galicia',
  true,
  'Consultar requisitos, prazas, centros, modalidade e fontes oficiais antes de decidir.',
  '["Bases de datos", "Contornos de desenvolvemento", "Inglés profesional", "Itinerario persoal para a empregabilidade I", "Linguaxes de marcas e sistemas de xestión de información", "Programación", "Sistemas informáticos", "Sostibilidade aplicada ao sistema produtivo", "Acceso a datos", "Desenvolvemento de interfaces", "Dixitalización aplicada ao sistema produtivo", "Itinerario persoal para a empregabilidade II"]'::jsonb,
  '[{"subject": "Non aplica ou consultar fonte oficial", "weight": "consultar fonte oficial"}]'::jsonb,
  '[]'::jsonb,
  '{"Galicia": ["Consultar oferta por provincia, centro, modalidade e curso na Xunta FP."]}'::jsonb,
  '["xunta-fp-catalogo-familias-2025-2026", "xunta-fp-ciclos", "todofp-familias"]'::jsonb,
  'https://www.edu.xunta.gal/fp/oferta-fp',
  'xunta-fp-catalogo-familias-2025-2026',
  '{"source_upload": "3 base de datos itinera.zip", "source_file": "15-informatica_e_comunicacion_v7.pdf", "duration_hours": 2000, "modules": [{"code": "MP0484", "name": "Bases de datos", "hours": 187}, {"code": "MP0487", "name": "Contornos de desenvolvemento", "hours": 78}, {"code": "MP0179", "name": "Inglés profesional", "hours": 60}, {"code": "MP1709", "name": "Itinerario persoal para a empregabilidade I", "hours": 107}, {"code": "MP0373", "name": "Linguaxes de marcas e sistemas de xestión de información", "hours": 103}, {"code": "MP0485", "name": "Programación", "hours": 240}, {"code": "MP0483", "name": "Sistemas informáticos", "hours": 155}, {"code": "MP1708", "name": "Sostibilidade aplicada ao sistema produtivo", "hours": 30}, {"code": "MP0486", "name": "Acceso a datos", "hours": 220}, {"code": "MP0488", "name": "Desenvolvemento de interfaces", "hours": 191}, {"code": "MP1665", "name": "Dixitalización aplicada ao sistema produtivo", "hours": 30}, {"code": "MP1710", "name": "Itinerario persoal para a empregabilidade II", "hours": 50}, {"code": "MP0490", "name": "Programación de servizos e procesos", "hours": 109}, {"code": "MP0489", "name": "Programación multimedia e dispositivos móbiles", "hours": 191}, {"code": "MP0492", "name": "tiplataforma", "hours": 50}, {"code": "MP0491", "name": "Sistemas de xestión empresarial", "hours": 109}], "learned": "mentar e manter aplicacións informáticas multiplataforma, utilizando tec- noloxías e contornos de desenvolvemento específicos, garantindo o acceso aos datos de xeito seguro e cumprindo os criterios de usabilidade e calidade esixidos nos estándares establecidos.", "work_context": "des públicas ou privadas de calquera tamaño, tanto por conta allea como por conta propia, e desempeñan o seu traballo na área de desenvolvemento de aplicacións informáticas multiplataforma en diversos ámbitos: xestión empresarial e de negocio, relacións con clientes, educación, lecer, disposi- tivos móbiles e entretemento, aplicacións desenvolvidas e implantadas en contornos de alcance intranet, extranet e Internet, e implantación e adap- tación de sistemas de planificación de recursos empresariais e de xestión de relacións con clientes."}'::jsonb,
  'official_upload',
  now(),
  now(),
  now()
)
on conflict (id) do update set
  name=excluded.name,
  type=excluded.type,
  level=excluded.level,
  family=excluded.family,
  jurisdiction=excluded.jurisdiction,
  route=excluded.route,
  subjects=excluded.subjects,
  ponderation_subjects=excluded.ponderation_subjects,
  route_options=excluded.route_options,
  availability_by_province=excluded.availability_by_province,
  sources=excluded.sources,
  source_url=excluded.source_url,
  source_id=excluded.source_id,
  raw=excluded.raw,
  data_quality=excluded.data_quality,
  verified_at=excluded.verified_at,
  last_seen_at=excluded.last_seen_at,
  updated_at=now();


insert into public.itinera_fp_catalog_details(id,study_id,learned,work_context,jobs,modules,source_file,raw)
values ('detail-fp-v36-cs-desenvolvemento-de-aplicacions-multiplataforma','fp-v36-cs-desenvolvemento-de-aplicacions-multiplataforma','mentar e manter aplicacións informáticas multiplataforma, utilizando tec- noloxías e contornos de desenvolvemento específicos, garantindo o acceso aos datos de xeito seguro e cumprindo os criterios de usabilidade e calidade esixidos nos estándares establecidos.','des públicas ou privadas de calquera tamaño, tanto por conta allea como por conta propia, e desempeñan o seu traballo na área de desenvolvemento de aplicacións informáticas multiplataforma en diversos ámbitos: xestión empresarial e de negocio, relacións con clientes, educación, lecer, disposi- tivos móbiles e entretemento, aplicacións desenvolvidas e implantadas en contornos de alcance intranet, extranet e Internet, e implantación e adap- tación de sistemas de planificación de recursos empresariais e de xestión de relacións con clientes.','["negocio", "desenvolvedor/a de aplicacións de propósito xeral", "desenvolvedor/a de aplicacións no ámbito do entretemento e a informática móbil."]'::jsonb,'[{"code": "MP0484", "name": "Bases de datos", "hours": 187}, {"code": "MP0487", "name": "Contornos de desenvolvemento", "hours": 78}, {"code": "MP0179", "name": "Inglés profesional", "hours": 60}, {"code": "MP1709", "name": "Itinerario persoal para a empregabilidade I", "hours": 107}, {"code": "MP0373", "name": "Linguaxes de marcas e sistemas de xestión de información", "hours": 103}, {"code": "MP0485", "name": "Programación", "hours": 240}, {"code": "MP0483", "name": "Sistemas informáticos", "hours": 155}, {"code": "MP1708", "name": "Sostibilidade aplicada ao sistema produtivo", "hours": 30}, {"code": "MP0486", "name": "Acceso a datos", "hours": 220}, {"code": "MP0488", "name": "Desenvolvemento de interfaces", "hours": 191}, {"code": "MP1665", "name": "Dixitalización aplicada ao sistema produtivo", "hours": 30}, {"code": "MP1710", "name": "Itinerario persoal para a empregabilidade II", "hours": 50}, {"code": "MP0490", "name": "Programación de servizos e procesos", "hours": 109}, {"code": "MP0489", "name": "Programación multimedia e dispositivos móbiles", "hours": 191}, {"code": "MP0492", "name": "tiplataforma", "hours": 50}, {"code": "MP0491", "name": "Sistemas de xestión empresarial", "hours": 109}]'::jsonb,'15-informatica_e_comunicacion_v7.pdf',jsonb_build_object('source_upload','3 base de datos itinera.zip','duration_hours','2000'))
on conflict (id) do update set study_id=excluded.study_id,learned=excluded.learned,work_context=excluded.work_context,jobs=excluded.jobs,modules=excluded.modules,source_file=excluded.source_file,raw=excluded.raw,updated_at=now();


insert into public.itinera_studies(id,name,type,level,family,jurisdiction,official_title,route,subjects,ponderation_subjects,route_options,availability_by_province,sources,source_url,source_id,raw,data_quality,verified_at,last_seen_at,updated_at)
values (
  'fp-v36-cs-desenvolvemento-de-aplicacions-web',
  'Desenvolvemento de aplicacións web',
  'fpgs',
  'Ciclo formativo de grao superior',
  'Informática e comunicacións',
  'Galicia',
  true,
  'Consultar requisitos, prazas, centros, modalidade e fontes oficiais antes de decidir.',
  '["Bases de datos", "Contornos de desenvolvemento", "Inglés profesional", "Itinerario persoal para a empregabilidade I", "Linguaxes de marcas e sistemas de xestión de información", "Programación", "Sistemas informáticos", "Sostibilidade aplicada ao sistema produtivo", "Desenvolvemento web en contorno cliente", "Desenvolvemento web en contorno servidor", "Deseño de interfaces web", "Despregamento de aplicacións web"]'::jsonb,
  '[{"subject": "Non aplica ou consultar fonte oficial", "weight": "consultar fonte oficial"}]'::jsonb,
  '[]'::jsonb,
  '{"Galicia": ["Consultar oferta por provincia, centro, modalidade e curso na Xunta FP."]}'::jsonb,
  '["xunta-fp-catalogo-familias-2025-2026", "xunta-fp-ciclos", "todofp-familias"]'::jsonb,
  'https://www.edu.xunta.gal/fp/oferta-fp',
  'xunta-fp-catalogo-familias-2025-2026',
  '{"source_upload": "3 base de datos itinera.zip", "source_file": "15-informatica_e_comunicacion_v7.pdf", "duration_hours": 2000, "modules": [{"code": "MP0484", "name": "Bases de datos", "hours": 187}, {"code": "MP0487", "name": "Contornos de desenvolvemento", "hours": 78}, {"code": "MP0179", "name": "Inglés profesional", "hours": 60}, {"code": "MP1709", "name": "Itinerario persoal para a empregabilidade I", "hours": 107}, {"code": "MP0373", "name": "Linguaxes de marcas e sistemas de xestión de información", "hours": 103}, {"code": "MP0485", "name": "Programación", "hours": 240}, {"code": "MP0483", "name": "Sistemas informáticos", "hours": 155}, {"code": "MP1708", "name": "Sostibilidade aplicada ao sistema produtivo", "hours": 30}, {"code": "MP0612", "name": "Desenvolvemento web en contorno cliente", "hours": 219}, {"code": "MP0613", "name": "Desenvolvemento web en contorno servidor", "hours": 273}, {"code": "MP0615", "name": "Deseño de interfaces web", "hours": 219}, {"code": "MP0614", "name": "Despregamento de aplicacións web", "hours": 109}, {"code": "MP1665", "name": "Dixitalización aplicada ao sistema produtivo", "hours": 30}, {"code": "MP1710", "name": "Itinerario persoal para a empregabilidade II", "hours": 50}, {"code": "MP0616", "name": "Proxecto intermodular de desenvolvemento de aplicacións web", "hours": 50}], "learned": "ter aplicacións web, con independencia do modelo empregado e utilizando tecnoloxías específicas, garantindo o acceso aos datos de xeito seguro e cumprindo os criterios de accesibilidade, usabilidade e calidade esixidos nos estándares establecidos.", "work_context": "sas ou entidades públicas ou privadas, por conta allea ou por conta propia, e desempeñan o seu traballo na área de desenvolvemento de aplicacións informáticas relacionadas con contornos web (intranet, extranet e Internet)."}'::jsonb,
  'official_upload',
  now(),
  now(),
  now()
)
on conflict (id) do update set
  name=excluded.name,
  type=excluded.type,
  level=excluded.level,
  family=excluded.family,
  jurisdiction=excluded.jurisdiction,
  route=excluded.route,
  subjects=excluded.subjects,
  ponderation_subjects=excluded.ponderation_subjects,
  route_options=excluded.route_options,
  availability_by_province=excluded.availability_by_province,
  sources=excluded.sources,
  source_url=excluded.source_url,
  source_id=excluded.source_id,
  raw=excluded.raw,
  data_quality=excluded.data_quality,
  verified_at=excluded.verified_at,
  last_seen_at=excluded.last_seen_at,
  updated_at=now();


insert into public.itinera_fp_catalog_details(id,study_id,learned,work_context,jobs,modules,source_file,raw)
values ('detail-fp-v36-cs-desenvolvemento-de-aplicacions-web','fp-v36-cs-desenvolvemento-de-aplicacions-web','ter aplicacións web, con independencia do modelo empregado e utilizando tecnoloxías específicas, garantindo o acceso aos datos de xeito seguro e cumprindo os criterios de accesibilidade, usabilidade e calidade esixidos nos estándares establecidos.','sas ou entidades públicas ou privadas, por conta allea ou por conta propia, e desempeñan o seu traballo na área de desenvolvemento de aplicacións informáticas relacionadas con contornos web (intranet, extranet e Internet).','["cións en contornos web."]'::jsonb,'[{"code": "MP0484", "name": "Bases de datos", "hours": 187}, {"code": "MP0487", "name": "Contornos de desenvolvemento", "hours": 78}, {"code": "MP0179", "name": "Inglés profesional", "hours": 60}, {"code": "MP1709", "name": "Itinerario persoal para a empregabilidade I", "hours": 107}, {"code": "MP0373", "name": "Linguaxes de marcas e sistemas de xestión de información", "hours": 103}, {"code": "MP0485", "name": "Programación", "hours": 240}, {"code": "MP0483", "name": "Sistemas informáticos", "hours": 155}, {"code": "MP1708", "name": "Sostibilidade aplicada ao sistema produtivo", "hours": 30}, {"code": "MP0612", "name": "Desenvolvemento web en contorno cliente", "hours": 219}, {"code": "MP0613", "name": "Desenvolvemento web en contorno servidor", "hours": 273}, {"code": "MP0615", "name": "Deseño de interfaces web", "hours": 219}, {"code": "MP0614", "name": "Despregamento de aplicacións web", "hours": 109}, {"code": "MP1665", "name": "Dixitalización aplicada ao sistema produtivo", "hours": 30}, {"code": "MP1710", "name": "Itinerario persoal para a empregabilidade II", "hours": 50}, {"code": "MP0616", "name": "Proxecto intermodular de desenvolvemento de aplicacións web", "hours": 50}]'::jsonb,'15-informatica_e_comunicacion_v7.pdf',jsonb_build_object('source_upload','3 base de datos itinera.zip','duration_hours','2000'))
on conflict (id) do update set study_id=excluded.study_id,learned=excluded.learned,work_context=excluded.work_context,jobs=excluded.jobs,modules=excluded.modules,source_file=excluded.source_file,raw=excluded.raw,updated_at=now();


insert into public.itinera_studies(id,name,type,level,family,jurisdiction,official_title,route,subjects,ponderation_subjects,route_options,availability_by_province,sources,source_url,source_id,raw,data_quality,verified_at,last_seen_at,updated_at)
values (
  'fp-v36-es-ciberseguridade-en-contornos-das-tecnoloxias-da-informacion',
  'Ciberseguridade en contornos das tecnoloxías da información',
  'especializacion_gs',
  'Curso de especialización de grao superior',
  'Informática e comunicacións',
  'Galicia',
  true,
  'Consultar requisitos, prazas, centros, modalidade e fontes oficiais antes de decidir.',
  '["Análise forense informática", "Bastionado de redes e sistemas", "Hacking ético", "Incidentes de ciberseguridade", "Normativa de ciberseguridade", "Posta en produción segura"]'::jsonb,
  '[{"subject": "Non aplica ou consultar fonte oficial", "weight": "consultar fonte oficial"}]'::jsonb,
  '[]'::jsonb,
  '{"Galicia": ["Consultar oferta por provincia, centro, modalidade e curso na Xunta FP."]}'::jsonb,
  '["xunta-fp-catalogo-familias-2025-2026", "xunta-fp-ciclos", "todofp-familias"]'::jsonb,
  'https://www.edu.xunta.gal/fp/oferta-fp',
  'xunta-fp-catalogo-familias-2025-2026',
  '{"source_upload": "3 base de datos itinera.zip", "source_file": "15-informatica_e_comunicacion_v7.pdf", "duration_hours": 720, "modules": [{"code": "MP5024", "name": "Análise forense informática", "hours": 120}, {"code": "MP5022", "name": "Bastionado de redes e sistemas", "hours": 160}, {"code": "MP5025", "name": "Hacking ético", "hours": 120}, {"code": "MP5021", "name": "Incidentes de ciberseguridade", "hours": 140}, {"code": "MP5026", "name": "Normativa de ciberseguridade", "hours": 60}, {"code": "MP5023", "name": "Posta en produción segura", "hours": 120}], "learned": "mación, mediante a realización de diagnósticos de ciberseguridade e a iden- tificación de vulnerabilidades, así como a execución de medidas necesarias para as arranxar, aplicando a normativa e os estándares do sector, consonte protocolos de calidade, de prevención de riscos laborais e de respecto am- biental.", "work_context": "ción dos sistemas de información e das redes de comunicacións."}'::jsonb,
  'official_upload',
  now(),
  now(),
  now()
)
on conflict (id) do update set
  name=excluded.name,
  type=excluded.type,
  level=excluded.level,
  family=excluded.family,
  jurisdiction=excluded.jurisdiction,
  route=excluded.route,
  subjects=excluded.subjects,
  ponderation_subjects=excluded.ponderation_subjects,
  route_options=excluded.route_options,
  availability_by_province=excluded.availability_by_province,
  sources=excluded.sources,
  source_url=excluded.source_url,
  source_id=excluded.source_id,
  raw=excluded.raw,
  data_quality=excluded.data_quality,
  verified_at=excluded.verified_at,
  last_seen_at=excluded.last_seen_at,
  updated_at=now();


insert into public.itinera_fp_catalog_details(id,study_id,learned,work_context,jobs,modules,source_file,raw)
values ('detail-fp-v36-es-ciberseguridade-en-contornos-das-tecnoloxias-da-informacion','fp-v36-es-ciberseguridade-en-contornos-das-tecnoloxias-da-informacion','mación, mediante a realización de diagnósticos de ciberseguridade e a iden- tificación de vulnerabilidades, así como a execución de medidas necesarias para as arranxar, aplicando a normativa e os estándares do sector, consonte protocolos de calidade, de prevención de riscos laborais e de respecto am- biental.','ción dos sistemas de información e das redes de comunicacións.','["ciberseguridade e hacker ético/a."]'::jsonb,'[{"code": "MP5024", "name": "Análise forense informática", "hours": 120}, {"code": "MP5022", "name": "Bastionado de redes e sistemas", "hours": 160}, {"code": "MP5025", "name": "Hacking ético", "hours": 120}, {"code": "MP5021", "name": "Incidentes de ciberseguridade", "hours": 140}, {"code": "MP5026", "name": "Normativa de ciberseguridade", "hours": 60}, {"code": "MP5023", "name": "Posta en produción segura", "hours": 120}]'::jsonb,'15-informatica_e_comunicacion_v7.pdf',jsonb_build_object('source_upload','3 base de datos itinera.zip','duration_hours','720'))
on conflict (id) do update set study_id=excluded.study_id,learned=excluded.learned,work_context=excluded.work_context,jobs=excluded.jobs,modules=excluded.modules,source_file=excluded.source_file,raw=excluded.raw,updated_at=now();


insert into public.itinera_studies(id,name,type,level,family,jurisdiction,official_title,route,subjects,ponderation_subjects,route_options,availability_by_province,sources,source_url,source_id,raw,data_quality,verified_at,last_seen_at,updated_at)
values (
  'fp-v36-es-desenvolvemento-de-aplicacions-en-linguaxe-python',
  'Desenvolvemento de Aplicacións en Linguaxe Python',
  'especializacion_gs',
  'Curso de especialización de grao superior',
  'Informática e comunicacións',
  'Galicia',
  true,
  'Consultar requisitos, prazas, centros, modalidade e fontes oficiais antes de decidir.',
  '["Análise de datos con Python", "Contornas e sintaxe en Python", "Estruturas de control en Python", "Programación orientada a obxectos"]'::jsonb,
  '[{"subject": "Non aplica ou consultar fonte oficial", "weight": "consultar fonte oficial"}]'::jsonb,
  '[]'::jsonb,
  '{"Galicia": ["Consultar oferta por provincia, centro, modalidade e curso na Xunta FP."]}'::jsonb,
  '["xunta-fp-catalogo-familias-2025-2026", "xunta-fp-ciclos", "todofp-familias"]'::jsonb,
  'https://www.edu.xunta.gal/fp/oferta-fp',
  'xunta-fp-catalogo-familias-2025-2026',
  '{"source_upload": "3 base de datos itinera.zip", "source_file": "15-informatica_e_comunicacion_v7.pdf", "duration_hours": 430, "modules": [{"code": "MP5101", "name": "Análise de datos con Python", "hours": 150}, {"code": "MP5098", "name": "Contornas e sintaxe en Python", "hours": 50}, {"code": "MP5099", "name": "Estruturas de control en Python", "hours": 80}, {"code": "MP5100", "name": "Programación orientada a obxectos", "hours": 150}], "learned": "aplicacións en linguaxe Python, optimizando a programación, seleccionando a arquitectura máis adecuada e verificando os resultados, de acordo coas solucións para implementar.", "work_context": "cións en Python, tanto por conta allea como por conta propia, desempeñan- do a actividade nas áreas de programación ou consultoría."}'::jsonb,
  'official_upload',
  now(),
  now(),
  now()
)
on conflict (id) do update set
  name=excluded.name,
  type=excluded.type,
  level=excluded.level,
  family=excluded.family,
  jurisdiction=excluded.jurisdiction,
  route=excluded.route,
  subjects=excluded.subjects,
  ponderation_subjects=excluded.ponderation_subjects,
  route_options=excluded.route_options,
  availability_by_province=excluded.availability_by_province,
  sources=excluded.sources,
  source_url=excluded.source_url,
  source_id=excluded.source_id,
  raw=excluded.raw,
  data_quality=excluded.data_quality,
  verified_at=excluded.verified_at,
  last_seen_at=excluded.last_seen_at,
  updated_at=now();


insert into public.itinera_fp_catalog_details(id,study_id,learned,work_context,jobs,modules,source_file,raw)
values ('detail-fp-v36-es-desenvolvemento-de-aplicacions-en-linguaxe-python','fp-v36-es-desenvolvemento-de-aplicacions-en-linguaxe-python','aplicacións en linguaxe Python, optimizando a programación, seleccionando a arquitectura máis adecuada e verificando os resultados, de acordo coas solucións para implementar.','cións en Python, tanto por conta allea como por conta propia, desempeñan- do a actividade nas áreas de programación ou consultoría.','["Python", "verificador/a, depurador/a de código", "desenvolvedor/a web", "progra- mador/a DevOps (desenvolvemento de operacións)."]'::jsonb,'[{"code": "MP5101", "name": "Análise de datos con Python", "hours": 150}, {"code": "MP5098", "name": "Contornas e sintaxe en Python", "hours": 50}, {"code": "MP5099", "name": "Estruturas de control en Python", "hours": 80}, {"code": "MP5100", "name": "Programación orientada a obxectos", "hours": 150}]'::jsonb,'15-informatica_e_comunicacion_v7.pdf',jsonb_build_object('source_upload','3 base de datos itinera.zip','duration_hours','430'))
on conflict (id) do update set study_id=excluded.study_id,learned=excluded.learned,work_context=excluded.work_context,jobs=excluded.jobs,modules=excluded.modules,source_file=excluded.source_file,raw=excluded.raw,updated_at=now();


insert into public.itinera_studies(id,name,type,level,family,jurisdiction,official_title,route,subjects,ponderation_subjects,route_options,availability_by_province,sources,source_url,source_id,raw,data_quality,verified_at,last_seen_at,updated_at)
values (
  'fp-v36-es-desenvolvemento-de-videoxogos-e-realidade-virtual',
  'Desenvolvemento de videoxogos e realidade virtual',
  'especializacion_gs',
  'Curso de especialización de grao superior',
  'Informática e comunicacións',
  'Galicia',
  true,
  'Consultar requisitos, prazas, centros, modalidade e fontes oficiais antes de decidir.',
  '["Deseño gráfico 2D e 3D", "Deseño, xestión, publicación e produción", "Programación e motores de videoxogos", "Programación en rede e intelixencia artificial", "Realidade virtual e realidade aumentada"]'::jsonb,
  '[{"subject": "Non aplica ou consultar fonte oficial", "weight": "consultar fonte oficial"}]'::jsonb,
  '[]'::jsonb,
  '{"Galicia": ["Consultar oferta por provincia, centro, modalidade e curso na Xunta FP."]}'::jsonb,
  '["xunta-fp-catalogo-familias-2025-2026", "xunta-fp-ciclos", "todofp-familias"]'::jsonb,
  'https://www.edu.xunta.gal/fp/oferta-fp',
  'xunta-fp-catalogo-familias-2025-2026',
  '{"source_upload": "3 base de datos itinera.zip", "source_file": "15-informatica_e_comunicacion_v7.pdf", "duration_hours": 600, "modules": [{"code": "MP5049", "name": "Deseño gráfico 2D e 3D", "hours": 136}, {"code": "MP5052", "name": "Deseño, xestión, publicación e produción", "hours": 136}, {"code": "MP5048", "name": "Programación e motores de videoxogos", "hours": 146}, {"code": "MP5050", "name": "Programación en rede e intelixencia artificial", "hours": 91}, {"code": "MP5051", "name": "Realidade virtual e realidade aumentada", "hours": 91}], "learned": "mas, garantindo a experiencia do usuario, utilizando ferramentas de última xeración que permitan actuar en todas as fases do seu desenvolvemento, así como aplicacións interactivas de realidade virtual e aumentada.", "work_context": "seu propio estudo de desenvolvemento de videoxogos."}'::jsonb,
  'official_upload',
  now(),
  now(),
  now()
)
on conflict (id) do update set
  name=excluded.name,
  type=excluded.type,
  level=excluded.level,
  family=excluded.family,
  jurisdiction=excluded.jurisdiction,
  route=excluded.route,
  subjects=excluded.subjects,
  ponderation_subjects=excluded.ponderation_subjects,
  route_options=excluded.route_options,
  availability_by_province=excluded.availability_by_province,
  sources=excluded.sources,
  source_url=excluded.source_url,
  source_id=excluded.source_id,
  raw=excluded.raw,
  data_quality=excluded.data_quality,
  verified_at=excluded.verified_at,
  last_seen_at=excluded.last_seen_at,
  updated_at=now();


insert into public.itinera_fp_catalog_details(id,study_id,learned,work_context,jobs,modules,source_file,raw)
values ('detail-fp-v36-es-desenvolvemento-de-videoxogos-e-realidade-virtual','fp-v36-es-desenvolvemento-de-videoxogos-e-realidade-virtual','mas, garantindo a experiencia do usuario, utilizando ferramentas de última xeración que permitan actuar en todas as fases do seu desenvolvemento, así como aplicacións interactivas de realidade virtual e aumentada.','seu propio estudo de desenvolvemento de videoxogos.','["ponsable do proceso de creación de videoxogos", "deseñador/a gráfico/a 2D e 3D de videoxogos", "desenvolvedor/a de aplicacións de realidade virtual au- mentada e mixta."]'::jsonb,'[{"code": "MP5049", "name": "Deseño gráfico 2D e 3D", "hours": 136}, {"code": "MP5052", "name": "Deseño, xestión, publicación e produción", "hours": 136}, {"code": "MP5048", "name": "Programación e motores de videoxogos", "hours": 146}, {"code": "MP5050", "name": "Programación en rede e intelixencia artificial", "hours": 91}, {"code": "MP5051", "name": "Realidade virtual e realidade aumentada", "hours": 91}]'::jsonb,'15-informatica_e_comunicacion_v7.pdf',jsonb_build_object('source_upload','3 base de datos itinera.zip','duration_hours','600'))
on conflict (id) do update set study_id=excluded.study_id,learned=excluded.learned,work_context=excluded.work_context,jobs=excluded.jobs,modules=excluded.modules,source_file=excluded.source_file,raw=excluded.raw,updated_at=now();


insert into public.itinera_studies(id,name,type,level,family,jurisdiction,official_title,route,subjects,ponderation_subjects,route_options,availability_by_province,sources,source_url,source_id,raw,data_quality,verified_at,last_seen_at,updated_at)
values (
  'fp-v36-es-intelixencia-artificial-e-big-data',
  'Intelixencia artificial e Big Data',
  'especializacion_gs',
  'Curso de especialización de grao superior',
  'Informática e comunicacións',
  'Galicia',
  true,
  'Consultar requisitos, prazas, centros, modalidade e fontes oficiais antes de decidir.',
  '["Big Data aplicado", "Modelos de intelixencia artificial", "Programación de intelixencia artificial", "Sistemas de aprendizaxe automática", "Sistemas de Big Data"]'::jsonb,
  '[{"subject": "Non aplica ou consultar fonte oficial", "weight": "consultar fonte oficial"}]'::jsonb,
  '[]'::jsonb,
  '{"Galicia": ["Consultar oferta por provincia, centro, modalidade e curso na Xunta FP."]}'::jsonb,
  '["xunta-fp-catalogo-familias-2025-2026", "xunta-fp-ciclos", "todofp-familias"]'::jsonb,
  'https://www.edu.xunta.gal/fp/oferta-fp',
  'xunta-fp-catalogo-familias-2025-2026',
  '{"source_upload": "3 base de datos itinera.zip", "source_file": "15-informatica_e_comunicacion_v7.pdf", "duration_hours": 600, "modules": [{"code": "MP5075", "name": "Big Data aplicado", "hours": 136}, {"code": "MP5071", "name": "Modelos de intelixencia artificial", "hours": 73}, {"code": "MP5073", "name": "Programación de intelixencia artificial", "hours": 200}, {"code": "MP5072", "name": "Sistemas de aprendizaxe automática", "hours": 91}, {"code": "MP5074", "name": "Sistemas de Big Data", "hours": 100}], "learned": "mación e a explotación de datos masivos, garantindo o acceso aos datos de forma segura e cumprindo os criterios de accesibilidade, usabilidade e calidade esixidas nos estándares establecidos, así como os principios éticos e legais.", "work_context": "conta allea como propia, desempeñando o seu traballo na área de progra- mación, infraestrutura ou consultoría."}'::jsonb,
  'official_upload',
  now(),
  now(),
  now()
)
on conflict (id) do update set
  name=excluded.name,
  type=excluded.type,
  level=excluded.level,
  family=excluded.family,
  jurisdiction=excluded.jurisdiction,
  route=excluded.route,
  subjects=excluded.subjects,
  ponderation_subjects=excluded.ponderation_subjects,
  route_options=excluded.route_options,
  availability_by_province=excluded.availability_by_province,
  sources=excluded.sources,
  source_url=excluded.source_url,
  source_id=excluded.source_id,
  raw=excluded.raw,
  data_quality=excluded.data_quality,
  verified_at=excluded.verified_at,
  last_seen_at=excluded.last_seen_at,
  updated_at=now();


insert into public.itinera_fp_catalog_details(id,study_id,learned,work_context,jobs,modules,source_file,raw)
values ('detail-fp-v36-es-intelixencia-artificial-e-big-data','fp-v36-es-intelixencia-artificial-e-big-data','mación e a explotación de datos masivos, garantindo o acceso aos datos de forma segura e cumprindo os criterios de accesibilidade, usabilidade e calidade esixidas nos estándares establecidos, así como os principios éticos e legais.','conta allea como propia, desempeñando o seu traballo na área de progra- mación, infraestrutura ou consultoría.','["temas expertos", "experto/a en intelixencia artificial e Big Data", "analista de datos."]'::jsonb,'[{"code": "MP5075", "name": "Big Data aplicado", "hours": 136}, {"code": "MP5071", "name": "Modelos de intelixencia artificial", "hours": 73}, {"code": "MP5073", "name": "Programación de intelixencia artificial", "hours": 200}, {"code": "MP5072", "name": "Sistemas de aprendizaxe automática", "hours": 91}, {"code": "MP5074", "name": "Sistemas de Big Data", "hours": 100}]'::jsonb,'15-informatica_e_comunicacion_v7.pdf',jsonb_build_object('source_upload','3 base de datos itinera.zip','duration_hours','600'))
on conflict (id) do update set study_id=excluded.study_id,learned=excluded.learned,work_context=excluded.work_context,jobs=excluded.jobs,modules=excluded.modules,source_file=excluded.source_file,raw=excluded.raw,updated_at=now();


insert into public.itinera_studies(id,name,type,level,family,jurisdiction,official_title,route,subjects,ponderation_subjects,route_options,availability_by_province,sources,source_url,source_id,raw,data_quality,verified_at,last_seen_at,updated_at)
values (
  'fp-v36-cb-mantemento-de-vivendas',
  'Mantemento de vivendas',
  'fpb',
  'Ciclo formativo de grao básico',
  'Instalación e mantemento',
  'Galicia',
  true,
  'Consultar requisitos, prazas, centros, modalidade e fontes oficiais antes de decidir.',
  '["Ciencias aplicadas I", "Comunicación e ciencias sociais I", "Fontanaría e calefacción básica", "Itinerario persoal para a empregabilidade", "Montaxe de equipamentos de climatización", "Operacións de conservación na vivenda e montaxe de accesorios", "Ciencias aplicadas II", "Comunicación e ciencias sociais II", "Mantemento básico de instalacións electrotécnicas en vivendas", "Proxecto intermodular de aprendizaxe colaborativa", "Redes de evacuación"]'::jsonb,
  '[{"subject": "Non aplica ou consultar fonte oficial", "weight": "consultar fonte oficial"}]'::jsonb,
  '[]'::jsonb,
  '{"Galicia": ["Consultar oferta por provincia, centro, modalidade e curso na Xunta FP."]}'::jsonb,
  '["xunta-fp-catalogo-familias-2025-2026", "xunta-fp-ciclos", "todofp-familias"]'::jsonb,
  'https://www.edu.xunta.gal/fp/oferta-fp',
  'xunta-fp-catalogo-familias-2025-2026',
  '{"source_upload": "3 base de datos itinera.zip", "source_file": "16-instalacion_e_mantemento_v7.pdf", "duration_hours": 2000, "modules": [{"code": "AM3163", "name": "Ciencias aplicadas I", "hours": 146}, {"code": "AM3161", "name": "Comunicación e ciencias sociais I", "hours": 175}, {"code": "MP3024", "name": "Fontanaría e calefacción básica", "hours": 157}, {"code": "MP3159", "name": "Itinerario persoal para a empregabilidade", "hours": 60}, {"code": "MP3025", "name": "Montaxe de equipamentos de climatización", "hours": 97}, {"code": "MP3090", "name": "Operacións de conservación na vivenda e montaxe de accesorios", "hours": 275}, {"code": "AM3164", "name": "Ciencias aplicadas II", "hours": 146}, {"code": "AM3162", "name": "Comunicación e ciencias sociais II", "hours": 125}, {"code": "MP3088", "name": "Mantemento básico de instalacións electrotécnicas en vivendas", "hours": 449}, {"code": "MP3160", "name": "Proxecto intermodular de aprendizaxe colaborativa", "hours": 25}, {"code": "MP3023", "name": "Redes de evacuación", "hours": 285}], "learned": "fontanaría, calefacción e climatización, pequenas reparacións e substitución de elementos sinxelos en instalacións electrotécnicas, en revestimentos continuos, en azulexado e en pintura, así como a montaxe e a colocación de moblaxe prefabricada e complementos mobiliarios da vivenda, coa calidade indicada, aplicando as normas de prevención de riscos laborais e protección ambiental correspondentes, e comunicándose de xeito oral e escrito en lin- guas galega e castelá, así como nalgunha lingua estranxeira.", "work_context": "dedicadas á fabricación e á montaxe de produtos mecánicos e electromecá- nicos, así como á montaxe e ao mantemento de instalacións de fontanaría, calefacción e climatización."}'::jsonb,
  'official_upload',
  now(),
  now(),
  now()
)
on conflict (id) do update set
  name=excluded.name,
  type=excluded.type,
  level=excluded.level,
  family=excluded.family,
  jurisdiction=excluded.jurisdiction,
  route=excluded.route,
  subjects=excluded.subjects,
  ponderation_subjects=excluded.ponderation_subjects,
  route_options=excluded.route_options,
  availability_by_province=excluded.availability_by_province,
  sources=excluded.sources,
  source_url=excluded.source_url,
  source_id=excluded.source_id,
  raw=excluded.raw,
  data_quality=excluded.data_quality,
  verified_at=excluded.verified_at,
  last_seen_at=excluded.last_seen_at,
  updated_at=now();


insert into public.itinera_fp_catalog_details(id,study_id,learned,work_context,jobs,modules,source_file,raw)
values ('detail-fp-v36-cb-mantemento-de-vivendas','fp-v36-cb-mantemento-de-vivendas','fontanaría, calefacción e climatización, pequenas reparacións e substitución de elementos sinxelos en instalacións electrotécnicas, en revestimentos continuos, en azulexado e en pintura, así como a montaxe e a colocación de moblaxe prefabricada e complementos mobiliarios da vivenda, coa calidade indicada, aplicando as normas de prevención de riscos laborais e protección ambiental correspondentes, e comunicándose de xeito oral e escrito en lin- guas galega e castelá, así como nalgunha lingua estranxeira.','dedicadas á fabricación e á montaxe de produtos mecánicos e electromecá- nicos, así como á montaxe e ao mantemento de instalacións de fontanaría, calefacción e climatización.','["fontaneiro/a", "axudante/a montador/a de equipamentos de calefacción", "de climatización", "instalador/a de redes de subministración e distribución de au- ga", "montador/a de mobles prefabricados de madeira ou similares."]'::jsonb,'[{"code": "AM3163", "name": "Ciencias aplicadas I", "hours": 146}, {"code": "AM3161", "name": "Comunicación e ciencias sociais I", "hours": 175}, {"code": "MP3024", "name": "Fontanaría e calefacción básica", "hours": 157}, {"code": "MP3159", "name": "Itinerario persoal para a empregabilidade", "hours": 60}, {"code": "MP3025", "name": "Montaxe de equipamentos de climatización", "hours": 97}, {"code": "MP3090", "name": "Operacións de conservación na vivenda e montaxe de accesorios", "hours": 275}, {"code": "AM3164", "name": "Ciencias aplicadas II", "hours": 146}, {"code": "AM3162", "name": "Comunicación e ciencias sociais II", "hours": 125}, {"code": "MP3088", "name": "Mantemento básico de instalacións electrotécnicas en vivendas", "hours": 449}, {"code": "MP3160", "name": "Proxecto intermodular de aprendizaxe colaborativa", "hours": 25}, {"code": "MP3023", "name": "Redes de evacuación", "hours": 285}]'::jsonb,'16-instalacion_e_mantemento_v7.pdf',jsonb_build_object('source_upload','3 base de datos itinera.zip','duration_hours','2000'))
on conflict (id) do update set study_id=excluded.study_id,learned=excluded.learned,work_context=excluded.work_context,jobs=excluded.jobs,modules=excluded.modules,source_file=excluded.source_file,raw=excluded.raw,updated_at=now();


insert into public.itinera_studies(id,name,type,level,family,jurisdiction,official_title,route,subjects,ponderation_subjects,route_options,availability_by_province,sources,source_url,source_id,raw,data_quality,verified_at,last_seen_at,updated_at)
values (
  'fp-v36-cm-instalacions-de-producion-de-calor',
  'Instalacións de produción de calor',
  'fpgm',
  'Ciclo formativo de grao medio',
  'Instalación e mantemento',
  'Galicia',
  true,
  'Consultar requisitos, prazas, centros, modalidade e fontes oficiais antes de decidir.',
  '["Configuración de instalacións caloríficas", "Inglés profesional", "Instalacións eléctricas e automatismos", "Itinerario persoal para a empregabilidade I", "Máquinas e equipamentos térmicos", "Sostibilidade aplicada ao sistema produtivo", "Técnicas de montaxe de instalacións", "Dixitalización aplicada ao sistema produtivo", "Itinerario persoal para a empregabilidade II", "Montaxe e mantemento de instalacións caloríficas", "Montaxe e mantemento de instalacións de auga", "Montaxe e mantemento de instalacións de enerxía solar"]'::jsonb,
  '[{"subject": "Non aplica ou consultar fonte oficial", "weight": "consultar fonte oficial"}]'::jsonb,
  '[]'::jsonb,
  '{"Galicia": ["Consultar oferta por provincia, centro, modalidade e curso na Xunta FP."]}'::jsonb,
  '["xunta-fp-catalogo-familias-2025-2026", "xunta-fp-ciclos", "todofp-familias"]'::jsonb,
  'https://www.edu.xunta.gal/fp/oferta-fp',
  'xunta-fp-catalogo-familias-2025-2026',
  '{"source_upload": "3 base de datos itinera.zip", "source_file": "16-instalacion_e_mantemento_v7.pdf", "duration_hours": 2000, "modules": [{"code": "MP0266", "name": "Configuración de instalacións caloríficas", "hours": 78}, {"code": "MP0156", "name": "Inglés profesional", "hours": 60}, {"code": "MP0038", "name": "Instalacións eléctricas e automatismos", "hours": 235}, {"code": "MP1709", "name": "Itinerario persoal para a empregabilidade I", "hours": 107}, {"code": "MP0036", "name": "Máquinas e equipamentos térmicos", "hours": 240}, {"code": "MP1708", "name": "Sostibilidade aplicada ao sistema produtivo", "hours": 30}, {"code": "MP0037", "name": "Técnicas de montaxe de instalacións", "hours": 210}, {"code": "MP1664", "name": "Dixitalización aplicada ao sistema produtivo", "hours": 30}, {"code": "MP1710", "name": "Itinerario persoal para a empregabilidade II", "hours": 50}, {"code": "MP0302", "name": "Montaxe e mantemento de instalacións caloríficas", "hours": 301}, {"code": "MP0310", "name": "Montaxe e mantemento de instalacións de auga", "hours": 246}, {"code": "MP0392", "name": "Montaxe e mantemento de instalacións de enerxía solar", "hours": 109}, {"code": "MP0393", "name": "Montaxe e mantemento de instalacións de gas e combusti-", "hours": 164}, {"code": "MP1713", "name": "Proxecto intermodular", "hours": 50}], "learned": "caloríficas, solares térmicas e de fluídos aplicando a normativa e protocolos de calidade, de seguridade e de prevención de riscos laborais establecidos, asegurando a súa funcionalidade e o respecto polo ambiente.", "work_context": "mento de instalacións térmicas e de fluídos relacionadas cos subsectores de calefacción, instalacións solares térmicas para a produción de auga quente sanitaria e gases no sector industrial e no sector de edificación e obra civil."}'::jsonb,
  'official_upload',
  now(),
  now(),
  now()
)
on conflict (id) do update set
  name=excluded.name,
  type=excluded.type,
  level=excluded.level,
  family=excluded.family,
  jurisdiction=excluded.jurisdiction,
  route=excluded.route,
  subjects=excluded.subjects,
  ponderation_subjects=excluded.ponderation_subjects,
  route_options=excluded.route_options,
  availability_by_province=excluded.availability_by_province,
  sources=excluded.sources,
  source_url=excluded.source_url,
  source_id=excluded.source_id,
  raw=excluded.raw,
  data_quality=excluded.data_quality,
  verified_at=excluded.verified_at,
  last_seen_at=excluded.last_seen_at,
  updated_at=now();


insert into public.itinera_fp_catalog_details(id,study_id,learned,work_context,jobs,modules,source_file,raw)
values ('detail-fp-v36-cm-instalacions-de-producion-de-calor','fp-v36-cm-instalacions-de-producion-de-calor','caloríficas, solares térmicas e de fluídos aplicando a normativa e protocolos de calidade, de seguridade e de prevención de riscos laborais establecidos, asegurando a súa funcionalidade e o respecto polo ambiente.','mento de instalacións térmicas e de fluídos relacionadas cos subsectores de calefacción, instalacións solares térmicas para a produción de auga quente sanitaria e gases no sector industrial e no sector de edificación e obra civil.','["lador/a mantedor/a de instalacións de calefacción e AQS", "instalador/a mantedor/a de instalacións solares térmicas", "instalador/a mantedor/a de instalacións de auga", "instalador/a mantedor/a de instalacións de gas e com- bustibles líquidos."]'::jsonb,'[{"code": "MP0266", "name": "Configuración de instalacións caloríficas", "hours": 78}, {"code": "MP0156", "name": "Inglés profesional", "hours": 60}, {"code": "MP0038", "name": "Instalacións eléctricas e automatismos", "hours": 235}, {"code": "MP1709", "name": "Itinerario persoal para a empregabilidade I", "hours": 107}, {"code": "MP0036", "name": "Máquinas e equipamentos térmicos", "hours": 240}, {"code": "MP1708", "name": "Sostibilidade aplicada ao sistema produtivo", "hours": 30}, {"code": "MP0037", "name": "Técnicas de montaxe de instalacións", "hours": 210}, {"code": "MP1664", "name": "Dixitalización aplicada ao sistema produtivo", "hours": 30}, {"code": "MP1710", "name": "Itinerario persoal para a empregabilidade II", "hours": 50}, {"code": "MP0302", "name": "Montaxe e mantemento de instalacións caloríficas", "hours": 301}, {"code": "MP0310", "name": "Montaxe e mantemento de instalacións de auga", "hours": 246}, {"code": "MP0392", "name": "Montaxe e mantemento de instalacións de enerxía solar", "hours": 109}, {"code": "MP0393", "name": "Montaxe e mantemento de instalacións de gas e combusti-", "hours": 164}, {"code": "MP1713", "name": "Proxecto intermodular", "hours": 50}]'::jsonb,'16-instalacion_e_mantemento_v7.pdf',jsonb_build_object('source_upload','3 base de datos itinera.zip','duration_hours','2000'))
on conflict (id) do update set study_id=excluded.study_id,learned=excluded.learned,work_context=excluded.work_context,jobs=excluded.jobs,modules=excluded.modules,source_file=excluded.source_file,raw=excluded.raw,updated_at=now();


insert into public.itinera_studies(id,name,type,level,family,jurisdiction,official_title,route,subjects,ponderation_subjects,route_options,availability_by_province,sources,source_url,source_id,raw,data_quality,verified_at,last_seen_at,updated_at)
values (
  'fp-v36-cm-instalacions-frigorificas-e-de-climatizacion',
  'Instalacións frigoríficas e de climatización',
  'fpgm',
  'Ciclo formativo de grao medio',
  'Instalación e mantemento',
  'Galicia',
  true,
  'Consultar requisitos, prazas, centros, modalidade e fontes oficiais antes de decidir.',
  '["Configuración de instalacións de frío e climatización", "Inglés profesional", "Instalacións eléctricas e automatismos", "Itinerario persoal para a empregabilidade I", "Máquinas e equipamentos térmicos", "Sostibilidade aplicada ao sistema produtivo", "Técnicas de montaxe de instalacións", "Dixitalización aplicada ao sistema produtivo", "Itinerario persoal para a empregabilidade II", "Montaxe e mantemento de equipamentos de refrixeración", "Montaxe e mantemento de instalacións de climatización,", "Montaxe e mantemento de instalacións frigoríficas indus-"]'::jsonb,
  '[{"subject": "Non aplica ou consultar fonte oficial", "weight": "consultar fonte oficial"}]'::jsonb,
  '[]'::jsonb,
  '{"Galicia": ["Consultar oferta por provincia, centro, modalidade e curso na Xunta FP."]}'::jsonb,
  '["xunta-fp-catalogo-familias-2025-2026", "xunta-fp-ciclos", "todofp-familias"]'::jsonb,
  'https://www.edu.xunta.gal/fp/oferta-fp',
  'xunta-fp-catalogo-familias-2025-2026',
  '{"source_upload": "3 base de datos itinera.zip", "source_file": "16-instalacion_e_mantemento_v7.pdf", "duration_hours": 2000, "modules": [{"code": "MP0039", "name": "Configuración de instalacións de frío e climatización", "hours": 78}, {"code": "MP0156", "name": "Inglés profesional", "hours": 60}, {"code": "MP0038", "name": "Instalacións eléctricas e automatismos", "hours": 235}, {"code": "MP1709", "name": "Itinerario persoal para a empregabilidade I", "hours": 107}, {"code": "MP0036", "name": "Máquinas e equipamentos térmicos", "hours": 240}, {"code": "MP1708", "name": "Sostibilidade aplicada ao sistema produtivo", "hours": 30}, {"code": "MP0037", "name": "Técnicas de montaxe de instalacións", "hours": 210}, {"code": "MP1664", "name": "Dixitalización aplicada ao sistema produtivo", "hours": 30}, {"code": "MP1710", "name": "Itinerario persoal para a empregabilidade II", "hours": 50}, {"code": "MP0040", "name": "Montaxe e mantemento de equipamentos de refrixeración", "hours": 218}, {"code": "MP0042", "name": "Montaxe e mantemento de instalacións de climatización,", "hours": 301}, {"code": "MP0041", "name": "Montaxe e mantemento de instalacións frigoríficas indus-", "hours": 301}, {"code": "MP1713", "name": "Proxecto intermodular", "hours": 50}], "learned": "frigoríficas, de climatización e de ventilación aplicando a normativa e os protocolos de calidade, de seguridade e de prevención de riscos laborais establecidos, de xeito que se asegure a súa funcionalidade e o respecto polo ambiente.", "work_context": "temento de instalacións térmicas e de fluídos relacionadas cos subsectores do frío comercial, do frío industrial e da climatización, tanto no sector de edificación e obra civil como no industrial."}'::jsonb,
  'official_upload',
  now(),
  now(),
  now()
)
on conflict (id) do update set
  name=excluded.name,
  type=excluded.type,
  level=excluded.level,
  family=excluded.family,
  jurisdiction=excluded.jurisdiction,
  route=excluded.route,
  subjects=excluded.subjects,
  ponderation_subjects=excluded.ponderation_subjects,
  route_options=excluded.route_options,
  availability_by_province=excluded.availability_by_province,
  sources=excluded.sources,
  source_url=excluded.source_url,
  source_id=excluded.source_id,
  raw=excluded.raw,
  data_quality=excluded.data_quality,
  verified_at=excluded.verified_at,
  last_seen_at=excluded.last_seen_at,
  updated_at=now();


insert into public.itinera_fp_catalog_details(id,study_id,learned,work_context,jobs,modules,source_file,raw)
values ('detail-fp-v36-cm-instalacions-frigorificas-e-de-climatizacion','fp-v36-cm-instalacions-frigorificas-e-de-climatizacion','frigoríficas, de climatización e de ventilación aplicando a normativa e os protocolos de calidade, de seguridade e de prevención de riscos laborais establecidos, de xeito que se asegure a súa funcionalidade e o respecto polo ambiente.','temento de instalacións térmicas e de fluídos relacionadas cos subsectores do frío comercial, do frío industrial e da climatización, tanto no sector de edificación e obra civil como no industrial.','["en instalacións comerciais", "instalador/a frigorista en procesos industriais", "mantedor/a frigorista en procesos industriais", "instalador/a ou montador/a de equipamentos de climatización, ventilación e extracción", "redes de dis- tribución e equipamentos terminais", "mantedor/a ou reparador/a de equipa- mentos de climatización, ventilación e extracción", "redes de distribución e equipamentos terminais."]'::jsonb,'[{"code": "MP0039", "name": "Configuración de instalacións de frío e climatización", "hours": 78}, {"code": "MP0156", "name": "Inglés profesional", "hours": 60}, {"code": "MP0038", "name": "Instalacións eléctricas e automatismos", "hours": 235}, {"code": "MP1709", "name": "Itinerario persoal para a empregabilidade I", "hours": 107}, {"code": "MP0036", "name": "Máquinas e equipamentos térmicos", "hours": 240}, {"code": "MP1708", "name": "Sostibilidade aplicada ao sistema produtivo", "hours": 30}, {"code": "MP0037", "name": "Técnicas de montaxe de instalacións", "hours": 210}, {"code": "MP1664", "name": "Dixitalización aplicada ao sistema produtivo", "hours": 30}, {"code": "MP1710", "name": "Itinerario persoal para a empregabilidade II", "hours": 50}, {"code": "MP0040", "name": "Montaxe e mantemento de equipamentos de refrixeración", "hours": 218}, {"code": "MP0042", "name": "Montaxe e mantemento de instalacións de climatización,", "hours": 301}, {"code": "MP0041", "name": "Montaxe e mantemento de instalacións frigoríficas indus-", "hours": 301}, {"code": "MP1713", "name": "Proxecto intermodular", "hours": 50}]'::jsonb,'16-instalacion_e_mantemento_v7.pdf',jsonb_build_object('source_upload','3 base de datos itinera.zip','duration_hours','2000'))
on conflict (id) do update set study_id=excluded.study_id,learned=excluded.learned,work_context=excluded.work_context,jobs=excluded.jobs,modules=excluded.modules,source_file=excluded.source_file,raw=excluded.raw,updated_at=now();


insert into public.itinera_studies(id,name,type,level,family,jurisdiction,official_title,route,subjects,ponderation_subjects,route_options,availability_by_province,sources,source_url,source_id,raw,data_quality,verified_at,last_seen_at,updated_at)
values (
  'fp-v36-cm-mantemento-electromecanico',
  'Mantemento electromecánico',
  'fpgm',
  'Ciclo formativo de grao medio',
  'Instalación e mantemento',
  'Galicia',
  true,
  'Consultar requisitos, prazas, centros, modalidade e fontes oficiais antes de decidir.',
  '["Automatismos pneumáticos e hidráulicos", "Electricidade e automatismos eléctricos", "Inglés profesional", "Itinerario persoal para a empregabilidade I", "Sostibilidade aplicada ao sistema produtivo", "Técnicas de fabricación", "Técnicas de unión e montaxe", "Dixitalización aplicada ao sistema produtivo", "Itinerario persoal para a empregabilidade II", "Montaxe e mantemento de liñas automatizadas", "Montaxe e mantemento eléctrico-electrónico", "Montaxe e mantemento mecánico"]'::jsonb,
  '[{"subject": "Non aplica ou consultar fonte oficial", "weight": "consultar fonte oficial"}]'::jsonb,
  '[]'::jsonb,
  '{"Galicia": ["Consultar oferta por provincia, centro, modalidade e curso na Xunta FP."]}'::jsonb,
  '["xunta-fp-catalogo-familias-2025-2026", "xunta-fp-ciclos", "todofp-familias"]'::jsonb,
  'https://www.edu.xunta.gal/fp/oferta-fp',
  'xunta-fp-catalogo-familias-2025-2026',
  '{"source_upload": "3 base de datos itinera.zip", "source_file": "16-instalacion_e_mantemento_v7.pdf", "duration_hours": 2000, "modules": [{"code": "MP0952", "name": "Automatismos pneumáticos e hidráulicos", "hours": 210}, {"code": "MP0951", "name": "Electricidade e automatismos eléctricos", "hours": 210}, {"code": "MP0156", "name": "Inglés profesional", "hours": 60}, {"code": "MP1709", "name": "Itinerario persoal para a empregabilidade I", "hours": 107}, {"code": "MP1708", "name": "Sostibilidade aplicada ao sistema produtivo", "hours": 30}, {"code": "MP0949", "name": "Técnicas de fabricación", "hours": 210}, {"code": "MP0950", "name": "Técnicas de unión e montaxe", "hours": 133}, {"code": "MP1664", "name": "Dixitalización aplicada ao sistema produtivo", "hours": 30}, {"code": "MP1710", "name": "Itinerario persoal para a empregabilidade II", "hours": 50}, {"code": "MP0955", "name": "Montaxe e mantemento de liñas automatizadas", "hours": 246}, {"code": "MP0954", "name": "Montaxe e mantemento eléctrico-electrónico", "hours": 273}, {"code": "MP0953", "name": "Montaxe e mantemento mecánico", "hours": 301}, {"code": "MP1713", "name": "Proxecto intermodular", "hours": 50}], "learned": "das de produción, de acordo coas normas e os regulamentos establecidos, seguindo os protocolos de calidade, de seguridade e de prevención de riscos laborais e respecto polo ambiente.", "work_context": "mento ou instalacións de maquinaria, equipamento industrial e liñas auto- matizadas, por conta propia ou allea."}'::jsonb,
  'official_upload',
  now(),
  now(),
  now()
)
on conflict (id) do update set
  name=excluded.name,
  type=excluded.type,
  level=excluded.level,
  family=excluded.family,
  jurisdiction=excluded.jurisdiction,
  route=excluded.route,
  subjects=excluded.subjects,
  ponderation_subjects=excluded.ponderation_subjects,
  route_options=excluded.route_options,
  availability_by_province=excluded.availability_by_province,
  sources=excluded.sources,
  source_url=excluded.source_url,
  source_id=excluded.source_id,
  raw=excluded.raw,
  data_quality=excluded.data_quality,
  verified_at=excluded.verified_at,
  last_seen_at=excluded.last_seen_at,
  updated_at=now();


insert into public.itinera_fp_catalog_details(id,study_id,learned,work_context,jobs,modules,source_file,raw)
values ('detail-fp-v36-cm-mantemento-electromecanico','fp-v36-cm-mantemento-electromecanico','das de produción, de acordo coas normas e os regulamentos establecidos, seguindo os protocolos de calidade, de seguridade e de prevención de riscos laborais e respecto polo ambiente.','mento ou instalacións de maquinaria, equipamento industrial e liñas auto- matizadas, por conta propia ou allea.','["mentos eléctricos", "montador/a de equipamentos electrónicos", "mantedor/a de liña automatizada", "montador/a de bens de equipamento", "montador/a de automatismos pneumáticos e hidráulicos", "instalador/a electricista indus- trial", "electricista de mantemento e reparación de equipamentos de con- trol", "medida e precisión."]'::jsonb,'[{"code": "MP0952", "name": "Automatismos pneumáticos e hidráulicos", "hours": 210}, {"code": "MP0951", "name": "Electricidade e automatismos eléctricos", "hours": 210}, {"code": "MP0156", "name": "Inglés profesional", "hours": 60}, {"code": "MP1709", "name": "Itinerario persoal para a empregabilidade I", "hours": 107}, {"code": "MP1708", "name": "Sostibilidade aplicada ao sistema produtivo", "hours": 30}, {"code": "MP0949", "name": "Técnicas de fabricación", "hours": 210}, {"code": "MP0950", "name": "Técnicas de unión e montaxe", "hours": 133}, {"code": "MP1664", "name": "Dixitalización aplicada ao sistema produtivo", "hours": 30}, {"code": "MP1710", "name": "Itinerario persoal para a empregabilidade II", "hours": 50}, {"code": "MP0955", "name": "Montaxe e mantemento de liñas automatizadas", "hours": 246}, {"code": "MP0954", "name": "Montaxe e mantemento eléctrico-electrónico", "hours": 273}, {"code": "MP0953", "name": "Montaxe e mantemento mecánico", "hours": 301}, {"code": "MP1713", "name": "Proxecto intermodular", "hours": 50}]'::jsonb,'16-instalacion_e_mantemento_v7.pdf',jsonb_build_object('source_upload','3 base de datos itinera.zip','duration_hours','2000'))
on conflict (id) do update set study_id=excluded.study_id,learned=excluded.learned,work_context=excluded.work_context,jobs=excluded.jobs,modules=excluded.modules,source_file=excluded.source_file,raw=excluded.raw,updated_at=now();


insert into public.itinera_studies(id,name,type,level,family,jurisdiction,official_title,route,subjects,ponderation_subjects,route_options,availability_by_province,sources,source_url,source_id,raw,data_quality,verified_at,last_seen_at,updated_at)
values (
  'fp-v36-cs-desenvolvemento-de-proxectos-de-instalacions-termicas-e-de-flui',
  'Desenvolvemento de proxectos de instalacións térmicas e de fluí-',
  'fpgs',
  'Ciclo formativo de grao superior',
  'Instalación e mantemento',
  'Galicia',
  true,
  'Consultar requisitos, prazas, centros, modalidade e fontes oficiais antes de decidir.',
  '["Enerxías renovables e eficiencia enerxética", "Equipamentos e instalacións térmicas", "Inglés profesional", "Itinerario persoal para a empregabilidade I", "Procesos de montaxe de instalacións", "Representación gráfica de instalacións", "Sistemas eléctricos e automáticos", "Sostibilidade aplicada ao sistema produtivo", "Configuración de instalacións de climatización, calefacción", "Configuración de instalacións de fluídos", "Configuración de instalacións frigoríficas", "Dixitalización aplicada ao sistema produtivo"]'::jsonb,
  '[{"subject": "Non aplica ou consultar fonte oficial", "weight": "consultar fonte oficial"}]'::jsonb,
  '[]'::jsonb,
  '{"Galicia": ["Consultar oferta por provincia, centro, modalidade e curso na Xunta FP."]}'::jsonb,
  '["xunta-fp-catalogo-familias-2025-2026", "xunta-fp-ciclos", "todofp-familias"]'::jsonb,
  'https://www.edu.xunta.gal/fp/oferta-fp',
  'xunta-fp-catalogo-familias-2025-2026',
  '{"source_upload": "3 base de datos itinera.zip", "source_file": "16-instalacion_e_mantemento_v7.pdf", "duration_hours": 2000, "modules": [{"code": "MP0124", "name": "Enerxías renovables e eficiencia enerxética", "hours": 51}, {"code": "MP0121", "name": "Equipamentos e instalacións térmicas", "hours": 213}, {"code": "MP0179", "name": "Inglés profesional", "hours": 60}, {"code": "MP1709", "name": "Itinerario persoal para a empregabilidade I", "hours": 107}, {"code": "MP0122", "name": "Procesos de montaxe de instalacións", "hours": 182}, {"code": "MP0123", "name": "Representación gráfica de instalacións", "hours": 130}, {"code": "MP0120", "name": "Sistemas eléctricos e automáticos", "hours": 187}, {"code": "MP1708", "name": "Sostibilidade aplicada ao sistema produtivo", "hours": 30}, {"code": "MP0125", "name": "Configuración de instalacións de climatización, calefacción", "hours": 273}, {"code": "MP0127", "name": "Configuración de instalacións de fluídos", "hours": 191}, {"code": "MP0126", "name": "Configuración de instalacións frigoríficas", "hours": 219}, {"code": "MP1665", "name": "Dixitalización aplicada ao sistema produtivo", "hours": 30}, {"code": "MP1710", "name": "Itinerario persoal para a empregabilidade II", "hours": 50}, {"code": "MP0128", "name": "Planificación da montaxe de instalacións", "hours": 137}, {"code": "MP0129", "name": "Proxecto intermodular de instalacións térmicas e de fluídos", "hours": 50}], "learned": "fluídos en edificios e procesos industriais, de acordo cos regulamentos e as normas establecidas, seguindo os protocolos de calidade, de seguridade, de prevención de riscos laborais e de protección do medio.", "work_context": "fluídos relacionadas cos subsectores de climatización (calefacción, refrixe- ración e ventilación) e produción de auga quente sanitaria, no sector indus- trial, e no de edificación e obra civil."}'::jsonb,
  'official_upload',
  now(),
  now(),
  now()
)
on conflict (id) do update set
  name=excluded.name,
  type=excluded.type,
  level=excluded.level,
  family=excluded.family,
  jurisdiction=excluded.jurisdiction,
  route=excluded.route,
  subjects=excluded.subjects,
  ponderation_subjects=excluded.ponderation_subjects,
  route_options=excluded.route_options,
  availability_by_province=excluded.availability_by_province,
  sources=excluded.sources,
  source_url=excluded.source_url,
  source_id=excluded.source_id,
  raw=excluded.raw,
  data_quality=excluded.data_quality,
  verified_at=excluded.verified_at,
  last_seen_at=excluded.last_seen_at,
  updated_at=now();


insert into public.itinera_fp_catalog_details(id,study_id,learned,work_context,jobs,modules,source_file,raw)
values ('detail-fp-v36-cs-desenvolvemento-de-proxectos-de-instalacions-termicas-e-de-flui','fp-v36-cs-desenvolvemento-de-proxectos-de-instalacions-termicas-e-de-flui','fluídos en edificios e procesos industriais, de acordo cos regulamentos e as normas establecidas, seguindo os protocolos de calidade, de seguridade, de prevención de riscos laborais e de protección do medio.','fluídos relacionadas cos subsectores de climatización (calefacción, refrixe- ración e ventilación) e produción de auga quente sanitaria, no sector indus- trial, e no de edificación e obra civil.','["instalacións de climatización e ventilación-extracción", "delineante proxectis- ta de instalacións frigoríficas", "delineante proxectista de redes e sistemas de distribución de fluídos", "técnico en planificación de montaxes de instalacións caloríficas", "técnico/a en planificación de montaxes de instalacións de clima- tización e ventilación-extracción", "técnico/a en planificación de montaxes de instalacións frigoríficas", "técnico/a en planificación de procesos de montaxes de redes e sistemas de distribución de fluídos."]'::jsonb,'[{"code": "MP0124", "name": "Enerxías renovables e eficiencia enerxética", "hours": 51}, {"code": "MP0121", "name": "Equipamentos e instalacións térmicas", "hours": 213}, {"code": "MP0179", "name": "Inglés profesional", "hours": 60}, {"code": "MP1709", "name": "Itinerario persoal para a empregabilidade I", "hours": 107}, {"code": "MP0122", "name": "Procesos de montaxe de instalacións", "hours": 182}, {"code": "MP0123", "name": "Representación gráfica de instalacións", "hours": 130}, {"code": "MP0120", "name": "Sistemas eléctricos e automáticos", "hours": 187}, {"code": "MP1708", "name": "Sostibilidade aplicada ao sistema produtivo", "hours": 30}, {"code": "MP0125", "name": "Configuración de instalacións de climatización, calefacción", "hours": 273}, {"code": "MP0127", "name": "Configuración de instalacións de fluídos", "hours": 191}, {"code": "MP0126", "name": "Configuración de instalacións frigoríficas", "hours": 219}, {"code": "MP1665", "name": "Dixitalización aplicada ao sistema produtivo", "hours": 30}, {"code": "MP1710", "name": "Itinerario persoal para a empregabilidade II", "hours": 50}, {"code": "MP0128", "name": "Planificación da montaxe de instalacións", "hours": 137}, {"code": "MP0129", "name": "Proxecto intermodular de instalacións térmicas e de fluídos", "hours": 50}]'::jsonb,'16-instalacion_e_mantemento_v7.pdf',jsonb_build_object('source_upload','3 base de datos itinera.zip','duration_hours','2000'))
on conflict (id) do update set study_id=excluded.study_id,learned=excluded.learned,work_context=excluded.work_context,jobs=excluded.jobs,modules=excluded.modules,source_file=excluded.source_file,raw=excluded.raw,updated_at=now();


insert into public.itinera_studies(id,name,type,level,family,jurisdiction,official_title,route,subjects,ponderation_subjects,route_options,availability_by_province,sources,source_url,source_id,raw,data_quality,verified_at,last_seen_at,updated_at)
values (
  'fp-v36-cs-mantemento-de-instalacions-termicas-e-de-fluidos',
  'Mantemento de instalacións térmicas e de fluídos',
  'fpgs',
  'Ciclo formativo de grao superior',
  'Instalación e mantemento',
  'Galicia',
  true,
  'Consultar requisitos, prazas, centros, modalidade e fontes oficiais antes de decidir.',
  '["Enerxías renovables e eficiencia enerxética", "Equipamentos e instalacións térmicas", "Inglés profesional", "Itinerario persoal para a empregabilidade I", "Procesos de montaxe de instalacións", "Representación gráfica de instalacións", "Sistemas eléctricos e automáticos", "Sostibilidade aplicada ao sistema produtivo", "Configuración de instalacións térmicas e de fluídos", "Dixitalización aplicada ao sistema produtivo", "Itinerario persoal para a empregabilidade II", "Mantemento de instalacións caloríficas e de fluídos"]'::jsonb,
  '[{"subject": "Non aplica ou consultar fonte oficial", "weight": "consultar fonte oficial"}]'::jsonb,
  '[]'::jsonb,
  '{"Galicia": ["Consultar oferta por provincia, centro, modalidade e curso na Xunta FP."]}'::jsonb,
  '["xunta-fp-catalogo-familias-2025-2026", "xunta-fp-ciclos", "todofp-familias"]'::jsonb,
  'https://www.edu.xunta.gal/fp/oferta-fp',
  'xunta-fp-catalogo-familias-2025-2026',
  '{"source_upload": "3 base de datos itinera.zip", "source_file": "16-instalacion_e_mantemento_v7.pdf", "duration_hours": 2000, "modules": [{"code": "MP0124", "name": "Enerxías renovables e eficiencia enerxética", "hours": 51}, {"code": "MP0121", "name": "Equipamentos e instalacións térmicas", "hours": 213}, {"code": "MP0179", "name": "Inglés profesional", "hours": 60}, {"code": "MP1709", "name": "Itinerario persoal para a empregabilidade I", "hours": 107}, {"code": "MP0122", "name": "Procesos de montaxe de instalacións", "hours": 182}, {"code": "MP0123", "name": "Representación gráfica de instalacións", "hours": 130}, {"code": "MP0120", "name": "Sistemas eléctricos e automáticos", "hours": 187}, {"code": "MP1708", "name": "Sostibilidade aplicada ao sistema produtivo", "hours": 30}, {"code": "MP0134", "name": "Configuración de instalacións térmicas e de fluídos", "hours": 245}, {"code": "MP1665", "name": "Dixitalización aplicada ao sistema produtivo", "hours": 30}, {"code": "MP1710", "name": "Itinerario persoal para a empregabilidade II", "hours": 50}, {"code": "MP0136", "name": "Mantemento de instalacións caloríficas e de fluídos", "hours": 219}, {"code": "MP0135", "name": "Mantemento de instalacións frigoríficas e de climatización", "hours": 219}, {"code": "MP0137", "name": "Proxecto intermodular de mantemento de instalacións térmicas", "hours": 50}, {"code": "MP0133", "name": "Xestión da montaxe, da calidade e o mantemento", "hours": 137}], "learned": "cións térmicas e de fluídos en edificios e procesos industriais, de acordo cos regulamentos e as normas establecidas, e seguindo os protocolos de calidade, seguridade, prevención de riscos laborais e respecto ambiental.", "work_context": "dos relacionadas cos subsectores de climatización (calefacción, refrixera- ción e ventilación) e produción de auga quente sanitaria, no sector industrial e no sector de edificación e obra civil."}'::jsonb,
  'official_upload',
  now(),
  now(),
  now()
)
on conflict (id) do update set
  name=excluded.name,
  type=excluded.type,
  level=excluded.level,
  family=excluded.family,
  jurisdiction=excluded.jurisdiction,
  route=excluded.route,
  subjects=excluded.subjects,
  ponderation_subjects=excluded.ponderation_subjects,
  route_options=excluded.route_options,
  availability_by_province=excluded.availability_by_province,
  sources=excluded.sources,
  source_url=excluded.source_url,
  source_id=excluded.source_id,
  raw=excluded.raw,
  data_quality=excluded.data_quality,
  verified_at=excluded.verified_at,
  last_seen_at=excluded.last_seen_at,
  updated_at=now();


insert into public.itinera_fp_catalog_details(id,study_id,learned,work_context,jobs,modules,source_file,raw)
values ('detail-fp-v36-cs-mantemento-de-instalacions-termicas-e-de-fluidos','fp-v36-cs-mantemento-de-instalacions-termicas-e-de-fluidos','cións térmicas e de fluídos en edificios e procesos industriais, de acordo cos regulamentos e as normas establecidas, e seguindo os protocolos de calidade, seguridade, prevención de riscos laborais e respecto ambiental.','dos relacionadas cos subsectores de climatización (calefacción, refrixera- ción e ventilación) e produción de auga quente sanitaria, no sector industrial e no sector de edificación e obra civil.','["instalacións térmicas e de fluídos", "xefe/a de equipo de montaxe de redes e sistemas de distribución de fluídos", "xefe/a de mantemento", "técnico/a de frío industrial", "frigorista", "técnico/a de climatización e ventilación-extrac- ción", "técnico/a de redes e sistemas de distribución de fluídos", "técnico/a de instalacións caloríficas", "instalador/a de calefacción e AQS", "mantedor de ca- lefacción e AQS", "técnico/a de mantemento de instalacións auxiliares á pro- dución", "supervisor/a de montaxe de instalacións térmicas", "xefe/a de equipo de mantemento de instalacións de calor."]'::jsonb,'[{"code": "MP0124", "name": "Enerxías renovables e eficiencia enerxética", "hours": 51}, {"code": "MP0121", "name": "Equipamentos e instalacións térmicas", "hours": 213}, {"code": "MP0179", "name": "Inglés profesional", "hours": 60}, {"code": "MP1709", "name": "Itinerario persoal para a empregabilidade I", "hours": 107}, {"code": "MP0122", "name": "Procesos de montaxe de instalacións", "hours": 182}, {"code": "MP0123", "name": "Representación gráfica de instalacións", "hours": 130}, {"code": "MP0120", "name": "Sistemas eléctricos e automáticos", "hours": 187}, {"code": "MP1708", "name": "Sostibilidade aplicada ao sistema produtivo", "hours": 30}, {"code": "MP0134", "name": "Configuración de instalacións térmicas e de fluídos", "hours": 245}, {"code": "MP1665", "name": "Dixitalización aplicada ao sistema produtivo", "hours": 30}, {"code": "MP1710", "name": "Itinerario persoal para a empregabilidade II", "hours": 50}, {"code": "MP0136", "name": "Mantemento de instalacións caloríficas e de fluídos", "hours": 219}, {"code": "MP0135", "name": "Mantemento de instalacións frigoríficas e de climatización", "hours": 219}, {"code": "MP0137", "name": "Proxecto intermodular de mantemento de instalacións térmicas", "hours": 50}, {"code": "MP0133", "name": "Xestión da montaxe, da calidade e o mantemento", "hours": 137}]'::jsonb,'16-instalacion_e_mantemento_v7.pdf',jsonb_build_object('source_upload','3 base de datos itinera.zip','duration_hours','2000'))
on conflict (id) do update set study_id=excluded.study_id,learned=excluded.learned,work_context=excluded.work_context,jobs=excluded.jobs,modules=excluded.modules,source_file=excluded.source_file,raw=excluded.raw,updated_at=now();


insert into public.itinera_studies(id,name,type,level,family,jurisdiction,official_title,route,subjects,ponderation_subjects,route_options,availability_by_province,sources,source_url,source_id,raw,data_quality,verified_at,last_seen_at,updated_at)
values (
  'fp-v36-cs-mecatronica-industrial',
  'Mecatrónica industrial',
  'fpgs',
  'Ciclo formativo de grao superior',
  'Instalación e mantemento',
  'Galicia',
  true,
  'Consultar requisitos, prazas, centros, modalidade e fontes oficiais antes de decidir.',
  '["Elementos de máquinas", "Inglés profesional", "Itinerario persoal para a empregabilidade I", "Procesos de fabricación", "Representación gráfica de sistemas mecatrónicos", "Sistemas eléctricos e electrónicos", "Sistemas mecánicos", "Sostibilidade aplicada ao sistema produtivo", "Configuración de sistemas mecatrónicos", "Dixitalización aplicada ao sistema produtivo", "Integración de sistemas", "Itinerario persoal para a empregabilidade II"]'::jsonb,
  '[{"subject": "Non aplica ou consultar fonte oficial", "weight": "consultar fonte oficial"}]'::jsonb,
  '[]'::jsonb,
  '{"Galicia": ["Consultar oferta por provincia, centro, modalidade e curso na Xunta FP."]}'::jsonb,
  '["xunta-fp-catalogo-familias-2025-2026", "xunta-fp-ciclos", "todofp-familias"]'::jsonb,
  'https://www.edu.xunta.gal/fp/oferta-fp',
  'xunta-fp-catalogo-familias-2025-2026',
  '{"source_upload": "3 base de datos itinera.zip", "source_file": "16-instalacion_e_mantemento_v7.pdf", "duration_hours": 2000, "modules": [{"code": "MP0938", "name": "Elementos de máquinas", "hours": 107}, {"code": "MP0179", "name": "Inglés profesional", "hours": 60}, {"code": "MP1709", "name": "Itinerario persoal para a empregabilidade I", "hours": 107}, {"code": "MP0939", "name": "Procesos de fabricación", "hours": 182}, {"code": "MP0940", "name": "Representación gráfica de sistemas mecatrónicos", "hours": 133}, {"code": "MP0937", "name": "Sistemas eléctricos e electrónicos", "hours": 183}, {"code": "MP0935", "name": "Sistemas mecánicos", "hours": 158}, {"code": "MP1708", "name": "Sostibilidade aplicada ao sistema produtivo", "hours": 30}, {"code": "MP0941", "name": "Configuración de sistemas mecatrónicos", "hours": 191}, {"code": "MP1665", "name": "Dixitalización aplicada ao sistema produtivo", "hours": 30}, {"code": "MP0943", "name": "Integración de sistemas", "hours": 219}, {"code": "MP1710", "name": "Itinerario persoal para a empregabilidade II", "hours": 50}, {"code": "MP0942", "name": "Procesos e xestión de mantemento e calidade", "hours": 137}, {"code": "MP0945", "name": "Proxecto intermodular de mecatrónica industrial", "hours": 50}, {"code": "MP0944", "name": "Simulación de sistemas mecatrónicos", "hours": 109}, {"code": "MP0936", "name": "Sistemas hidráulicos e pneumáticos", "hours": 164}], "learned": "car, supervisar e/ou executar a súa montaxe e o seu mantemento, seguindo os protocolos de calidade, de seguridade e de prevención de riscos laborais, e de respecto ambiental.", "work_context": "proxectos, a xestión e a supervisión da montaxe, e o mantemento de siste- mas mecatrónicos ou instalacións de maquinaria, equipamento industrial e liñas automatizadas, por conta propia ou allea."}'::jsonb,
  'official_upload',
  now(),
  now(),
  now()
)
on conflict (id) do update set
  name=excluded.name,
  type=excluded.type,
  level=excluded.level,
  family=excluded.family,
  jurisdiction=excluded.jurisdiction,
  route=excluded.route,
  subjects=excluded.subjects,
  ponderation_subjects=excluded.ponderation_subjects,
  route_options=excluded.route_options,
  availability_by_province=excluded.availability_by_province,
  sources=excluded.sources,
  source_url=excluded.source_url,
  source_id=excluded.source_id,
  raw=excluded.raw,
  data_quality=excluded.data_quality,
  verified_at=excluded.verified_at,
  last_seen_at=excluded.last_seen_at,
  updated_at=now();


insert into public.itinera_fp_catalog_details(id,study_id,learned,work_context,jobs,modules,source_file,raw)
values ('detail-fp-v36-cs-mecatronica-industrial','fp-v36-cs-mecatronica-industrial','car, supervisar e/ou executar a súa montaxe e o seu mantemento, seguindo os protocolos de calidade, de seguridade e de prevención de riscos laborais, e de respecto ambiental.','proxectos, a xestión e a supervisión da montaxe, e o mantemento de siste- mas mecatrónicos ou instalacións de maquinaria, equipamento industrial e liñas automatizadas, por conta propia ou allea.','["instalacións de maquinaria e equipamento industrial", "xefe/a de equipo de montadores/as de instalacións de maquinaria e equipamento industrial", "xe- fe/a de equipo de mantedores/as de instalacións de maquinaria e equipa- mento industrial."]'::jsonb,'[{"code": "MP0938", "name": "Elementos de máquinas", "hours": 107}, {"code": "MP0179", "name": "Inglés profesional", "hours": 60}, {"code": "MP1709", "name": "Itinerario persoal para a empregabilidade I", "hours": 107}, {"code": "MP0939", "name": "Procesos de fabricación", "hours": 182}, {"code": "MP0940", "name": "Representación gráfica de sistemas mecatrónicos", "hours": 133}, {"code": "MP0937", "name": "Sistemas eléctricos e electrónicos", "hours": 183}, {"code": "MP0935", "name": "Sistemas mecánicos", "hours": 158}, {"code": "MP1708", "name": "Sostibilidade aplicada ao sistema produtivo", "hours": 30}, {"code": "MP0941", "name": "Configuración de sistemas mecatrónicos", "hours": 191}, {"code": "MP1665", "name": "Dixitalización aplicada ao sistema produtivo", "hours": 30}, {"code": "MP0943", "name": "Integración de sistemas", "hours": 219}, {"code": "MP1710", "name": "Itinerario persoal para a empregabilidade II", "hours": 50}, {"code": "MP0942", "name": "Procesos e xestión de mantemento e calidade", "hours": 137}, {"code": "MP0945", "name": "Proxecto intermodular de mecatrónica industrial", "hours": 50}, {"code": "MP0944", "name": "Simulación de sistemas mecatrónicos", "hours": 109}, {"code": "MP0936", "name": "Sistemas hidráulicos e pneumáticos", "hours": 164}]'::jsonb,'16-instalacion_e_mantemento_v7.pdf',jsonb_build_object('source_upload','3 base de datos itinera.zip','duration_hours','2000'))
on conflict (id) do update set study_id=excluded.study_id,learned=excluded.learned,work_context=excluded.work_context,jobs=excluded.jobs,modules=excluded.modules,source_file=excluded.source_file,raw=excluded.raw,updated_at=now();


insert into public.itinera_studies(id,name,type,level,family,jurisdiction,official_title,route,subjects,ponderation_subjects,route_options,availability_by_province,sources,source_url,source_id,raw,data_quality,verified_at,last_seen_at,updated_at)
values (
  'fp-v36-es-dixitalizacion-do-mantemento-industrial',
  'Dixitalización do mantemento industrial',
  'especializacion_gs',
  'Curso de especialización de grao superior',
  'Instalación e mantemento',
  'Galicia',
  true,
  'Consultar requisitos, prazas, centros, modalidade e fontes oficiais antes de decidir.',
  '["Estratexias do mantemento industrial", "Metroloxía e instrumentación intelixente", "Monitorización de maquinaria, sistemas e equipamentos", "Seguridade no mantemento industrial", "Sistemas avanzados de axuda ao mantemento"]'::jsonb,
  '[{"subject": "Non aplica ou consultar fonte oficial", "weight": "consultar fonte oficial"}]'::jsonb,
  '[]'::jsonb,
  '{"Galicia": ["Consultar oferta por provincia, centro, modalidade e curso na Xunta FP."]}'::jsonb,
  '["xunta-fp-catalogo-familias-2025-2026", "xunta-fp-ciclos", "todofp-familias"]'::jsonb,
  'https://www.edu.xunta.gal/fp/oferta-fp',
  'xunta-fp-catalogo-familias-2025-2026',
  '{"source_upload": "3 base de datos itinera.zip", "source_file": "16-instalacion_e_mantemento_v7.pdf", "duration_hours": 600, "modules": [{"code": "MP5032", "name": "Estratexias do mantemento industrial", "hours": 165}, {"code": "MP5012", "name": "Metroloxía e instrumentación intelixente", "hours": 110}, {"code": "MP5034", "name": "Monitorización de maquinaria, sistemas e equipamentos", "hours": 80}, {"code": "MP5033", "name": "Seguridade no mantemento industrial", "hours": 115}, {"code": "MP5035", "name": "Sistemas avanzados de axuda ao mantemento", "hours": 130}], "learned": "nos industriais, aplicando as tecnoloxías de última xeración e cumprindo os requisitos de calidade, seguridade e respecto ambiental.", "work_context": "industrial con gran potencial para a mellora da súa xestión e dixitalización."}'::jsonb,
  'official_upload',
  now(),
  now(),
  now()
)
on conflict (id) do update set
  name=excluded.name,
  type=excluded.type,
  level=excluded.level,
  family=excluded.family,
  jurisdiction=excluded.jurisdiction,
  route=excluded.route,
  subjects=excluded.subjects,
  ponderation_subjects=excluded.ponderation_subjects,
  route_options=excluded.route_options,
  availability_by_province=excluded.availability_by_province,
  sources=excluded.sources,
  source_url=excluded.source_url,
  source_id=excluded.source_id,
  raw=excluded.raw,
  data_quality=excluded.data_quality,
  verified_at=excluded.verified_at,
  last_seen_at=excluded.last_seen_at,
  updated_at=now();


insert into public.itinera_fp_catalog_details(id,study_id,learned,work_context,jobs,modules,source_file,raw)
values ('detail-fp-v36-es-dixitalizacion-do-mantemento-industrial','fp-v36-es-dixitalizacion-do-mantemento-industrial','nos industriais, aplicando as tecnoloxías de última xeración e cumprindo os requisitos de calidade, seguridade e respecto ambiental.','industrial con gran potencial para a mellora da súa xestión e dixitalización.','["tización e dixitalización industrial|responsable en dixitalización industrial."]'::jsonb,'[{"code": "MP5032", "name": "Estratexias do mantemento industrial", "hours": 165}, {"code": "MP5012", "name": "Metroloxía e instrumentación intelixente", "hours": 110}, {"code": "MP5034", "name": "Monitorización de maquinaria, sistemas e equipamentos", "hours": 80}, {"code": "MP5033", "name": "Seguridade no mantemento industrial", "hours": 115}, {"code": "MP5035", "name": "Sistemas avanzados de axuda ao mantemento", "hours": 130}]'::jsonb,'16-instalacion_e_mantemento_v7.pdf',jsonb_build_object('source_upload','3 base de datos itinera.zip','duration_hours','600'))
on conflict (id) do update set study_id=excluded.study_id,learned=excluded.learned,work_context=excluded.work_context,jobs=excluded.jobs,modules=excluded.modules,source_file=excluded.source_file,raw=excluded.raw,updated_at=now();


insert into public.itinera_studies(id,name,type,level,family,jurisdiction,official_title,route,subjects,ponderation_subjects,route_options,availability_by_province,sources,source_url,source_id,raw,data_quality,verified_at,last_seen_at,updated_at)
values (
  'fp-v36-es-fabricacion-intelixente',
  'Fabricación intelixente',
  'especializacion_gs',
  'Curso de especialización de grao superior',
  'Instalación e mantemento',
  'Galicia',
  true,
  'Consultar requisitos, prazas, centros, modalidade e fontes oficiais antes de decidir.',
  '["Contornos conectados a rede e Internet das cousas", "Metroloxía e instrumentación intelixente", "Procesos produtivos intelixentes", "Virtualización de máquinas e procesos produtivos"]'::jsonb,
  '[{"subject": "Non aplica ou consultar fonte oficial", "weight": "consultar fonte oficial"}]'::jsonb,
  '[]'::jsonb,
  '{"Galicia": ["Consultar oferta por provincia, centro, modalidade e curso na Xunta FP."]}'::jsonb,
  '["xunta-fp-catalogo-familias-2025-2026", "xunta-fp-ciclos", "todofp-familias"]'::jsonb,
  'https://www.edu.xunta.gal/fp/oferta-fp',
  'xunta-fp-catalogo-familias-2025-2026',
  '{"source_upload": "3 base de datos itinera.zip", "source_file": "16-instalacion_e_mantemento_v7.pdf", "duration_hours": 600, "modules": [{"code": "MP5013", "name": "Contornos conectados a rede e Internet das cousas", "hours": 125}, {"code": "MP5012", "name": "Metroloxía e instrumentación intelixente", "hours": 110}, {"code": "MP5011", "name": "Procesos produtivos intelixentes", "hours": 240}, {"code": "MP5014", "name": "Virtualización de máquinas e procesos produtivos", "hours": 125}], "learned": "identificando os obxectivos de produción, tendo en conta os indicadores clave de rendemento (KPI), aplicando tecnoloxías avanzadas de control da produción e cumprindo os requisitos de calidade e seguridade.", "work_context": "tante compoñente de automatización, cuxas actividades teñan unha clara tendencia á integración de todos os seus sistemas dixitais de operación e xestión."}'::jsonb,
  'official_upload',
  now(),
  now(),
  now()
)
on conflict (id) do update set
  name=excluded.name,
  type=excluded.type,
  level=excluded.level,
  family=excluded.family,
  jurisdiction=excluded.jurisdiction,
  route=excluded.route,
  subjects=excluded.subjects,
  ponderation_subjects=excluded.ponderation_subjects,
  route_options=excluded.route_options,
  availability_by_province=excluded.availability_by_province,
  sources=excluded.sources,
  source_url=excluded.source_url,
  source_id=excluded.source_id,
  raw=excluded.raw,
  data_quality=excluded.data_quality,
  verified_at=excluded.verified_at,
  last_seen_at=excluded.last_seen_at,
  updated_at=now();


insert into public.itinera_fp_catalog_details(id,study_id,learned,work_context,jobs,modules,source_file,raw)
values ('detail-fp-v36-es-fabricacion-intelixente','fp-v36-es-fabricacion-intelixente','identificando os obxectivos de produción, tendo en conta os indicadores clave de rendemento (KPI), aplicando tecnoloxías avanzadas de control da produción e cumprindo os requisitos de calidade e seguridade.','tante compoñente de automatización, cuxas actividades teñan unha clara tendencia á integración de todos os seus sistemas dixitais de operación e xestión.','[]'::jsonb,'[{"code": "MP5013", "name": "Contornos conectados a rede e Internet das cousas", "hours": 125}, {"code": "MP5012", "name": "Metroloxía e instrumentación intelixente", "hours": 110}, {"code": "MP5011", "name": "Procesos produtivos intelixentes", "hours": 240}, {"code": "MP5014", "name": "Virtualización de máquinas e procesos produtivos", "hours": 125}]'::jsonb,'16-instalacion_e_mantemento_v7.pdf',jsonb_build_object('source_upload','3 base de datos itinera.zip','duration_hours','600'))
on conflict (id) do update set study_id=excluded.study_id,learned=excluded.learned,work_context=excluded.work_context,jobs=excluded.jobs,modules=excluded.modules,source_file=excluded.source_file,raw=excluded.raw,updated_at=now();


insert into public.itinera_studies(id,name,type,level,family,jurisdiction,official_title,route,subjects,ponderation_subjects,route_options,availability_by_province,sources,source_url,source_id,raw,data_quality,verified_at,last_seen_at,updated_at)
values (
  'fp-v36-es-modelaxe-da-informacion-da-construcion-bim',
  'Modelaxe da información da construción (BIM)',
  'especializacion_gs',
  'Curso de especialización de grao superior',
  'Instalación e mantemento',
  'Galicia',
  true,
  'Consultar requisitos, prazas, centros, modalidade e fontes oficiais antes de decidir.',
  '["Control, xestión e orzamentos", "Metodoloxía BIM", "Modelos de arquitectura e estruturas", "Modelos de instalacións eléctricas e comunicacións", "Modelos de instalacións mecánicas e sostibilidade"]'::jsonb,
  '[{"subject": "Non aplica ou consultar fonte oficial", "weight": "consultar fonte oficial"}]'::jsonb,
  '[]'::jsonb,
  '{"Galicia": ["Consultar oferta por provincia, centro, modalidade e curso na Xunta FP."]}'::jsonb,
  '["xunta-fp-catalogo-familias-2025-2026", "xunta-fp-ciclos", "todofp-familias"]'::jsonb,
  'https://www.edu.xunta.gal/fp/oferta-fp',
  'xunta-fp-catalogo-familias-2025-2026',
  '{"source_upload": "3 base de datos itinera.zip", "source_file": "16-instalacion_e_mantemento_v7.pdf", "duration_hours": 600, "modules": [{"code": "MP5059", "name": "Control, xestión e orzamentos", "hours": 80}, {"code": "MP5055", "name": "Metodoloxía BIM", "hours": 100}, {"code": "MP5056", "name": "Modelos de arquitectura e estruturas", "hours": 150}, {"code": "MP5058", "name": "Modelos de instalacións eléctricas e comunicacións", "hours": 120}, {"code": "MP5057", "name": "Modelos de instalacións mecánicas e sostibilidade", "hours": 150}], "learned": "Arquitectura, Enxeñería e Construción baixo a metodoloxía BIM nas súas diferentes dimensións, así como colaborar nos procesos dos proxectos, respectando os requisitos do cliente (EIR, Employer''s Information Reque- riments) e as prescricións establecidas no Plan de Execución BIM (BEP, Buil- ding Execution Plan), entre outras.", "work_context": "trución que desenvolvan proxectos baixo a metodoloxía BIM, cuxas activida- des teñan unha clara tendencia á dixitalización dos procesos de desenvolve- mento de modelos de información de proxectos e de activos."}'::jsonb,
  'official_upload',
  now(),
  now(),
  now()
)
on conflict (id) do update set
  name=excluded.name,
  type=excluded.type,
  level=excluded.level,
  family=excluded.family,
  jurisdiction=excluded.jurisdiction,
  route=excluded.route,
  subjects=excluded.subjects,
  ponderation_subjects=excluded.ponderation_subjects,
  route_options=excluded.route_options,
  availability_by_province=excluded.availability_by_province,
  sources=excluded.sources,
  source_url=excluded.source_url,
  source_id=excluded.source_id,
  raw=excluded.raw,
  data_quality=excluded.data_quality,
  verified_at=excluded.verified_at,
  last_seen_at=excluded.last_seen_at,
  updated_at=now();


insert into public.itinera_fp_catalog_details(id,study_id,learned,work_context,jobs,modules,source_file,raw)
values ('detail-fp-v36-es-modelaxe-da-informacion-da-construcion-bim','fp-v36-es-modelaxe-da-informacion-da-construcion-bim','Arquitectura, Enxeñería e Construción baixo a metodoloxía BIM nas súas diferentes dimensións, así como colaborar nos procesos dos proxectos, respectando os requisitos do cliente (EIR, Employer''s Information Reque- riments) e as prescricións establecidas no Plan de Execución BIM (BEP, Buil- ding Execution Plan), entre outras.','trución que desenvolvan proxectos baixo a metodoloxía BIM, cuxas activida- des teñan unha clara tendencia á dixitalización dos procesos de desenvolve- mento de modelos de información de proxectos e de activos.','[]'::jsonb,'[{"code": "MP5059", "name": "Control, xestión e orzamentos", "hours": 80}, {"code": "MP5055", "name": "Metodoloxía BIM", "hours": 100}, {"code": "MP5056", "name": "Modelos de arquitectura e estruturas", "hours": 150}, {"code": "MP5058", "name": "Modelos de instalacións eléctricas e comunicacións", "hours": 120}, {"code": "MP5057", "name": "Modelos de instalacións mecánicas e sostibilidade", "hours": 150}]'::jsonb,'16-instalacion_e_mantemento_v7.pdf',jsonb_build_object('source_upload','3 base de datos itinera.zip','duration_hours','600'))
on conflict (id) do update set study_id=excluded.study_id,learned=excluded.learned,work_context=excluded.work_context,jobs=excluded.jobs,modules=excluded.modules,source_file=excluded.source_file,raw=excluded.raw,updated_at=now();


insert into public.itinera_studies(id,name,type,level,family,jurisdiction,official_title,route,subjects,ponderation_subjects,route_options,availability_by_province,sources,source_url,source_id,raw,data_quality,verified_at,last_seen_at,updated_at)
values (
  'fp-v36-cb-carpintaria-e-moble',
  'Carpintaría e moble',
  'fpb',
  'Ciclo formativo de grao básico',
  'Madeira, moble e cortiza',
  'Galicia',
  true,
  'Consultar requisitos, prazas, centros, modalidade e fontes oficiais antes de decidir.',
  '["Ciencias aplicadas I", "Comunicación e ciencias sociais I", "Instalación de elementos de carpintaría e moble", "Itinerario persoal para a empregabilidade", "Materiais e produtos téxtiles", "Operacións básicas de mecanizado de madeira e derivados", "Acabamentos básicos da madeira", "Atención á clientela", "Ciencias aplicadas II", "Comunicación e ciencias sociais II", "Proxecto intermodular de aprendizaxe colaborativa (GB)", "Tapizado de mobles"]'::jsonb,
  '[{"subject": "Non aplica ou consultar fonte oficial", "weight": "consultar fonte oficial"}]'::jsonb,
  '[]'::jsonb,
  '{"Galicia": ["Consultar oferta por provincia, centro, modalidade e curso na Xunta FP."]}'::jsonb,
  '["xunta-fp-catalogo-familias-2025-2026", "xunta-fp-ciclos", "todofp-familias"]'::jsonb,
  'https://www.edu.xunta.gal/fp/oferta-fp',
  'xunta-fp-catalogo-familias-2025-2026',
  '{"source_upload": "3 base de datos itinera.zip", "source_file": "17-madeira_v7.pdf", "duration_hours": 2000, "modules": [{"code": "AM3163", "name": "Ciencias aplicadas I", "hours": 146}, {"code": "AM3161", "name": "Comunicación e ciencias sociais I", "hours": 175}, {"code": "MP3075", "name": "Instalación de elementos de carpintaría e moble", "hours": 160}, {"code": "MP3159", "name": "Itinerario persoal para a empregabilidade", "hours": 60}, {"code": "MP3077", "name": "Materiais e produtos téxtiles", "hours": 88}, {"code": "MP3074", "name": "Operacións básicas de mecanizado de madeira e derivados", "hours": 281}, {"code": "MP3076", "name": "Acabamentos básicos da madeira", "hours": 326}, {"code": "MP3005", "name": "Atención á clientela", "hours": 122}, {"code": "AM3164", "name": "Ciencias aplicadas II", "hours": 146}, {"code": "AM3162", "name": "Comunicación e ciencias sociais II", "hours": 125}, {"code": "MP3160", "name": "Proxecto intermodular de aprendizaxe colaborativa (GB)", "hours": 25}, {"code": "MP3078", "name": "Tapizado de mobles", "hours": 286}], "learned": "mentos de carpintaría e moble, mecanizando madeira e derivados, acondi- cionando superficies, aplicando produtos de acabamento e auxiliando nos procesos de tapizado, colaborando na elaboración de produtos coa estética e os acabamentos requiridos, operando coa calidade indicada, cumprindo as normas de prevención de riscos laborais e protección ambiental corres- pondentes, e comunicándose oralmente e por escrito en linguas galega e castelá, así como nalgunha lingua estranxeira.", "work_context": "dicadas á fabricación e á instalación de elementos de carpintaría e moble, así como á aplicación de produtos de acabamento e tapizado de mobles en xeral."}'::jsonb,
  'official_upload',
  now(),
  now(),
  now()
)
on conflict (id) do update set
  name=excluded.name,
  type=excluded.type,
  level=excluded.level,
  family=excluded.family,
  jurisdiction=excluded.jurisdiction,
  route=excluded.route,
  subjects=excluded.subjects,
  ponderation_subjects=excluded.ponderation_subjects,
  route_options=excluded.route_options,
  availability_by_province=excluded.availability_by_province,
  sources=excluded.sources,
  source_url=excluded.source_url,
  source_id=excluded.source_id,
  raw=excluded.raw,
  data_quality=excluded.data_quality,
  verified_at=excluded.verified_at,
  last_seen_at=excluded.last_seen_at,
  updated_at=now();


insert into public.itinera_fp_catalog_details(id,study_id,learned,work_context,jobs,modules,source_file,raw)
values ('detail-fp-v36-cb-carpintaria-e-moble','fp-v36-cb-carpintaria-e-moble','mentos de carpintaría e moble, mecanizando madeira e derivados, acondi- cionando superficies, aplicando produtos de acabamento e auxiliando nos procesos de tapizado, colaborando na elaboración de produtos coa estética e os acabamentos requiridos, operando coa calidade indicada, cumprindo as normas de prevención de riscos laborais e protección ambiental corres- pondentes, e comunicándose oralmente e por escrito en linguas galega e castelá, así como nalgunha lingua estranxeira.','dicadas á fabricación e á instalación de elementos de carpintaría e moble, así como á aplicación de produtos de acabamento e tapizado de mobles en xeral.','["madeira ou similares", "montador/a de produtos de madeira excepto ebanista- ría", "montador/a de envases e embalaxes de madeira e similares", "acabador/a de mobles de madeira", "acoitelador/a e vernizador/a de parqué", "vernizador/a e lacador/a de artesanía de madeira", "vernizador/a e lacador/a de mobles de madeira", "operador/a de tren de acabamento de mobles", "embalador/a, empa- quetador/a e etiquetador/a á man", "peón/peoa da industria da madeira e da cortiza", "tapiceiro/a de mobles."]'::jsonb,'[{"code": "AM3163", "name": "Ciencias aplicadas I", "hours": 146}, {"code": "AM3161", "name": "Comunicación e ciencias sociais I", "hours": 175}, {"code": "MP3075", "name": "Instalación de elementos de carpintaría e moble", "hours": 160}, {"code": "MP3159", "name": "Itinerario persoal para a empregabilidade", "hours": 60}, {"code": "MP3077", "name": "Materiais e produtos téxtiles", "hours": 88}, {"code": "MP3074", "name": "Operacións básicas de mecanizado de madeira e derivados", "hours": 281}, {"code": "MP3076", "name": "Acabamentos básicos da madeira", "hours": 326}, {"code": "MP3005", "name": "Atención á clientela", "hours": 122}, {"code": "AM3164", "name": "Ciencias aplicadas II", "hours": 146}, {"code": "AM3162", "name": "Comunicación e ciencias sociais II", "hours": 125}, {"code": "MP3160", "name": "Proxecto intermodular de aprendizaxe colaborativa (GB)", "hours": 25}, {"code": "MP3078", "name": "Tapizado de mobles", "hours": 286}]'::jsonb,'17-madeira_v7.pdf',jsonb_build_object('source_upload','3 base de datos itinera.zip','duration_hours','2000'))
on conflict (id) do update set study_id=excluded.study_id,learned=excluded.learned,work_context=excluded.work_context,jobs=excluded.jobs,modules=excluded.modules,source_file=excluded.source_file,raw=excluded.raw,updated_at=now();


insert into public.itinera_studies(id,name,type,level,family,jurisdiction,official_title,route,subjects,ponderation_subjects,route_options,availability_by_province,sources,source_url,source_id,raw,data_quality,verified_at,last_seen_at,updated_at)
values (
  'fp-v36-cm-carpintaria-e-moble',
  'Carpintaría e moble',
  'fpgm',
  'Ciclo formativo de grao medio',
  'Madeira, moble e cortiza',
  'Galicia',
  true,
  'Consultar requisitos, prazas, centros, modalidade e fontes oficiais antes de decidir.',
  '["Control de almacén", "Inglés profesional (GM)", "Itinerario persoal para a empregabilidade I", "Materiais en carpintaría e moble", "Operacións básicas de carpintaría", "Operacións básicas de moblaxe", "Solucións construtivas", "Sostibilidade aplicada ao sistema produtivo", "Acabamentos en carpintaría e moble", "Dixitalización aplicada ao sistema produtivo (GM)", "Documentación técnica", "Itinerario persoal para a empregabilidade II"]'::jsonb,
  '[{"subject": "Non aplica ou consultar fonte oficial", "weight": "consultar fonte oficial"}]'::jsonb,
  '[]'::jsonb,
  '{"Galicia": ["Consultar oferta por provincia, centro, modalidade e curso na Xunta FP."]}'::jsonb,
  '["xunta-fp-catalogo-familias-2025-2026", "xunta-fp-ciclos", "todofp-familias"]'::jsonb,
  'https://www.edu.xunta.gal/fp/oferta-fp',
  'xunta-fp-catalogo-familias-2025-2026',
  '{"source_upload": "3 base de datos itinera.zip", "source_file": "17-madeira_v7.pdf", "duration_hours": 2000, "modules": [{"code": "MP0542", "name": "Control de almacén", "hours": 53}, {"code": "MP0156", "name": "Inglés profesional (GM)", "hours": 60}, {"code": "MP1709", "name": "Itinerario persoal para a empregabilidade I", "hours": 107}, {"code": "MP0538", "name": "Materiais en carpintaría e moble", "hours": 105}, {"code": "MP0540", "name": "Operacións básicas de carpintaría", "hours": 240}, {"code": "MP0541", "name": "Operacións básicas de moblaxe", "hours": 208}, {"code": "MP0539", "name": "Solucións construtivas", "hours": 157}, {"code": "MP1708", "name": "Sostibilidade aplicada ao sistema produtivo", "hours": 30}, {"code": "MP0547", "name": "Acabamentos en carpintaría e moble", "hours": 137}, {"code": "MP1664", "name": "Dixitalización aplicada ao sistema produtivo (GM)", "hours": 30}, {"code": "MP0543", "name": "Documentación técnica", "hours": 191}, {"code": "MP1710", "name": "Itinerario persoal para a empregabilidade II", "hours": 50}, {"code": "MP0544", "name": "Mecanizado de madeira e derivados", "hours": 219}, {"code": "MP0545", "name": "Mecanizado por control numérico en carpintaría e moble", "hours": 164}, {"code": "MP0546", "name": "Montaxe de carpintaría e moble", "hours": 109}, {"code": "MP1713", "name": "Proxecto intermodular (GM)", "hours": 50}], "learned": "taría e mobles, realizando os procesos de mecanizado, montaxe, acabamen- to, almacenamento e expedición de produtos, cumprindo as especificacións de calidade, seguridade e protección ambiental.", "work_context": "ción e a montaxe de moblaxe e elementos de carpintaría, e na aplicación de produtos de acabamento."}'::jsonb,
  'official_upload',
  now(),
  now(),
  now()
)
on conflict (id) do update set
  name=excluded.name,
  type=excluded.type,
  level=excluded.level,
  family=excluded.family,
  jurisdiction=excluded.jurisdiction,
  route=excluded.route,
  subjects=excluded.subjects,
  ponderation_subjects=excluded.ponderation_subjects,
  route_options=excluded.route_options,
  availability_by_province=excluded.availability_by_province,
  sources=excluded.sources,
  source_url=excluded.source_url,
  source_id=excluded.source_id,
  raw=excluded.raw,
  data_quality=excluded.data_quality,
  verified_at=excluded.verified_at,
  last_seen_at=excluded.last_seen_at,
  updated_at=now();


insert into public.itinera_fp_catalog_details(id,study_id,learned,work_context,jobs,modules,source_file,raw)
values ('detail-fp-v36-cm-carpintaria-e-moble','fp-v36-cm-carpintaria-e-moble','taría e mobles, realizando os procesos de mecanizado, montaxe, acabamen- to, almacenamento e expedición de produtos, cumprindo as especificacións de calidade, seguridade e protección ambiental.','ción e a montaxe de moblaxe e elementos de carpintaría, e na aplicación de produtos de acabamento.','["dor/a de prensas", "operador/a armador/a en banco", "montador/a ensambla- dor/a de elementos de carpintaría", "vernizador/a lacador/a", "responsable de sección de acabamentos."]'::jsonb,'[{"code": "MP0542", "name": "Control de almacén", "hours": 53}, {"code": "MP0156", "name": "Inglés profesional (GM)", "hours": 60}, {"code": "MP1709", "name": "Itinerario persoal para a empregabilidade I", "hours": 107}, {"code": "MP0538", "name": "Materiais en carpintaría e moble", "hours": 105}, {"code": "MP0540", "name": "Operacións básicas de carpintaría", "hours": 240}, {"code": "MP0541", "name": "Operacións básicas de moblaxe", "hours": 208}, {"code": "MP0539", "name": "Solucións construtivas", "hours": 157}, {"code": "MP1708", "name": "Sostibilidade aplicada ao sistema produtivo", "hours": 30}, {"code": "MP0547", "name": "Acabamentos en carpintaría e moble", "hours": 137}, {"code": "MP1664", "name": "Dixitalización aplicada ao sistema produtivo (GM)", "hours": 30}, {"code": "MP0543", "name": "Documentación técnica", "hours": 191}, {"code": "MP1710", "name": "Itinerario persoal para a empregabilidade II", "hours": 50}, {"code": "MP0544", "name": "Mecanizado de madeira e derivados", "hours": 219}, {"code": "MP0545", "name": "Mecanizado por control numérico en carpintaría e moble", "hours": 164}, {"code": "MP0546", "name": "Montaxe de carpintaría e moble", "hours": 109}, {"code": "MP1713", "name": "Proxecto intermodular (GM)", "hours": 50}]'::jsonb,'17-madeira_v7.pdf',jsonb_build_object('source_upload','3 base de datos itinera.zip','duration_hours','2000'))
on conflict (id) do update set study_id=excluded.study_id,learned=excluded.learned,work_context=excluded.work_context,jobs=excluded.jobs,modules=excluded.modules,source_file=excluded.source_file,raw=excluded.raw,updated_at=now();


insert into public.itinera_studies(id,name,type,level,family,jurisdiction,official_title,route,subjects,ponderation_subjects,route_options,availability_by_province,sources,source_url,source_id,raw,data_quality,verified_at,last_seen_at,updated_at)
values (
  'fp-v36-cm-instalacion-e-amoblamento',
  'Instalación e amoblamento',
  'fpgm',
  'Ciclo formativo de grao medio',
  'Madeira, moble e cortiza',
  'Galicia',
  true,
  'Consultar requisitos, prazas, centros, modalidade e fontes oficiais antes de decidir.',
  '["Control de almacén", "Inglés profesional (GM)", "Itinerario persoal para a empregabilidade I", "Materiais en carpintaría e moble", "Operacións básicas de carpintaría", "Operacións básicas de moblaxe", "Solucións construtivas", "Sostibilidade aplicada ao sistema produtivo", "Dixitalización aplicada ao sistema produtivo (GM)", "Instalación de carpintaría", "Instalación de estructuras de madeira", "Instalación de moblaxe"]'::jsonb,
  '[{"subject": "Non aplica ou consultar fonte oficial", "weight": "consultar fonte oficial"}]'::jsonb,
  '[]'::jsonb,
  '{"Galicia": ["Consultar oferta por provincia, centro, modalidade e curso na Xunta FP."]}'::jsonb,
  '["xunta-fp-catalogo-familias-2025-2026", "xunta-fp-ciclos", "todofp-familias"]'::jsonb,
  'https://www.edu.xunta.gal/fp/oferta-fp',
  'xunta-fp-catalogo-familias-2025-2026',
  '{"source_upload": "3 base de datos itinera.zip", "source_file": "17-madeira_v7.pdf", "duration_hours": 2000, "modules": [{"code": "MP0542", "name": "Control de almacén", "hours": 53}, {"code": "MP0156", "name": "Inglés profesional (GM)", "hours": 60}, {"code": "MP1709", "name": "Itinerario persoal para a empregabilidade I", "hours": 107}, {"code": "MP0538", "name": "Materiais en carpintaría e moble", "hours": 105}, {"code": "MP0540", "name": "Operacións básicas de carpintaría", "hours": 240}, {"code": "MP0541", "name": "Operacións básicas de moblaxe", "hours": 208}, {"code": "MP0539", "name": "Solucións construtivas", "hours": 157}, {"code": "MP1708", "name": "Sostibilidade aplicada ao sistema produtivo", "hours": 30}, {"code": "MP1664", "name": "Dixitalización aplicada ao sistema produtivo (GM)", "hours": 30}, {"code": "MP0780", "name": "Instalación de carpintaría", "hours": 301}, {"code": "MP0781", "name": "Instalación de estructuras de madeira", "hours": 191}, {"code": "MP0779", "name": "Instalación de moblaxe", "hours": 137}, {"code": "MP1710", "name": "Itinerario persoal para a empregabilidade II", "hours": 50}, {"code": "MP0778", "name": "Planificación da instalación", "hours": 191}, {"code": "MP1713", "name": "Proxecto intermodular (GM)", "hours": 50}], "learned": "lizando os procesos de mecanizado, montaxe, axuste e acabamento, cum- prindo as especificacións de calidade, seguridade e protección ambiental.", "work_context": "mento, e á aplicación de produtos de acabamento para o retoque."}'::jsonb,
  'official_upload',
  now(),
  now(),
  now()
)
on conflict (id) do update set
  name=excluded.name,
  type=excluded.type,
  level=excluded.level,
  family=excluded.family,
  jurisdiction=excluded.jurisdiction,
  route=excluded.route,
  subjects=excluded.subjects,
  ponderation_subjects=excluded.ponderation_subjects,
  route_options=excluded.route_options,
  availability_by_province=excluded.availability_by_province,
  sources=excluded.sources,
  source_url=excluded.source_url,
  source_id=excluded.source_id,
  raw=excluded.raw,
  data_quality=excluded.data_quality,
  verified_at=excluded.verified_at,
  last_seen_at=excluded.last_seen_at,
  updated_at=now();


insert into public.itinera_fp_catalog_details(id,study_id,learned,work_context,jobs,modules,source_file,raw)
values ('detail-fp-v36-cm-instalacion-e-amoblamento','fp-v36-cm-instalacion-e-amoblamento','lizando os procesos de mecanizado, montaxe, axuste e acabamento, cum- prindo as especificacións de calidade, seguridade e protección ambiental.','mento, e á aplicación de produtos de acabamento para o retoque.','["en construción", "carpinteiro/a en xeral", "carpinteiro/a de decorados", "ebanista e traballador/a asimilado/a,montador/a instalador/a de mobles", "fabricante de estruturas de madeira e pezas de carpintaría e ebanistería para a cons- trución."]'::jsonb,'[{"code": "MP0542", "name": "Control de almacén", "hours": 53}, {"code": "MP0156", "name": "Inglés profesional (GM)", "hours": 60}, {"code": "MP1709", "name": "Itinerario persoal para a empregabilidade I", "hours": 107}, {"code": "MP0538", "name": "Materiais en carpintaría e moble", "hours": 105}, {"code": "MP0540", "name": "Operacións básicas de carpintaría", "hours": 240}, {"code": "MP0541", "name": "Operacións básicas de moblaxe", "hours": 208}, {"code": "MP0539", "name": "Solucións construtivas", "hours": 157}, {"code": "MP1708", "name": "Sostibilidade aplicada ao sistema produtivo", "hours": 30}, {"code": "MP1664", "name": "Dixitalización aplicada ao sistema produtivo (GM)", "hours": 30}, {"code": "MP0780", "name": "Instalación de carpintaría", "hours": 301}, {"code": "MP0781", "name": "Instalación de estructuras de madeira", "hours": 191}, {"code": "MP0779", "name": "Instalación de moblaxe", "hours": 137}, {"code": "MP1710", "name": "Itinerario persoal para a empregabilidade II", "hours": 50}, {"code": "MP0778", "name": "Planificación da instalación", "hours": 191}, {"code": "MP1713", "name": "Proxecto intermodular (GM)", "hours": 50}]'::jsonb,'17-madeira_v7.pdf',jsonb_build_object('source_upload','3 base de datos itinera.zip','duration_hours','2000'))
on conflict (id) do update set study_id=excluded.study_id,learned=excluded.learned,work_context=excluded.work_context,jobs=excluded.jobs,modules=excluded.modules,source_file=excluded.source_file,raw=excluded.raw,updated_at=now();


insert into public.itinera_studies(id,name,type,level,family,jurisdiction,official_title,route,subjects,ponderation_subjects,route_options,availability_by_province,sources,source_url,source_id,raw,data_quality,verified_at,last_seen_at,updated_at)
values (
  'fp-v36-cm-procesamento-e-transformacion-da-madeira',
  'Procesamento e transformación da madeira',
  'fpgm',
  'Ciclo formativo de grao medio',
  'Madeira, moble e cortiza',
  'Galicia',
  true,
  'Consultar requisitos, prazas, centros, modalidade e fontes oficiais antes de decidir.',
  '["Inglés profesional (GM)", "Itinerario persoal para a empregabilidade I", "Materiais en carpintaría e moble", "Serrado e despezamento da madeira", "Sostibilidade aplicada ao sistema produtivo", "Tratamentos da madeira", "Acabamentos de taboleiros", "Automatización do mecanizado da madeira", "Dixitalización aplicada ao sistema produtivo (GM)", "Fabricación de taboleiros", "Itinerario persoal para a empregabilidade II", "Proxecto intermodular (GM)"]'::jsonb,
  '[{"subject": "Non aplica ou consultar fonte oficial", "weight": "consultar fonte oficial"}]'::jsonb,
  '[]'::jsonb,
  '{"Galicia": ["Consultar oferta por provincia, centro, modalidade e curso na Xunta FP."]}'::jsonb,
  '["xunta-fp-catalogo-familias-2025-2026", "xunta-fp-ciclos", "todofp-familias"]'::jsonb,
  'https://www.edu.xunta.gal/fp/oferta-fp',
  'xunta-fp-catalogo-familias-2025-2026',
  '{"source_upload": "3 base de datos itinera.zip", "source_file": "17-madeira_v7.pdf", "duration_hours": 2000, "modules": [{"code": "MP0156", "name": "Inglés profesional (GM)", "hours": 60}, {"code": "MP1709", "name": "Itinerario persoal para a empregabilidade I", "hours": 107}, {"code": "MP0538", "name": "Materiais en carpintaría e moble", "hours": 105}, {"code": "MP1638", "name": "Serrado e despezamento da madeira", "hours": 369}, {"code": "MP1708", "name": "Sostibilidade aplicada ao sistema produtivo", "hours": 30}, {"code": "MP1639", "name": "Tratamentos da madeira", "hours": 289}, {"code": "MP1641", "name": "Acabamentos de taboleiros", "hours": 191}, {"code": "MP1643", "name": "Automatización do mecanizado da madeira", "hours": 219}, {"code": "MP1664", "name": "Dixitalización aplicada ao sistema produtivo (GM)", "hours": 30}, {"code": "MP1640", "name": "Fabricación de taboleiros", "hours": 301}, {"code": "MP1710", "name": "Itinerario persoal para a empregabilidade II", "hours": 50}, {"code": "MP1713", "name": "Proxecto intermodular (GM)", "hours": 50}, {"code": "MP1637", "name": "Recepción e almacén en industrias da madeira", "hours": 109}], "learned": "cado e acabamento, aplicando tratamentos preventivos e curativos segundo proceda, así como fabricar taboleiros de partículas e fibras e outros produ- tos de transformación da madeira, utilizando os métodos e os equipamen- tos específicos, de acordo cos procedementos e coa calidade requirida, e nas condicións de seguridade, saúde laboral e protección ambiental.", "work_context": "de primeiras e segundas transformacións e en novos usos da madeira que se orixinan co auxe da bioeconomía, a economía circular, a transformación dixital da industria da madeira e as melloras tecnolóxicas introducidas en produtos e procesos. Este/a profesional pode exercer a súa actividade por conta propia ou allea, en serradoiros, almacéns de madeira, fábricas de taboleiros, fábricas de elementos de carpintaría e moble, envases, emba- laxes e elementos construtivos ou mecanizado, e en empresas dedicadas aos tratamentos preventivos e curativos e acabamentos da madeira ou ao ecodeseño, entre outras."}'::jsonb,
  'official_upload',
  now(),
  now(),
  now()
)
on conflict (id) do update set
  name=excluded.name,
  type=excluded.type,
  level=excluded.level,
  family=excluded.family,
  jurisdiction=excluded.jurisdiction,
  route=excluded.route,
  subjects=excluded.subjects,
  ponderation_subjects=excluded.ponderation_subjects,
  route_options=excluded.route_options,
  availability_by_province=excluded.availability_by_province,
  sources=excluded.sources,
  source_url=excluded.source_url,
  source_id=excluded.source_id,
  raw=excluded.raw,
  data_quality=excluded.data_quality,
  verified_at=excluded.verified_at,
  last_seen_at=excluded.last_seen_at,
  updated_at=now();


insert into public.itinera_fp_catalog_details(id,study_id,learned,work_context,jobs,modules,source_file,raw)
values ('detail-fp-v36-cm-procesamento-e-transformacion-da-madeira','fp-v36-cm-procesamento-e-transformacion-da-madeira','cado e acabamento, aplicando tratamentos preventivos e curativos segundo proceda, así como fabricar taboleiros de partículas e fibras e outros produ- tos de transformación da madeira, utilizando os métodos e os equipamen- tos específicos, de acordo cos procedementos e coa calidade requirida, e nas condicións de seguridade, saúde laboral e protección ambiental.','de primeiras e segundas transformacións e en novos usos da madeira que se orixinan co auxe da bioeconomía, a economía circular, a transformación dixital da industria da madeira e as melloras tecnolóxicas introducidas en produtos e procesos. Este/a profesional pode exercer a súa actividade por conta propia ou allea, en serradoiros, almacéns de madeira, fábricas de taboleiros, fábricas de elementos de carpintaría e moble, envases, emba- laxes e elementos construtivos ou mecanizado, e en empresas dedicadas aos tratamentos preventivos e curativos e acabamentos da madeira ou ao ecodeseño, entre outras.','["máquinas tronzadoras de madeira", "operador/a de máquinas descortizado- ras de madeira", "operador/a de serradoiros, en xeral", "operario/a de máquinas trituradoras de madeira", "operario/a de máquinas para fabricar aglomera- dos", "operario/a de trens mecanizados de taboleiros aglomerados", "operario/a de máquinas cortado- ras de melamina", "operario/a de máquinas melaminizadoras", "operador/a de máquinas fixas para fabricar produtos de madeira", "impregnador/a de madei- ra", "traballador/a do tratamento de madeira en xeral", "operario/a de secado e tratamento de madeira", "operario/a de máquina impregnadora de madei- ra", "operario/a de instrumental de tratamento de madeira en xeral", "opera- rio/a de fornos autoclaves (tratamentos químicos e afíns)", "encargado/a de taller de tratamento de madeira", "condutor/a-operario/a de vehículos de transporte de madeiros", "responsable de sección de acaba- mentos."]'::jsonb,'[{"code": "MP0156", "name": "Inglés profesional (GM)", "hours": 60}, {"code": "MP1709", "name": "Itinerario persoal para a empregabilidade I", "hours": 107}, {"code": "MP0538", "name": "Materiais en carpintaría e moble", "hours": 105}, {"code": "MP1638", "name": "Serrado e despezamento da madeira", "hours": 369}, {"code": "MP1708", "name": "Sostibilidade aplicada ao sistema produtivo", "hours": 30}, {"code": "MP1639", "name": "Tratamentos da madeira", "hours": 289}, {"code": "MP1641", "name": "Acabamentos de taboleiros", "hours": 191}, {"code": "MP1643", "name": "Automatización do mecanizado da madeira", "hours": 219}, {"code": "MP1664", "name": "Dixitalización aplicada ao sistema produtivo (GM)", "hours": 30}, {"code": "MP1640", "name": "Fabricación de taboleiros", "hours": 301}, {"code": "MP1710", "name": "Itinerario persoal para a empregabilidade II", "hours": 50}, {"code": "MP1713", "name": "Proxecto intermodular (GM)", "hours": 50}, {"code": "MP1637", "name": "Recepción e almacén en industrias da madeira", "hours": 109}]'::jsonb,'17-madeira_v7.pdf',jsonb_build_object('source_upload','3 base de datos itinera.zip','duration_hours','2000'))
on conflict (id) do update set study_id=excluded.study_id,learned=excluded.learned,work_context=excluded.work_context,jobs=excluded.jobs,modules=excluded.modules,source_file=excluded.source_file,raw=excluded.raw,updated_at=now();


insert into public.itinera_studies(id,name,type,level,family,jurisdiction,official_title,route,subjects,ponderation_subjects,route_options,availability_by_province,sources,source_url,source_id,raw,data_quality,verified_at,last_seen_at,updated_at)
values (
  'fp-v36-cs-deseno-e-amoblamento',
  'Deseño e amoblamento',
  'fpgs',
  'Ciclo formativo de grao superior',
  'Madeira, moble e cortiza',
  'Galicia',
  true,
  'Consultar requisitos, prazas, centros, modalidade e fontes oficiais antes de decidir.',
  '["Automatización en carpintaría e moble", "Fabricación en carpintaría e moble", "Inglés profesional (GS)", "Itinerario persoal para a empregabilidade I", "Procesos en industrias de carpintaría e moble", "Representación en carpintaría e moblaxe", "Sostibilidade aplicada ao sistema produtivo", "Xestión da produción en carpintaría e moble", "Desenvolvemento de produto en carpintaría e moble", "Deseño de carpintaría e moble", "Dixitalización aplicada ao sistema produtivo", "Instalacións de carpintaría e moblaxe"]'::jsonb,
  '[{"subject": "Non aplica ou consultar fonte oficial", "weight": "consultar fonte oficial"}]'::jsonb,
  '[]'::jsonb,
  '{"Galicia": ["Consultar oferta por provincia, centro, modalidade e curso na Xunta FP."]}'::jsonb,
  '["xunta-fp-catalogo-familias-2025-2026", "xunta-fp-ciclos", "todofp-familias"]'::jsonb,
  'https://www.edu.xunta.gal/fp/oferta-fp',
  'xunta-fp-catalogo-familias-2025-2026',
  '{"source_upload": "3 base de datos itinera.zip", "source_file": "17-madeira_v7.pdf", "duration_hours": 2000, "modules": [{"code": "MP0987", "name": "Automatización en carpintaría e moble", "hours": 187}, {"code": "MP0983", "name": "Fabricación en carpintaría e moble", "hours": 182}, {"code": "MP0179", "name": "Inglés profesional (GS)", "hours": 60}, {"code": "MP1709", "name": "Itinerario persoal para a empregabilidade I", "hours": 107}, {"code": "MP0982", "name": "Procesos en industrias de carpintaría e moble", "hours": 103}, {"code": "MP0984", "name": "Representación en carpintaría e moblaxe", "hours": 213}, {"code": "MP1708", "name": "Sostibilidade aplicada ao sistema produtivo", "hours": 30}, {"code": "MP0990", "name": "Xestión da produción en carpintaría e moble", "hours": 78}, {"code": "MP0986", "name": "Desenvolvemento de produto en carpintaría e moble", "hours": 246}, {"code": "MP0989", "name": "Deseño de carpintaría e moble", "hours": 219}, {"code": "MP1665", "name": "Dixitalización aplicada ao sistema produtivo", "hours": 30}, {"code": "MP0988", "name": "Instalacións de carpintaría e moblaxe", "hours": 164}, {"code": "MP1710", "name": "Itinerario persoal para a empregabilidade II", "hours": 50}, {"code": "MP0985", "name": "Prototipos en carpintaría e moble", "hours": 191}, {"code": "MP0991", "name": "Proxecto intermodular de deseño e amoblamento", "hours": 50}], "learned": "súa instalación, e participar no mantemento dos sistemas de calidade, de protección ambiental e de prevención de riscos laborais.", "work_context": "medianas e grandes empresas, por conta allea ou por conta propia, desen- volvendo funcións de deseño técnico, supervisión da produción, fabricación automatizada, execución de proxectos de amoblamento e montaxe de ins- talacións."}'::jsonb,
  'official_upload',
  now(),
  now(),
  now()
)
on conflict (id) do update set
  name=excluded.name,
  type=excluded.type,
  level=excluded.level,
  family=excluded.family,
  jurisdiction=excluded.jurisdiction,
  route=excluded.route,
  subjects=excluded.subjects,
  ponderation_subjects=excluded.ponderation_subjects,
  route_options=excluded.route_options,
  availability_by_province=excluded.availability_by_province,
  sources=excluded.sources,
  source_url=excluded.source_url,
  source_id=excluded.source_id,
  raw=excluded.raw,
  data_quality=excluded.data_quality,
  verified_at=excluded.verified_at,
  last_seen_at=excluded.last_seen_at,
  updated_at=now();


insert into public.itinera_fp_catalog_details(id,study_id,learned,work_context,jobs,modules,source_file,raw)
values ('detail-fp-v36-cs-deseno-e-amoblamento','fp-v36-cs-deseno-e-amoblamento','súa instalación, e participar no mantemento dos sistemas de calidade, de protección ambiental e de prevención de riscos laborais.','medianas e grandes empresas, por conta allea ou por conta propia, desen- volvendo funcións de deseño técnico, supervisión da produción, fabricación automatizada, execución de proxectos de amoblamento e montaxe de ins- talacións.','["tos de carpintaría e mobles", "proxectista de carpintaría e moble", "xerente de empresas de madeira", "moble e outras manufacturas", "técnico/a de control de calidade en industrias de madeira e cortiza", "encargado/a de oficina técni- ca", "xefe/a de fabricación", "controlador/a de produción", "xefe/a de sección", "xe- fe/a de equipo."]'::jsonb,'[{"code": "MP0987", "name": "Automatización en carpintaría e moble", "hours": 187}, {"code": "MP0983", "name": "Fabricación en carpintaría e moble", "hours": 182}, {"code": "MP0179", "name": "Inglés profesional (GS)", "hours": 60}, {"code": "MP1709", "name": "Itinerario persoal para a empregabilidade I", "hours": 107}, {"code": "MP0982", "name": "Procesos en industrias de carpintaría e moble", "hours": 103}, {"code": "MP0984", "name": "Representación en carpintaría e moblaxe", "hours": 213}, {"code": "MP1708", "name": "Sostibilidade aplicada ao sistema produtivo", "hours": 30}, {"code": "MP0990", "name": "Xestión da produción en carpintaría e moble", "hours": 78}, {"code": "MP0986", "name": "Desenvolvemento de produto en carpintaría e moble", "hours": 246}, {"code": "MP0989", "name": "Deseño de carpintaría e moble", "hours": 219}, {"code": "MP1665", "name": "Dixitalización aplicada ao sistema produtivo", "hours": 30}, {"code": "MP0988", "name": "Instalacións de carpintaría e moblaxe", "hours": 164}, {"code": "MP1710", "name": "Itinerario persoal para a empregabilidade II", "hours": 50}, {"code": "MP0985", "name": "Prototipos en carpintaría e moble", "hours": 191}, {"code": "MP0991", "name": "Proxecto intermodular de deseño e amoblamento", "hours": 50}]'::jsonb,'17-madeira_v7.pdf',jsonb_build_object('source_upload','3 base de datos itinera.zip','duration_hours','2000'))
on conflict (id) do update set study_id=excluded.study_id,learned=excluded.learned,work_context=excluded.work_context,jobs=excluded.jobs,modules=excluded.modules,source_file=excluded.source_file,raw=excluded.raw,updated_at=now();


insert into public.itinera_studies(id,name,type,level,family,jurisdiction,official_title,route,subjects,ponderation_subjects,route_options,availability_by_province,sources,source_url,source_id,raw,data_quality,verified_at,last_seen_at,updated_at)
values (
  'fp-v36-cb-actividades-maritimo-pesqueiras',
  'Actividades marítimo-pesqueiras',
  'fpb',
  'Ciclo formativo de grao básico',
  'Marítimo-pesqueira',
  'Galicia',
  true,
  'Consultar requisitos, prazas, centros, modalidade e fontes oficiais antes de decidir.',
  '["Ciencias aplicadas I", "Comunicación e ciencias sociais I", "Itinerario persoal para a empregabilidade", "Mantemento de equipamentos auxiliares en barcos de pesca", "Mantemento de motores en barcos de pesca", "Seguridade e primeiros auxilios en barcos de pesca", "Actividades en cubertas de barcos de pesca", "Ciencias aplicadas II", "Comunicación e ciencias sociais II", "Pesca con artes de enmalle e marisqueo", "Pesca con palangre, arrastre e cerco", "Proxecto intermodular de aprendizaxe colaborativa (GB)"]'::jsonb,
  '[{"subject": "Non aplica ou consultar fonte oficial", "weight": "consultar fonte oficial"}]'::jsonb,
  '[]'::jsonb,
  '{"Galicia": ["Consultar oferta por provincia, centro, modalidade e curso na Xunta FP."]}'::jsonb,
  '["xunta-fp-catalogo-familias-2025-2026", "xunta-fp-ciclos", "todofp-familias"]'::jsonb,
  'https://www.edu.xunta.gal/fp/oferta-fp',
  'xunta-fp-catalogo-familias-2025-2026',
  '{"source_upload": "3 base de datos itinera.zip", "source_file": "18-maritimo_v7.pdf", "duration_hours": 2000, "modules": [{"code": "AM3163", "name": "Ciencias aplicadas I", "hours": 146}, {"code": "AM3161", "name": "Comunicación e ciencias sociais I", "hours": 175}, {"code": "MP3159", "name": "Itinerario persoal para a empregabilidade", "hours": 60}, {"code": "MP3140", "name": "Mantemento de equipamentos auxiliares en barcos de pesca", "hours": 267}, {"code": "MP3142", "name": "Mantemento de motores en barcos de pesca", "hours": 204}, {"code": "MP3143", "name": "Seguridade e primeiros auxilios en barcos de pesca", "hours": 58}, {"code": "MP3138", "name": "Actividades en cubertas de barcos de pesca", "hours": 244}, {"code": "AM3164", "name": "Ciencias aplicadas II", "hours": 146}, {"code": "AM3162", "name": "Comunicación e ciencias sociais II", "hours": 125}, {"code": "MP3141", "name": "Pesca con artes de enmalle e marisqueo", "hours": 245}, {"code": "MP3139", "name": "Pesca con palangre, arrastre e cerco", "hours": 245}, {"code": "MP3160", "name": "Proxecto intermodular de aprendizaxe colaborativa (GB)", "hours": 25}], "learned": "máquinas de buques de pesca, operando coa calidade indicada, observando as normas de prevención de riscos laborais e protección ambiental corres- pondentes, e comunicándose oralmente e por escrito en linguas galega e castelá, así como nalgunha lingua estranxeira.", "work_context": ""}'::jsonb,
  'official_upload',
  now(),
  now(),
  now()
)
on conflict (id) do update set
  name=excluded.name,
  type=excluded.type,
  level=excluded.level,
  family=excluded.family,
  jurisdiction=excluded.jurisdiction,
  route=excluded.route,
  subjects=excluded.subjects,
  ponderation_subjects=excluded.ponderation_subjects,
  route_options=excluded.route_options,
  availability_by_province=excluded.availability_by_province,
  sources=excluded.sources,
  source_url=excluded.source_url,
  source_id=excluded.source_id,
  raw=excluded.raw,
  data_quality=excluded.data_quality,
  verified_at=excluded.verified_at,
  last_seen_at=excluded.last_seen_at,
  updated_at=now();


insert into public.itinera_fp_catalog_details(id,study_id,learned,work_context,jobs,modules,source_file,raw)
values ('detail-fp-v36-cb-actividades-maritimo-pesqueiras','fp-v36-cb-actividades-maritimo-pesqueiras','máquinas de buques de pesca, operando coa calidade indicada, observando as normas de prevención de riscos laborais e protección ambiental corres- pondentes, e comunicándose oralmente e por escrito en linguas galega e castelá, así como nalgunha lingua estranxeira.','','["riscador/a a flote."]'::jsonb,'[{"code": "AM3163", "name": "Ciencias aplicadas I", "hours": 146}, {"code": "AM3161", "name": "Comunicación e ciencias sociais I", "hours": 175}, {"code": "MP3159", "name": "Itinerario persoal para a empregabilidade", "hours": 60}, {"code": "MP3140", "name": "Mantemento de equipamentos auxiliares en barcos de pesca", "hours": 267}, {"code": "MP3142", "name": "Mantemento de motores en barcos de pesca", "hours": 204}, {"code": "MP3143", "name": "Seguridade e primeiros auxilios en barcos de pesca", "hours": 58}, {"code": "MP3138", "name": "Actividades en cubertas de barcos de pesca", "hours": 244}, {"code": "AM3164", "name": "Ciencias aplicadas II", "hours": 146}, {"code": "AM3162", "name": "Comunicación e ciencias sociais II", "hours": 125}, {"code": "MP3141", "name": "Pesca con artes de enmalle e marisqueo", "hours": 245}, {"code": "MP3139", "name": "Pesca con palangre, arrastre e cerco", "hours": 245}, {"code": "MP3160", "name": "Proxecto intermodular de aprendizaxe colaborativa (GB)", "hours": 25}]'::jsonb,'18-maritimo_v7.pdf',jsonb_build_object('source_upload','3 base de datos itinera.zip','duration_hours','2000'))
on conflict (id) do update set study_id=excluded.study_id,learned=excluded.learned,work_context=excluded.work_context,jobs=excluded.jobs,modules=excluded.modules,source_file=excluded.source_file,raw=excluded.raw,updated_at=now();


insert into public.itinera_studies(id,name,type,level,family,jurisdiction,official_title,route,subjects,ponderation_subjects,route_options,availability_by_province,sources,source_url,source_id,raw,data_quality,verified_at,last_seen_at,updated_at)
values (
  'fp-v36-cm-cultivos-acuicolas',
  'Cultivos acuícolas',
  'fpgm',
  'Ciclo formativo de grao medio',
  'Marítimo-pesqueira',
  'Galicia',
  true,
  'Consultar requisitos, prazas, centros, modalidade e fontes oficiais antes de decidir.',
  '["Inglés profesional", "Instalacións e equipamentos de cultivo", "Itinerario persoal para a empregabilidade I", "Sostibilidade aplicada ao sistema produtivo", "Técnicas de cultivos auxiliares", "Técnicas de engorda de moluscos", "Técnicas de engorda de peixes", "Dixitalización aplicada ao sistema produtivo", "Itinerario persoal para a empregabilidade II", "Proxecto intermodular", "Técnicas de criadeiro de moluscos", "Técnicas de criadeiro de peixes"]'::jsonb,
  '[{"subject": "Non aplica ou consultar fonte oficial", "weight": "consultar fonte oficial"}]'::jsonb,
  '[]'::jsonb,
  '{"Galicia": ["Consultar oferta por provincia, centro, modalidade e curso na Xunta FP."]}'::jsonb,
  '["xunta-fp-catalogo-familias-2025-2026", "xunta-fp-ciclos", "todofp-familias"]'::jsonb,
  'https://www.edu.xunta.gal/fp/oferta-fp',
  'xunta-fp-catalogo-familias-2025-2026',
  '{"source_upload": "3 base de datos itinera.zip", "source_file": "18-maritimo_v7.pdf", "duration_hours": 2000, "modules": [{"code": "MP0156", "name": "Inglés profesional", "hours": 60}, {"code": "MP0706", "name": "Instalacións e equipamentos de cultivo", "hours": 182}, {"code": "MP1709", "name": "Itinerario persoal para a empregabilidade I", "hours": 107}, {"code": "MP1708", "name": "Sostibilidade aplicada ao sistema produtivo", "hours": 30}, {"code": "MP0703", "name": "Técnicas de cultivos auxiliares", "hours": 187}, {"code": "MP0705", "name": "Técnicas de engorda de moluscos", "hours": 181}, {"code": "MP0704", "name": "Técnicas de engorda de peixes", "hours": 213}, {"code": "MP1664", "name": "Dixitalización aplicada ao sistema produtivo", "hours": 30}, {"code": "MP1710", "name": "Itinerario persoal para a empregabilidade II", "hours": 50}, {"code": "MP1713", "name": "Proxecto intermodular", "hours": 50}, {"code": "MP0708", "name": "Técnicas de criadeiro de moluscos", "hours": 273}, {"code": "MP0707", "name": "Técnicas de criadeiro de peixes", "hours": 274}, {"code": "MP0709", "name": "Técnicas de cultivo de crustáceos", "hours": 273}], "learned": "mantemento básico das instalacións, conseguindo a calidade operacional requirida e cumprindo a normativa de aplicación, a ambiental e a de preven- ción de riscos laborais.", "work_context": "de mariscadores, nas áreas de produción de cultivos auxiliares, produción de peixes, de moluscos, e na de mantemento de instalacións acuícolas, por conta propia ou por conta allea."}'::jsonb,
  'official_upload',
  now(),
  now(),
  now()
)
on conflict (id) do update set
  name=excluded.name,
  type=excluded.type,
  level=excluded.level,
  family=excluded.family,
  jurisdiction=excluded.jurisdiction,
  route=excluded.route,
  subjects=excluded.subjects,
  ponderation_subjects=excluded.ponderation_subjects,
  route_options=excluded.route_options,
  availability_by_province=excluded.availability_by_province,
  sources=excluded.sources,
  source_url=excluded.source_url,
  source_id=excluded.source_id,
  raw=excluded.raw,
  data_quality=excluded.data_quality,
  verified_at=excluded.verified_at,
  last_seen_at=excluded.last_seen_at,
  updated_at=now();


insert into public.itinera_fp_catalog_details(id,study_id,learned,work_context,jobs,modules,source_file,raw)
values ('detail-fp-v36-cm-cultivos-acuicolas','fp-v36-cm-cultivos-acuicolas','mantemento básico das instalacións, conseguindo a calidade operacional requirida e cumprindo a normativa de aplicación, a ambiental e a de preven- ción de riscos laborais.','de mariscadores, nas áreas de produción de cultivos auxiliares, produción de peixes, de moluscos, e na de mantemento de instalacións acuícolas, por conta propia ou por conta allea.','["reparador/a e mantedor/a de edificios e estruturas de cultivo e de circuítos de fluídos en instalacións acuícolas", "instalador/a reparador/a e mantedor de sistemas de cultivo de peixes, moluscos e crustáceos", "encargado/a de taller en instalacións acuícolas", "xefe/a de equipo de instaladores/as, axustadores/as, reparadores/as e mantedores/as en ins- talacións acuícolas."]'::jsonb,'[{"code": "MP0156", "name": "Inglés profesional", "hours": 60}, {"code": "MP0706", "name": "Instalacións e equipamentos de cultivo", "hours": 182}, {"code": "MP1709", "name": "Itinerario persoal para a empregabilidade I", "hours": 107}, {"code": "MP1708", "name": "Sostibilidade aplicada ao sistema produtivo", "hours": 30}, {"code": "MP0703", "name": "Técnicas de cultivos auxiliares", "hours": 187}, {"code": "MP0705", "name": "Técnicas de engorda de moluscos", "hours": 181}, {"code": "MP0704", "name": "Técnicas de engorda de peixes", "hours": 213}, {"code": "MP1664", "name": "Dixitalización aplicada ao sistema produtivo", "hours": 30}, {"code": "MP1710", "name": "Itinerario persoal para a empregabilidade II", "hours": 50}, {"code": "MP1713", "name": "Proxecto intermodular", "hours": 50}, {"code": "MP0708", "name": "Técnicas de criadeiro de moluscos", "hours": 273}, {"code": "MP0707", "name": "Técnicas de criadeiro de peixes", "hours": 274}, {"code": "MP0709", "name": "Técnicas de cultivo de crustáceos", "hours": 273}]'::jsonb,'18-maritimo_v7.pdf',jsonb_build_object('source_upload','3 base de datos itinera.zip','duration_hours','2000'))
on conflict (id) do update set study_id=excluded.study_id,learned=excluded.learned,work_context=excluded.work_context,jobs=excluded.jobs,modules=excluded.modules,source_file=excluded.source_file,raw=excluded.raw,updated_at=now();


insert into public.itinera_studies(id,name,type,level,family,jurisdiction,official_title,route,subjects,ponderation_subjects,route_options,availability_by_province,sources,source_url,source_id,raw,data_quality,verified_at,last_seen_at,updated_at)
values (
  'fp-v36-cm-mantemento-e-control-de-maquinaria-de-buques-e-embarcacions',
  'Mantemento e control de maquinaria de buques e embarcacións',
  'fpgm',
  'Ciclo formativo de grao medio',
  'Marítimo-pesqueira',
  'Galicia',
  true,
  'Consultar requisitos, prazas, centros, modalidade e fontes oficiais antes de decidir.',
  '["Atención sanitaria a bordo", "Inglés profesional", "Itinerario persoal para a empregabilidade I", "Mantemento da planta propulsora e maquinaria auxiliar", "Mantemento das instalacións e máquinas eléctricas en bu-", "Procedementos de mecanizado e soldadura en buques e em-", "Sostibilidade aplicada ao sistema produtivo", "Dixitalización aplicada ao sistema produtivo", "Instalación e mantemento de maquinaria de frío e climatiza-", "Itinerario persoal para a empregabilidade II", "Procedementos de garda de máquinas", "Proxecto intermodular"]'::jsonb,
  '[{"subject": "Non aplica ou consultar fonte oficial", "weight": "consultar fonte oficial"}]'::jsonb,
  '[]'::jsonb,
  '{"Galicia": ["Consultar oferta por provincia, centro, modalidade e curso na Xunta FP."]}'::jsonb,
  '["xunta-fp-catalogo-familias-2025-2026", "xunta-fp-ciclos", "todofp-familias"]'::jsonb,
  'https://www.edu.xunta.gal/fp/oferta-fp',
  'xunta-fp-catalogo-familias-2025-2026',
  '{"source_upload": "3 base de datos itinera.zip", "source_file": "18-maritimo_v7.pdf", "duration_hours": 2000, "modules": [{"code": "MP1033", "name": "Atención sanitaria a bordo", "hours": 52}, {"code": "MP0156", "name": "Inglés profesional", "hours": 60}, {"code": "MP1709", "name": "Itinerario persoal para a empregabilidade I", "hours": 107}, {"code": "MP1172", "name": "Mantemento da planta propulsora e maquinaria auxiliar", "hours": 233}, {"code": "MP1175", "name": "Mantemento das instalacións e máquinas eléctricas en bu-", "hours": 155}, {"code": "MP1173", "name": "Procedementos de mecanizado e soldadura en buques e em-", "hours": 233}, {"code": "MP1708", "name": "Sostibilidade aplicada ao sistema produtivo", "hours": 30}, {"code": "MP1664", "name": "Dixitalización aplicada ao sistema produtivo", "hours": 30}, {"code": "MP1176", "name": "Instalación e mantemento de maquinaria de frío e climatiza-", "hours": 276}, {"code": "MP1710", "name": "Itinerario persoal para a empregabilidade II", "hours": 50}, {"code": "MP1177", "name": "Procedementos de garda de máquinas", "hours": 110}, {"code": "MP1713", "name": "Proxecto intermodular", "hours": 50}, {"code": "MP1174", "name": "Regulación e mantemento de automatismos en buques e em-", "hours": 276}, {"code": "MP1032", "name": "Seguridade marítima", "hours": 248}], "learned": "pulsora e os equipamentos e sistemas do buque, e colaborar na seguridade, na supervivencia e na asistencia sanitaria a bordo, aplicando criterios de calidade e cumprindo os plans de prevención de riscos laborais e ambientais da empresa.", "work_context": "buques dedicados ao transporte marítimo de carga e pasaxe, ou en buques pesqueiros, de natureza pública ou privada, dentro dos lí- mites e as atribucións que estableza a Administración competente. Así mesmo, a súa formación permítelles desempeñar funcións por conta allea ou por conta propia en empresas dedicadas ao mantemento de embar- cacións e plantas enerxéticas."}'::jsonb,
  'official_upload',
  now(),
  now(),
  now()
)
on conflict (id) do update set
  name=excluded.name,
  type=excluded.type,
  level=excluded.level,
  family=excluded.family,
  jurisdiction=excluded.jurisdiction,
  route=excluded.route,
  subjects=excluded.subjects,
  ponderation_subjects=excluded.ponderation_subjects,
  route_options=excluded.route_options,
  availability_by_province=excluded.availability_by_province,
  sources=excluded.sources,
  source_url=excluded.source_url,
  source_id=excluded.source_id,
  raw=excluded.raw,
  data_quality=excluded.data_quality,
  verified_at=excluded.verified_at,
  last_seen_at=excluded.last_seen_at,
  updated_at=now();


insert into public.itinera_fp_catalog_details(id,study_id,learned,work_context,jobs,modules,source_file,raw)
values ('detail-fp-v36-cm-mantemento-e-control-de-maquinaria-de-buques-e-embarcacions','fp-v36-cm-mantemento-e-control-de-maquinaria-de-buques-e-embarcacions','pulsora e os equipamentos e sistemas do buque, e colaborar na seguridade, na supervivencia e na asistencia sanitaria a bordo, aplicando criterios de calidade e cumprindo os plans de prevención de riscos laborais e ambientais da empresa.','buques dedicados ao transporte marítimo de carga e pasaxe, ou en buques pesqueiros, de natureza pública ou privada, dentro dos lí- mites e as atribucións que estableza a Administración competente. Así mesmo, a súa formación permítelles desempeñar funcións por conta allea ou por conta propia en empresas dedicadas ao mantemento de embar- cacións e plantas enerxéticas.','["operario/a de reparación e mantemento de plantas enerxéticas de mo- tor e vapor", "xefe/a de máquinas", "oficial de máquinas ou primeiro/a oficial de máquinas", "mecánico/a de motores e equipamentos de inxección (diésel e ga- solina)", "mecánico/a de motores de gasolina", "mecánico/a de motores diésel", "mecánico/a de motores en maquinaria industrial", "mecánico/a de motores e grupos mecánicos navais en estaleiros", "mantedor/a de aire acondicionado e fluídos en embarcacións deportivas e de recreo", "electricista naval", "electri- cista de mantemento e reparación de motores, dínamos e transformado- res", "operario/a de instalación e mantemento de sistemas frigoríficos e de aire acondicionado."]'::jsonb,'[{"code": "MP1033", "name": "Atención sanitaria a bordo", "hours": 52}, {"code": "MP0156", "name": "Inglés profesional", "hours": 60}, {"code": "MP1709", "name": "Itinerario persoal para a empregabilidade I", "hours": 107}, {"code": "MP1172", "name": "Mantemento da planta propulsora e maquinaria auxiliar", "hours": 233}, {"code": "MP1175", "name": "Mantemento das instalacións e máquinas eléctricas en bu-", "hours": 155}, {"code": "MP1173", "name": "Procedementos de mecanizado e soldadura en buques e em-", "hours": 233}, {"code": "MP1708", "name": "Sostibilidade aplicada ao sistema produtivo", "hours": 30}, {"code": "MP1664", "name": "Dixitalización aplicada ao sistema produtivo", "hours": 30}, {"code": "MP1176", "name": "Instalación e mantemento de maquinaria de frío e climatiza-", "hours": 276}, {"code": "MP1710", "name": "Itinerario persoal para a empregabilidade II", "hours": 50}, {"code": "MP1177", "name": "Procedementos de garda de máquinas", "hours": 110}, {"code": "MP1713", "name": "Proxecto intermodular", "hours": 50}, {"code": "MP1174", "name": "Regulación e mantemento de automatismos en buques e em-", "hours": 276}, {"code": "MP1032", "name": "Seguridade marítima", "hours": 248}]'::jsonb,'18-maritimo_v7.pdf',jsonb_build_object('source_upload','3 base de datos itinera.zip','duration_hours','2000'))
on conflict (id) do update set study_id=excluded.study_id,learned=excluded.learned,work_context=excluded.work_context,jobs=excluded.jobs,modules=excluded.modules,source_file=excluded.source_file,raw=excluded.raw,updated_at=now();


insert into public.itinera_studies(id,name,type,level,family,jurisdiction,official_title,route,subjects,ponderation_subjects,route_options,availability_by_province,sources,source_url,source_id,raw,data_quality,verified_at,last_seen_at,updated_at)
values (
  'fp-v36-cm-navegacion-e-pesca-de-litoral',
  'Navegación e pesca de litoral',
  'fpgm',
  'Ciclo formativo de grao medio',
  'Marítimo-pesqueira',
  'Galicia',
  true,
  'Consultar requisitos, prazas, centros, modalidade e fontes oficiais antes de decidir.',
  '["Atención sanitaria a bordo", "Despacho e administración do buque", "Estabilidade, trimaxe e estiba do buque", "Inglés profesional", "Itinerario persoal para a empregabilidade I", "Sostibilidade aplicada ao sistema produtivo", "Técnicas de manobra", "Técnicas de navegación e comunicacións", "Dixitalización aplicada ao sistema produtivo", "Instalacións e servizos", "Itinerario persoal para a empregabilidade II", "Pesca de litoral"]'::jsonb,
  '[{"subject": "Non aplica ou consultar fonte oficial", "weight": "consultar fonte oficial"}]'::jsonb,
  '[]'::jsonb,
  '{"Galicia": ["Consultar oferta por provincia, centro, modalidade e curso na Xunta FP."]}'::jsonb,
  '["xunta-fp-catalogo-familias-2025-2026", "xunta-fp-ciclos", "todofp-familias"]'::jsonb,
  'https://www.edu.xunta.gal/fp/oferta-fp',
  'xunta-fp-catalogo-familias-2025-2026',
  '{"source_upload": "3 base de datos itinera.zip", "source_file": "18-maritimo_v7.pdf", "duration_hours": 2000, "modules": [{"code": "MP1033", "name": "Atención sanitaria a bordo", "hours": 52}, {"code": "MP1030", "name": "Despacho e administración do buque", "hours": 104}, {"code": "MP1036", "name": "Estabilidade, trimaxe e estiba do buque", "hours": 155}, {"code": "MP0156", "name": "Inglés profesional", "hours": 60}, {"code": "MP1709", "name": "Itinerario persoal para a empregabilidade I", "hours": 107}, {"code": "MP1708", "name": "Sostibilidade aplicada ao sistema produtivo", "hours": 30}, {"code": "MP1035", "name": "Técnicas de manobra", "hours": 155}, {"code": "MP1027", "name": "Técnicas de navegación e comunicacións", "hours": 207}, {"code": "MP1664", "name": "Dixitalización aplicada ao sistema produtivo", "hours": 30}, {"code": "MP1034", "name": "Instalacións e servizos", "hours": 165}, {"code": "MP1710", "name": "Itinerario persoal para a empregabilidade II", "hours": 50}, {"code": "MP1029", "name": "Pesca de litoral", "hours": 332}, {"code": "MP1028", "name": "Procedementos de garda", "hours": 165}, {"code": "MP1713", "name": "Proxecto intermodular", "hours": 50}, {"code": "MP1032", "name": "Seguridade marítima", "hours": 248}], "learned": "as actividades de buques, cuxas características e límites xeográficos deter- minen as administracións competentes para este nivel, dirixindo e contro- lando a navegación, a extracción, a manipulación e a conservación da pesca, respectando as condicións de seguridade e consonte a normativa.", "work_context": "propia ou allea, en buques de pesca e en buques mercantes, de natureza pública ou privada, cos límites e as atribucións que estableza a Administra- ción competente."}'::jsonb,
  'official_upload',
  now(),
  now(),
  now()
)
on conflict (id) do update set
  name=excluded.name,
  type=excluded.type,
  level=excluded.level,
  family=excluded.family,
  jurisdiction=excluded.jurisdiction,
  route=excluded.route,
  subjects=excluded.subjects,
  ponderation_subjects=excluded.ponderation_subjects,
  route_options=excluded.route_options,
  availability_by_province=excluded.availability_by_province,
  sources=excluded.sources,
  source_url=excluded.source_url,
  source_id=excluded.source_id,
  raw=excluded.raw,
  data_quality=excluded.data_quality,
  verified_at=excluded.verified_at,
  last_seen_at=excluded.last_seen_at,
  updated_at=now();


insert into public.itinera_fp_catalog_details(id,study_id,learned,work_context,jobs,modules,source_file,raw)
values ('detail-fp-v36-cm-navegacion-e-pesca-de-litoral','fp-v36-cm-navegacion-e-pesca-de-litoral','as actividades de buques, cuxas características e límites xeográficos deter- minen as administracións competentes para este nivel, dirixindo e contro- lando a navegación, a extracción, a manipulación e a conservación da pesca, respectando as condicións de seguridade e consonte a normativa.','propia ou allea, en buques de pesca e en buques mercantes, de natureza pública ou privada, cos límites e as atribucións que estableza a Administra- ción competente.','["marítimo de mercadorías e/ou pasaxe, servizos de practicaxe, seguridade, salvamento marítimo, mergullo e investigación", "patrón/patroa ao mando de buques de pesca ou mercantes", "mariñeiro/a pescador/a e de ponte", "inspector/a de flota", "supervisor/a de montaxe e armaxe de artes e aparellos de pesca", "manipulador/a ou operario/a de elaboración", "operario/a de envasamento e empaquetaxe", "operador/a ou controlador/a de liña de en- vasamento", "traballador/a na preparación de peixe para conservas", "especia- lista en tratamentos de frío", "limpador/a e preparador/a de peixe para conservas."]'::jsonb,'[{"code": "MP1033", "name": "Atención sanitaria a bordo", "hours": 52}, {"code": "MP1030", "name": "Despacho e administración do buque", "hours": 104}, {"code": "MP1036", "name": "Estabilidade, trimaxe e estiba do buque", "hours": 155}, {"code": "MP0156", "name": "Inglés profesional", "hours": 60}, {"code": "MP1709", "name": "Itinerario persoal para a empregabilidade I", "hours": 107}, {"code": "MP1708", "name": "Sostibilidade aplicada ao sistema produtivo", "hours": 30}, {"code": "MP1035", "name": "Técnicas de manobra", "hours": 155}, {"code": "MP1027", "name": "Técnicas de navegación e comunicacións", "hours": 207}, {"code": "MP1664", "name": "Dixitalización aplicada ao sistema produtivo", "hours": 30}, {"code": "MP1034", "name": "Instalacións e servizos", "hours": 165}, {"code": "MP1710", "name": "Itinerario persoal para a empregabilidade II", "hours": 50}, {"code": "MP1029", "name": "Pesca de litoral", "hours": 332}, {"code": "MP1028", "name": "Procedementos de garda", "hours": 165}, {"code": "MP1713", "name": "Proxecto intermodular", "hours": 50}, {"code": "MP1032", "name": "Seguridade marítima", "hours": 248}]'::jsonb,'18-maritimo_v7.pdf',jsonb_build_object('source_upload','3 base de datos itinera.zip','duration_hours','2000'))
on conflict (id) do update set study_id=excluded.study_id,learned=excluded.learned,work_context=excluded.work_context,jobs=excluded.jobs,modules=excluded.modules,source_file=excluded.source_file,raw=excluded.raw,updated_at=now();


insert into public.itinera_studies(id,name,type,level,family,jurisdiction,official_title,route,subjects,ponderation_subjects,route_options,availability_by_province,sources,source_url,source_id,raw,data_quality,verified_at,last_seen_at,updated_at)
values (
  'fp-v36-cm-operacions-subacuaticas-e-hiperbaricas',
  'Operacións subacuáticas e hiperbáricas',
  'fpgm',
  'Ciclo formativo de grao medio',
  'Marítimo-pesqueira',
  'Galicia',
  true,
  'Consultar requisitos, prazas, centros, modalidade e fontes oficiais antes de decidir.',
  '["Fisiopatoloxía do mergullo e emerxencias", "Inglés profesional", "Instalacións e equipamentos hiperbáricos", "Intervención hiperbárica con aire e nitrox", "Itinerario persoal para a empregabilidade I", "Manobra e propulsión", "Sostibilidade aplicada ao sistema produtivo", "Construción e obra hidráulica", "Corte e soldadura", "Dixitalización aplicada ao sistema produtivo", "Inmersión desde campá húmida", "Itinerario persoal para a empregabilidade II"]'::jsonb,
  '[{"subject": "Non aplica ou consultar fonte oficial", "weight": "consultar fonte oficial"}]'::jsonb,
  '[]'::jsonb,
  '{"Galicia": ["Consultar oferta por provincia, centro, modalidade e curso na Xunta FP."]}'::jsonb,
  '["xunta-fp-catalogo-familias-2025-2026", "xunta-fp-ciclos", "todofp-familias"]'::jsonb,
  'https://www.edu.xunta.gal/fp/oferta-fp',
  'xunta-fp-catalogo-familias-2025-2026',
  '{"source_upload": "3 base de datos itinera.zip", "source_file": "18-maritimo_v7.pdf", "duration_hours": 2000, "modules": [{"code": "MP0763", "name": "Fisiopatoloxía do mergullo e emerxencias", "hours": 95}, {"code": "MP0156", "name": "Inglés profesional", "hours": 60}, {"code": "MP0759", "name": "Instalacións e equipamentos hiperbáricos", "hours": 215}, {"code": "MP0758", "name": "Intervención hiperbárica con aire e nitrox", "hours": 309}, {"code": "MP1709", "name": "Itinerario persoal para a empregabilidade I", "hours": 107}, {"code": "MP0765", "name": "Manobra e propulsión", "hours": 144}, {"code": "MP1708", "name": "Sostibilidade aplicada ao sistema produtivo", "hours": 30}, {"code": "MP0762", "name": "Construción e obra hidráulica", "hours": 191}, {"code": "MP0761", "name": "Corte e soldadura", "hours": 191}, {"code": "MP1664", "name": "Dixitalización aplicada ao sistema produtivo", "hours": 30}, {"code": "MP1248", "name": "Inmersión desde campá húmida", "hours": 109}, {"code": "MP1710", "name": "Itinerario persoal para a empregabilidade II", "hours": 50}, {"code": "MP0764", "name": "Navegación", "hours": 138}, {"code": "MP1713", "name": "Proxecto intermodular", "hours": 50}, {"code": "MP0760", "name": "Reparacións e reflotacións", "hours": 191}], "learned": "e hiperbáricos, respirando aire e nitrox, ata a presión e a profundidade máxi- ma que permitan as normas de seguridade vixentes, e manter en condicións de utilización os equipamentos, as ferramentas e/ou o material auxiliar, coa calidade e a eficiencia requiridas, aplicando as técnicas de inmersión asociadas a este título e patroneando embarcacións en augas interiores e próximas á costa, consonte a normativa ambiental e cumprindo as normas de seguridade.", "work_context": "presas públicas ou privadas dedicadas ao mergullo profesional e a calque- ra tipo de traballos en ambientes subacuáticos e hiperbáricos marítimos e subterráneos, patroneando embarcacións en augas interiores e próximas á costa, e naquelas outras que dispoñan entre os seus servizos da recompre- sión terapéutica ou probas de estanquidade de equipamentos baixo presión."}'::jsonb,
  'official_upload',
  now(),
  now(),
  now()
)
on conflict (id) do update set
  name=excluded.name,
  type=excluded.type,
  level=excluded.level,
  family=excluded.family,
  jurisdiction=excluded.jurisdiction,
  route=excluded.route,
  subjects=excluded.subjects,
  ponderation_subjects=excluded.ponderation_subjects,
  route_options=excluded.route_options,
  availability_by_province=excluded.availability_by_province,
  sources=excluded.sources,
  source_url=excluded.source_url,
  source_id=excluded.source_id,
  raw=excluded.raw,
  data_quality=excluded.data_quality,
  verified_at=excluded.verified_at,
  last_seen_at=excluded.last_seen_at,
  updated_at=now();


insert into public.itinera_fp_catalog_details(id,study_id,learned,work_context,jobs,modules,source_file,raw)
values ('detail-fp-v36-cm-operacions-subacuaticas-e-hiperbaricas','fp-v36-cm-operacions-subacuaticas-e-hiperbaricas','e hiperbáricos, respirando aire e nitrox, ata a presión e a profundidade máxi- ma que permitan as normas de seguridade vixentes, e manter en condicións de utilización os equipamentos, as ferramentas e/ou o material auxiliar, coa calidade e a eficiencia requiridas, aplicando as técnicas de inmersión asociadas a este título e patroneando embarcacións en augas interiores e próximas á costa, consonte a normativa ambiental e cumprindo as normas de seguridade.','presas públicas ou privadas dedicadas ao mergullo profesional e a calque- ra tipo de traballos en ambientes subacuáticos e hiperbáricos marítimos e subterráneos, patroneando embarcacións en augas interiores e próximas á costa, e naquelas outras que dispoñan entre os seus servizos da recompre- sión terapéutica ou probas de estanquidade de equipamentos baixo presión.','["mariñeiro/a especialista de cuberta", "mariñeiro/a especialista de máquinas."]'::jsonb,'[{"code": "MP0763", "name": "Fisiopatoloxía do mergullo e emerxencias", "hours": 95}, {"code": "MP0156", "name": "Inglés profesional", "hours": 60}, {"code": "MP0759", "name": "Instalacións e equipamentos hiperbáricos", "hours": 215}, {"code": "MP0758", "name": "Intervención hiperbárica con aire e nitrox", "hours": 309}, {"code": "MP1709", "name": "Itinerario persoal para a empregabilidade I", "hours": 107}, {"code": "MP0765", "name": "Manobra e propulsión", "hours": 144}, {"code": "MP1708", "name": "Sostibilidade aplicada ao sistema produtivo", "hours": 30}, {"code": "MP0762", "name": "Construción e obra hidráulica", "hours": 191}, {"code": "MP0761", "name": "Corte e soldadura", "hours": 191}, {"code": "MP1664", "name": "Dixitalización aplicada ao sistema produtivo", "hours": 30}, {"code": "MP1248", "name": "Inmersión desde campá húmida", "hours": 109}, {"code": "MP1710", "name": "Itinerario persoal para a empregabilidade II", "hours": 50}, {"code": "MP0764", "name": "Navegación", "hours": 138}, {"code": "MP1713", "name": "Proxecto intermodular", "hours": 50}, {"code": "MP0760", "name": "Reparacións e reflotacións", "hours": 191}]'::jsonb,'18-maritimo_v7.pdf',jsonb_build_object('source_upload','3 base de datos itinera.zip','duration_hours','2000'))
on conflict (id) do update set study_id=excluded.study_id,learned=excluded.learned,work_context=excluded.work_context,jobs=excluded.jobs,modules=excluded.modules,source_file=excluded.source_file,raw=excluded.raw,updated_at=now();


insert into public.itinera_studies(id,name,type,level,family,jurisdiction,official_title,route,subjects,ponderation_subjects,route_options,availability_by_province,sources,source_url,source_id,raw,data_quality,verified_at,last_seen_at,updated_at)
values (
  'fp-v36-cs-acuicultura',
  'Acuicultura',
  'fpgs',
  'Ciclo formativo de grao superior',
  'Marítimo-pesqueira',
  'Galicia',
  true,
  'Consultar requisitos, prazas, centros, modalidade e fontes oficiais antes de decidir.',
  '["Inglés profesional", "Itinerario persoal para a empregabilidade I", "Sostibilidade aplicada ao sistema produtivo", "Técnicas analíticas e métodos de control sanitario en acui-", "Técnicas e xestión da produción de cultivos auxiliares", "Técnicas e xestión da produción de moluscos", "Técnicas e xestión da produción de peixes", "Acuarofilia", "Dixitalización aplicada ao sistema produtivo", "cultura", "Itinerario persoal para a empregabilidade II", "acuícola"]'::jsonb,
  '[{"subject": "Non aplica ou consultar fonte oficial", "weight": "consultar fonte oficial"}]'::jsonb,
  '[]'::jsonb,
  '{"Galicia": ["Consultar oferta por provincia, centro, modalidade e curso na Xunta FP."]}'::jsonb,
  '["xunta-fp-catalogo-familias-2025-2026", "xunta-fp-ciclos", "todofp-familias"]'::jsonb,
  'https://www.edu.xunta.gal/fp/oferta-fp',
  'xunta-fp-catalogo-familias-2025-2026',
  '{"source_upload": "3 base de datos itinera.zip", "source_file": "18-maritimo_v7.pdf", "duration_hours": 2000, "modules": [{"code": "MP0179", "name": "Inglés profesional", "hours": 60}, {"code": "MP1709", "name": "Itinerario persoal para a empregabilidade I", "hours": 107}, {"code": "MP1708", "name": "Sostibilidade aplicada ao sistema produtivo", "hours": 30}, {"code": "MP1020", "name": "Técnicas analíticas e métodos de control sanitario en acui-", "hours": 107}, {"code": "MP1015", "name": "Técnicas e xestión da produción de cultivos auxiliares", "hours": 187}, {"code": "MP1017", "name": "Técnicas e xestión da produción de moluscos", "hours": 234}, {"code": "MP1016", "name": "Técnicas e xestión da produción de peixes", "hours": 235}, {"code": "MP1022", "name": "Acuarofilia", "hours": 219}, {"code": "MP1665", "name": "Dixitalización aplicada ao sistema produtivo", "hours": 30}, {"code": "MP1019", "name": "cultura", "hours": 246}, {"code": "MP1710", "name": "Itinerario persoal para a empregabilidade II", "hours": 50}, {"code": "MP1025", "name": "acuícola", "hours": 50}, {"code": "MP1018", "name": "Técnicas e xestión da produción de crustáceos", "hours": 246}, {"code": "MP1021", "name": "Xestión ambiental dos procesos acuícolas", "hours": 109}], "learned": "dinando os recursos dispoñibles para conseguir a calidade requirida do pro- duto, cumprindo a normativa aplicable.", "work_context": "sementes ou crías, criadeiro e engorde, por conta propia ou allea, en PME e en grandes empresas de natureza pública ou privada, centros de investi- gación e exposición de animais mariños, empresas de produción de peixes de acuario e confrarías de mariscadores. Coordina responsables das áreas de produción."}'::jsonb,
  'official_upload',
  now(),
  now(),
  now()
)
on conflict (id) do update set
  name=excluded.name,
  type=excluded.type,
  level=excluded.level,
  family=excluded.family,
  jurisdiction=excluded.jurisdiction,
  route=excluded.route,
  subjects=excluded.subjects,
  ponderation_subjects=excluded.ponderation_subjects,
  route_options=excluded.route_options,
  availability_by_province=excluded.availability_by_province,
  sources=excluded.sources,
  source_url=excluded.source_url,
  source_id=excluded.source_id,
  raw=excluded.raw,
  data_quality=excluded.data_quality,
  verified_at=excluded.verified_at,
  last_seen_at=excluded.last_seen_at,
  updated_at=now();


insert into public.itinera_fp_catalog_details(id,study_id,learned,work_context,jobs,modules,source_file,raw)
values ('detail-fp-v36-cs-acuicultura','fp-v36-cs-acuicultura','dinando os recursos dispoñibles para conseguir a calidade requirida do pro- duto, cumprindo a normativa aplicable.','sementes ou crías, criadeiro e engorde, por conta propia ou allea, en PME e en grandes empresas de natureza pública ou privada, centros de investi- gación e exposición de animais mariños, empresas de produción de peixes de acuario e confrarías de mariscadores. Coordina responsables das áreas de produción.','["técnico/a ambiental para a acui- cultura", "responsable técnico/a en acuarofilia", "deseñador/a e montador/a de espazos de exhibición en acuarofilia."]'::jsonb,'[{"code": "MP0179", "name": "Inglés profesional", "hours": 60}, {"code": "MP1709", "name": "Itinerario persoal para a empregabilidade I", "hours": 107}, {"code": "MP1708", "name": "Sostibilidade aplicada ao sistema produtivo", "hours": 30}, {"code": "MP1020", "name": "Técnicas analíticas e métodos de control sanitario en acui-", "hours": 107}, {"code": "MP1015", "name": "Técnicas e xestión da produción de cultivos auxiliares", "hours": 187}, {"code": "MP1017", "name": "Técnicas e xestión da produción de moluscos", "hours": 234}, {"code": "MP1016", "name": "Técnicas e xestión da produción de peixes", "hours": 235}, {"code": "MP1022", "name": "Acuarofilia", "hours": 219}, {"code": "MP1665", "name": "Dixitalización aplicada ao sistema produtivo", "hours": 30}, {"code": "MP1019", "name": "cultura", "hours": 246}, {"code": "MP1710", "name": "Itinerario persoal para a empregabilidade II", "hours": 50}, {"code": "MP1025", "name": "acuícola", "hours": 50}, {"code": "MP1018", "name": "Técnicas e xestión da produción de crustáceos", "hours": 246}, {"code": "MP1021", "name": "Xestión ambiental dos procesos acuícolas", "hours": 109}]'::jsonb,'18-maritimo_v7.pdf',jsonb_build_object('source_upload','3 base de datos itinera.zip','duration_hours','2000'))
on conflict (id) do update set study_id=excluded.study_id,learned=excluded.learned,work_context=excluded.work_context,jobs=excluded.jobs,modules=excluded.modules,source_file=excluded.source_file,raw=excluded.raw,updated_at=now();


insert into public.itinera_studies(id,name,type,level,family,jurisdiction,official_title,route,subjects,ponderation_subjects,route_options,availability_by_province,sources,source_url,source_id,raw,data_quality,verified_at,last_seen_at,updated_at)
values (
  'fp-v36-cs-organizacion-do-mantemento-de-maquinaria-de-buques-e-embarcacions',
  'Organización do mantemento de maquinaria de buques e embarcacións',
  'fpgs',
  'Ciclo formativo de grao superior',
  'Marítimo-pesqueira',
  'Galicia',
  true,
  'Consultar requisitos, prazas, centros, modalidade e fontes oficiais antes de decidir.',
  '["Inglés profesional", "Itinerario persoal para a empregabilidade I", "Organización da asistencia sanitaria a bordo", "Organización do mantemento de planta propulsora e maqui-", "Organización do mantemento e da montaxe de instalacións e", "Organización do mantemento en seco de buques e embarca-", "Sostibilidade aplicada ao sistema produtivo", "Control das emerxencias", "Dixitalización aplicada ao sistema produtivo", "Itinerario persoal para a empregabilidade II", "Organización da garda de máquinas", "frigoríficas e sistemas de climatización de buques e embar-"]'::jsonb,
  '[{"subject": "Non aplica ou consultar fonte oficial", "weight": "consultar fonte oficial"}]'::jsonb,
  '[]'::jsonb,
  '{"Galicia": ["Consultar oferta por provincia, centro, modalidade e curso na Xunta FP."]}'::jsonb,
  '["xunta-fp-catalogo-familias-2025-2026", "xunta-fp-ciclos", "todofp-familias"]'::jsonb,
  'https://www.edu.xunta.gal/fp/oferta-fp',
  'xunta-fp-catalogo-familias-2025-2026',
  '{"source_upload": "3 base de datos itinera.zip", "source_file": "18-maritimo_v7.pdf", "duration_hours": 2000, "modules": [{"code": "MP0179", "name": "Inglés profesional", "hours": 60}, {"code": "MP1709", "name": "Itinerario persoal para a empregabilidade I", "hours": 107}, {"code": "MP0802", "name": "Organización da asistencia sanitaria a bordo", "hours": 52}, {"code": "MP1308", "name": "Organización do mantemento de planta propulsora e maqui-", "hours": 233}, {"code": "MP1311", "name": "Organización do mantemento e da montaxe de instalacións e", "hours": 181}, {"code": "MP1309", "name": "Organización do mantemento en seco de buques e embarca-", "hours": 207}, {"code": "MP1708", "name": "Sostibilidade aplicada ao sistema produtivo", "hours": 30}, {"code": "MP0800", "name": "Control das emerxencias", "hours": 248}, {"code": "MP1665", "name": "Dixitalización aplicada ao sistema produtivo", "hours": 30}, {"code": "MP1710", "name": "Itinerario persoal para a empregabilidade II", "hours": 50}, {"code": "MP1314", "name": "Organización da garda de máquinas", "hours": 83}, {"code": "MP1312", "name": "frigoríficas e sistemas de climatización de buques e embar-", "hours": 248}, {"code": "MP1313", "name": "Planificación do mantemento de maquinaria de buques e em-", "hours": 83}, {"code": "MP1310", "name": "Programación e mantemento de automatismos hidráulicos e", "hours": 248}], "learned": "ballos de mantemento da planta propulsora, maquinaria auxiliar e servizos do buque, a partir da información técnica, así como organizar o servizo de mantemento e montaxe deses elementos en embarcacións en terra, definin- do recursos, dirixindo equipos humanos e organizando e realizando as gar- das de máquinas, e realizar as tarefas de mantemento, regulación e control garantindo a seguridade da travesía en condicións de calidade e seguridade laboral e ambiental definidas.", "work_context": "de máquinas; primeiro oficial e xefe de máquinas en buques e embarcacións de buques civís e de pesca, así como en empresas públicas ou privadas de calquera tamaño dedicadas á construción, a reparación e o mantemento na- val, tanto por conta propia como allea. Así mesmo, poderán empregarse, por conta propia ou allea, en pequenas e medianas empresas, de natureza pú- blica ou privada, dedicadas á construción e o mantemento de embarcacións deportivas e de recreo. En determinadas circunstancias, deberán facer uso da lingua inglesa como vehículo de comunicación."}'::jsonb,
  'official_upload',
  now(),
  now(),
  now()
)
on conflict (id) do update set
  name=excluded.name,
  type=excluded.type,
  level=excluded.level,
  family=excluded.family,
  jurisdiction=excluded.jurisdiction,
  route=excluded.route,
  subjects=excluded.subjects,
  ponderation_subjects=excluded.ponderation_subjects,
  route_options=excluded.route_options,
  availability_by_province=excluded.availability_by_province,
  sources=excluded.sources,
  source_url=excluded.source_url,
  source_id=excluded.source_id,
  raw=excluded.raw,
  data_quality=excluded.data_quality,
  verified_at=excluded.verified_at,
  last_seen_at=excluded.last_seen_at,
  updated_at=now();


insert into public.itinera_fp_catalog_details(id,study_id,learned,work_context,jobs,modules,source_file,raw)
values ('detail-fp-v36-cs-organizacion-do-mantemento-de-maquinaria-de-buques-e-embarcacions','fp-v36-cs-organizacion-do-mantemento-de-maquinaria-de-buques-e-embarcacions','ballos de mantemento da planta propulsora, maquinaria auxiliar e servizos do buque, a partir da información técnica, así como organizar o servizo de mantemento e montaxe deses elementos en embarcacións en terra, definin- do recursos, dirixindo equipos humanos e organizando e realizando as gar- das de máquinas, e realizar as tarefas de mantemento, regulación e control garantindo a seguridade da travesía en condicións de calidade e seguridade laboral e ambiental definidas.','de máquinas; primeiro oficial e xefe de máquinas en buques e embarcacións de buques civís e de pesca, así como en empresas públicas ou privadas de calquera tamaño dedicadas á construción, a reparación e o mantemento na- val, tanto por conta propia como allea. Así mesmo, poderán empregarse, por conta propia ou allea, en pequenas e medianas empresas, de natureza pú- blica ou privada, dedicadas á construción e o mantemento de embarcacións deportivas e de recreo. En determinadas circunstancias, deberán facer uso da lingua inglesa como vehículo de comunicación.','["co/a maior naval", "oficial de máquinas ou primeiro/a oficial de máquinas", "ins- pector/a en empresas pesqueiras", "encargado/a de taller de sistemas de propulsión e goberno de embarcacións deportivas e de recreo", "perito/a ta- xador/a de embarcacións deportivas e de recreo."]'::jsonb,'[{"code": "MP0179", "name": "Inglés profesional", "hours": 60}, {"code": "MP1709", "name": "Itinerario persoal para a empregabilidade I", "hours": 107}, {"code": "MP0802", "name": "Organización da asistencia sanitaria a bordo", "hours": 52}, {"code": "MP1308", "name": "Organización do mantemento de planta propulsora e maqui-", "hours": 233}, {"code": "MP1311", "name": "Organización do mantemento e da montaxe de instalacións e", "hours": 181}, {"code": "MP1309", "name": "Organización do mantemento en seco de buques e embarca-", "hours": 207}, {"code": "MP1708", "name": "Sostibilidade aplicada ao sistema produtivo", "hours": 30}, {"code": "MP0800", "name": "Control das emerxencias", "hours": 248}, {"code": "MP1665", "name": "Dixitalización aplicada ao sistema produtivo", "hours": 30}, {"code": "MP1710", "name": "Itinerario persoal para a empregabilidade II", "hours": 50}, {"code": "MP1314", "name": "Organización da garda de máquinas", "hours": 83}, {"code": "MP1312", "name": "frigoríficas e sistemas de climatización de buques e embar-", "hours": 248}, {"code": "MP1313", "name": "Planificación do mantemento de maquinaria de buques e em-", "hours": 83}, {"code": "MP1310", "name": "Programación e mantemento de automatismos hidráulicos e", "hours": 248}]'::jsonb,'18-maritimo_v7.pdf',jsonb_build_object('source_upload','3 base de datos itinera.zip','duration_hours','2000'))
on conflict (id) do update set study_id=excluded.study_id,learned=excluded.learned,work_context=excluded.work_context,jobs=excluded.jobs,modules=excluded.modules,source_file=excluded.source_file,raw=excluded.raw,updated_at=now();


insert into public.itinera_studies(id,name,type,level,family,jurisdiction,official_title,route,subjects,ponderation_subjects,route_options,availability_by_province,sources,source_url,source_id,raw,data_quality,verified_at,last_seen_at,updated_at)
values (
  'fp-v36-cs-transporte-maritimo-e-pesca-de-altura',
  'Transporte marítimo e pesca de altura',
  'fpgs',
  'Ciclo formativo de grao superior',
  'Marítimo-pesqueira',
  'Galicia',
  true,
  'Consultar requisitos, prazas, centros, modalidade e fontes oficiais antes de decidir.',
  '["Administración e xestión do buque e da actividade pesqueira", "Inglés profesional", "Itinerario persoal para a empregabilidade I", "Manobra e estiba", "Navegación, goberno e comunicacións do buque", "Organización da asistencia sanitaria a bordo", "Sostibilidade aplicada ao sistema produtivo", "Control das emerxencias", "Dixitalización aplicada ao sistema produtivo", "Garda de ponte", "Itinerario persoal para a empregabilidade II", "Pesca de altura e grande altura"]'::jsonb,
  '[{"subject": "Non aplica ou consultar fonte oficial", "weight": "consultar fonte oficial"}]'::jsonb,
  '[]'::jsonb,
  '{"Galicia": ["Consultar oferta por provincia, centro, modalidade e curso na Xunta FP."]}'::jsonb,
  '["xunta-fp-catalogo-familias-2025-2026", "xunta-fp-ciclos", "todofp-familias"]'::jsonb,
  'https://www.edu.xunta.gal/fp/oferta-fp',
  'xunta-fp-catalogo-familias-2025-2026',
  '{"source_upload": "3 base de datos itinera.zip", "source_file": "18-maritimo_v7.pdf", "duration_hours": 2000, "modules": [{"code": "MP0803", "name": "Administración e xestión do buque e da actividade pesqueira", "hours": 129}, {"code": "MP0179", "name": "Inglés profesional", "hours": 60}, {"code": "MP1709", "name": "Itinerario persoal para a empregabilidade I", "hours": 107}, {"code": "MP0798", "name": "Manobra e estiba", "hours": 233}, {"code": "MP0799", "name": "Navegación, goberno e comunicacións do buque", "hours": 259}, {"code": "MP0802", "name": "Organización da asistencia sanitaria a bordo", "hours": 52}, {"code": "MP1708", "name": "Sostibilidade aplicada ao sistema produtivo", "hours": 30}, {"code": "MP0800", "name": "Control das emerxencias", "hours": 248}, {"code": "MP1665", "name": "Dixitalización aplicada ao sistema produtivo", "hours": 30}, {"code": "MP0804", "name": "Garda de ponte", "hours": 331}, {"code": "MP1710", "name": "Itinerario persoal para a empregabilidade II", "hours": 50}, {"code": "MP0805", "name": "Pesca de altura e grande altura", "hours": 331}, {"code": "MP0808", "name": "Proxecto intermodular de implementación dunha ruta de trans-", "hours": 50}], "learned": "determinen as administracións competentes para este nivel, dirixindo e con- trolando a seguridade, a navegación, as manobras e as operacións de carga, estiba e descarga, así como a extracción, a manipulación, o procesamento e a conservación da pesca, optimizando a produción e cumprindo a normativa estatal e internacional.", "work_context": "en buques pesqueiros, de natureza pública ou privada, dentro dos límites e das atribucións que estableza a Administración competente. A actividade profesional está sometida a regulación pola Administración competente. Así mesmo, a súa formación permítelle desempeñar funcións do seu nivel desembarcado, en empresas e entidades pertencentes ao sector marítimo pesqueiro."}'::jsonb,
  'official_upload',
  now(),
  now(),
  now()
)
on conflict (id) do update set
  name=excluded.name,
  type=excluded.type,
  level=excluded.level,
  family=excluded.family,
  jurisdiction=excluded.jurisdiction,
  route=excluded.route,
  subjects=excluded.subjects,
  ponderation_subjects=excluded.ponderation_subjects,
  route_options=excluded.route_options,
  availability_by_province=excluded.availability_by_province,
  sources=excluded.sources,
  source_url=excluded.source_url,
  source_id=excluded.source_id,
  raw=excluded.raw,
  data_quality=excluded.data_quality,
  verified_at=excluded.verified_at,
  last_seen_at=excluded.last_seen_at,
  updated_at=now();


insert into public.itinera_fp_catalog_details(id,study_id,learned,work_context,jobs,modules,source_file,raw)
values ('detail-fp-v36-cs-transporte-maritimo-e-pesca-de-altura','fp-v36-cs-transporte-maritimo-e-pesca-de-altura','determinen as administracións competentes para este nivel, dirixindo e con- trolando a seguridade, a navegación, as manobras e as operacións de carga, estiba e descarga, así como a extracción, a manipulación, o procesamento e a conservación da pesca, optimizando a produción e cumprindo a normativa estatal e internacional.','en buques pesqueiros, de natureza pública ou privada, dentro dos límites e das atribucións que estableza a Administración competente. A actividade profesional está sometida a regulación pola Administración competente. Así mesmo, a súa formación permítelle desempeñar funcións do seu nivel desembarcado, en empresas e entidades pertencentes ao sector marítimo pesqueiro.','["mando de buques de pesca, buques mercantes de carga e de pasaxe, e iates de gran eslora", "primeiro/a oficial de ponte", "oficial de ponte en buques de pesca, buques mercantes de carga e de pasaxe, e iates de gran eslora", "inspector/a de flota", "axente de consignatarias", "axente de seguros marítimos", "supervisor/a de montaxe e armaxe de artes e aparellos de pesca."]'::jsonb,'[{"code": "MP0803", "name": "Administración e xestión do buque e da actividade pesqueira", "hours": 129}, {"code": "MP0179", "name": "Inglés profesional", "hours": 60}, {"code": "MP1709", "name": "Itinerario persoal para a empregabilidade I", "hours": 107}, {"code": "MP0798", "name": "Manobra e estiba", "hours": 233}, {"code": "MP0799", "name": "Navegación, goberno e comunicacións do buque", "hours": 259}, {"code": "MP0802", "name": "Organización da asistencia sanitaria a bordo", "hours": 52}, {"code": "MP1708", "name": "Sostibilidade aplicada ao sistema produtivo", "hours": 30}, {"code": "MP0800", "name": "Control das emerxencias", "hours": 248}, {"code": "MP1665", "name": "Dixitalización aplicada ao sistema produtivo", "hours": 30}, {"code": "MP0804", "name": "Garda de ponte", "hours": 331}, {"code": "MP1710", "name": "Itinerario persoal para a empregabilidade II", "hours": 50}, {"code": "MP0805", "name": "Pesca de altura e grande altura", "hours": 331}, {"code": "MP0808", "name": "Proxecto intermodular de implementación dunha ruta de trans-", "hours": 50}]'::jsonb,'18-maritimo_v7.pdf',jsonb_build_object('source_upload','3 base de datos itinera.zip','duration_hours','2000'))
on conflict (id) do update set study_id=excluded.study_id,learned=excluded.learned,work_context=excluded.work_context,jobs=excluded.jobs,modules=excluded.modules,source_file=excluded.source_file,raw=excluded.raw,updated_at=now();


insert into public.itinera_studies(id,name,type,level,family,jurisdiction,official_title,route,subjects,ponderation_subjects,route_options,availability_by_province,sources,source_url,source_id,raw,data_quality,verified_at,last_seen_at,updated_at)
values (
  'fp-v36-cm-operacions-de-laboratorio',
  'Operacións de laboratorio',
  'fpgm',
  'Ciclo formativo de grao medio',
  'Química',
  'Galicia',
  true,
  'Consultar requisitos, prazas, centros, modalidade e fontes oficiais antes de decidir.',
  '["Almacenamento e distribución no laboratorio", "Inglés profesional", "Itinerario persoal para a empregabilidade I", "Mostraxe e operacións unitarias de laboratorio", "Probas fisicoquímicas", "Química aplicada", "Seguridade e organización no laboratorio", "Sostibilidade aplicada ao sistema produtivo", "Dixitalización aplicada ao sistema produtivo", "Ensaios de materiais", "Itinerario persoal para a empregabilidade II", "Operacións de análise química"]'::jsonb,
  '[{"subject": "Non aplica ou consultar fonte oficial", "weight": "consultar fonte oficial"}]'::jsonb,
  '[]'::jsonb,
  '{"Galicia": ["Consultar oferta por provincia, centro, modalidade e curso na Xunta FP."]}'::jsonb,
  '["xunta-fp-catalogo-familias-2025-2026", "xunta-fp-ciclos", "todofp-familias"]'::jsonb,
  'https://www.edu.xunta.gal/fp/oferta-fp',
  'xunta-fp-catalogo-familias-2025-2026',
  '{"source_upload": "3 base de datos itinera.zip", "source_file": "19-quimica_v7.pdf", "duration_hours": 2000, "modules": [{"code": "MP1257", "name": "Almacenamento e distribución no laboratorio", "hours": 80}, {"code": "MP0156", "name": "Inglés profesional", "hours": 60}, {"code": "MP1709", "name": "Itinerario persoal para a empregabilidade I", "hours": 107}, {"code": "MP1250", "name": "Mostraxe e operacións unitarias de laboratorio", "hours": 213}, {"code": "MP1251", "name": "Probas fisicoquímicas", "hours": 187}, {"code": "MP1249", "name": "Química aplicada", "hours": 207}, {"code": "MP1253", "name": "Seguridade e organización no laboratorio", "hours": 76}, {"code": "MP1708", "name": "Sostibilidade aplicada ao sistema produtivo", "hours": 30}, {"code": "MP1664", "name": "Dixitalización aplicada ao sistema produtivo", "hours": 30}, {"code": "MP1256", "name": "Ensaios de materiais", "hours": 191}, {"code": "MP1710", "name": "Itinerario persoal para a empregabilidade II", "hours": 50}, {"code": "MP1255", "name": "Operacións de análise química", "hours": 246}, {"code": "MP0116", "name": "Principios de mantemento electromecánico", "hours": 109}, {"code": "MP1713", "name": "Proxecto intermodular", "hours": 50}, {"code": "MP1252", "name": "Servizos auxiliares no laboratorio", "hours": 82}, {"code": "MP1254", "name": "Técnicas básicas de microbioloxía e bioquímica", "hours": 192}], "learned": "químicas e biolóxicas, aplicando procedementos normalizados e mantendo operativos os equipamentos e as instalacións de servizos auxiliares, con- sonte as normas de calidade e prevención de riscos laborais, e de protección ambiental.", "work_context": "tras, realizar ensaios físicos, fisicoquímicos, químicos e microbiolóxicos, e manter operativos os equipamentos e as instalacións auxiliares que se orienten ao control de calidade. Os principais sectores en que pode des- envolver a súa actividade son: industria química, nas áreas de almacén e laboratorio de control de calidade; outras industrias que requiran procesos fisicoquímicos, como son a agroalimentaria, farmacéutica, de construción, metalúrxica, mecánica, electrónica, téxtil, transformadora de plásticos e caucho, etc; laboratorios en xeral, de organismos públicos ou de empresas privadas."}'::jsonb,
  'official_upload',
  now(),
  now(),
  now()
)
on conflict (id) do update set
  name=excluded.name,
  type=excluded.type,
  level=excluded.level,
  family=excluded.family,
  jurisdiction=excluded.jurisdiction,
  route=excluded.route,
  subjects=excluded.subjects,
  ponderation_subjects=excluded.ponderation_subjects,
  route_options=excluded.route_options,
  availability_by_province=excluded.availability_by_province,
  sources=excluded.sources,
  source_url=excluded.source_url,
  source_id=excluded.source_id,
  raw=excluded.raw,
  data_quality=excluded.data_quality,
  verified_at=excluded.verified_at,
  last_seen_at=excluded.last_seen_at,
  updated_at=now();


insert into public.itinera_fp_catalog_details(id,study_id,learned,work_context,jobs,modules,source_file,raw)
values ('detail-fp-v36-cm-operacions-de-laboratorio','fp-v36-cm-operacions-de-laboratorio','químicas e biolóxicas, aplicando procedementos normalizados e mantendo operativos os equipamentos e as instalacións de servizos auxiliares, con- sonte as normas de calidade e prevención de riscos laborais, e de protección ambiental.','tras, realizar ensaios físicos, fisicoquímicos, químicos e microbiolóxicos, e manter operativos os equipamentos e as instalacións auxiliares que se orienten ao control de calidade. Os principais sectores en que pode des- envolver a súa actividade son: industria química, nas áreas de almacén e laboratorio de control de calidade; outras industrias que requiran procesos fisicoquímicos, como son a agroalimentaria, farmacéutica, de construción, metalúrxica, mecánica, electrónica, téxtil, transformadora de plásticos e caucho, etc; laboratorios en xeral, de organismos públicos ou de empresas privadas.','["operador/a de mantemento de servizos auxiliares, equipamento e almacén", "mostreador/a e participante en ensaios de campo."]'::jsonb,'[{"code": "MP1257", "name": "Almacenamento e distribución no laboratorio", "hours": 80}, {"code": "MP0156", "name": "Inglés profesional", "hours": 60}, {"code": "MP1709", "name": "Itinerario persoal para a empregabilidade I", "hours": 107}, {"code": "MP1250", "name": "Mostraxe e operacións unitarias de laboratorio", "hours": 213}, {"code": "MP1251", "name": "Probas fisicoquímicas", "hours": 187}, {"code": "MP1249", "name": "Química aplicada", "hours": 207}, {"code": "MP1253", "name": "Seguridade e organización no laboratorio", "hours": 76}, {"code": "MP1708", "name": "Sostibilidade aplicada ao sistema produtivo", "hours": 30}, {"code": "MP1664", "name": "Dixitalización aplicada ao sistema produtivo", "hours": 30}, {"code": "MP1256", "name": "Ensaios de materiais", "hours": 191}, {"code": "MP1710", "name": "Itinerario persoal para a empregabilidade II", "hours": 50}, {"code": "MP1255", "name": "Operacións de análise química", "hours": 246}, {"code": "MP0116", "name": "Principios de mantemento electromecánico", "hours": 109}, {"code": "MP1713", "name": "Proxecto intermodular", "hours": 50}, {"code": "MP1252", "name": "Servizos auxiliares no laboratorio", "hours": 82}, {"code": "MP1254", "name": "Técnicas básicas de microbioloxía e bioquímica", "hours": 192}]'::jsonb,'19-quimica_v7.pdf',jsonb_build_object('source_upload','3 base de datos itinera.zip','duration_hours','2000'))
on conflict (id) do update set study_id=excluded.study_id,learned=excluded.learned,work_context=excluded.work_context,jobs=excluded.jobs,modules=excluded.modules,source_file=excluded.source_file,raw=excluded.raw,updated_at=now();


insert into public.itinera_studies(id,name,type,level,family,jurisdiction,official_title,route,subjects,ponderation_subjects,route_options,availability_by_province,sources,source_url,source_id,raw,data_quality,verified_at,last_seen_at,updated_at)
values (
  'fp-v36-cm-planta-quimica',
  'Planta química',
  'fpgm',
  'Ciclo formativo de grao medio',
  'Química',
  'Galicia',
  true,
  'Consultar requisitos, prazas, centros, modalidade e fontes oficiais antes de decidir.',
  '["Inglés profesional", "Itinerario persoal para a empregabilidade I", "Operacións de xeración e transferencia de enerxía en proceso", "Operacións unitarias en planta química", "Parámetros químicos", "Sostibilidade aplicada ao sistema produtivo", "Transporte de materiais na industria química", "Control de procesos químicos industriais", "Dixitalización aplicada ao sistema produtivo", "Itinerario persoal para a empregabilidade II", "Operacións de reacción en planta química", "Principios de mantemento electromecánico"]'::jsonb,
  '[{"subject": "Non aplica ou consultar fonte oficial", "weight": "consultar fonte oficial"}]'::jsonb,
  '[]'::jsonb,
  '{"Galicia": ["Consultar oferta por provincia, centro, modalidade e curso na Xunta FP."]}'::jsonb,
  '["xunta-fp-catalogo-familias-2025-2026", "xunta-fp-ciclos", "todofp-familias"]'::jsonb,
  'https://www.edu.xunta.gal/fp/oferta-fp',
  'xunta-fp-catalogo-familias-2025-2026',
  '{"source_upload": "3 base de datos itinera.zip", "source_file": "19-quimica_v7.pdf", "duration_hours": 2000, "modules": [{"code": "MP0156", "name": "Inglés profesional", "hours": 60}, {"code": "MP1709", "name": "Itinerario persoal para a empregabilidade I", "hours": 107}, {"code": "MP0113", "name": "Operacións de xeración e transferencia de enerxía en proceso", "hours": 218}, {"code": "MP0110", "name": "Operacións unitarias en planta química", "hours": 235}, {"code": "MP0109", "name": "Parámetros químicos", "hours": 142}, {"code": "MP1708", "name": "Sostibilidade aplicada ao sistema produtivo", "hours": 30}, {"code": "MP0114", "name": "Transporte de materiais na industria química", "hours": 168}, {"code": "MP0112", "name": "Control de procesos químicos industriais", "hours": 246}, {"code": "MP1664", "name": "Dixitalización aplicada ao sistema produtivo", "hours": 30}, {"code": "MP1710", "name": "Itinerario persoal para a empregabilidade II", "hours": 50}, {"code": "MP0111", "name": "Operacións de reacción en planta química", "hours": 246}, {"code": "MP0116", "name": "Principios de mantemento electromecánico", "hours": 109}, {"code": "MP1713", "name": "Proxecto intermodular", "hours": 50}, {"code": "MP0115", "name": "Tratamento de augas", "hours": 219}], "learned": "transformación de produtos químicos, mantendo operativos os sistemas, os equipamentos e os servizos auxiliares, controlando as variables do proceso para asegurar a calidade do produto, e cumprindo as normas de prevención de riscos laborais, de seguridade e ambientais.", "work_context": "pedición, acondicionamento, aprovisionamento loxístico, enerxía e servizos auxiliares, tanto no subsector da química básica como no da química trans- formadora."}'::jsonb,
  'official_upload',
  now(),
  now(),
  now()
)
on conflict (id) do update set
  name=excluded.name,
  type=excluded.type,
  level=excluded.level,
  family=excluded.family,
  jurisdiction=excluded.jurisdiction,
  route=excluded.route,
  subjects=excluded.subjects,
  ponderation_subjects=excluded.ponderation_subjects,
  route_options=excluded.route_options,
  availability_by_province=excluded.availability_by_province,
  sources=excluded.sources,
  source_url=excluded.source_url,
  source_id=excluded.source_id,
  raw=excluded.raw,
  data_quality=excluded.data_quality,
  verified_at=excluded.verified_at,
  last_seen_at=excluded.last_seen_at,
  updated_at=now();


insert into public.itinera_fp_catalog_details(id,study_id,learned,work_context,jobs,modules,source_file,raw)
values ('detail-fp-v36-cm-planta-quimica','fp-v36-cm-planta-quimica','transformación de produtos químicos, mantendo operativos os sistemas, os equipamentos e os servizos auxiliares, controlando as variables do proceso para asegurar a calidade do produto, e cumprindo as normas de prevención de riscos laborais, de seguridade e ambientais.','pedición, acondicionamento, aprovisionamento loxístico, enerxía e servizos auxiliares, tanto no subsector da química básica como no da química trans- formadora.','["de máquinas quebrantadoras, trituradoras e mesturadoras de substancias químicas", "operador/a en instalacións de tratamento químico térmico", "ope- rador/a de equipamentos de filtraxe e separación de substancias quími- cas", "operador/a de equipamentos de destilación e reacción química", "opera- dor/a de refinarías de petróleo e gas natural", "encargado/a de operadores/as de máquinas para fabricar produtos químicos", "operador/a en instalacións de produción de enerxía e operacións auxiliares das plantas químicas", "opera- dor/a de equipamentos de filtración, separación e depuración de augas", "ope- rador/a de máquinas para fabricar municións e explosivos", "outros/as ope- radores/as de instalacións de tratamento de produtos químicos", "outros/as operadores/as de máquinas para fabricar produtos químicos", "operador/a de equipamentos para a fabricación de fertilizantes", "operador/a en instalacións de tratamento de augas", "persoal auxiliar de operación de instalacións de coxeración eléctrica", "operador/a de máquinas para fabricar accesorios foto- gráficos e cinematográficos."]'::jsonb,'[{"code": "MP0156", "name": "Inglés profesional", "hours": 60}, {"code": "MP1709", "name": "Itinerario persoal para a empregabilidade I", "hours": 107}, {"code": "MP0113", "name": "Operacións de xeración e transferencia de enerxía en proceso", "hours": 218}, {"code": "MP0110", "name": "Operacións unitarias en planta química", "hours": 235}, {"code": "MP0109", "name": "Parámetros químicos", "hours": 142}, {"code": "MP1708", "name": "Sostibilidade aplicada ao sistema produtivo", "hours": 30}, {"code": "MP0114", "name": "Transporte de materiais na industria química", "hours": 168}, {"code": "MP0112", "name": "Control de procesos químicos industriais", "hours": 246}, {"code": "MP1664", "name": "Dixitalización aplicada ao sistema produtivo", "hours": 30}, {"code": "MP1710", "name": "Itinerario persoal para a empregabilidade II", "hours": 50}, {"code": "MP0111", "name": "Operacións de reacción en planta química", "hours": 246}, {"code": "MP0116", "name": "Principios de mantemento electromecánico", "hours": 109}, {"code": "MP1713", "name": "Proxecto intermodular", "hours": 50}, {"code": "MP0115", "name": "Tratamento de augas", "hours": 219}]'::jsonb,'19-quimica_v7.pdf',jsonb_build_object('source_upload','3 base de datos itinera.zip','duration_hours','2000'))
on conflict (id) do update set study_id=excluded.study_id,learned=excluded.learned,work_context=excluded.work_context,jobs=excluded.jobs,modules=excluded.modules,source_file=excluded.source_file,raw=excluded.raw,updated_at=now();


insert into public.itinera_studies(id,name,type,level,family,jurisdiction,official_title,route,subjects,ponderation_subjects,route_options,availability_by_province,sources,source_url,source_id,raw,data_quality,verified_at,last_seen_at,updated_at)
values (
  'fp-v36-cs-fabricacion-de-produtos-farmaceuticos-biotecnoloxicos-e-afins',
  'Fabricación de produtos farmacéuticos, biotecnolóxicos e afíns',
  'fpgs',
  'Ciclo formativo de grao superior',
  'Química',
  'Galicia',
  true,
  'Consultar requisitos, prazas, centros, modalidade e fontes oficiais antes de decidir.',
  '["Áreas e servizos auxiliares na industria farmacéutica, biotec-", "Inglés profesional", "Itinerario persoal para a empregabilidade I", "Mantemento electromecánico en industrias de proceso", "Operacións básicas na industria farmacéutica, biotecnolóxica", "Organización e xestión da fabricación de produtos farmacéu-", "Principios de biotecnoloxía", "Seguridade na industria farmacéutica, biotecnolóxica e afíns", "Sostibilidade aplicada ao sistema produtivo", "Acondicionamento e almacenamento de produtos farmacéu-", "Control de calidade de produtos farmacéuticos, biotecnolóxi-", "Dixitalización aplicada ao sistema produtivo"]'::jsonb,
  '[{"subject": "Non aplica ou consultar fonte oficial", "weight": "consultar fonte oficial"}]'::jsonb,
  '[]'::jsonb,
  '{"Galicia": ["Consultar oferta por provincia, centro, modalidade e curso na Xunta FP."]}'::jsonb,
  '["xunta-fp-catalogo-familias-2025-2026", "xunta-fp-ciclos", "todofp-familias"]'::jsonb,
  'https://www.edu.xunta.gal/fp/oferta-fp',
  'xunta-fp-catalogo-familias-2025-2026',
  '{"source_upload": "3 base de datos itinera.zip", "source_file": "19-quimica_v7.pdf", "duration_hours": 2000, "modules": [{"code": "MP1392", "name": "Áreas e servizos auxiliares na industria farmacéutica, biotec-", "hours": 140}, {"code": "MP0179", "name": "Inglés profesional", "hours": 60}, {"code": "MP1709", "name": "Itinerario persoal para a empregabilidade I", "hours": 107}, {"code": "MP0191", "name": "Mantemento electromecánico en industrias de proceso", "hours": 133}, {"code": "MP1389", "name": "Operacións básicas na industria farmacéutica, biotecnolóxica", "hours": 161}, {"code": "MP1387", "name": "Organización e xestión da fabricación de produtos farmacéu-", "hours": 72}, {"code": "MP1390", "name": "Principios de biotecnoloxía", "hours": 161}, {"code": "MP1391", "name": "Seguridade na industria farmacéutica, biotecnolóxica e afíns", "hours": 96}, {"code": "MP1708", "name": "Sostibilidade aplicada ao sistema produtivo", "hours": 30}, {"code": "MP1396", "name": "Acondicionamento e almacenamento de produtos farmacéu-", "hours": 55}, {"code": "MP1388", "name": "Control de calidade de produtos farmacéuticos, biotecnolóxi-", "hours": 219}, {"code": "MP1665", "name": "Dixitalización aplicada ao sistema produtivo", "hours": 30}, {"code": "MP1710", "name": "Itinerario persoal para a empregabilidade II", "hours": 50}, {"code": "MP1397", "name": "Proxecto intermodular de fabricación de produtos farmacéuticos,", "hours": 50}, {"code": "MP1395", "name": "Regulación e control na industria farmacéutica, biotecnolóxi-", "hours": 136}, {"code": "MP1393", "name": "Técnicas de produción biotecnolóxica", "hours": 191}, {"code": "MP1394", "name": "Técnicas de produción farmacéutica e afíns", "hours": 219}], "learned": "almacenamento de produtos farmacéuticos, biotecnolóxicos e afíns, orga- nizando o funcionamento, a posta en marcha e a parada das instalacións e dos equipamentos, segundo os procedementos normalizados de traballo e cumprindo as normas de seguridade, de prevención de riscos e de protec- ción ambiental.", "work_context": "privado, onde desenvolverán o seu labor nas áreas de produción ou acondi- cionamento de medicamentos e produtos sanitarios, cosméticos e deter- minados produtos alimentarios, formas farmacéuticas e afíns, tales como cosméticos, perfumes, produtos dietéticos, de herboristaría ou alimentos especiais, e de drogaría. Así mesmo, poden traballar na obtención de produ- tos biotecnolóxicos, tanto en sectores que teñan como principal actividade a utilización de organismos vivos ou os seus compoñentes, como naqueles que, malia ser a súa actividade principal, poidan innovar con técnicas de produción biotecnolóxicas sobre algúns produtos e procesos."}'::jsonb,
  'official_upload',
  now(),
  now(),
  now()
)
on conflict (id) do update set
  name=excluded.name,
  type=excluded.type,
  level=excluded.level,
  family=excluded.family,
  jurisdiction=excluded.jurisdiction,
  route=excluded.route,
  subjects=excluded.subjects,
  ponderation_subjects=excluded.ponderation_subjects,
  route_options=excluded.route_options,
  availability_by_province=excluded.availability_by_province,
  sources=excluded.sources,
  source_url=excluded.source_url,
  source_id=excluded.source_id,
  raw=excluded.raw,
  data_quality=excluded.data_quality,
  verified_at=excluded.verified_at,
  last_seen_at=excluded.last_seen_at,
  updated_at=now();


insert into public.itinera_fp_catalog_details(id,study_id,learned,work_context,jobs,modules,source_file,raw)
values ('detail-fp-v36-cs-fabricacion-de-produtos-farmaceuticos-biotecnoloxicos-e-afins','fp-v36-cs-fabricacion-de-produtos-farmaceuticos-biotecnoloxicos-e-afins','almacenamento de produtos farmacéuticos, biotecnolóxicos e afíns, orga- nizando o funcionamento, a posta en marcha e a parada das instalacións e dos equipamentos, segundo os procedementos normalizados de traballo e cumprindo as normas de seguridade, de prevención de riscos e de protec- ción ambiental.','privado, onde desenvolverán o seu labor nas áreas de produción ou acondi- cionamento de medicamentos e produtos sanitarios, cosméticos e deter- minados produtos alimentarios, formas farmacéuticas e afíns, tales como cosméticos, perfumes, produtos dietéticos, de herboristaría ou alimentos especiais, e de drogaría. Así mesmo, poden traballar na obtención de produ- tos biotecnolóxicos, tanto en sectores que teñan como principal actividade a utilización de organismos vivos ou os seus compoñentes, como naqueles que, malia ser a súa actividade principal, poidan innovar con técnicas de produción biotecnolóxicas sobre algúns produtos e procesos.','["produtos químicos", "supervisor/a de área de producción", "supervisor/a de área de acondicionamento", "supervisor/a de área de planificación", "coordinador/a de área", "xefe/a de equipo de reactor/biorreactor", "técnico/a de control", "coor- dinador/a de almacén", "encargado/a de fabricación", "xefe/a de equipo de pro- cesos de extracción e purificación de produtos biotecno-lóxicos", "xefe/a de equipo de sala branca en biotecnología", "supervisor/a de área de procesos e servizo biotecnolóxico", "supervisor/a de seguridade en procesos biotecno- lóxicos."]'::jsonb,'[{"code": "MP1392", "name": "Áreas e servizos auxiliares na industria farmacéutica, biotec-", "hours": 140}, {"code": "MP0179", "name": "Inglés profesional", "hours": 60}, {"code": "MP1709", "name": "Itinerario persoal para a empregabilidade I", "hours": 107}, {"code": "MP0191", "name": "Mantemento electromecánico en industrias de proceso", "hours": 133}, {"code": "MP1389", "name": "Operacións básicas na industria farmacéutica, biotecnolóxica", "hours": 161}, {"code": "MP1387", "name": "Organización e xestión da fabricación de produtos farmacéu-", "hours": 72}, {"code": "MP1390", "name": "Principios de biotecnoloxía", "hours": 161}, {"code": "MP1391", "name": "Seguridade na industria farmacéutica, biotecnolóxica e afíns", "hours": 96}, {"code": "MP1708", "name": "Sostibilidade aplicada ao sistema produtivo", "hours": 30}, {"code": "MP1396", "name": "Acondicionamento e almacenamento de produtos farmacéu-", "hours": 55}, {"code": "MP1388", "name": "Control de calidade de produtos farmacéuticos, biotecnolóxi-", "hours": 219}, {"code": "MP1665", "name": "Dixitalización aplicada ao sistema produtivo", "hours": 30}, {"code": "MP1710", "name": "Itinerario persoal para a empregabilidade II", "hours": 50}, {"code": "MP1397", "name": "Proxecto intermodular de fabricación de produtos farmacéuticos,", "hours": 50}, {"code": "MP1395", "name": "Regulación e control na industria farmacéutica, biotecnolóxi-", "hours": 136}, {"code": "MP1393", "name": "Técnicas de produción biotecnolóxica", "hours": 191}, {"code": "MP1394", "name": "Técnicas de produción farmacéutica e afíns", "hours": 219}]'::jsonb,'19-quimica_v7.pdf',jsonb_build_object('source_upload','3 base de datos itinera.zip','duration_hours','2000'))
on conflict (id) do update set study_id=excluded.study_id,learned=excluded.learned,work_context=excluded.work_context,jobs=excluded.jobs,modules=excluded.modules,source_file=excluded.source_file,raw=excluded.raw,updated_at=now();


insert into public.itinera_studies(id,name,type,level,family,jurisdiction,official_title,route,subjects,ponderation_subjects,route_options,availability_by_province,sources,source_url,source_id,raw,data_quality,verified_at,last_seen_at,updated_at)
values (
  'fp-v36-cs-laboratorio-de-analise-e-de-control-de-calidade',
  'Laboratorio de análise e de control de calidade',
  'fpgs',
  'Ciclo formativo de grao superior',
  'Química',
  'Galicia',
  true,
  'Consultar requisitos, prazas, centros, modalidade e fontes oficiais antes de decidir.',
  '["Análises químicas", "Ensaios fisicoquímicos", "Ensaios microbiolóxicos", "Inglés profesional", "Itinerario persoal para a empregabilidade I", "Mostraxe e preparación da mostra", "Sostibilidade aplicada ao sistema produtivo", "Análise instrumental", "Calidade e seguridade no laboratorio", "Dixitalización aplicada ao sistema produtivo", "Ensaios biotecnolóxicos", "Ensaios físicos"]'::jsonb,
  '[{"subject": "Non aplica ou consultar fonte oficial", "weight": "consultar fonte oficial"}]'::jsonb,
  '[]'::jsonb,
  '{"Galicia": ["Consultar oferta por provincia, centro, modalidade e curso na Xunta FP."]}'::jsonb,
  '["xunta-fp-catalogo-familias-2025-2026", "xunta-fp-ciclos", "todofp-familias"]'::jsonb,
  'https://www.edu.xunta.gal/fp/oferta-fp',
  'xunta-fp-catalogo-familias-2025-2026',
  '{"source_upload": "3 base de datos itinera.zip", "source_file": "19-quimica_v7.pdf", "duration_hours": 2000, "modules": [{"code": "MP0066", "name": "Análises químicas", "hours": 261}, {"code": "MP0069", "name": "Ensaios fisicoquímicos", "hours": 160}, {"code": "MP0070", "name": "Ensaios microbiolóxicos", "hours": 160}, {"code": "MP0179", "name": "Inglés profesional", "hours": 60}, {"code": "MP1709", "name": "Itinerario persoal para a empregabilidade I", "hours": 107}, {"code": "MP0065", "name": "Mostraxe e preparación da mostra", "hours": 182}, {"code": "MP1708", "name": "Sostibilidade aplicada ao sistema produtivo", "hours": 30}, {"code": "MP0067", "name": "Análise instrumental", "hours": 355}, {"code": "MP0072", "name": "Calidade e seguridade no laboratorio", "hours": 137}, {"code": "MP1665", "name": "Dixitalización aplicada ao sistema produtivo", "hours": 30}, {"code": "MP0071", "name": "Ensaios biotecnolóxicos", "hours": 164}, {"code": "MP0068", "name": "Ensaios físicos", "hours": 164}, {"code": "MP1710", "name": "Itinerario persoal para a empregabilidade II", "hours": 50}, {"code": "MP0073", "name": "calidade", "hours": 50}], "learned": "realizando todo tipo de ensaios e análises sobre materias e produtos en proceso e acabados, orientados á investigación e ao control de calidade, así como interpretar os resultados obtidos, actuando baixo normas de boas prácticas no laboratorio.", "work_context": "ensaios físicos e fisicoquímicos, e análises químicas e instrumentais en ma- terias e en produtos orientados ao control de calidade e á investigación, así como naqueles en que sexa preciso realizar probas microbiolóxicas e biotec- nolóxicas en áreas ambientais ou de alimentación, entre outras."}'::jsonb,
  'official_upload',
  now(),
  now(),
  now()
)
on conflict (id) do update set
  name=excluded.name,
  type=excluded.type,
  level=excluded.level,
  family=excluded.family,
  jurisdiction=excluded.jurisdiction,
  route=excluded.route,
  subjects=excluded.subjects,
  ponderation_subjects=excluded.ponderation_subjects,
  route_options=excluded.route_options,
  availability_by_province=excluded.availability_by_province,
  sources=excluded.sources,
  source_url=excluded.source_url,
  source_id=excluded.source_id,
  raw=excluded.raw,
  data_quality=excluded.data_quality,
  verified_at=excluded.verified_at,
  last_seen_at=excluded.last_seen_at,
  updated_at=now();


insert into public.itinera_fp_catalog_details(id,study_id,learned,work_context,jobs,modules,source_file,raw)
values ('detail-fp-v36-cs-laboratorio-de-analise-e-de-control-de-calidade','fp-v36-cs-laboratorio-de-analise-e-de-control-de-calidade','realizando todo tipo de ensaios e análises sobre materias e produtos en proceso e acabados, orientados á investigación e ao control de calidade, así como interpretar os resultados obtidos, actuando baixo normas de boas prácticas no laboratorio.','ensaios físicos e fisicoquímicos, e análises químicas e instrumentais en ma- terias e en produtos orientados ao control de calidade e á investigación, así como naqueles en que sexa preciso realizar probas microbiolóxicas e biotec- nolóxicas en áreas ambientais ou de alimentación, entre outras.','["boratorio químico", "analista de laboratorio microbiolóxico", "analista de labo- ratorio de materiais", "analista de laboratorio de industrias agroalimentarias", "analista de laboratorio de industrias transformadoras", "analista de centros de formación", "investigación e desenvolvemento", "analista microbiolóxico/a de industrias alimentarias", "empresas ambientais e industrias biotecno- lóxicas", "analista microbiolóxico/a de augas potables e residuais", "analistas de control microbiolóxico da industria farmacéutica", "analista de materias primas e acabamentos", "técnico/a de laboratorio de química industrial", "téc- nico/a en control de calidade en industrias de manufacturas diversas", "téc- nico/a de ensaios de produtos de fabricación mecánica", "técnico/a de ensaios de materiais de construción."]'::jsonb,'[{"code": "MP0066", "name": "Análises químicas", "hours": 261}, {"code": "MP0069", "name": "Ensaios fisicoquímicos", "hours": 160}, {"code": "MP0070", "name": "Ensaios microbiolóxicos", "hours": 160}, {"code": "MP0179", "name": "Inglés profesional", "hours": 60}, {"code": "MP1709", "name": "Itinerario persoal para a empregabilidade I", "hours": 107}, {"code": "MP0065", "name": "Mostraxe e preparación da mostra", "hours": 182}, {"code": "MP1708", "name": "Sostibilidade aplicada ao sistema produtivo", "hours": 30}, {"code": "MP0067", "name": "Análise instrumental", "hours": 355}, {"code": "MP0072", "name": "Calidade e seguridade no laboratorio", "hours": 137}, {"code": "MP1665", "name": "Dixitalización aplicada ao sistema produtivo", "hours": 30}, {"code": "MP0071", "name": "Ensaios biotecnolóxicos", "hours": 164}, {"code": "MP0068", "name": "Ensaios físicos", "hours": 164}, {"code": "MP1710", "name": "Itinerario persoal para a empregabilidade II", "hours": 50}, {"code": "MP0073", "name": "calidade", "hours": 50}]'::jsonb,'19-quimica_v7.pdf',jsonb_build_object('source_upload','3 base de datos itinera.zip','duration_hours','2000'))
on conflict (id) do update set study_id=excluded.study_id,learned=excluded.learned,work_context=excluded.work_context,jobs=excluded.jobs,modules=excluded.modules,source_file=excluded.source_file,raw=excluded.raw,updated_at=now();


insert into public.itinera_studies(id,name,type,level,family,jurisdiction,official_title,route,subjects,ponderation_subjects,route_options,availability_by_province,sources,source_url,source_id,raw,data_quality,verified_at,last_seen_at,updated_at)
values (
  'fp-v36-cs-quimica-industrial',
  'Química industrial',
  'fpgs',
  'Ciclo formativo de grao superior',
  'Química',
  'Galicia',
  true,
  'Consultar requisitos, prazas, centros, modalidade e fontes oficiais antes de decidir.',
  '["Acondicionamento e almacenaxe de produtos químicos", "Formulación e preparación de mesturas", "Inglés profesional", "Itinerario persoal para a empregabilidade I", "Mantemento electromecánico en industrias de proceso", "Operacións básicas na industria química", "Prevención de riscos en industrias químicas", "Sostibilidade aplicada ao sistema produtivo", "Transporte de sólidos e fluídos", "Dixitalización aplicada ao sistema produtivo", "Itinerario persoal para a empregabilidade II", "Organización e xestión en industrias químicas"]'::jsonb,
  '[{"subject": "Non aplica ou consultar fonte oficial", "weight": "consultar fonte oficial"}]'::jsonb,
  '[]'::jsonb,
  '{"Galicia": ["Consultar oferta por provincia, centro, modalidade e curso na Xunta FP."]}'::jsonb,
  '["xunta-fp-catalogo-familias-2025-2026", "xunta-fp-ciclos", "todofp-familias"]'::jsonb,
  'https://www.edu.xunta.gal/fp/oferta-fp',
  'xunta-fp-catalogo-familias-2025-2026',
  '{"source_upload": "3 base de datos itinera.zip", "source_file": "19-quimica_v7.pdf", "duration_hours": 2000, "modules": [{"code": "MP0193", "name": "Acondicionamento e almacenaxe de produtos químicos", "hours": 52}, {"code": "MP0192", "name": "Formulación e preparación de mesturas", "hours": 107}, {"code": "MP0179", "name": "Inglés profesional", "hours": 60}, {"code": "MP1709", "name": "Itinerario persoal para a empregabilidade I", "hours": 107}, {"code": "MP0191", "name": "Mantemento electromecánico en industrias de proceso", "hours": 133}, {"code": "MP0188", "name": "Operacións básicas na industria química", "hours": 231}, {"code": "MP0194", "name": "Prevención de riscos en industrias químicas", "hours": 80}, {"code": "MP1708", "name": "Sostibilidade aplicada ao sistema produtivo", "hours": 30}, {"code": "MP0186", "name": "Transporte de sólidos e fluídos", "hours": 160}, {"code": "MP1665", "name": "Dixitalización aplicada ao sistema produtivo", "hours": 30}, {"code": "MP1710", "name": "Itinerario persoal para a empregabilidade II", "hours": 50}, {"code": "MP0185", "name": "Organización e xestión en industrias químicas", "hours": 81}, {"code": "MP0195", "name": "Proxecto intermodular de industrias de proceso químico", "hours": 50}, {"code": "MP0189", "name": "Reactores químicos", "hours": 219}, {"code": "MP0190", "name": "Regulación e control de proceso químico", "hours": 301}, {"code": "MP0187", "name": "Xeración e recuperación de enerxía", "hours": 219}], "learned": "coxeración de enerxía e servizos auxiliares asociados, supervisando e asegu- rando o seu funcionamento, as postas en marcha e as paradas, e verificando as condicións establecidas de seguridade, de calidade e ambientais.", "work_context": "ción de enerxía e de servizos auxiliares."}'::jsonb,
  'official_upload',
  now(),
  now(),
  now()
)
on conflict (id) do update set
  name=excluded.name,
  type=excluded.type,
  level=excluded.level,
  family=excluded.family,
  jurisdiction=excluded.jurisdiction,
  route=excluded.route,
  subjects=excluded.subjects,
  ponderation_subjects=excluded.ponderation_subjects,
  route_options=excluded.route_options,
  availability_by_province=excluded.availability_by_province,
  sources=excluded.sources,
  source_url=excluded.source_url,
  source_id=excluded.source_id,
  raw=excluded.raw,
  data_quality=excluded.data_quality,
  verified_at=excluded.verified_at,
  last_seen_at=excluded.last_seen_at,
  updated_at=now();


insert into public.itinera_fp_catalog_details(id,study_id,learned,work_context,jobs,modules,source_file,raw)
values ('detail-fp-v36-cs-quimica-industrial','fp-v36-cs-quimica-industrial','coxeración de enerxía e servizos auxiliares asociados, supervisando e asegu- rando o seu funcionamento, as postas en marcha e as paradas, e verificando as condicións establecidas de seguridade, de calidade e ambientais.','ción de enerxía e de servizos auxiliares.','["para fabricar, transformar e acondicionar produtos químicos", "supervisor/a de área de produción de enerxía", "supervisor/a de área de servizos auxilia- res", "supervisor/a de refinarías de petróleo e gas natural", "xefe/a de equipo en instalacións de tratamento químico", "xefe/a de equipo en almacéns en indus- trias químicas", "xefe/a de parque de tanques en industrias químicas", "xefe/a de zona de recepción e expedición de materias e produtos químicos", "supervi- sor/a de sistemas de control", "supervisor/a de cuarto de control", "supervisor/a de área en plantas de química de transformación", "supervisor/a de área de acondicionamento", "responsable de formulación."]'::jsonb,'[{"code": "MP0193", "name": "Acondicionamento e almacenaxe de produtos químicos", "hours": 52}, {"code": "MP0192", "name": "Formulación e preparación de mesturas", "hours": 107}, {"code": "MP0179", "name": "Inglés profesional", "hours": 60}, {"code": "MP1709", "name": "Itinerario persoal para a empregabilidade I", "hours": 107}, {"code": "MP0191", "name": "Mantemento electromecánico en industrias de proceso", "hours": 133}, {"code": "MP0188", "name": "Operacións básicas na industria química", "hours": 231}, {"code": "MP0194", "name": "Prevención de riscos en industrias químicas", "hours": 80}, {"code": "MP1708", "name": "Sostibilidade aplicada ao sistema produtivo", "hours": 30}, {"code": "MP0186", "name": "Transporte de sólidos e fluídos", "hours": 160}, {"code": "MP1665", "name": "Dixitalización aplicada ao sistema produtivo", "hours": 30}, {"code": "MP1710", "name": "Itinerario persoal para a empregabilidade II", "hours": 50}, {"code": "MP0185", "name": "Organización e xestión en industrias químicas", "hours": 81}, {"code": "MP0195", "name": "Proxecto intermodular de industrias de proceso químico", "hours": 50}, {"code": "MP0189", "name": "Reactores químicos", "hours": 219}, {"code": "MP0190", "name": "Regulación e control de proceso químico", "hours": 301}, {"code": "MP0187", "name": "Xeración e recuperación de enerxía", "hours": 219}]'::jsonb,'19-quimica_v7.pdf',jsonb_build_object('source_upload','3 base de datos itinera.zip','duration_hours','2000'))
on conflict (id) do update set study_id=excluded.study_id,learned=excluded.learned,work_context=excluded.work_context,jobs=excluded.jobs,modules=excluded.modules,source_file=excluded.source_file,raw=excluded.raw,updated_at=now();


insert into public.itinera_studies(id,name,type,level,family,jurisdiction,official_title,route,subjects,ponderation_subjects,route_options,availability_by_province,sources,source_url,source_id,raw,data_quality,verified_at,last_seen_at,updated_at)
values (
  'fp-v36-es-cultivos-celulares',
  'Cultivos celulares',
  'especializacion_gs',
  'Curso de especialización de grao superior',
  'Química',
  'Galicia',
  true,
  'Consultar requisitos, prazas, centros, modalidade e fontes oficiais antes de decidir.',
  '["Aplicacións de cultivos celulares", "Cultivos celulares", "Laboratorio de cultivos celulares", "Normas de calidade e regulación aplicables a cultivos celu-", "Técnicas complementarias en cultivos celulares"]'::jsonb,
  '[{"subject": "Non aplica ou consultar fonte oficial", "weight": "consultar fonte oficial"}]'::jsonb,
  '[]'::jsonb,
  '{"Galicia": ["Consultar oferta por provincia, centro, modalidade e curso na Xunta FP."]}'::jsonb,
  '["xunta-fp-catalogo-familias-2025-2026", "xunta-fp-ciclos", "todofp-familias"]'::jsonb,
  'https://www.edu.xunta.gal/fp/oferta-fp',
  'xunta-fp-catalogo-familias-2025-2026',
  '{"source_upload": "3 base de datos itinera.zip", "source_file": "19-quimica_v7.pdf", "duration_hours": 600, "modules": [{"code": "MP5005", "name": "Aplicacións de cultivos celulares", "hours": 115}, {"code": "MP5001", "name": "Cultivos celulares", "hours": 166}, {"code": "MP5004", "name": "Laboratorio de cultivos celulares", "hours": 85}, {"code": "MP5003", "name": "Normas de calidade e regulación aplicables a cultivos celu-", "hours": 68}, {"code": "MP5002", "name": "Técnicas complementarias en cultivos celulares", "hours": 166}], "learned": "como apoio ao diagnóstico, aos ensaios terapéuticos, á procura de medica- mentos, á creación e ao mantemento de bancos celulares, á investigación e a outros campos de interese, mantendo as instalacións e os equipamentos involucrados nos procesos e cumprindo as especificacións de calidade, pre- vención de riscos e protección ambiental.", "work_context": "lulares. O sector do laboratorio biomédico e biotecnolóxico é o que actual- mente desenvolve estas técnicas, así como as industrias biofarmacéuticas dedicadas á obtención de produtos biotecnolóxicos, tanto en sectores que teñan como principal actividade a utilización de organismos vivos ou os seus compoñentes, como naquelas outras que, malia non telo como a súa acti- vidade principal, poidan innovar con técnicas de produción biotecnolóxica sobre algúns produtos e procesos."}'::jsonb,
  'official_upload',
  now(),
  now(),
  now()
)
on conflict (id) do update set
  name=excluded.name,
  type=excluded.type,
  level=excluded.level,
  family=excluded.family,
  jurisdiction=excluded.jurisdiction,
  route=excluded.route,
  subjects=excluded.subjects,
  ponderation_subjects=excluded.ponderation_subjects,
  route_options=excluded.route_options,
  availability_by_province=excluded.availability_by_province,
  sources=excluded.sources,
  source_url=excluded.source_url,
  source_id=excluded.source_id,
  raw=excluded.raw,
  data_quality=excluded.data_quality,
  verified_at=excluded.verified_at,
  last_seen_at=excluded.last_seen_at,
  updated_at=now();


insert into public.itinera_fp_catalog_details(id,study_id,learned,work_context,jobs,modules,source_file,raw)
values ('detail-fp-v36-es-cultivos-celulares','fp-v36-es-cultivos-celulares','como apoio ao diagnóstico, aos ensaios terapéuticos, á procura de medica- mentos, á creación e ao mantemento de bancos celulares, á investigación e a outros campos de interese, mantendo as instalacións e os equipamentos involucrados nos procesos e cumprindo as especificacións de calidade, pre- vención de riscos e protección ambiental.','lulares. O sector do laboratorio biomédico e biotecnolóxico é o que actual- mente desenvolve estas técnicas, así como as industrias biofarmacéuticas dedicadas á obtención de produtos biotecnolóxicos, tanto en sectores que teñan como principal actividade a utilización de organismos vivos ou os seus compoñentes, como naquelas outras que, malia non telo como a súa acti- vidade principal, poidan innovar con técnicas de produción biotecnolóxica sobre algúns produtos e procesos.','[]'::jsonb,'[{"code": "MP5005", "name": "Aplicacións de cultivos celulares", "hours": 115}, {"code": "MP5001", "name": "Cultivos celulares", "hours": 166}, {"code": "MP5004", "name": "Laboratorio de cultivos celulares", "hours": 85}, {"code": "MP5003", "name": "Normas de calidade e regulación aplicables a cultivos celu-", "hours": 68}, {"code": "MP5002", "name": "Técnicas complementarias en cultivos celulares", "hours": 166}]'::jsonb,'19-quimica_v7.pdf',jsonb_build_object('source_upload','3 base de datos itinera.zip','duration_hours','600'))
on conflict (id) do update set study_id=excluded.study_id,learned=excluded.learned,work_context=excluded.work_context,jobs=excluded.jobs,modules=excluded.modules,source_file=excluded.source_file,raw=excluded.raw,updated_at=now();


insert into public.itinera_studies(id,name,type,level,family,jurisdiction,official_title,route,subjects,ponderation_subjects,route_options,availability_by_province,sources,source_url,source_id,raw,data_quality,verified_at,last_seen_at,updated_at)
values (
  'fp-v36-cm-coidados-auxiliares-de-enfermaria',
  'Coidados auxiliares de enfermaría',
  'fpgm',
  'Ciclo formativo de grao medio',
  'Sanidade',
  'Galicia',
  true,
  'Consultar requisitos, prazas, centros, modalidade e fontes oficiais antes de decidir.',
  '["Hixiene do medio hospitalario e limpeza de material", "Operacións administrativas e documentación sanitaria", "Promoción da saúde e apoio psicolóxico ao paciente", "Técnicas básicas de enfermaría", "Técnicas de axuda odontolóxica e estomatolóxica", "Formación en centros de traballo"]'::jsonb,
  '[{"subject": "Non aplica ou consultar fonte oficial", "weight": "consultar fonte oficial"}]'::jsonb,
  '[]'::jsonb,
  '{"Galicia": ["Consultar oferta por provincia, centro, modalidade e curso na Xunta FP."]}'::jsonb,
  '["xunta-fp-catalogo-familias-2025-2026", "xunta-fp-ciclos", "todofp-familias"]'::jsonb,
  'https://www.edu.xunta.gal/fp/oferta-fp',
  'xunta-fp-catalogo-familias-2025-2026',
  '{"source_upload": "3 base de datos itinera.zip", "source_file": "20-sanidade_v7.pdf", "duration_hours": 1400, "modules": [{"code": "CM0304", "name": "Hixiene do medio hospitalario e limpeza de material", "hours": 160}, {"code": "CM0305", "name": "Operacións administrativas e documentación sanitaria", "hours": 55}, {"code": "CM0308", "name": "Promoción da saúde e apoio psicolóxico ao paciente", "hours": 130}, {"code": "CM0310", "name": "Técnicas básicas de enfermaría", "hours": 320}, {"code": "CM0311", "name": "Técnicas de axuda odontolóxica e estomatolóxica", "hours": 130}, {"code": "CM0302", "name": "Formación en centros de traballo", "hours": 440}], "learned": "condicións sanitarias do seu contorno como membro dun equipo de enfer- maría nos centros sanitarios de atención especializada e de atención prima- ria, baixo a dependencia do/a diplomado/a e/ou graduado/a de enfermaría e, de ser o caso, como membro dun equipo de saúde na asistencia sanitaria de- rivada da práctica do exercicio liberal, baixo a supervisión correspondente.", "work_context": "cación sanitaria."}'::jsonb,
  'official_upload',
  now(),
  now(),
  now()
)
on conflict (id) do update set
  name=excluded.name,
  type=excluded.type,
  level=excluded.level,
  family=excluded.family,
  jurisdiction=excluded.jurisdiction,
  route=excluded.route,
  subjects=excluded.subjects,
  ponderation_subjects=excluded.ponderation_subjects,
  route_options=excluded.route_options,
  availability_by_province=excluded.availability_by_province,
  sources=excluded.sources,
  source_url=excluded.source_url,
  source_id=excluded.source_id,
  raw=excluded.raw,
  data_quality=excluded.data_quality,
  verified_at=excluded.verified_at,
  last_seen_at=excluded.last_seen_at,
  updated_at=now();


insert into public.itinera_fp_catalog_details(id,study_id,learned,work_context,jobs,modules,source_file,raw)
values ('detail-fp-v36-cm-coidados-auxiliares-de-enfermaria','fp-v36-cm-coidados-auxiliares-de-enfermaria','condicións sanitarias do seu contorno como membro dun equipo de enfer- maría nos centros sanitarios de atención especializada e de atención prima- ria, baixo a dependencia do/a diplomado/a e/ou graduado/a de enfermaría e, de ser o caso, como membro dun equipo de saúde na asistencia sanitaria de- rivada da práctica do exercicio liberal, baixo a supervisión correspondente.','cación sanitaria.','["dados de enfermería a domicilio|auxiliar bucodental", "xeriátrico", "pediátrico", "de esterilización", "de unidades especiais e de saúde mental."]'::jsonb,'[{"code": "CM0304", "name": "Hixiene do medio hospitalario e limpeza de material", "hours": 160}, {"code": "CM0305", "name": "Operacións administrativas e documentación sanitaria", "hours": 55}, {"code": "CM0308", "name": "Promoción da saúde e apoio psicolóxico ao paciente", "hours": 130}, {"code": "CM0310", "name": "Técnicas básicas de enfermaría", "hours": 320}, {"code": "CM0311", "name": "Técnicas de axuda odontolóxica e estomatolóxica", "hours": 130}, {"code": "CM0302", "name": "Formación en centros de traballo", "hours": 440}]'::jsonb,'20-sanidade_v7.pdf',jsonb_build_object('source_upload','3 base de datos itinera.zip','duration_hours','1400'))
on conflict (id) do update set study_id=excluded.study_id,learned=excluded.learned,work_context=excluded.work_context,jobs=excluded.jobs,modules=excluded.modules,source_file=excluded.source_file,raw=excluded.raw,updated_at=now();


insert into public.itinera_studies(id,name,type,level,family,jurisdiction,official_title,route,subjects,ponderation_subjects,route_options,availability_by_province,sources,source_url,source_id,raw,data_quality,verified_at,last_seen_at,updated_at)
values (
  'fp-v36-cm-emerxencias-sanitarias',
  'Emerxencias sanitarias',
  'fpgm',
  'Ciclo formativo de grao medio',
  'Sanidade',
  'Galicia',
  true,
  'Consultar requisitos, prazas, centros, modalidade e fontes oficiais antes de decidir.',
  '["Anatomofisioloxía e patoloxía básicas", "Apoio psicolóxico en situacións de emerxencia", "Atención sanitaria inicial en situacións de emerxencia", "Dotación sanitaria", "Inglés profesional", "Itinerario persoal para a empregabilidade I", "Loxística sanitaria en emerxencias", "Mantemento mecánico preventivo do vehículo", "Sostibilidade aplicada ao sistema produtivo", "Teleemerxencias", "Atención sanitaria especial en situacións de emerxencia", "Dixitalización aplicada ao sistema produtivo"]'::jsonb,
  '[{"subject": "Non aplica ou consultar fonte oficial", "weight": "consultar fonte oficial"}]'::jsonb,
  '[]'::jsonb,
  '{"Galicia": ["Consultar oferta por provincia, centro, modalidade e curso na Xunta FP."]}'::jsonb,
  '["xunta-fp-catalogo-familias-2025-2026", "xunta-fp-ciclos", "todofp-familias"]'::jsonb,
  'https://www.edu.xunta.gal/fp/oferta-fp',
  'xunta-fp-catalogo-familias-2025-2026',
  '{"source_upload": "3 base de datos itinera.zip", "source_file": "20-sanidade_v7.pdf", "duration_hours": 2000, "modules": [{"code": "MP0061", "name": "Anatomofisioloxía e patoloxía básicas", "hours": 107}, {"code": "MP0058", "name": "Apoio psicolóxico en situacións de emerxencia", "hours": 53}, {"code": "MP0055", "name": "Atención sanitaria inicial en situacións de emerxencia", "hours": 206}, {"code": "MP0054", "name": "Dotación sanitaria", "hours": 107}, {"code": "MP0156", "name": "Inglés profesional", "hours": 60}, {"code": "MP1709", "name": "Itinerario persoal para a empregabilidade I", "hours": 107}, {"code": "MP0053", "name": "Loxística sanitaria en emerxencias", "hours": 160}, {"code": "MP0052", "name": "Mantemento mecánico preventivo do vehículo", "hours": 50}, {"code": "MP1708", "name": "Sostibilidade aplicada ao sistema produtivo", "hours": 30}, {"code": "MP0060", "name": "Teleemerxencias", "hours": 80}, {"code": "MP0056", "name": "Atención sanitaria especial en situacións de emerxencia", "hours": 355}, {"code": "MP1664", "name": "Dixitalización aplicada ao sistema produtivo", "hours": 30}, {"code": "MP0057", "name": "Evacuación e traslado de pacientes", "hours": 328}, {"code": "MP1710", "name": "Itinerario persoal para a empregabilidade II", "hours": 50}, {"code": "MP0059", "name": "Plans de emerxencias e dispositivos de riscos previsibles", "hours": 137}, {"code": "MP1713", "name": "Proxecto intermodular", "hours": 50}], "learned": "atención básica sanitaria e psicolóxica no contorno prehospitalario, levar a cabo actividades de teleoperación e teleasistencia sanitaria, e colaborar na organización e no desenvolvemento dos plans de emerxencia, dos dis- positivos de risco previsibles e da loxística sanitaria ante unha emerxencia individual ou colectiva, ou unha catástrofe.", "work_context": "ou vítimas, e a prestación de atención sanitaria e psicolóxica inicial, coa co- laboración na preparación e no desenvolvemento da loxística sanitaria ante emerxencias colectivas ou catástrofes, así como participando na prepara- ción de plans de emerxencia e dispositivos de risco previsible do ámbito da protección civil."}'::jsonb,
  'official_upload',
  now(),
  now(),
  now()
)
on conflict (id) do update set
  name=excluded.name,
  type=excluded.type,
  level=excluded.level,
  family=excluded.family,
  jurisdiction=excluded.jurisdiction,
  route=excluded.route,
  subjects=excluded.subjects,
  ponderation_subjects=excluded.ponderation_subjects,
  route_options=excluded.route_options,
  availability_by_province=excluded.availability_by_province,
  sources=excluded.sources,
  source_url=excluded.source_url,
  source_id=excluded.source_id,
  raw=excluded.raw,
  data_quality=excluded.data_quality,
  verified_at=excluded.verified_at,
  last_seen_at=excluded.last_seen_at,
  updated_at=now();


insert into public.itinera_fp_catalog_details(id,study_id,learned,work_context,jobs,modules,source_file,raw)
values ('detail-fp-v36-cm-emerxencias-sanitarias','fp-v36-cm-emerxencias-sanitarias','atención básica sanitaria e psicolóxica no contorno prehospitalario, levar a cabo actividades de teleoperación e teleasistencia sanitaria, e colaborar na organización e no desenvolvemento dos plans de emerxencia, dos dis- positivos de risco previsibles e da loxística sanitaria ante unha emerxencia individual ou colectiva, ou unha catástrofe.','ou vítimas, e a prestación de atención sanitaria e psicolóxica inicial, coa co- laboración na preparación e no desenvolvemento da loxística sanitaria ante emerxencias colectivas ou catástrofes, así como participando na prepara- ción de plans de emerxencia e dispositivos de risco previsible do ámbito da protección civil.','["rador/a de teleasistencia|operador/a de centros de coordinación de urxen- cias e emerxencias."]'::jsonb,'[{"code": "MP0061", "name": "Anatomofisioloxía e patoloxía básicas", "hours": 107}, {"code": "MP0058", "name": "Apoio psicolóxico en situacións de emerxencia", "hours": 53}, {"code": "MP0055", "name": "Atención sanitaria inicial en situacións de emerxencia", "hours": 206}, {"code": "MP0054", "name": "Dotación sanitaria", "hours": 107}, {"code": "MP0156", "name": "Inglés profesional", "hours": 60}, {"code": "MP1709", "name": "Itinerario persoal para a empregabilidade I", "hours": 107}, {"code": "MP0053", "name": "Loxística sanitaria en emerxencias", "hours": 160}, {"code": "MP0052", "name": "Mantemento mecánico preventivo do vehículo", "hours": 50}, {"code": "MP1708", "name": "Sostibilidade aplicada ao sistema produtivo", "hours": 30}, {"code": "MP0060", "name": "Teleemerxencias", "hours": 80}, {"code": "MP0056", "name": "Atención sanitaria especial en situacións de emerxencia", "hours": 355}, {"code": "MP1664", "name": "Dixitalización aplicada ao sistema produtivo", "hours": 30}, {"code": "MP0057", "name": "Evacuación e traslado de pacientes", "hours": 328}, {"code": "MP1710", "name": "Itinerario persoal para a empregabilidade II", "hours": 50}, {"code": "MP0059", "name": "Plans de emerxencias e dispositivos de riscos previsibles", "hours": 137}, {"code": "MP1713", "name": "Proxecto intermodular", "hours": 50}]'::jsonb,'20-sanidade_v7.pdf',jsonb_build_object('source_upload','3 base de datos itinera.zip','duration_hours','2000'))
on conflict (id) do update set study_id=excluded.study_id,learned=excluded.learned,work_context=excluded.work_context,jobs=excluded.jobs,modules=excluded.modules,source_file=excluded.source_file,raw=excluded.raw,updated_at=now();


insert into public.itinera_studies(id,name,type,level,family,jurisdiction,official_title,route,subjects,ponderation_subjects,route_options,availability_by_province,sources,source_url,source_id,raw,data_quality,verified_at,last_seen_at,updated_at)
values (
  'fp-v36-cm-farmacia-e-parafarmacia',
  'Farmacia e parafarmacia',
  'fpgm',
  'Ciclo formativo de grao medio',
  'Sanidade',
  'Galicia',
  true,
  'Consultar requisitos, prazas, centros, modalidade e fontes oficiais antes de decidir.',
  '["Anatomofisioloxía e patoloxía básicas", "Dispensación de produtos farmacéuticos", "Disposición e venda de produtos", "Formulación maxistral", "Inglés profesional", "Itinerario persoal para a empregabilidade I", "Operacións básicas de laboratorio", "Sostibilidade aplicada ao sistema produtivo", "Dispensación de produtos parafarmacéuticos", "Dixitalización aplicada ao sistema produtivo", "Itinerario persoal para a empregabilidade II", "Oficina de farmacia"]'::jsonb,
  '[{"subject": "Non aplica ou consultar fonte oficial", "weight": "consultar fonte oficial"}]'::jsonb,
  '[]'::jsonb,
  '{"Galicia": ["Consultar oferta por provincia, centro, modalidade e curso na Xunta FP."]}'::jsonb,
  '["xunta-fp-catalogo-familias-2025-2026", "xunta-fp-ciclos", "todofp-familias"]'::jsonb,
  'https://www.edu.xunta.gal/fp/oferta-fp',
  'xunta-fp-catalogo-familias-2025-2026',
  '{"source_upload": "3 base de datos itinera.zip", "source_file": "20-sanidade_v7.pdf", "duration_hours": 2000, "modules": [{"code": "MP0061", "name": "Anatomofisioloxía e patoloxía básicas", "hours": 107}, {"code": "MP0101", "name": "Dispensación de produtos farmacéuticos", "hours": 213}, {"code": "MP0099", "name": "Disposición e venda de produtos", "hours": 78}, {"code": "MP0104", "name": "Formulación maxistral", "hours": 157}, {"code": "MP0156", "name": "Inglés profesional", "hours": 60}, {"code": "MP1709", "name": "Itinerario persoal para a empregabilidade I", "hours": 107}, {"code": "MP0103", "name": "Operacións básicas de laboratorio", "hours": 208}, {"code": "MP1708", "name": "Sostibilidade aplicada ao sistema produtivo", "hours": 30}, {"code": "MP0102", "name": "Dispensación de produtos parafarmacéuticos", "hours": 328}, {"code": "MP1664", "name": "Dixitalización aplicada ao sistema produtivo", "hours": 30}, {"code": "MP1710", "name": "Itinerario persoal para a empregabilidade II", "hours": 50}, {"code": "MP0100", "name": "Oficina de farmacia", "hours": 219}, {"code": "MP0020", "name": "Primeiros auxilios", "hours": 82}, {"code": "MP0105", "name": "Promoción da saúde", "hours": 191}, {"code": "MP1713", "name": "Proxecto intermodular", "hours": 50}], "learned": "e realizar a venda de produtos parafarmacéuticos, fomentando a promoción da saúde e executando tarefas administrativas e de control de almacén, conforme as especificacións de calidade, seguridade e protección ambiental.", "work_context": "ticos e, en xeral, produtos relacionados coa saúde humana ou animal, así como coa cosmética, a fitoterapia e outros. Do mesmo xeito, pode exercer a súa actividade en pequenos laboratorios de elaboración de produtos far- macéuticos e afíns."}'::jsonb,
  'official_upload',
  now(),
  now(),
  now()
)
on conflict (id) do update set
  name=excluded.name,
  type=excluded.type,
  level=excluded.level,
  family=excluded.family,
  jurisdiction=excluded.jurisdiction,
  route=excluded.route,
  subjects=excluded.subjects,
  ponderation_subjects=excluded.ponderation_subjects,
  route_options=excluded.route_options,
  availability_by_province=excluded.availability_by_province,
  sources=excluded.sources,
  source_url=excluded.source_url,
  source_id=excluded.source_id,
  raw=excluded.raw,
  data_quality=excluded.data_quality,
  verified_at=excluded.verified_at,
  last_seen_at=excluded.last_seen_at,
  updated_at=now();


insert into public.itinera_fp_catalog_details(id,study_id,learned,work_context,jobs,modules,source_file,raw)
values ('detail-fp-v36-cm-farmacia-e-parafarmacia','fp-v36-cm-farmacia-e-parafarmacia','e realizar a venda de produtos parafarmacéuticos, fomentando a promoción da saúde e executando tarefas administrativas e de control de almacén, conforme as especificacións de calidade, seguridade e protección ambiental.','ticos e, en xeral, produtos relacionados coa saúde humana ou animal, así como coa cosmética, a fitoterapia e outros. Do mesmo xeito, pode exercer a súa actividade en pequenos laboratorios de elaboración de produtos far- macéuticos e afíns.','["de medicamentos", "técnico/a en farmacia hospitalaria", "técnico/a en estable- cementos de parafarmacia."]'::jsonb,'[{"code": "MP0061", "name": "Anatomofisioloxía e patoloxía básicas", "hours": 107}, {"code": "MP0101", "name": "Dispensación de produtos farmacéuticos", "hours": 213}, {"code": "MP0099", "name": "Disposición e venda de produtos", "hours": 78}, {"code": "MP0104", "name": "Formulación maxistral", "hours": 157}, {"code": "MP0156", "name": "Inglés profesional", "hours": 60}, {"code": "MP1709", "name": "Itinerario persoal para a empregabilidade I", "hours": 107}, {"code": "MP0103", "name": "Operacións básicas de laboratorio", "hours": 208}, {"code": "MP1708", "name": "Sostibilidade aplicada ao sistema produtivo", "hours": 30}, {"code": "MP0102", "name": "Dispensación de produtos parafarmacéuticos", "hours": 328}, {"code": "MP1664", "name": "Dixitalización aplicada ao sistema produtivo", "hours": 30}, {"code": "MP1710", "name": "Itinerario persoal para a empregabilidade II", "hours": 50}, {"code": "MP0100", "name": "Oficina de farmacia", "hours": 219}, {"code": "MP0020", "name": "Primeiros auxilios", "hours": 82}, {"code": "MP0105", "name": "Promoción da saúde", "hours": 191}, {"code": "MP1713", "name": "Proxecto intermodular", "hours": 50}]'::jsonb,'20-sanidade_v7.pdf',jsonb_build_object('source_upload','3 base de datos itinera.zip','duration_hours','2000'))
on conflict (id) do update set study_id=excluded.study_id,learned=excluded.learned,work_context=excluded.work_context,jobs=excluded.jobs,modules=excluded.modules,source_file=excluded.source_file,raw=excluded.raw,updated_at=now();


insert into public.itinera_studies(id,name,type,level,family,jurisdiction,official_title,route,subjects,ponderation_subjects,route_options,availability_by_province,sources,source_url,source_id,raw,data_quality,verified_at,last_seen_at,updated_at)
values (
  'fp-v36-cs-anatomia-patoloxica-e-citodiagnostico',
  'Anatomía patolóxica e citodiagnóstico',
  'fpgs',
  'Ciclo formativo de grao superior',
  'Sanidade',
  'Galicia',
  true,
  'Consultar requisitos, prazas, centros, modalidade e fontes oficiais antes de decidir.',
  '["Bioloxía molecular e citoxenética", "Fisiopatoloxía xeral", "Inglés profesional", "Itinerario persoal para a empregabilidade I", "Sostibilidade aplicada ao sistema produtivo", "Técnicas xerais de laboratorio", "Xestión de mostras biolóxicas", "Citoloxía xeral", "Citoloxía xinecolóxica", "Dixitalización aplicada ao sistema produtivo", "Itinerario persoal para a empregabilidade II", "Necropsias"]'::jsonb,
  '[{"subject": "Non aplica ou consultar fonte oficial", "weight": "consultar fonte oficial"}]'::jsonb,
  '[]'::jsonb,
  '{"Galicia": ["Consultar oferta por provincia, centro, modalidade e curso na Xunta FP."]}'::jsonb,
  '["xunta-fp-catalogo-familias-2025-2026", "xunta-fp-ciclos", "todofp-familias"]'::jsonb,
  'https://www.edu.xunta.gal/fp/oferta-fp',
  'xunta-fp-catalogo-familias-2025-2026',
  '{"source_upload": "3 base de datos itinera.zip", "source_file": "20-sanidade_v7.pdf", "duration_hours": 2000, "modules": [{"code": "MP1369", "name": "Bioloxía molecular e citoxenética", "hours": 157}, {"code": "MP1370", "name": "Fisiopatoloxía xeral", "hours": 183}, {"code": "MP0179", "name": "Inglés profesional", "hours": 60}, {"code": "MP1709", "name": "Itinerario persoal para a empregabilidade I", "hours": 107}, {"code": "MP1708", "name": "Sostibilidade aplicada ao sistema produtivo", "hours": 30}, {"code": "MP1368", "name": "Técnicas xerais de laboratorio", "hours": 240}, {"code": "MP1367", "name": "Xestión de mostras biolóxicas", "hours": 183}, {"code": "MP1382", "name": "Citoloxía xeral", "hours": 219}, {"code": "MP1381", "name": "Citoloxía xinecolóxica", "hours": 219}, {"code": "MP1665", "name": "Dixitalización aplicada ao sistema produtivo", "hours": 30}, {"code": "MP1710", "name": "Itinerario persoal para a empregabilidade II", "hours": 50}, {"code": "MP1379", "name": "Necropsias", "hours": 109}, {"code": "MP1380", "name": "Procesamento citolóxico e tisular", "hours": 273}, {"code": "MP1383", "name": "Proxecto intermodular de anatomía patolóxica e citodiagnóstico", "hours": 50}], "learned": "ción diagnóstica de citoloxías xinecolóxicas e xerais, e colaborar na reali- zación de necropsias clínicas e forenses, de maneira que sirvan como so- porte ao diagnóstico clínico ou médico-legal, organizando e programando o traballo, e cumprindo criterios de calidade do servizo e de optimización de recursos, baixo a supervisión facultativa correspondente.", "work_context": "empresas privadas, en atención tanto primaria como especializada, así como en centros de investigación. Ademais, realizan o seu traballo baixo a super- visión do/da facultativo/a correspondente."}'::jsonb,
  'official_upload',
  now(),
  now(),
  now()
)
on conflict (id) do update set
  name=excluded.name,
  type=excluded.type,
  level=excluded.level,
  family=excluded.family,
  jurisdiction=excluded.jurisdiction,
  route=excluded.route,
  subjects=excluded.subjects,
  ponderation_subjects=excluded.ponderation_subjects,
  route_options=excluded.route_options,
  availability_by_province=excluded.availability_by_province,
  sources=excluded.sources,
  source_url=excluded.source_url,
  source_id=excluded.source_id,
  raw=excluded.raw,
  data_quality=excluded.data_quality,
  verified_at=excluded.verified_at,
  last_seen_at=excluded.last_seen_at,
  updated_at=now();


insert into public.itinera_fp_catalog_details(id,study_id,learned,work_context,jobs,modules,source_file,raw)
values ('detail-fp-v36-cs-anatomia-patoloxica-e-citodiagnostico','fp-v36-cs-anatomia-patoloxica-e-citodiagnostico','ción diagnóstica de citoloxías xinecolóxicas e xerais, e colaborar na reali- zación de necropsias clínicas e forenses, de maneira que sirvan como so- porte ao diagnóstico clínico ou médico-legal, organizando e programando o traballo, e cumprindo criterios de calidade do servizo e de optimización de recursos, baixo a supervisión facultativa correspondente.','empresas privadas, en atención tanto primaria como especializada, así como en centros de investigación. Ademais, realizan o seu traballo baixo a super- visión do/da facultativo/a correspondente.','["ta en anatomía patolóxica e citoloxía", "citotécnico/a", "axudante/a de foren- se", "prosector/a de autopsias clínicas e médico-legais", "tanatopractor/a", "cola- borador/a e asistente en bioloxía molecular", "colaborador/a e asistente de investigación"]'::jsonb,'[{"code": "MP1369", "name": "Bioloxía molecular e citoxenética", "hours": 157}, {"code": "MP1370", "name": "Fisiopatoloxía xeral", "hours": 183}, {"code": "MP0179", "name": "Inglés profesional", "hours": 60}, {"code": "MP1709", "name": "Itinerario persoal para a empregabilidade I", "hours": 107}, {"code": "MP1708", "name": "Sostibilidade aplicada ao sistema produtivo", "hours": 30}, {"code": "MP1368", "name": "Técnicas xerais de laboratorio", "hours": 240}, {"code": "MP1367", "name": "Xestión de mostras biolóxicas", "hours": 183}, {"code": "MP1382", "name": "Citoloxía xeral", "hours": 219}, {"code": "MP1381", "name": "Citoloxía xinecolóxica", "hours": 219}, {"code": "MP1665", "name": "Dixitalización aplicada ao sistema produtivo", "hours": 30}, {"code": "MP1710", "name": "Itinerario persoal para a empregabilidade II", "hours": 50}, {"code": "MP1379", "name": "Necropsias", "hours": 109}, {"code": "MP1380", "name": "Procesamento citolóxico e tisular", "hours": 273}, {"code": "MP1383", "name": "Proxecto intermodular de anatomía patolóxica e citodiagnóstico", "hours": 50}]'::jsonb,'20-sanidade_v7.pdf',jsonb_build_object('source_upload','3 base de datos itinera.zip','duration_hours','2000'))
on conflict (id) do update set study_id=excluded.study_id,learned=excluded.learned,work_context=excluded.work_context,jobs=excluded.jobs,modules=excluded.modules,source_file=excluded.source_file,raw=excluded.raw,updated_at=now();


insert into public.itinera_studies(id,name,type,level,family,jurisdiction,official_title,route,subjects,ponderation_subjects,route_options,availability_by_province,sources,source_url,source_id,raw,data_quality,verified_at,last_seen_at,updated_at)
values (
  'fp-v36-cs-audioloxia-protesica',
  'Audioloxía protésica',
  'fpgs',
  'Ciclo formativo de grao superior',
  'Sanidade',
  'Galicia',
  true,
  'Consultar requisitos, prazas, centros, modalidade e fontes oficiais antes de decidir.',
  '["Acústica e elementos de protección sonora", "Atención á persoa hipoacúsica", "Características anatomosensoriais auditivas", "Inglés profesional", "Itinerario persoal para a empregabilidade I", "Sostibilidade aplicada ao sistema produtivo", "Tecnoloxía electrónica en audioprótese", "Audición e comunicación verbal", "Dixitalización aplicada ao sistema produtivo", "Elaboración de moldes e protectores auditivos", "Elección e adaptación de próteses auditivas", "Itinerario persoal para a empregabilidade II"]'::jsonb,
  '[{"subject": "Non aplica ou consultar fonte oficial", "weight": "consultar fonte oficial"}]'::jsonb,
  '[]'::jsonb,
  '{"Galicia": ["Consultar oferta por provincia, centro, modalidade e curso na Xunta FP."]}'::jsonb,
  '["xunta-fp-catalogo-familias-2025-2026", "xunta-fp-ciclos", "todofp-familias"]'::jsonb,
  'https://www.edu.xunta.gal/fp/oferta-fp',
  'xunta-fp-catalogo-familias-2025-2026',
  '{"source_upload": "3 base de datos itinera.zip", "source_file": "20-sanidade_v7.pdf", "duration_hours": 2000, "modules": [{"code": "MP0201", "name": "Acústica e elementos de protección sonora", "hours": 187}, {"code": "MP0204", "name": "Atención á persoa hipoacúsica", "hours": 78}, {"code": "MP0199", "name": "Características anatomosensoriais auditivas", "hours": 261}, {"code": "MP0179", "name": "Inglés profesional", "hours": 60}, {"code": "MP1709", "name": "Itinerario persoal para a empregabilidade I", "hours": 107}, {"code": "MP1708", "name": "Sostibilidade aplicada ao sistema produtivo", "hours": 30}, {"code": "MP0200", "name": "Tecnoloxía electrónica en audioprótese", "hours": 237}, {"code": "MP0205", "name": "Audición e comunicación verbal", "hours": 82}, {"code": "MP1665", "name": "Dixitalización aplicada ao sistema produtivo", "hours": 30}, {"code": "MP0202", "name": "Elaboración de moldes e protectores auditivos", "hours": 383}, {"code": "MP0203", "name": "Elección e adaptación de próteses auditivas", "hours": 355}, {"code": "MP1710", "name": "Itinerario persoal para a empregabilidade II", "hours": 50}, {"code": "MP0206", "name": "Proxecto intermodular de audioloxía protésica", "hours": 50}], "learned": "ca, o seguimento da persoa usuaria e o mantemento de próteses, así como determinar medidas de protección acústica a partir da avaliación dos niveis sonoros.", "work_context": "gabinetes audioprotésicos e en prevención de efectos de ruído ambiental."}'::jsonb,
  'official_upload',
  now(),
  now(),
  now()
)
on conflict (id) do update set
  name=excluded.name,
  type=excluded.type,
  level=excluded.level,
  family=excluded.family,
  jurisdiction=excluded.jurisdiction,
  route=excluded.route,
  subjects=excluded.subjects,
  ponderation_subjects=excluded.ponderation_subjects,
  route_options=excluded.route_options,
  availability_by_province=excluded.availability_by_province,
  sources=excluded.sources,
  source_url=excluded.source_url,
  source_id=excluded.source_id,
  raw=excluded.raw,
  data_quality=excluded.data_quality,
  verified_at=excluded.verified_at,
  last_seen_at=excluded.last_seen_at,
  updated_at=now();


insert into public.itinera_fp_catalog_details(id,study_id,learned,work_context,jobs,modules,source_file,raw)
values ('detail-fp-v36-cs-audioloxia-protesica','fp-v36-cs-audioloxia-protesica','ca, o seguimento da persoa usuaria e o mantemento de próteses, así como determinar medidas de protección acústica a partir da avaliación dos niveis sonoros.','gabinetes audioprotésicos e en prevención de efectos de ruído ambiental.','["técnico/a en elaboración de moldes e protectores auditivos", "técnico/a en medición de nivel sonoro", "audiometrista"]'::jsonb,'[{"code": "MP0201", "name": "Acústica e elementos de protección sonora", "hours": 187}, {"code": "MP0204", "name": "Atención á persoa hipoacúsica", "hours": 78}, {"code": "MP0199", "name": "Características anatomosensoriais auditivas", "hours": 261}, {"code": "MP0179", "name": "Inglés profesional", "hours": 60}, {"code": "MP1709", "name": "Itinerario persoal para a empregabilidade I", "hours": 107}, {"code": "MP1708", "name": "Sostibilidade aplicada ao sistema produtivo", "hours": 30}, {"code": "MP0200", "name": "Tecnoloxía electrónica en audioprótese", "hours": 237}, {"code": "MP0205", "name": "Audición e comunicación verbal", "hours": 82}, {"code": "MP1665", "name": "Dixitalización aplicada ao sistema produtivo", "hours": 30}, {"code": "MP0202", "name": "Elaboración de moldes e protectores auditivos", "hours": 383}, {"code": "MP0203", "name": "Elección e adaptación de próteses auditivas", "hours": 355}, {"code": "MP1710", "name": "Itinerario persoal para a empregabilidade II", "hours": 50}, {"code": "MP0206", "name": "Proxecto intermodular de audioloxía protésica", "hours": 50}]'::jsonb,'20-sanidade_v7.pdf',jsonb_build_object('source_upload','3 base de datos itinera.zip','duration_hours','2000'))
on conflict (id) do update set study_id=excluded.study_id,learned=excluded.learned,work_context=excluded.work_context,jobs=excluded.jobs,modules=excluded.modules,source_file=excluded.source_file,raw=excluded.raw,updated_at=now();


insert into public.itinera_studies(id,name,type,level,family,jurisdiction,official_title,route,subjects,ponderation_subjects,route_options,availability_by_province,sources,source_url,source_id,raw,data_quality,verified_at,last_seen_at,updated_at)
values (
  'fp-v36-cs-dietetica',
  'Dietética',
  'fpgs',
  'Ciclo formativo de grao superior',
  'Sanidade',
  'Galicia',
  true,
  'Consultar requisitos, prazas, centros, modalidade e fontes oficiais antes de decidir.',
  '["Consultar módulos profesionais na fonte oficial."]'::jsonb,
  '[{"subject": "Non aplica ou consultar fonte oficial", "weight": "consultar fonte oficial"}]'::jsonb,
  '[]'::jsonb,
  '{"Galicia": ["Consultar oferta por provincia, centro, modalidade e curso na Xunta FP."]}'::jsonb,
  '["xunta-fp-catalogo-familias-2025-2026", "xunta-fp-ciclos", "todofp-familias"]'::jsonb,
  'https://www.edu.xunta.gal/fp/oferta-fp',
  'xunta-fp-catalogo-familias-2025-2026',
  '{"source_upload": "3 base de datos itinera.zip", "source_file": "20-sanidade_v7.pdf", "duration_hours": 2000, "modules": [], "learned": "da alimentación humana analizando os seus comportamentos alimentarios e as súas necesidades nutricionais, así como programar e aplicar actividades educativas que melloren os hábitos de alimentación da poboación, baixo a supervisión correspondente.", "work_context": "de servizos, control de calidade e educación sanitaria"}'::jsonb,
  'official_upload',
  now(),
  now(),
  now()
)
on conflict (id) do update set
  name=excluded.name,
  type=excluded.type,
  level=excluded.level,
  family=excluded.family,
  jurisdiction=excluded.jurisdiction,
  route=excluded.route,
  subjects=excluded.subjects,
  ponderation_subjects=excluded.ponderation_subjects,
  route_options=excluded.route_options,
  availability_by_province=excluded.availability_by_province,
  sources=excluded.sources,
  source_url=excluded.source_url,
  source_id=excluded.source_id,
  raw=excluded.raw,
  data_quality=excluded.data_quality,
  verified_at=excluded.verified_at,
  last_seen_at=excluded.last_seen_at,
  updated_at=now();


insert into public.itinera_fp_catalog_details(id,study_id,learned,work_context,jobs,modules,source_file,raw)
values ('detail-fp-v36-cs-dietetica','fp-v36-cs-dietetica','da alimentación humana analizando os seus comportamentos alimentarios e as súas necesidades nutricionais, así como programar e aplicar actividades educativas que melloren os hábitos de alimentación da poboación, baixo a supervisión correspondente.','de servizos, control de calidade e educación sanitaria','["empresas de cátering", "técnico/a en hixiene dos alimentos", "consultor/a en ali- mentación", "educador/a sanitario/a."]'::jsonb,'[]'::jsonb,'20-sanidade_v7.pdf',jsonb_build_object('source_upload','3 base de datos itinera.zip','duration_hours','2000'))
on conflict (id) do update set study_id=excluded.study_id,learned=excluded.learned,work_context=excluded.work_context,jobs=excluded.jobs,modules=excluded.modules,source_file=excluded.source_file,raw=excluded.raw,updated_at=now();


insert into public.itinera_studies(id,name,type,level,family,jurisdiction,official_title,route,subjects,ponderation_subjects,route_options,availability_by_province,sources,source_url,source_id,raw,data_quality,verified_at,last_seen_at,updated_at)
values (
  'fp-v36-cs-documentacion-e-administracion-sanitarias',
  'Documentación e administración sanitarias',
  'fpgs',
  'Ciclo formativo de grao superior',
  'Sanidade',
  'Galicia',
  true,
  'Consultar requisitos, prazas, centros, modalidade e fontes oficiais antes de decidir.',
  '["Arquivamento e documentación sanitarios", "Atención psicosocial a pacientes e persoas usuarias", "Extracción de diagnósticos e procedementos", "Inglés profesional", "Itinerario persoal para a empregabilidade I", "Ofimática e proceso da información", "Sostibilidade aplicada ao sistema produtivo", "Terminoloxía clínica e patoloxía", "Codificación sanitaria", "Dixitalización aplicada ao sistema produtivo", "Itinerario persoal para a empregabilidade II", "Proxecto intermodular de documentación e administración sa-"]'::jsonb,
  '[{"subject": "Non aplica ou consultar fonte oficial", "weight": "consultar fonte oficial"}]'::jsonb,
  '[]'::jsonb,
  '{"Galicia": ["Consultar oferta por provincia, centro, modalidade e curso na Xunta FP."]}'::jsonb,
  '["xunta-fp-catalogo-familias-2025-2026", "xunta-fp-ciclos", "todofp-familias"]'::jsonb,
  'https://www.edu.xunta.gal/fp/oferta-fp',
  'xunta-fp-catalogo-familias-2025-2026',
  '{"source_upload": "3 base de datos itinera.zip", "source_file": "20-sanidade_v7.pdf", "duration_hours": 2000, "modules": [{"code": "MP1518", "name": "Arquivamento e documentación sanitarios", "hours": 103}, {"code": "MP1521", "name": "Atención psicosocial a pacientes e persoas usuarias", "hours": 107}, {"code": "MP1517", "name": "Extracción de diagnósticos e procedementos", "hours": 135}, {"code": "MP0179", "name": "Inglés profesional", "hours": 60}, {"code": "MP1709", "name": "Itinerario persoal para a empregabilidade I", "hours": 107}, {"code": "MP0649", "name": "Ofimática e proceso da información", "hours": 237}, {"code": "MP1708", "name": "Sostibilidade aplicada ao sistema produtivo", "hours": 30}, {"code": "MP1516", "name": "Terminoloxía clínica e patoloxía", "hours": 181}, {"code": "MP1520", "name": "Codificación sanitaria", "hours": 301}, {"code": "MP1665", "name": "Dixitalización aplicada ao sistema produtivo", "hours": 30}, {"code": "MP1710", "name": "Itinerario persoal para a empregabilidade II", "hours": 50}, {"code": "MP1524", "name": "Proxecto intermodular de documentación e administración sa-", "hours": 50}, {"code": "MP1519", "name": "Sistemas de información e clasificación sanitarios", "hours": 109}, {"code": "MP1522", "name": "Validación e explotación de datos", "hours": 164}, {"code": "MP1523", "name": "Xestión administrativa sanitaria", "hours": 164}, {"code": "MP1515", "name": "Xestión de pacientes", "hours": 82}], "learned": "tación clínica, extraendo e rexistrando datos, codificándoos e validando a información, e garantindo o cumprimento da normativa, así como intervir nos procesos de atención e xestión de pacientes e de xestión administrativa en centros sanitarios.", "work_context": "empresas privadas, en atención tanto primaria como especializada, así como en centros hospitalarios e de investigación. Realizan o seu traballo baixo a supervisión do persoal facultativo correspondente ou xerente administrati- vo/a, de ser o caso. A súa actividade profesional está sometida a regulación pola Administración sanitaria estatal."}'::jsonb,
  'official_upload',
  now(),
  now(),
  now()
)
on conflict (id) do update set
  name=excluded.name,
  type=excluded.type,
  level=excluded.level,
  family=excluded.family,
  jurisdiction=excluded.jurisdiction,
  route=excluded.route,
  subjects=excluded.subjects,
  ponderation_subjects=excluded.ponderation_subjects,
  route_options=excluded.route_options,
  availability_by_province=excluded.availability_by_province,
  sources=excluded.sources,
  source_url=excluded.source_url,
  source_id=excluded.source_id,
  raw=excluded.raw,
  data_quality=excluded.data_quality,
  verified_at=excluded.verified_at,
  last_seen_at=excluded.last_seen_at,
  updated_at=now();


insert into public.itinera_fp_catalog_details(id,study_id,learned,work_context,jobs,modules,source_file,raw)
values ('detail-fp-v36-cs-documentacion-e-administracion-sanitarias','fp-v36-cs-documentacion-e-administracion-sanitarias','tación clínica, extraendo e rexistrando datos, codificándoos e validando a información, e garantindo o cumprimento da normativa, así como intervir nos procesos de atención e xestión de pacientes e de xestión administrativa en centros sanitarios.','empresas privadas, en atención tanto primaria como especializada, así como en centros hospitalarios e de investigación. Realizan o seu traballo baixo a supervisión do persoal facultativo correspondente ou xerente administrati- vo/a, de ser o caso. A súa actividade profesional está sometida a regulación pola Administración sanitaria estatal.','["codificación de documentación sanitaria", "responsable técnico/a de arquivos de historias clínicas", "responsable técnico/a de tratamento e deseño docu- mental sanitario", "responsable técnico/a de sistemas de información asisten- cial sanitaria", "responsable técnico/a de avaliación e control de calidade da prestación sanitaria", "responsable técnico/a de xestión de procesos adminis- trativo-clínicos", "responsable de administración de unidades, departamento ou centros sanitarios", "asistente de equipos de investigación biomédica", "se- cretario/a de servizos sanitarios"]'::jsonb,'[{"code": "MP1518", "name": "Arquivamento e documentación sanitarios", "hours": 103}, {"code": "MP1521", "name": "Atención psicosocial a pacientes e persoas usuarias", "hours": 107}, {"code": "MP1517", "name": "Extracción de diagnósticos e procedementos", "hours": 135}, {"code": "MP0179", "name": "Inglés profesional", "hours": 60}, {"code": "MP1709", "name": "Itinerario persoal para a empregabilidade I", "hours": 107}, {"code": "MP0649", "name": "Ofimática e proceso da información", "hours": 237}, {"code": "MP1708", "name": "Sostibilidade aplicada ao sistema produtivo", "hours": 30}, {"code": "MP1516", "name": "Terminoloxía clínica e patoloxía", "hours": 181}, {"code": "MP1520", "name": "Codificación sanitaria", "hours": 301}, {"code": "MP1665", "name": "Dixitalización aplicada ao sistema produtivo", "hours": 30}, {"code": "MP1710", "name": "Itinerario persoal para a empregabilidade II", "hours": 50}, {"code": "MP1524", "name": "Proxecto intermodular de documentación e administración sa-", "hours": 50}, {"code": "MP1519", "name": "Sistemas de información e clasificación sanitarios", "hours": 109}, {"code": "MP1522", "name": "Validación e explotación de datos", "hours": 164}, {"code": "MP1523", "name": "Xestión administrativa sanitaria", "hours": 164}, {"code": "MP1515", "name": "Xestión de pacientes", "hours": 82}]'::jsonb,'20-sanidade_v7.pdf',jsonb_build_object('source_upload','3 base de datos itinera.zip','duration_hours','2000'))
on conflict (id) do update set study_id=excluded.study_id,learned=excluded.learned,work_context=excluded.work_context,jobs=excluded.jobs,modules=excluded.modules,source_file=excluded.source_file,raw=excluded.raw,updated_at=now();


insert into public.itinera_studies(id,name,type,level,family,jurisdiction,official_title,route,subjects,ponderation_subjects,route_options,availability_by_province,sources,source_url,source_id,raw,data_quality,verified_at,last_seen_at,updated_at)
values (
  'fp-v36-cs-hixiene-bucodental',
  'Hixiene bucodental',
  'fpgs',
  'Ciclo formativo de grao superior',
  'Sanidade',
  'Galicia',
  true,
  'Consultar requisitos, prazas, centros, modalidade e fontes oficiais antes de decidir.',
  '["Estudo da cavidade oral", "Exploración da cavidade oral", "Fisiopatoloxía xeral", "Inglés profesional", "Intervención bucodental", "Itinerario persoal para a empregabilidade I", "Recepción e loxística na clínica dental", "Sostibilidade aplicada ao sistema produtivo", "Conservadora, periodoncia, cirurxía e implantes", "Dixitalización aplicada ao sistema produtivo", "Educación para a saúde oral", "Epidemioloxía en saúde oral"]'::jsonb,
  '[{"subject": "Non aplica ou consultar fonte oficial", "weight": "consultar fonte oficial"}]'::jsonb,
  '[]'::jsonb,
  '{"Galicia": ["Consultar oferta por provincia, centro, modalidade e curso na Xunta FP."]}'::jsonb,
  '["xunta-fp-catalogo-familias-2025-2026", "xunta-fp-ciclos", "todofp-familias"]'::jsonb,
  'https://www.edu.xunta.gal/fp/oferta-fp',
  'xunta-fp-catalogo-familias-2025-2026',
  '{"source_upload": "3 base de datos itinera.zip", "source_file": "20-sanidade_v7.pdf", "duration_hours": 2000, "modules": [{"code": "MP0731", "name": "Estudo da cavidade oral", "hours": 183}, {"code": "MP0732", "name": "Exploración da cavidade oral", "hours": 104}, {"code": "MP1370", "name": "Fisiopatoloxía xeral", "hours": 183}, {"code": "MP0179", "name": "Inglés profesional", "hours": 60}, {"code": "MP0733", "name": "Intervención bucodental", "hours": 213}, {"code": "MP1709", "name": "Itinerario persoal para a empregabilidade I", "hours": 107}, {"code": "MP0730", "name": "Recepción e loxística na clínica dental", "hours": 80}, {"code": "MP1708", "name": "Sostibilidade aplicada ao sistema produtivo", "hours": 30}, {"code": "MP0736", "name": "Conservadora, periodoncia, cirurxía e implantes", "hours": 245}, {"code": "MP1665", "name": "Dixitalización aplicada ao sistema produtivo", "hours": 30}, {"code": "MP0735", "name": "Educación para a saúde oral", "hours": 137}, {"code": "MP0734", "name": "Epidemioloxía en saúde oral", "hours": 137}, {"code": "MP1710", "name": "Itinerario persoal para a empregabilidade II", "hours": 50}, {"code": "MP0020", "name": "Primeiros auxilios", "hours": 82}, {"code": "MP0737", "name": "Prótese e ortodoncia", "hours": 219}, {"code": "MP0738", "name": "Proxecto intermodular de hixiene bucodental", "hours": 50}], "learned": "desenvolvemento de actividades preventivas e técnico-asistenciais que in- clúen a exploración, a avaliación, a promoción e a realización de técnicas odontolóxicas en colaboración co/coa odontólogo/a o/a médico/a estoma- tólogo/a. Como membro dun equipo de saúde bucodental realizará a súa actividade profesional con criterios de calidade, seguridade e optimización de recursos.", "work_context": "promoción da saúde, formando parte de equipos estruturados de saúde bu- codental, de equipos de atención primaria, nas unidades de promoción da saúde, e en consultas ou gabinetes dentais privados, poden integrarse nun equipo de prevención e atención sanitaria, coordinado por un/unha facul- tativo/a, desenvolven funcións de organización e xestión na unidade ou no gabinete dental de traballo, prestan servizos asistenciais e preventivos á comunidade e controlan a súa calidade a través de actividades de vixilancia epidemiolóxica e de educación sanitaria, a súa actividade profesional está sometida a regulación pola Administración competente."}'::jsonb,
  'official_upload',
  now(),
  now(),
  now()
)
on conflict (id) do update set
  name=excluded.name,
  type=excluded.type,
  level=excluded.level,
  family=excluded.family,
  jurisdiction=excluded.jurisdiction,
  route=excluded.route,
  subjects=excluded.subjects,
  ponderation_subjects=excluded.ponderation_subjects,
  route_options=excluded.route_options,
  availability_by_province=excluded.availability_by_province,
  sources=excluded.sources,
  source_url=excluded.source_url,
  source_id=excluded.source_id,
  raw=excluded.raw,
  data_quality=excluded.data_quality,
  verified_at=excluded.verified_at,
  last_seen_at=excluded.last_seen_at,
  updated_at=now();


insert into public.itinera_fp_catalog_details(id,study_id,learned,work_context,jobs,modules,source_file,raw)
values ('detail-fp-v36-cs-hixiene-bucodental','fp-v36-cs-hixiene-bucodental','desenvolvemento de actividades preventivas e técnico-asistenciais que in- clúen a exploración, a avaliación, a promoción e a realización de técnicas odontolóxicas en colaboración co/coa odontólogo/a o/a médico/a estoma- tólogo/a. Como membro dun equipo de saúde bucodental realizará a súa actividade profesional con criterios de calidade, seguridade e optimización de recursos.','promoción da saúde, formando parte de equipos estruturados de saúde bu- codental, de equipos de atención primaria, nas unidades de promoción da saúde, e en consultas ou gabinetes dentais privados, poden integrarse nun equipo de prevención e atención sanitaria, coordinado por un/unha facul- tativo/a, desenvolven funcións de organización e xestión na unidade ou no gabinete dental de traballo, prestan servizos asistenciais e preventivos á comunidade e controlan a súa calidade a través de actividades de vixilancia epidemiolóxica e de educación sanitaria, a súa actividade profesional está sometida a regulación pola Administración competente.','["dental", "hixienista bucodental", "educador/a en saúde bucodental."]'::jsonb,'[{"code": "MP0731", "name": "Estudo da cavidade oral", "hours": 183}, {"code": "MP0732", "name": "Exploración da cavidade oral", "hours": 104}, {"code": "MP1370", "name": "Fisiopatoloxía xeral", "hours": 183}, {"code": "MP0179", "name": "Inglés profesional", "hours": 60}, {"code": "MP0733", "name": "Intervención bucodental", "hours": 213}, {"code": "MP1709", "name": "Itinerario persoal para a empregabilidade I", "hours": 107}, {"code": "MP0730", "name": "Recepción e loxística na clínica dental", "hours": 80}, {"code": "MP1708", "name": "Sostibilidade aplicada ao sistema produtivo", "hours": 30}, {"code": "MP0736", "name": "Conservadora, periodoncia, cirurxía e implantes", "hours": 245}, {"code": "MP1665", "name": "Dixitalización aplicada ao sistema produtivo", "hours": 30}, {"code": "MP0735", "name": "Educación para a saúde oral", "hours": 137}, {"code": "MP0734", "name": "Epidemioloxía en saúde oral", "hours": 137}, {"code": "MP1710", "name": "Itinerario persoal para a empregabilidade II", "hours": 50}, {"code": "MP0020", "name": "Primeiros auxilios", "hours": 82}, {"code": "MP0737", "name": "Prótese e ortodoncia", "hours": 219}, {"code": "MP0738", "name": "Proxecto intermodular de hixiene bucodental", "hours": 50}]'::jsonb,'20-sanidade_v7.pdf',jsonb_build_object('source_upload','3 base de datos itinera.zip','duration_hours','2000'))
on conflict (id) do update set study_id=excluded.study_id,learned=excluded.learned,work_context=excluded.work_context,jobs=excluded.jobs,modules=excluded.modules,source_file=excluded.source_file,raw=excluded.raw,updated_at=now();


insert into public.itinera_studies(id,name,type,level,family,jurisdiction,official_title,route,subjects,ponderation_subjects,route_options,availability_by_province,sources,source_url,source_id,raw,data_quality,verified_at,last_seen_at,updated_at)
values (
  'fp-v36-cs-imaxe-para-o-diagnostico-e-medicina-nuclear',
  'Imaxe para o diagnóstico e medicina nuclear',
  'fpgs',
  'Ciclo formativo de grao superior',
  'Sanidade',
  'Galicia',
  true,
  'Consultar requisitos, prazas, centros, modalidade e fontes oficiais antes de decidir.',
  '["Anatomía pola imaxe", "Atención ao/á paciente", "Fundamentos físicos e equipamentos", "Inglés profesional", "Itinerario persoal para a empregabilidade I", "Protección radiolóxica", "Sostibilidade aplicada ao sistema produtivo", "Dixitalización aplicada ao sistema produtivo", "Itinerario persoal para a empregabilidade II", "Proxecto intermodular de imaxe para o diagnóstico e medicina", "Técnicas de imaxe en medicina nuclear", "Técnicas de imaxe por resonancia magnética"]'::jsonb,
  '[{"subject": "Non aplica ou consultar fonte oficial", "weight": "consultar fonte oficial"}]'::jsonb,
  '[]'::jsonb,
  '{"Galicia": ["Consultar oferta por provincia, centro, modalidade e curso na Xunta FP."]}'::jsonb,
  '["xunta-fp-catalogo-familias-2025-2026", "xunta-fp-ciclos", "todofp-familias"]'::jsonb,
  'https://www.edu.xunta.gal/fp/oferta-fp',
  'xunta-fp-catalogo-familias-2025-2026',
  '{"source_upload": "3 base de datos itinera.zip", "source_file": "20-sanidade_v7.pdf", "duration_hours": 2000, "modules": [{"code": "MP1347", "name": "Anatomía pola imaxe", "hours": 232}, {"code": "MP1345", "name": "Atención ao/á paciente", "hours": 160}, {"code": "MP1346", "name": "Fundamentos físicos e equipamentos", "hours": 211}, {"code": "MP0179", "name": "Inglés profesional", "hours": 60}, {"code": "MP1709", "name": "Itinerario persoal para a empregabilidade I", "hours": 107}, {"code": "MP1348", "name": "Protección radiolóxica", "hours": 160}, {"code": "MP1708", "name": "Sostibilidade aplicada ao sistema produtivo", "hours": 30}, {"code": "MP1665", "name": "Dixitalización aplicada ao sistema produtivo", "hours": 30}, {"code": "MP1710", "name": "Itinerario persoal para a empregabilidade II", "hours": 50}, {"code": "MP1355", "name": "Proxecto intermodular de imaxe para o diagnóstico e medicina", "hours": 50}, {"code": "MP1353", "name": "Técnicas de imaxe en medicina nuclear", "hours": 137}, {"code": "MP1352", "name": "Técnicas de imaxe por resonancia magnética", "hours": 164}, {"code": "MP1354", "name": "Técnicas de radiofarmacia", "hours": 109}, {"code": "MP1350", "name": "Técnicas de radioloxía especial", "hours": 109}, {"code": "MP1349", "name": "Técnicas de radioloxía simple", "hours": 164}, {"code": "MP1351", "name": "Técnicas de tomografía computadorizada e ecografía", "hours": 137}], "learned": "fins diagnósticos ou terapéuticos, a partir da prescrición facultativa, utili- zando equipamentos de diagnóstico por imaxe e de medicina nuclear, e asis- tindo ó/á paciente durante a súa estadía na unidade, aplicando protocolos de radioprotección e de garantía de calidade, así como os establecidos na unidade asistencial.", "work_context": "medicina nuclear, en centros de investigación e en institutos anatómico-fo- renses ou de medicina legal, así como en centros veterinarios e de expe- rimentación animal, e delegacións comerciais de produtos hospitalarios, farmacéuticos e técnicos de aplicacións en electromedicina. Realiza o seu traballo baixo a supervisión do/da médico/a especialista correspondente e o supervisor da instalación, coa correspondente acreditación como opera- dor/a de instalacións radioactivas outorgado polo Consello de Seguridade Nuclear (CSN)."}'::jsonb,
  'official_upload',
  now(),
  now(),
  now()
)
on conflict (id) do update set
  name=excluded.name,
  type=excluded.type,
  level=excluded.level,
  family=excluded.family,
  jurisdiction=excluded.jurisdiction,
  route=excluded.route,
  subjects=excluded.subjects,
  ponderation_subjects=excluded.ponderation_subjects,
  route_options=excluded.route_options,
  availability_by_province=excluded.availability_by_province,
  sources=excluded.sources,
  source_url=excluded.source_url,
  source_id=excluded.source_id,
  raw=excluded.raw,
  data_quality=excluded.data_quality,
  verified_at=excluded.verified_at,
  last_seen_at=excluded.last_seen_at,
  updated_at=now();


insert into public.itinera_fp_catalog_details(id,study_id,learned,work_context,jobs,modules,source_file,raw)
values ('detail-fp-v36-cs-imaxe-para-o-diagnostico-e-medicina-nuclear','fp-v36-cs-imaxe-para-o-diagnostico-e-medicina-nuclear','fins diagnósticos ou terapéuticos, a partir da prescrición facultativa, utili- zando equipamentos de diagnóstico por imaxe e de medicina nuclear, e asis- tindo ó/á paciente durante a súa estadía na unidade, aplicando protocolos de radioprotección e de garantía de calidade, así como os establecidos na unidade asistencial.','medicina nuclear, en centros de investigación e en institutos anatómico-fo- renses ou de medicina legal, así como en centros veterinarios e de expe- rimentación animal, e delegacións comerciais de produtos hospitalarios, farmacéuticos e técnicos de aplicacións en electromedicina. Realiza o seu traballo baixo a supervisión do/da médico/a especialista correspondente e o supervisor da instalación, coa correspondente acreditación como opera- dor/a de instalacións radioactivas outorgado polo Consello de Seguridade Nuclear (CSN).','["diodiagnóstico", "técnico/a especialista en medicina nuclear", "persoal técnico en equipamentos de radioelectroloxía médica", "persoal técnico en protección radiolóxica", "persoal técnico en radioloxía de investigación e experimenta- ción", "delegado/a comercial de produtos."]'::jsonb,'[{"code": "MP1347", "name": "Anatomía pola imaxe", "hours": 232}, {"code": "MP1345", "name": "Atención ao/á paciente", "hours": 160}, {"code": "MP1346", "name": "Fundamentos físicos e equipamentos", "hours": 211}, {"code": "MP0179", "name": "Inglés profesional", "hours": 60}, {"code": "MP1709", "name": "Itinerario persoal para a empregabilidade I", "hours": 107}, {"code": "MP1348", "name": "Protección radiolóxica", "hours": 160}, {"code": "MP1708", "name": "Sostibilidade aplicada ao sistema produtivo", "hours": 30}, {"code": "MP1665", "name": "Dixitalización aplicada ao sistema produtivo", "hours": 30}, {"code": "MP1710", "name": "Itinerario persoal para a empregabilidade II", "hours": 50}, {"code": "MP1355", "name": "Proxecto intermodular de imaxe para o diagnóstico e medicina", "hours": 50}, {"code": "MP1353", "name": "Técnicas de imaxe en medicina nuclear", "hours": 137}, {"code": "MP1352", "name": "Técnicas de imaxe por resonancia magnética", "hours": 164}, {"code": "MP1354", "name": "Técnicas de radiofarmacia", "hours": 109}, {"code": "MP1350", "name": "Técnicas de radioloxía especial", "hours": 109}, {"code": "MP1349", "name": "Técnicas de radioloxía simple", "hours": 164}, {"code": "MP1351", "name": "Técnicas de tomografía computadorizada e ecografía", "hours": 137}]'::jsonb,'20-sanidade_v7.pdf',jsonb_build_object('source_upload','3 base de datos itinera.zip','duration_hours','2000'))
on conflict (id) do update set study_id=excluded.study_id,learned=excluded.learned,work_context=excluded.work_context,jobs=excluded.jobs,modules=excluded.modules,source_file=excluded.source_file,raw=excluded.raw,updated_at=now();


insert into public.itinera_studies(id,name,type,level,family,jurisdiction,official_title,route,subjects,ponderation_subjects,route_options,availability_by_province,sources,source_url,source_id,raw,data_quality,verified_at,last_seen_at,updated_at)
values (
  'fp-v36-cs-laboratorio-clinico-e-biomedico',
  'Laboratorio clínico e biomédico',
  'fpgs',
  'Ciclo formativo de grao superior',
  'Sanidade',
  'Galicia',
  true,
  'Consultar requisitos, prazas, centros, modalidade e fontes oficiais antes de decidir.',
  '["Bioloxía molecular e citoxenética", "Fisiopatoloxía xeral", "Inglés profesional", "Itinerario persoal para a empregabilidade I", "Sostibilidade aplicada ao sistema produtivo", "Técnicas xerais de laboratorio", "Xestión de mostras biolóxicas", "Análise bioquímica", "Dixitalización aplicada ao sistema produtivo", "Itinerario persoal para a empregabilidade II", "Microbioloxía clínica", "Proxecto intermodular de laboratorio clínico e biomédico"]'::jsonb,
  '[{"subject": "Non aplica ou consultar fonte oficial", "weight": "consultar fonte oficial"}]'::jsonb,
  '[]'::jsonb,
  '{"Galicia": ["Consultar oferta por provincia, centro, modalidade e curso na Xunta FP."]}'::jsonb,
  '["xunta-fp-catalogo-familias-2025-2026", "xunta-fp-ciclos", "todofp-familias"]'::jsonb,
  'https://www.edu.xunta.gal/fp/oferta-fp',
  'xunta-fp-catalogo-familias-2025-2026',
  '{"source_upload": "3 base de datos itinera.zip", "source_file": "20-sanidade_v7.pdf", "duration_hours": 2000, "modules": [{"code": "MP1369", "name": "Bioloxía molecular e citoxenética", "hours": 157}, {"code": "MP1370", "name": "Fisiopatoloxía xeral", "hours": 183}, {"code": "MP0179", "name": "Inglés profesional", "hours": 60}, {"code": "MP1709", "name": "Itinerario persoal para a empregabilidade I", "hours": 107}, {"code": "MP1708", "name": "Sostibilidade aplicada ao sistema produtivo", "hours": 30}, {"code": "MP1368", "name": "Técnicas xerais de laboratorio", "hours": 240}, {"code": "MP1367", "name": "Xestión de mostras biolóxicas", "hours": 183}, {"code": "MP1371", "name": "Análise bioquímica", "hours": 246}, {"code": "MP1665", "name": "Dixitalización aplicada ao sistema produtivo", "hours": 30}, {"code": "MP1710", "name": "Itinerario persoal para a empregabilidade II", "hours": 50}, {"code": "MP1373", "name": "Microbioloxía clínica", "hours": 219}, {"code": "MP1375", "name": "Proxecto intermodular de laboratorio clínico e biomédico", "hours": 50}, {"code": "MP1374", "name": "Técnicas de análise hematolóxica", "hours": 246}, {"code": "MP1372", "name": "Técnicas de inmunodiagnóstico", "hours": 109}], "learned": "normalizados de traballo, aplicando as normas de calidade, seguridade e ambientais establecidas, e valorando os resultados técnicos, para que sir- van como soporte á prevención, ao diagnóstico, ao control da evolución e ao tratamento da doenza, así como á investigación, seguindo os protocolos establecidos na unidade asistencial.", "work_context": "empresas privadas, na área do laboratorio de análises clínicas, así como no diagnóstico, no tratamento, na xestión e na investigación. Actúan como traballadores/as dependentes en organismos ou institucións pequenos, me- dianos ou grandes. A súa actividade profesional está sometida a regulación pola Administración sanitaria estatal."}'::jsonb,
  'official_upload',
  now(),
  now(),
  now()
)
on conflict (id) do update set
  name=excluded.name,
  type=excluded.type,
  level=excluded.level,
  family=excluded.family,
  jurisdiction=excluded.jurisdiction,
  route=excluded.route,
  subjects=excluded.subjects,
  ponderation_subjects=excluded.ponderation_subjects,
  route_options=excluded.route_options,
  availability_by_province=excluded.availability_by_province,
  sources=excluded.sources,
  source_url=excluded.source_url,
  source_id=excluded.source_id,
  raw=excluded.raw,
  data_quality=excluded.data_quality,
  verified_at=excluded.verified_at,
  last_seen_at=excluded.last_seen_at,
  updated_at=now();


insert into public.itinera_fp_catalog_details(id,study_id,learned,work_context,jobs,modules,source_file,raw)
values ('detail-fp-v36-cs-laboratorio-clinico-e-biomedico','fp-v36-cs-laboratorio-clinico-e-biomedico','normalizados de traballo, aplicando as normas de calidade, seguridade e ambientais establecidas, e valorando os resultados técnicos, para que sir- van como soporte á prevención, ao diagnóstico, ao control da evolución e ao tratamento da doenza, así como á investigación, seguindo os protocolos establecidos na unidade asistencial.','empresas privadas, na área do laboratorio de análises clínicas, así como no diagnóstico, no tratamento, na xestión e na investigación. Actúan como traballadores/as dependentes en organismos ou institucións pequenos, me- dianos ou grandes. A súa actividade profesional está sometida a regulación pola Administración sanitaria estatal.','["lista en laboratorio", "axudante/a técnico en laboratorio de investigación e ex- perimentación", "axudante/a técnico en laboratorio de toxicoloxía", "delegado/a comercial de produtos hospitalarios e farmacéuticos."]'::jsonb,'[{"code": "MP1369", "name": "Bioloxía molecular e citoxenética", "hours": 157}, {"code": "MP1370", "name": "Fisiopatoloxía xeral", "hours": 183}, {"code": "MP0179", "name": "Inglés profesional", "hours": 60}, {"code": "MP1709", "name": "Itinerario persoal para a empregabilidade I", "hours": 107}, {"code": "MP1708", "name": "Sostibilidade aplicada ao sistema produtivo", "hours": 30}, {"code": "MP1368", "name": "Técnicas xerais de laboratorio", "hours": 240}, {"code": "MP1367", "name": "Xestión de mostras biolóxicas", "hours": 183}, {"code": "MP1371", "name": "Análise bioquímica", "hours": 246}, {"code": "MP1665", "name": "Dixitalización aplicada ao sistema produtivo", "hours": 30}, {"code": "MP1710", "name": "Itinerario persoal para a empregabilidade II", "hours": 50}, {"code": "MP1373", "name": "Microbioloxía clínica", "hours": 219}, {"code": "MP1375", "name": "Proxecto intermodular de laboratorio clínico e biomédico", "hours": 50}, {"code": "MP1374", "name": "Técnicas de análise hematolóxica", "hours": 246}, {"code": "MP1372", "name": "Técnicas de inmunodiagnóstico", "hours": 109}]'::jsonb,'20-sanidade_v7.pdf',jsonb_build_object('source_upload','3 base de datos itinera.zip','duration_hours','2000'))
on conflict (id) do update set study_id=excluded.study_id,learned=excluded.learned,work_context=excluded.work_context,jobs=excluded.jobs,modules=excluded.modules,source_file=excluded.source_file,raw=excluded.raw,updated_at=now();


insert into public.itinera_studies(id,name,type,level,family,jurisdiction,official_title,route,subjects,ponderation_subjects,route_options,availability_by_province,sources,source_url,source_id,raw,data_quality,verified_at,last_seen_at,updated_at)
values (
  'fp-v36-cs-proteses-dentais',
  'Próteses dentais',
  'fpgs',
  'Ciclo formativo de grao superior',
  'Sanidade',
  'Galicia',
  true,
  'Consultar requisitos, prazas, centros, modalidade e fontes oficiais antes de decidir.',
  '["Aparellos de ortodoncia e férulas oclusais", "Deseño funcional de próteses", "Inglés profesional", "Itinerario persoal para a empregabilidade I", "Laboratorio de próteses dentais", "Próteses completas", "Restauracións e estruturas metálicas en prótese fixa", "Sostibilidade aplicada ao sistema produtivo", "Dixitalización aplicada ao sistema produtivo", "Itinerario persoal para a empregabilidade II", "Próteses parciais removibles metálicas, de resina e mixtas", "Próteses sobre implantes"]'::jsonb,
  '[{"subject": "Non aplica ou consultar fonte oficial", "weight": "consultar fonte oficial"}]'::jsonb,
  '[]'::jsonb,
  '{"Galicia": ["Consultar oferta por provincia, centro, modalidade e curso na Xunta FP."]}'::jsonb,
  '["xunta-fp-catalogo-familias-2025-2026", "xunta-fp-ciclos", "todofp-familias"]'::jsonb,
  'https://www.edu.xunta.gal/fp/oferta-fp',
  'xunta-fp-catalogo-familias-2025-2026',
  '{"source_upload": "3 base de datos itinera.zip", "source_file": "20-sanidade_v7.pdf", "duration_hours": 2000, "modules": [{"code": "MP0856", "name": "Aparellos de ortodoncia e férulas oclusais", "hours": 236}, {"code": "MP0854", "name": "Deseño funcional de próteses", "hours": 104}, {"code": "MP0179", "name": "Inglés profesional", "hours": 60}, {"code": "MP1709", "name": "Itinerario persoal para a empregabilidade I", "hours": 107}, {"code": "MP0821", "name": "Laboratorio de próteses dentais", "hours": 80}, {"code": "MP0855", "name": "Próteses completas", "hours": 187}, {"code": "MP0857", "name": "Restauracións e estruturas metálicas en prótese fixa", "hours": 156}, {"code": "MP1708", "name": "Sostibilidade aplicada ao sistema produtivo", "hours": 30}, {"code": "MP1665", "name": "Dixitalización aplicada ao sistema produtivo", "hours": 30}, {"code": "MP1710", "name": "Itinerario persoal para a empregabilidade II", "hours": 50}, {"code": "MP0858", "name": "Próteses parciais removibles metálicas, de resina e mixtas", "hours": 301}, {"code": "MP0860", "name": "Próteses sobre implantes", "hours": 218}, {"code": "MP0861", "name": "Proxecto intermodular de próteses dentais", "hours": 50}, {"code": "MP0859", "name": "Restauracións e recubrimentos estéticos", "hours": 301}], "learned": "e férulas oclusais segundo prescrición e indicacións facultativas, así como efectuar o reaxuste necesario para o seu acabamento e xestionar un labora- torio de próteses dentais realizando as operacións para a comercialización do produto, e respectando a normativa de seguridade e protección ambien- tal, así como as especificacións de calidade.", "work_context": "como fabricante de produtos sanitarios dentais á medida en laboratorios de prótese dental, como traballador autónomo ou por conta allea, e en em- presas da industria dental, como fábricas provedoras de materiais e maqui- naria, ou en depósitos dentais, participando nas actividades de formación específicas da empresa. Tamén pode desenvolver a súa actividade no campo da investigación tecnolóxica dentro de empresas do sector dental en a ins- trución na industria dental impartindo cursos básicos ou avanzados sobre novos materiais e novas técnicas. A súa actividade está sometida a regula- ción pola Administración sanitaria estatal."}'::jsonb,
  'official_upload',
  now(),
  now(),
  now()
)
on conflict (id) do update set
  name=excluded.name,
  type=excluded.type,
  level=excluded.level,
  family=excluded.family,
  jurisdiction=excluded.jurisdiction,
  route=excluded.route,
  subjects=excluded.subjects,
  ponderation_subjects=excluded.ponderation_subjects,
  route_options=excluded.route_options,
  availability_by_province=excluded.availability_by_province,
  sources=excluded.sources,
  source_url=excluded.source_url,
  source_id=excluded.source_id,
  raw=excluded.raw,
  data_quality=excluded.data_quality,
  verified_at=excluded.verified_at,
  last_seen_at=excluded.last_seen_at,
  updated_at=now();


insert into public.itinera_fp_catalog_details(id,study_id,learned,work_context,jobs,modules,source_file,raw)
values ('detail-fp-v36-cs-proteses-dentais','fp-v36-cs-proteses-dentais','e férulas oclusais segundo prescrición e indicacións facultativas, así como efectuar o reaxuste necesario para o seu acabamento e xestionar un labora- torio de próteses dentais realizando as operacións para a comercialización do produto, e respectando a normativa de seguridade e protección ambien- tal, así como as especificacións de calidade.','como fabricante de produtos sanitarios dentais á medida en laboratorios de prótese dental, como traballador autónomo ou por conta allea, e en em- presas da industria dental, como fábricas provedoras de materiais e maqui- naria, ou en depósitos dentais, participando nas actividades de formación específicas da empresa. Tamén pode desenvolver a súa actividade no campo da investigación tecnolóxica dentro de empresas do sector dental en a ins- trución na industria dental impartindo cursos básicos ou avanzados sobre novos materiais e novas técnicas. A súa actividade está sometida a regula- ción pola Administración sanitaria estatal.','["dentais", "responsable técnico/a dun laboratorio de prótese dental", "comercial na industria dental ou depósitos dentais", "responsable técnico/a en depar- tamentos de investigación e desenvolvemento de produtos na industria dental."]'::jsonb,'[{"code": "MP0856", "name": "Aparellos de ortodoncia e férulas oclusais", "hours": 236}, {"code": "MP0854", "name": "Deseño funcional de próteses", "hours": 104}, {"code": "MP0179", "name": "Inglés profesional", "hours": 60}, {"code": "MP1709", "name": "Itinerario persoal para a empregabilidade I", "hours": 107}, {"code": "MP0821", "name": "Laboratorio de próteses dentais", "hours": 80}, {"code": "MP0855", "name": "Próteses completas", "hours": 187}, {"code": "MP0857", "name": "Restauracións e estruturas metálicas en prótese fixa", "hours": 156}, {"code": "MP1708", "name": "Sostibilidade aplicada ao sistema produtivo", "hours": 30}, {"code": "MP1665", "name": "Dixitalización aplicada ao sistema produtivo", "hours": 30}, {"code": "MP1710", "name": "Itinerario persoal para a empregabilidade II", "hours": 50}, {"code": "MP0858", "name": "Próteses parciais removibles metálicas, de resina e mixtas", "hours": 301}, {"code": "MP0860", "name": "Próteses sobre implantes", "hours": 218}, {"code": "MP0861", "name": "Proxecto intermodular de próteses dentais", "hours": 50}, {"code": "MP0859", "name": "Restauracións e recubrimentos estéticos", "hours": 301}]'::jsonb,'20-sanidade_v7.pdf',jsonb_build_object('source_upload','3 base de datos itinera.zip','duration_hours','2000'))
on conflict (id) do update set study_id=excluded.study_id,learned=excluded.learned,work_context=excluded.work_context,jobs=excluded.jobs,modules=excluded.modules,source_file=excluded.source_file,raw=excluded.raw,updated_at=now();


insert into public.itinera_studies(id,name,type,level,family,jurisdiction,official_title,route,subjects,ponderation_subjects,route_options,availability_by_province,sources,source_url,source_id,raw,data_quality,verified_at,last_seen_at,updated_at)
values (
  'fp-v36-cs-radioterapia-e-dosimetria',
  'Radioterapia e dosimetría',
  'fpgs',
  'Ciclo formativo de grao superior',
  'Sanidade',
  'Galicia',
  true,
  'Consultar requisitos, prazas, centros, modalidade e fontes oficiais antes de decidir.',
  '["Anatomía pola imaxe", "Atención ao/á paciente", "Fundamentos físicos e equipamentos", "Inglés profesional", "Itinerario persoal para a empregabilidade I", "Protección radiolóxica", "Sostibilidade aplicada ao sistema produtivo", "Dixitalización aplicada ao sistema produtivo", "Dosimetría física e clínica", "Itinerario persoal para a empregabilidade II", "Proxecto intermodular de radioterapia e dosimetría", "Simulación do tratamento"]'::jsonb,
  '[{"subject": "Non aplica ou consultar fonte oficial", "weight": "consultar fonte oficial"}]'::jsonb,
  '[]'::jsonb,
  '{"Galicia": ["Consultar oferta por provincia, centro, modalidade e curso na Xunta FP."]}'::jsonb,
  '["xunta-fp-catalogo-familias-2025-2026", "xunta-fp-ciclos", "todofp-familias"]'::jsonb,
  'https://www.edu.xunta.gal/fp/oferta-fp',
  'xunta-fp-catalogo-familias-2025-2026',
  '{"source_upload": "3 base de datos itinera.zip", "source_file": "20-sanidade_v7.pdf", "duration_hours": 2000, "modules": [{"code": "MP1347", "name": "Anatomía pola imaxe", "hours": 232}, {"code": "MP1345", "name": "Atención ao/á paciente", "hours": 160}, {"code": "MP1346", "name": "Fundamentos físicos e equipamentos", "hours": 211}, {"code": "MP0179", "name": "Inglés profesional", "hours": 60}, {"code": "MP1709", "name": "Itinerario persoal para a empregabilidade I", "hours": 107}, {"code": "MP1348", "name": "Protección radiolóxica", "hours": 160}, {"code": "MP1708", "name": "Sostibilidade aplicada ao sistema produtivo", "hours": 30}, {"code": "MP1665", "name": "Dixitalización aplicada ao sistema produtivo", "hours": 30}, {"code": "MP1360", "name": "Dosimetría física e clínica", "hours": 191}, {"code": "MP1710", "name": "Itinerario persoal para a empregabilidade II", "hours": 50}, {"code": "MP1363", "name": "Proxecto intermodular de radioterapia e dosimetría", "hours": 50}, {"code": "MP1359", "name": "Simulación do tratamento", "hours": 137}, {"code": "MP1362", "name": "Tratamentos con braquiterapia", "hours": 191}, {"code": "MP1361", "name": "Tratamentos con teleterapia", "hours": 301}], "learned": "utilizar equipamentos provistos de fontes encapsuladas ou produtores de radiacións, aplicando as normas de radioprotección xerais e específicas, e asistindo ó/á paciente durante a súa estadía na unidade, así como realizar procedementos de protección radiolóxica hospitalaria, seguindo normas de garantía de calidade e os protocolos establecidos na unidade asistencial.", "work_context": "empresas privadas, en unidades de oncoloxía radioterápica, en unidades ou servizos de radiofísica hospitalaria, en unidades técnicas de protección radiolóxica e en centros de investigación. Realizan o seu traballo baixo a supervisión do/da facultativo/a correspondente e o/a supervisor/a da ins- talación, coa conseguinte acreditación como operador/a de instalacións radioactivas outorgada polo Consello de Seguridade Nuclear (CSN). A súa actividade profesional está sometida a regulación pola Administración sa- nitaria estatal."}'::jsonb,
  'official_upload',
  now(),
  now(),
  now()
)
on conflict (id) do update set
  name=excluded.name,
  type=excluded.type,
  level=excluded.level,
  family=excluded.family,
  jurisdiction=excluded.jurisdiction,
  route=excluded.route,
  subjects=excluded.subjects,
  ponderation_subjects=excluded.ponderation_subjects,
  route_options=excluded.route_options,
  availability_by_province=excluded.availability_by_province,
  sources=excluded.sources,
  source_url=excluded.source_url,
  source_id=excluded.source_id,
  raw=excluded.raw,
  data_quality=excluded.data_quality,
  verified_at=excluded.verified_at,
  last_seen_at=excluded.last_seen_at,
  updated_at=now();


insert into public.itinera_fp_catalog_details(id,study_id,learned,work_context,jobs,modules,source_file,raw)
values ('detail-fp-v36-cs-radioterapia-e-dosimetria','fp-v36-cs-radioterapia-e-dosimetria','utilizar equipamentos provistos de fontes encapsuladas ou produtores de radiacións, aplicando as normas de radioprotección xerais e específicas, e asistindo ó/á paciente durante a súa estadía na unidade, así como realizar procedementos de protección radiolóxica hospitalaria, seguindo normas de garantía de calidade e os protocolos establecidos na unidade asistencial.','empresas privadas, en unidades de oncoloxía radioterápica, en unidades ou servizos de radiofísica hospitalaria, en unidades técnicas de protección radiolóxica e en centros de investigación. Realizan o seu traballo baixo a supervisión do/da facultativo/a correspondente e o/a supervisor/a da ins- talación, coa conseguinte acreditación como operador/a de instalacións radioactivas outorgada polo Consello de Seguridade Nuclear (CSN). A súa actividade profesional está sometida a regulación pola Administración sa- nitaria estatal.','["persoal auxiliar dos servizos de protección radiolóxica", "delegado/a co- mercial de equipamentos de radioelectroloxía médica."]'::jsonb,'[{"code": "MP1347", "name": "Anatomía pola imaxe", "hours": 232}, {"code": "MP1345", "name": "Atención ao/á paciente", "hours": 160}, {"code": "MP1346", "name": "Fundamentos físicos e equipamentos", "hours": 211}, {"code": "MP0179", "name": "Inglés profesional", "hours": 60}, {"code": "MP1709", "name": "Itinerario persoal para a empregabilidade I", "hours": 107}, {"code": "MP1348", "name": "Protección radiolóxica", "hours": 160}, {"code": "MP1708", "name": "Sostibilidade aplicada ao sistema produtivo", "hours": 30}, {"code": "MP1665", "name": "Dixitalización aplicada ao sistema produtivo", "hours": 30}, {"code": "MP1360", "name": "Dosimetría física e clínica", "hours": 191}, {"code": "MP1710", "name": "Itinerario persoal para a empregabilidade II", "hours": 50}, {"code": "MP1363", "name": "Proxecto intermodular de radioterapia e dosimetría", "hours": 50}, {"code": "MP1359", "name": "Simulación do tratamento", "hours": 137}, {"code": "MP1362", "name": "Tratamentos con braquiterapia", "hours": 191}, {"code": "MP1361", "name": "Tratamentos con teleterapia", "hours": 301}]'::jsonb,'20-sanidade_v7.pdf',jsonb_build_object('source_upload','3 base de datos itinera.zip','duration_hours','2000'))
on conflict (id) do update set study_id=excluded.study_id,learned=excluded.learned,work_context=excluded.work_context,jobs=excluded.jobs,modules=excluded.modules,source_file=excluded.source_file,raw=excluded.raw,updated_at=now();


insert into public.itinera_studies(id,name,type,level,family,jurisdiction,official_title,route,subjects,ponderation_subjects,route_options,availability_by_province,sources,source_url,source_id,raw,data_quality,verified_at,last_seen_at,updated_at)
values (
  'fp-v36-cm-emerxencias-e-proteccion-civil',
  'Emerxencias e protección civil',
  'fpgm',
  'Ciclo formativo de grao medio',
  'Seguridade e medio ambiente',
  'Galicia',
  true,
  'Consultar requisitos, prazas, centros, modalidade e fontes oficiais antes de decidir.',
  '["Apoio psicolóxico en situacións de emerxencia", "Atención sanitaria inicial en situacións de emerxencia", "Inglés profesional", "Intervención operativa en actividades de salvamento e res-", "Intervención operativa en extinción de incendios urbanos", "Itinerario persoal para a empregabilidade I", "materiais empregados na prevención de riscos de incendios", "Sostibilidade aplicada ao sistema produtivo", "Coordinación de equipos e unidades de emerxencias", "Dixitalización aplicada ao sistema produtivo", "Inspección de establecementos, eventos e instalacións para a", "Intervención operativa en sucesos de orixe natural, tecno-"]'::jsonb,
  '[{"subject": "Non aplica ou consultar fonte oficial", "weight": "consultar fonte oficial"}]'::jsonb,
  '[]'::jsonb,
  '{"Galicia": ["Consultar oferta por provincia, centro, modalidade e curso na Xunta FP."]}'::jsonb,
  '["xunta-fp-catalogo-familias-2025-2026", "xunta-fp-ciclos", "todofp-familias"]'::jsonb,
  'https://www.edu.xunta.gal/fp/oferta-fp',
  'xunta-fp-catalogo-familias-2025-2026',
  '{"source_upload": "3 base de datos itinera.zip", "source_file": "21-seguridade_e_medio_ambiente_v7.pdf", "duration_hours": 2000, "modules": [{"code": "MP0058", "name": "Apoio psicolóxico en situacións de emerxencia", "hours": 53}, {"code": "MP0055", "name": "Atención sanitaria inicial en situacións de emerxencia", "hours": 206}, {"code": "MP0156", "name": "Inglés profesional", "hours": 60}, {"code": "MP1532", "name": "Intervención operativa en actividades de salvamento e res-", "hours": 214}, {"code": "MP1530", "name": "Intervención operativa en extinción de incendios urbanos", "hours": 160}, {"code": "MP1709", "name": "Itinerario persoal para a empregabilidade I", "hours": 107}, {"code": "MP1528", "name": "materiais empregados na prevención de riscos de incendios", "hours": 130}, {"code": "MP1708", "name": "Sostibilidade aplicada ao sistema produtivo", "hours": 30}, {"code": "MP1534", "name": "Coordinación de equipos e unidades de emerxencias", "hours": 137}, {"code": "MP1664", "name": "Dixitalización aplicada ao sistema produtivo", "hours": 30}, {"code": "MP1533", "name": "Inspección de establecementos, eventos e instalacións para a", "hours": 109}, {"code": "MP1531", "name": "Intervención operativa en sucesos de orixe natural, tecno-", "hours": 273}, {"code": "MP1710", "name": "Itinerario persoal para a empregabilidade II", "hours": 50}, {"code": "MP1713", "name": "Proxecto intermodular", "hours": 50}, {"code": "MP1529", "name": "Vixilancia e intervención operativa en incendios forestais", "hours": 301}], "learned": "xencias provocadas por sucesos ou catástrofes orixinadas por riscos diver- sos, en áreas tanto rurais e forestais como urbanas, realizando as activida- des de control, mitigación e extinción dos axentes causantes deses sucesos (lume, avenidas de auga, substancias NBQ, etc.), o rescate, o salvamento e a atención como primeiro interveniente das persoas afectadas e a rehabilita- ción de emerxencia das zonas ou os bens abranguidos, mantendo operativos os vehículos, os equipamentos, as máquinas e as ferramentas de interven- ción, así como organizar os equipos e as unidades baixo a súa responsa- bilidade, e contribuír á divulgación e ao cumprimento dos principios e as normas de protección civil, aplicando a normativa vixente.", "work_context": "apoio en continxencias do medio natural e rural e Protección Civil, así como nos servizos públicos estatais, autonómicos e locais de atención de emer- xencias e os corpos de bombeiros, desenvolvendo a súa actividade como traballador/a dependente das administracións públicas ou en empresas pri- vadas dedicadas a traballos agroforestais e ambientais, en servizos de bom- beiros/as dedicados á prevención de incendios e mantemento, e en sectores industriais dedicados á produción, á distribución, á fabricación e ao almace- namento de produtos e substancias perigosas, podendo exercer accións de colaboración internacional."}'::jsonb,
  'official_upload',
  now(),
  now(),
  now()
)
on conflict (id) do update set
  name=excluded.name,
  type=excluded.type,
  level=excluded.level,
  family=excluded.family,
  jurisdiction=excluded.jurisdiction,
  route=excluded.route,
  subjects=excluded.subjects,
  ponderation_subjects=excluded.ponderation_subjects,
  route_options=excluded.route_options,
  availability_by_province=excluded.availability_by_province,
  sources=excluded.sources,
  source_url=excluded.source_url,
  source_id=excluded.source_id,
  raw=excluded.raw,
  data_quality=excluded.data_quality,
  verified_at=excluded.verified_at,
  last_seen_at=excluded.last_seen_at,
  updated_at=now();


insert into public.itinera_fp_catalog_details(id,study_id,learned,work_context,jobs,modules,source_file,raw)
values ('detail-fp-v36-cm-emerxencias-e-proteccion-civil','fp-v36-cm-emerxencias-e-proteccion-civil','xencias provocadas por sucesos ou catástrofes orixinadas por riscos diver- sos, en áreas tanto rurais e forestais como urbanas, realizando as activida- des de control, mitigación e extinción dos axentes causantes deses sucesos (lume, avenidas de auga, substancias NBQ, etc.), o rescate, o salvamento e a atención como primeiro interveniente das persoas afectadas e a rehabilita- ción de emerxencia das zonas ou os bens abranguidos, mantendo operativos os vehículos, os equipamentos, as máquinas e as ferramentas de interven- ción, así como organizar os equipos e as unidades baixo a súa responsa- bilidade, e contribuír á divulgación e ao cumprimento dos principios e as normas de protección civil, aplicando a normativa vixente.','apoio en continxencias do medio natural e rural e Protección Civil, así como nos servizos públicos estatais, autonómicos e locais de atención de emer- xencias e os corpos de bombeiros, desenvolvendo a súa actividade como traballador/a dependente das administracións públicas ou en empresas pri- vadas dedicadas a traballos agroforestais e ambientais, en servizos de bom- beiros/as dedicados á prevención de incendios e mantemento, e en sectores industriais dedicados á produción, á distribución, á fabricación e ao almace- namento de produtos e substancias perigosas, podendo exercer accións de colaboración internacional.','["técnico/a en emerxen- cias das Forzas Armadas", "bombeiro/a de aeroportos ou de empresa privada."]'::jsonb,'[{"code": "MP0058", "name": "Apoio psicolóxico en situacións de emerxencia", "hours": 53}, {"code": "MP0055", "name": "Atención sanitaria inicial en situacións de emerxencia", "hours": 206}, {"code": "MP0156", "name": "Inglés profesional", "hours": 60}, {"code": "MP1532", "name": "Intervención operativa en actividades de salvamento e res-", "hours": 214}, {"code": "MP1530", "name": "Intervención operativa en extinción de incendios urbanos", "hours": 160}, {"code": "MP1709", "name": "Itinerario persoal para a empregabilidade I", "hours": 107}, {"code": "MP1528", "name": "materiais empregados na prevención de riscos de incendios", "hours": 130}, {"code": "MP1708", "name": "Sostibilidade aplicada ao sistema produtivo", "hours": 30}, {"code": "MP1534", "name": "Coordinación de equipos e unidades de emerxencias", "hours": 137}, {"code": "MP1664", "name": "Dixitalización aplicada ao sistema produtivo", "hours": 30}, {"code": "MP1533", "name": "Inspección de establecementos, eventos e instalacións para a", "hours": 109}, {"code": "MP1531", "name": "Intervención operativa en sucesos de orixe natural, tecno-", "hours": 273}, {"code": "MP1710", "name": "Itinerario persoal para a empregabilidade II", "hours": 50}, {"code": "MP1713", "name": "Proxecto intermodular", "hours": 50}, {"code": "MP1529", "name": "Vixilancia e intervención operativa en incendios forestais", "hours": 301}]'::jsonb,'21-seguridade_e_medio_ambiente_v7.pdf',jsonb_build_object('source_upload','3 base de datos itinera.zip','duration_hours','2000'))
on conflict (id) do update set study_id=excluded.study_id,learned=excluded.learned,work_context=excluded.work_context,jobs=excluded.jobs,modules=excluded.modules,source_file=excluded.source_file,raw=excluded.raw,updated_at=now();


insert into public.itinera_studies(id,name,type,level,family,jurisdiction,official_title,route,subjects,ponderation_subjects,route_options,availability_by_province,sources,source_url,source_id,raw,data_quality,verified_at,last_seen_at,updated_at)
values (
  'fp-v36-cm-sanidade-ambiental-aplicada',
  'Sanidade ambiental aplicada',
  'fpgm',
  'Ciclo formativo de grao medio',
  'Seguridade e medio ambiente',
  'Galicia',
  true,
  'Consultar requisitos, prazas, centros, modalidade e fontes oficiais antes de decidir.',
  '["Control de organismos nocivos mediante desinfección**", "Control de organismos nocivos, artrópodos e roedores**", "Control de organismos que alteran a madeira e os seus de-", "Inglés profesional", "Itinerario persoal para a empregabilidade I", "Preparación e traslado de materiais no control de organismos", "Sostibilidade aplicada ao sistema produtivo", "Control de aves-praga**", "Control de Legionella e doutros organismos nocivos en ins-", "Control de organismos nocivos en piscinas e outras instala-", "Dixitalización aplicada ao sistema produtivo", "Fundamentos científicos en sanidade ambiental**"]'::jsonb,
  '[{"subject": "Non aplica ou consultar fonte oficial", "weight": "consultar fonte oficial"}]'::jsonb,
  '[]'::jsonb,
  '{"Galicia": ["Consultar oferta por provincia, centro, modalidade e curso na Xunta FP."]}'::jsonb,
  '["xunta-fp-catalogo-familias-2025-2026", "xunta-fp-ciclos", "todofp-familias"]'::jsonb,
  'https://www.edu.xunta.gal/fp/oferta-fp',
  'xunta-fp-catalogo-familias-2025-2026',
  '{"source_upload": "3 base de datos itinera.zip", "source_file": "21-seguridade_e_medio_ambiente_v7.pdf", "duration_hours": 2000, "modules": [{"code": "MP1703", "name": "Control de organismos nocivos mediante desinfección**", "hours": 158}, {"code": "MP1698", "name": "Control de organismos nocivos, artrópodos e roedores**", "hours": 290}, {"code": "MP1699", "name": "Control de organismos que alteran a madeira e os seus de-", "hours": 210}, {"code": "MP0156", "name": "Inglés profesional", "hours": 60}, {"code": "MP1709", "name": "Itinerario persoal para a empregabilidade I", "hours": 107}, {"code": "MP1697", "name": "Preparación e traslado de materiais no control de organismos", "hours": 105}, {"code": "MP1708", "name": "Sostibilidade aplicada ao sistema produtivo", "hours": 30}, {"code": "MP1702", "name": "Control de aves-praga**", "hours": 219}, {"code": "MP1700", "name": "Control de Legionella e doutros organismos nocivos en ins-", "hours": 300}, {"code": "MP1701", "name": "Control de organismos nocivos en piscinas e outras instala-", "hours": 219}, {"code": "MP1664", "name": "Dixitalización aplicada ao sistema produtivo", "hours": 30}, {"code": "MP1704", "name": "Fundamentos científicos en sanidade ambiental**", "hours": 82}, {"code": "MP1710", "name": "Itinerario persoal para a empregabilidade II", "hours": 50}, {"code": "MP1713", "name": "Proxecto intermodular", "hours": 50}], "learned": "todoloxías e técnicas para o control de organismos nocivos en todos os ám- bitos de actuación relacionados coa sanidade ambiental, aplicando a lexis- lación sanitaria, de protección ambiental e de prevención de riscos laborais.", "work_context": "nocivos en entidades públicas ou privadas, baixo a supervisión de persoal superior. A actividade profesional está regulada pola Administración com- petente, cumprindo sempre a normativa do ámbito sanitario e ambiental."}'::jsonb,
  'official_upload',
  now(),
  now(),
  now()
)
on conflict (id) do update set
  name=excluded.name,
  type=excluded.type,
  level=excluded.level,
  family=excluded.family,
  jurisdiction=excluded.jurisdiction,
  route=excluded.route,
  subjects=excluded.subjects,
  ponderation_subjects=excluded.ponderation_subjects,
  route_options=excluded.route_options,
  availability_by_province=excluded.availability_by_province,
  sources=excluded.sources,
  source_url=excluded.source_url,
  source_id=excluded.source_id,
  raw=excluded.raw,
  data_quality=excluded.data_quality,
  verified_at=excluded.verified_at,
  last_seen_at=excluded.last_seen_at,
  updated_at=now();


insert into public.itinera_fp_catalog_details(id,study_id,learned,work_context,jobs,modules,source_file,raw)
values ('detail-fp-v36-cm-sanidade-ambiental-aplicada','fp-v36-cm-sanidade-ambiental-aplicada','todoloxías e técnicas para o control de organismos nocivos en todos os ám- bitos de actuación relacionados coa sanidade ambiental, aplicando a lexis- lación sanitaria, de protección ambiental e de prevención de riscos laborais.','nocivos en entidades públicas ou privadas, baixo a supervisión de persoal superior. A actividade profesional está regulada pola Administración com- petente, cumprindo sempre a normativa do ámbito sanitario e ambiental.','["desinsectación, desratización e control doutros vertebrados e invertebra- dos prexudiciais", "técnico/a en intervencións para a aplicación de protocolos e tratamentos de desinfección de espazos e instalacións", "técnico/a en intervencións para a aplicación de protocolos e tratamen- tos de control de aves consideradas praga", "técnico/a en intervencións para a aplicación de protocolos e tratamentos en piscinas e outras instalacións acuáticas."]'::jsonb,'[{"code": "MP1703", "name": "Control de organismos nocivos mediante desinfección**", "hours": 158}, {"code": "MP1698", "name": "Control de organismos nocivos, artrópodos e roedores**", "hours": 290}, {"code": "MP1699", "name": "Control de organismos que alteran a madeira e os seus de-", "hours": 210}, {"code": "MP0156", "name": "Inglés profesional", "hours": 60}, {"code": "MP1709", "name": "Itinerario persoal para a empregabilidade I", "hours": 107}, {"code": "MP1697", "name": "Preparación e traslado de materiais no control de organismos", "hours": 105}, {"code": "MP1708", "name": "Sostibilidade aplicada ao sistema produtivo", "hours": 30}, {"code": "MP1702", "name": "Control de aves-praga**", "hours": 219}, {"code": "MP1700", "name": "Control de Legionella e doutros organismos nocivos en ins-", "hours": 300}, {"code": "MP1701", "name": "Control de organismos nocivos en piscinas e outras instala-", "hours": 219}, {"code": "MP1664", "name": "Dixitalización aplicada ao sistema produtivo", "hours": 30}, {"code": "MP1704", "name": "Fundamentos científicos en sanidade ambiental**", "hours": 82}, {"code": "MP1710", "name": "Itinerario persoal para a empregabilidade II", "hours": 50}, {"code": "MP1713", "name": "Proxecto intermodular", "hours": 50}]'::jsonb,'21-seguridade_e_medio_ambiente_v7.pdf',jsonb_build_object('source_upload','3 base de datos itinera.zip','duration_hours','2000'))
on conflict (id) do update set study_id=excluded.study_id,learned=excluded.learned,work_context=excluded.work_context,jobs=excluded.jobs,modules=excluded.modules,source_file=excluded.source_file,raw=excluded.raw,updated_at=now();


insert into public.itinera_studies(id,name,type,level,family,jurisdiction,official_title,route,subjects,ponderation_subjects,route_options,availability_by_province,sources,source_url,source_id,raw,data_quality,verified_at,last_seen_at,updated_at)
values (
  'fp-v36-cs-educacion-e-control-ambiental',
  'Educación e control ambiental',
  'fpgs',
  'Ciclo formativo de grao superior',
  'Seguridade e medio ambiente',
  'Galicia',
  true,
  'Consultar requisitos, prazas, centros, modalidade e fontes oficiais antes de decidir.',
  '["Actividades humanas e problemática ambiental", "Estrutura e dinámica do ambiente", "Inglés profesional", "Itinerario persoal para a empregabilidade I", "Medio natural", "Métodos e produtos cartográficos", "Sostibilidade aplicada ao sistema produtivo", "Técnicas de educación ambiental", "Xestión ambiental", "Actividades de uso público", "Desenvolvemento no medio", "Dixitalización aplicada ao sistema produtivo"]'::jsonb,
  '[{"subject": "Non aplica ou consultar fonte oficial", "weight": "consultar fonte oficial"}]'::jsonb,
  '[]'::jsonb,
  '{"Galicia": ["Consultar oferta por provincia, centro, modalidade e curso na Xunta FP."]}'::jsonb,
  '["xunta-fp-catalogo-familias-2025-2026", "xunta-fp-ciclos", "todofp-familias"]'::jsonb,
  'https://www.edu.xunta.gal/fp/oferta-fp',
  'xunta-fp-catalogo-familias-2025-2026',
  '{"source_upload": "3 base de datos itinera.zip", "source_file": "21-seguridade_e_medio_ambiente_v7.pdf", "duration_hours": 2000, "modules": [{"code": "MP0787", "name": "Actividades humanas e problemática ambiental", "hours": 105}, {"code": "MP0785", "name": "Estrutura e dinámica do ambiente", "hours": 133}, {"code": "MP0179", "name": "Inglés profesional", "hours": 60}, {"code": "MP1709", "name": "Itinerario persoal para a empregabilidade I", "hours": 107}, {"code": "MP0786", "name": "Medio natural", "hours": 157}, {"code": "MP0789", "name": "Métodos e produtos cartográficos", "hours": 80}, {"code": "MP1708", "name": "Sostibilidade aplicada ao sistema produtivo", "hours": 30}, {"code": "MP0790", "name": "Técnicas de educación ambiental", "hours": 106}, {"code": "MP0788", "name": "Xestión ambiental", "hours": 182}, {"code": "MP0792", "name": "Actividades de uso público", "hours": 219}, {"code": "MP0793", "name": "Desenvolvemento no medio", "hours": 137}, {"code": "MP1665", "name": "Dixitalización aplicada ao sistema produtivo", "hours": 30}, {"code": "MP0017", "name": "Habilidades sociais", "hours": 164}, {"code": "MP1710", "name": "Itinerario persoal para a empregabilidade II", "hours": 50}, {"code": "MP0791", "name": "Programas de educación ambiental", "hours": 300}, {"code": "MP0794", "name": "Proxecto intermodular de educación e control ambiental", "hours": 50}], "learned": "conservación e a mellora do medio, informando sobre os seus valores e os problemas ambientais, capacitando para unha correcta toma de decisións, deseñando actividades para o seu coñecemento e un uso baseado en prin- cipios de sustentabilidade, así como realizar accións de xestión ambiental para controlar e protexer o medio, aplicando a normativa.", "work_context": "obxecto o control ambiental e os seus recursos, o desenvolvemento de pro- gramas de educación ambiental (información, comunicación, formación, in- terpretación e participación), a realización de actividades de guía-intérprete e acompañamento polo contorno, ou a xestión ambiental."}'::jsonb,
  'official_upload',
  now(),
  now(),
  now()
)
on conflict (id) do update set
  name=excluded.name,
  type=excluded.type,
  level=excluded.level,
  family=excluded.family,
  jurisdiction=excluded.jurisdiction,
  route=excluded.route,
  subjects=excluded.subjects,
  ponderation_subjects=excluded.ponderation_subjects,
  route_options=excluded.route_options,
  availability_by_province=excluded.availability_by_province,
  sources=excluded.sources,
  source_url=excluded.source_url,
  source_id=excluded.source_id,
  raw=excluded.raw,
  data_quality=excluded.data_quality,
  verified_at=excluded.verified_at,
  last_seen_at=excluded.last_seen_at,
  updated_at=now();


insert into public.itinera_fp_catalog_details(id,study_id,learned,work_context,jobs,modules,source_file,raw)
values ('detail-fp-v36-cs-educacion-e-control-ambiental','fp-v36-cs-educacion-e-control-ambiental','conservación e a mellora do medio, informando sobre os seus valores e os problemas ambientais, capacitando para unha correcta toma de decisións, deseñando actividades para o seu coñecemento e un uso baseado en prin- cipios de sustentabilidade, así como realizar accións de xestión ambiental para controlar e protexer o medio, aplicando a normativa.','obxecto o control ambiental e os seus recursos, o desenvolvemento de pro- gramas de educación ambiental (información, comunicación, formación, in- terpretación e participación), a realización de actividades de guía-intérprete e acompañamento polo contorno, ou a xestión ambiental.','["biental", "documentalista ambiental", "guía ambiental", "programador/a de acti- vidades ambientais", "monitor/a de campañas ambientais", "guía-intérprete do patrimonio natural", "profesional do servizo de xestión ambiental", "profesional do servizo de ambiente", "técnico/a en control de espazos naturais", "monitor/a da natureza", "axente ambiental ou similar", "monitor/a de equipamentos am- bientais."]'::jsonb,'[{"code": "MP0787", "name": "Actividades humanas e problemática ambiental", "hours": 105}, {"code": "MP0785", "name": "Estrutura e dinámica do ambiente", "hours": 133}, {"code": "MP0179", "name": "Inglés profesional", "hours": 60}, {"code": "MP1709", "name": "Itinerario persoal para a empregabilidade I", "hours": 107}, {"code": "MP0786", "name": "Medio natural", "hours": 157}, {"code": "MP0789", "name": "Métodos e produtos cartográficos", "hours": 80}, {"code": "MP1708", "name": "Sostibilidade aplicada ao sistema produtivo", "hours": 30}, {"code": "MP0790", "name": "Técnicas de educación ambiental", "hours": 106}, {"code": "MP0788", "name": "Xestión ambiental", "hours": 182}, {"code": "MP0792", "name": "Actividades de uso público", "hours": 219}, {"code": "MP0793", "name": "Desenvolvemento no medio", "hours": 137}, {"code": "MP1665", "name": "Dixitalización aplicada ao sistema produtivo", "hours": 30}, {"code": "MP0017", "name": "Habilidades sociais", "hours": 164}, {"code": "MP1710", "name": "Itinerario persoal para a empregabilidade II", "hours": 50}, {"code": "MP0791", "name": "Programas de educación ambiental", "hours": 300}, {"code": "MP0794", "name": "Proxecto intermodular de educación e control ambiental", "hours": 50}]'::jsonb,'21-seguridade_e_medio_ambiente_v7.pdf',jsonb_build_object('source_upload','3 base de datos itinera.zip','duration_hours','2000'))
on conflict (id) do update set study_id=excluded.study_id,learned=excluded.learned,work_context=excluded.work_context,jobs=excluded.jobs,modules=excluded.modules,source_file=excluded.source_file,raw=excluded.raw,updated_at=now();


insert into public.itinera_studies(id,name,type,level,family,jurisdiction,official_title,route,subjects,ponderation_subjects,route_options,availability_by_province,sources,source_url,source_id,raw,data_quality,verified_at,last_seen_at,updated_at)
values (
  'fp-v36-cs-prevencion-en-riscos-profesionais',
  'Prevención en riscos profesionais',
  'fpgs',
  'Ciclo formativo de grao superior',
  'Seguridade e medio ambiente',
  'Galicia',
  true,
  'Consultar requisitos, prazas, centros, modalidade e fontes oficiais antes de decidir.',
  '["Estrutura da empresa e prevención de riscos", "Inglés profesional", "Itinerario persoal para a empregabilidade I", "Riscos ergonómicos e psicosociais", "Riscos físicos ambientais", "Riscos relacionados coa seguridade viaria", "Situacións de emerxencia", "Sostibilidade aplicada ao sistema produtivo", "Condicións de seguridade e seguridade industrial", "Dixitalización aplicada ao sistema produtivo", "Itinerario persoal para a empregabilidade II", "Proxecto intermodular de prevención de riscos profesionais"]'::jsonb,
  '[{"subject": "Non aplica ou consultar fonte oficial", "weight": "consultar fonte oficial"}]'::jsonb,
  '[]'::jsonb,
  '{"Galicia": ["Consultar oferta por provincia, centro, modalidade e curso na Xunta FP."]}'::jsonb,
  '["xunta-fp-catalogo-familias-2025-2026", "xunta-fp-ciclos", "todofp-familias"]'::jsonb,
  'https://www.edu.xunta.gal/fp/oferta-fp',
  'xunta-fp-catalogo-familias-2025-2026',
  '{"source_upload": "3 base de datos itinera.zip", "source_file": "21-seguridade_e_medio_ambiente_v7.pdf", "duration_hours": 2000, "modules": [{"code": "MP1411", "name": "Estrutura da empresa e prevención de riscos", "hours": 132}, {"code": "MP0179", "name": "Inglés profesional", "hours": 60}, {"code": "MP1709", "name": "Itinerario persoal para a empregabilidade I", "hours": 107}, {"code": "MP1415", "name": "Riscos ergonómicos e psicosociais", "hours": 183}, {"code": "MP1413", "name": "Riscos físicos ambientais", "hours": 158}, {"code": "MP1420", "name": "Riscos relacionados coa seguridade viaria", "hours": 132}, {"code": "MP1416", "name": "Situacións de emerxencia", "hours": 158}, {"code": "MP1708", "name": "Sostibilidade aplicada ao sistema produtivo", "hours": 30}, {"code": "MP1412", "name": "Condicións de seguridade e seguridade industrial", "hours": 246}, {"code": "MP1665", "name": "Dixitalización aplicada ao sistema produtivo", "hours": 30}, {"code": "MP1710", "name": "Itinerario persoal para a empregabilidade II", "hours": 50}, {"code": "MP1421", "name": "Proxecto intermodular de prevención de riscos profesionais", "hours": 50}, {"code": "MP1414", "name": "Riscos químicos e biolóxicos ambientais", "hours": 219}, {"code": "MP1418", "name": "Ruídos e vibracións", "hours": 136}, {"code": "MP1419", "name": "Xestión da prevención e responsabilidade xurídica", "hours": 219}], "learned": "vención de riscos laborais asesorando e apoiando a estrutura xerárquica da empresa na actividade laboral e nos desprazamentos para a súa realización, identificando os riscos, avaliándoos e planificando o desenvolvemento das medidas de seguridade para a prevención e protección da saúde das persoas traballadoras, así como cooperar en situacións de emerxencia, de acordo coas normas e cos protocolos establecidos.", "work_context": "refas do/da traballador/a designado/a, a persoa coordinadora de actividades empresariais, recurso preventivo, formando parte do servizo de prevención propio ou mancomunado ou do servizo de prevención alleo, ou desempeñan- do as funcións para as que, de ser o caso, faculte o ordenamento xurídico."}'::jsonb,
  'official_upload',
  now(),
  now(),
  now()
)
on conflict (id) do update set
  name=excluded.name,
  type=excluded.type,
  level=excluded.level,
  family=excluded.family,
  jurisdiction=excluded.jurisdiction,
  route=excluded.route,
  subjects=excluded.subjects,
  ponderation_subjects=excluded.ponderation_subjects,
  route_options=excluded.route_options,
  availability_by_province=excluded.availability_by_province,
  sources=excluded.sources,
  source_url=excluded.source_url,
  source_id=excluded.source_id,
  raw=excluded.raw,
  data_quality=excluded.data_quality,
  verified_at=excluded.verified_at,
  last_seen_at=excluded.last_seen_at,
  updated_at=now();


insert into public.itinera_fp_catalog_details(id,study_id,learned,work_context,jobs,modules,source_file,raw)
values ('detail-fp-v36-cs-prevencion-en-riscos-profesionais','fp-v36-cs-prevencion-en-riscos-profesionais','vención de riscos laborais asesorando e apoiando a estrutura xerárquica da empresa na actividade laboral e nos desprazamentos para a súa realización, identificando os riscos, avaliándoos e planificando o desenvolvemento das medidas de seguridade para a prevención e protección da saúde das persoas traballadoras, así como cooperar en situacións de emerxencia, de acordo coas normas e cos protocolos establecidos.','refas do/da traballador/a designado/a, a persoa coordinadora de actividades empresariais, recurso preventivo, formando parte do servizo de prevención propio ou mancomunado ou do servizo de prevención alleo, ou desempeñan- do as funcións para as que, de ser o caso, faculte o ordenamento xurídico.','["guridade e saúde no traballo", "encargado/a da coordinación das actividades preventivas", "coordinador/a de seguridade e saúde nas obras de construción."]'::jsonb,'[{"code": "MP1411", "name": "Estrutura da empresa e prevención de riscos", "hours": 132}, {"code": "MP0179", "name": "Inglés profesional", "hours": 60}, {"code": "MP1709", "name": "Itinerario persoal para a empregabilidade I", "hours": 107}, {"code": "MP1415", "name": "Riscos ergonómicos e psicosociais", "hours": 183}, {"code": "MP1413", "name": "Riscos físicos ambientais", "hours": 158}, {"code": "MP1420", "name": "Riscos relacionados coa seguridade viaria", "hours": 132}, {"code": "MP1416", "name": "Situacións de emerxencia", "hours": 158}, {"code": "MP1708", "name": "Sostibilidade aplicada ao sistema produtivo", "hours": 30}, {"code": "MP1412", "name": "Condicións de seguridade e seguridade industrial", "hours": 246}, {"code": "MP1665", "name": "Dixitalización aplicada ao sistema produtivo", "hours": 30}, {"code": "MP1710", "name": "Itinerario persoal para a empregabilidade II", "hours": 50}, {"code": "MP1421", "name": "Proxecto intermodular de prevención de riscos profesionais", "hours": 50}, {"code": "MP1414", "name": "Riscos químicos e biolóxicos ambientais", "hours": 219}, {"code": "MP1418", "name": "Ruídos e vibracións", "hours": 136}, {"code": "MP1419", "name": "Xestión da prevención e responsabilidade xurídica", "hours": 219}]'::jsonb,'21-seguridade_e_medio_ambiente_v7.pdf',jsonb_build_object('source_upload','3 base de datos itinera.zip','duration_hours','2000'))
on conflict (id) do update set study_id=excluded.study_id,learned=excluded.learned,work_context=excluded.work_context,jobs=excluded.jobs,modules=excluded.modules,source_file=excluded.source_file,raw=excluded.raw,updated_at=now();


insert into public.itinera_studies(id,name,type,level,family,jurisdiction,official_title,route,subjects,ponderation_subjects,route_options,availability_by_province,sources,source_url,source_id,raw,data_quality,verified_at,last_seen_at,updated_at)
values (
  'fp-v36-cs-quimica-e-saude-ambiental',
  'Química e saúde ambiental',
  'fpgs',
  'Ciclo formativo de grao superior',
  'Seguridade e medio ambiente',
  'Galicia',
  true,
  'Consultar requisitos, prazas, centros, modalidade e fontes oficiais antes de decidir.',
  '["Control de augas", "Control de organismos nocivos", "Control de residuos", "Educación para a saúde e o ambiente", "Inglés profesional", "Itinerario persoal para a empregabilidade I", "Sistemas de xestión ambiental", "Sostibilidade aplicada ao sistema produtivo", "Contaminación ambiental e atmosférica", "Control e seguridade alimentaria", "Dixitalización aplicada ao sistema produtivo", "Itinerario persoal para a empregabilidade II"]'::jsonb,
  '[{"subject": "Non aplica ou consultar fonte oficial", "weight": "consultar fonte oficial"}]'::jsonb,
  '[]'::jsonb,
  '{"Galicia": ["Consultar oferta por provincia, centro, modalidade e curso na Xunta FP."]}'::jsonb,
  '["xunta-fp-catalogo-familias-2025-2026", "xunta-fp-ciclos", "todofp-familias"]'::jsonb,
  'https://www.edu.xunta.gal/fp/oferta-fp',
  'xunta-fp-catalogo-familias-2025-2026',
  '{"source_upload": "3 base de datos itinera.zip", "source_file": "21-seguridade_e_medio_ambiente_v7.pdf", "duration_hours": 2000, "modules": [{"code": "MP1548", "name": "Control de augas", "hours": 319}, {"code": "MP1553", "name": "Control de organismos nocivos", "hours": 160}, {"code": "MP1549", "name": "Control de residuos", "hours": 107}, {"code": "MP1547", "name": "Educación para a saúde e o ambiente", "hours": 107}, {"code": "MP0179", "name": "Inglés profesional", "hours": 60}, {"code": "MP1709", "name": "Itinerario persoal para a empregabilidade I", "hours": 107}, {"code": "MP1546", "name": "Sistemas de xestión ambiental", "hours": 70}, {"code": "MP1708", "name": "Sostibilidade aplicada ao sistema produtivo", "hours": 30}, {"code": "MP1552", "name": "Contaminación ambiental e atmosférica", "hours": 219}, {"code": "MP1551", "name": "Control e seguridade alimentaria", "hours": 300}, {"code": "MP1665", "name": "Dixitalización aplicada ao sistema produtivo", "hours": 30}, {"code": "MP1710", "name": "Itinerario persoal para a empregabilidade II", "hours": 50}, {"code": "MP1555", "name": "Proxecto intermodular de química e saúde ambiental", "hours": 50}, {"code": "MP1550", "name": "Saúde e riscos do medio construído", "hours": 164}, {"code": "MP1554", "name": "Unidade de saúde ambiental", "hours": 137}], "learned": "alimentario, participar na posta en marcha e no desenvolvemento de siste- mas de xestión ambiental e intervir en programas de educación para a saúde pública e comunitaria, baixo a supervisión, de ser o caso, do/da superior res- ponsable, de acordo cos protocolos establecidos, respectando a normativa de referencia, e en condicións de calidade e seguridade.", "work_context": "produtivos potencialmente contaminadores e na administración estatal, au- tonómica e local en servizos relacionados coa saúde e/ou o ambiente. Poden formar parte de equipos de inspección sanitaria, de laboratorios de análises, centros de investigación, centros universitarios, explotacións agrarias e em- presas de servizos de control ambiental."}'::jsonb,
  'official_upload',
  now(),
  now(),
  now()
)
on conflict (id) do update set
  name=excluded.name,
  type=excluded.type,
  level=excluded.level,
  family=excluded.family,
  jurisdiction=excluded.jurisdiction,
  route=excluded.route,
  subjects=excluded.subjects,
  ponderation_subjects=excluded.ponderation_subjects,
  route_options=excluded.route_options,
  availability_by_province=excluded.availability_by_province,
  sources=excluded.sources,
  source_url=excluded.source_url,
  source_id=excluded.source_id,
  raw=excluded.raw,
  data_quality=excluded.data_quality,
  verified_at=excluded.verified_at,
  last_seen_at=excluded.last_seen_at,
  updated_at=now();


insert into public.itinera_fp_catalog_details(id,study_id,learned,work_context,jobs,modules,source_file,raw)
values ('detail-fp-v36-cs-quimica-e-saude-ambiental','fp-v36-cs-quimica-e-saude-ambiental','alimentario, participar na posta en marcha e no desenvolvemento de siste- mas de xestión ambiental e intervir en programas de educación para a saúde pública e comunitaria, baixo a supervisión, de ser o caso, do/da superior res- ponsable, de acordo cos protocolos establecidos, respectando a normativa de referencia, e en condicións de calidade e seguridade.','produtivos potencialmente contaminadores e na administración estatal, au- tonómica e local en servizos relacionados coa saúde e/ou o ambiente. Poden formar parte de equipos de inspección sanitaria, de laboratorios de análises, centros de investigación, centros universitarios, explotacións agrarias e em- presas de servizos de control ambiental.','["biental", "programador/a de actividades ambientais", "documentalista ambien- tal", "técnico/a de control sanitario (alimentos", "augas", "atmosfera", "residuos...)", "- técnico/a de control de contaminación atmosférica", "técnico/a de control de contaminación acústica", "técnico/a de control de organismos nocivos", "técni- co/a en control de pragas no medio urbano e na contorna natural asociada", "comercial de información de produtos biocidas e fitosanitarios."]'::jsonb,'[{"code": "MP1548", "name": "Control de augas", "hours": 319}, {"code": "MP1553", "name": "Control de organismos nocivos", "hours": 160}, {"code": "MP1549", "name": "Control de residuos", "hours": 107}, {"code": "MP1547", "name": "Educación para a saúde e o ambiente", "hours": 107}, {"code": "MP0179", "name": "Inglés profesional", "hours": 60}, {"code": "MP1709", "name": "Itinerario persoal para a empregabilidade I", "hours": 107}, {"code": "MP1546", "name": "Sistemas de xestión ambiental", "hours": 70}, {"code": "MP1708", "name": "Sostibilidade aplicada ao sistema produtivo", "hours": 30}, {"code": "MP1552", "name": "Contaminación ambiental e atmosférica", "hours": 219}, {"code": "MP1551", "name": "Control e seguridade alimentaria", "hours": 300}, {"code": "MP1665", "name": "Dixitalización aplicada ao sistema produtivo", "hours": 30}, {"code": "MP1710", "name": "Itinerario persoal para a empregabilidade II", "hours": 50}, {"code": "MP1555", "name": "Proxecto intermodular de química e saúde ambiental", "hours": 50}, {"code": "MP1550", "name": "Saúde e riscos do medio construído", "hours": 164}, {"code": "MP1554", "name": "Unidade de saúde ambiental", "hours": 137}]'::jsonb,'21-seguridade_e_medio_ambiente_v7.pdf',jsonb_build_object('source_upload','3 base de datos itinera.zip','duration_hours','2000'))
on conflict (id) do update set study_id=excluded.study_id,learned=excluded.learned,work_context=excluded.work_context,jobs=excluded.jobs,modules=excluded.modules,source_file=excluded.source_file,raw=excluded.raw,updated_at=now();


insert into public.itinera_studies(id,name,type,level,family,jurisdiction,official_title,route,subjects,ponderation_subjects,route_options,availability_by_province,sources,source_url,source_id,raw,data_quality,verified_at,last_seen_at,updated_at)
values (
  'fp-v36-cb-actividades-domesticas-e-limpeza-de-edificios',
  'Actividades domésticas e limpeza de edificios',
  'fpb',
  'Ciclo formativo de grao básico',
  'Servizos socioculturais e á comunidade',
  'Galicia',
  true,
  'Consultar requisitos, prazas, centros, modalidade e fontes oficiais antes de decidir.',
  '["Ciencias aplicadas I", "Cociña doméstica", "Comunicación e ciencias sociais I", "Itinerario persoal para a empregabilidade", "Mantemento de pezas de vestir e roupa de fogar", "Ciencias aplicadas II", "Comunicación e ciencias sociais II", "Limpeza con máquinas", "Limpeza de domicilios particulares, edificios, oficinas e locais", "Proxecto intermodular de aprendizaxe colaborativa", "Seguridade no ámbito doméstico"]'::jsonb,
  '[{"subject": "Non aplica ou consultar fonte oficial", "weight": "consultar fonte oficial"}]'::jsonb,
  '[]'::jsonb,
  '{"Galicia": ["Consultar oferta por provincia, centro, modalidade e curso na Xunta FP."]}'::jsonb,
  '["xunta-fp-catalogo-familias-2025-2026", "xunta-fp-ciclos", "todofp-familias"]'::jsonb,
  'https://www.edu.xunta.gal/fp/oferta-fp',
  'xunta-fp-catalogo-familias-2025-2026',
  '{"source_upload": "3 base de datos itinera.zip", "source_file": "22-servizos_v7.pdf", "duration_hours": 2000, "modules": [{"code": "AM3163", "name": "Ciencias aplicadas I", "hours": 146}, {"code": "MP3102", "name": "Cociña doméstica", "hours": 237}, {"code": "AM3161", "name": "Comunicación e ciencias sociais I", "hours": 175}, {"code": "MP3159", "name": "Itinerario persoal para a empregabilidade", "hours": 60}, {"code": "MP3098", "name": "Mantemento de pezas de vestir e roupa de fogar", "hours": 175}, {"code": "AM3164", "name": "Ciencias aplicadas II", "hours": 146}, {"code": "AM3162", "name": "Comunicación e ciencias sociais II", "hours": 125}, {"code": "MP3116", "name": "Limpeza con máquinas", "hours": 163}, {"code": "MP3104", "name": "Limpeza de domicilios particulares, edificios, oficinas e locais", "hours": 408}, {"code": "MP3160", "name": "Proxecto intermodular de aprendizaxe colaborativa", "hours": 25}, {"code": "MP3146", "name": "Seguridade no ámbito doméstico", "hours": 163}], "learned": "apoio a persoas no ámbito doméstico, así como realizar operacións básicas de limpeza en edificios, oficinas e locais comerciais, seguindo instrucións e respectando as normas de calidade e a normativa ambiental e de seguridade e hixiene no traballo vixente, e comunicándose de xeito oral e escrito en linguas galega e castelá, así como nalgunha lingua estranxeira.", "work_context": "cas ou privadas de calquera tamaño, no sector da limpeza e hixienización de calquera clase de edificios, locais, centros ou institucións sanitarias e de saúde, públicos ou privados, industrias, elementos de transporte (terrestre, aéreo ou marítimo), máquinas, espazos e instalacións, soportes publicitarios e moblaxe urbana. Desempeñará as súas funcións seguindo instrucións reci- bidas e baixo a supervisión directa de persoal responsable, e poderá traba- llar de xeito autónomo ou integrarse nun equipo de traballo."}'::jsonb,
  'official_upload',
  now(),
  now(),
  now()
)
on conflict (id) do update set
  name=excluded.name,
  type=excluded.type,
  level=excluded.level,
  family=excluded.family,
  jurisdiction=excluded.jurisdiction,
  route=excluded.route,
  subjects=excluded.subjects,
  ponderation_subjects=excluded.ponderation_subjects,
  route_options=excluded.route_options,
  availability_by_province=excluded.availability_by_province,
  sources=excluded.sources,
  source_url=excluded.source_url,
  source_id=excluded.source_id,
  raw=excluded.raw,
  data_quality=excluded.data_quality,
  verified_at=excluded.verified_at,
  last_seen_at=excluded.last_seen_at,
  updated_at=now();


insert into public.itinera_fp_catalog_details(id,study_id,learned,work_context,jobs,modules,source_file,raw)
values ('detail-fp-v36-cb-actividades-domesticas-e-limpeza-de-edificios','fp-v36-cb-actividades-domesticas-e-limpeza-de-edificios','apoio a persoas no ámbito doméstico, así como realizar operacións básicas de limpeza en edificios, oficinas e locais comerciais, seguindo instrucións e respectando as normas de calidade e a normativa ambiental e de seguridade e hixiene no traballo vixente, e comunicándose de xeito oral e escrito en linguas galega e castelá, así como nalgunha lingua estranxeira.','cas ou privadas de calquera tamaño, no sector da limpeza e hixienización de calquera clase de edificios, locais, centros ou institucións sanitarias e de saúde, públicos ou privados, industrias, elementos de transporte (terrestre, aéreo ou marítimo), máquinas, espazos e instalacións, soportes publicitarios e moblaxe urbana. Desempeñará as súas funcións seguindo instrucións reci- bidas e baixo a supervisión directa de persoal responsable, e poderá traba- llar de xeito autónomo ou integrarse nun equipo de traballo.','["méstico/a, empregado/a de fogar", "limpador/a", "peón/peoa especialista de limpeza", "especialista de limpeza", "limpador/a de cristais."]'::jsonb,'[{"code": "AM3163", "name": "Ciencias aplicadas I", "hours": 146}, {"code": "MP3102", "name": "Cociña doméstica", "hours": 237}, {"code": "AM3161", "name": "Comunicación e ciencias sociais I", "hours": 175}, {"code": "MP3159", "name": "Itinerario persoal para a empregabilidade", "hours": 60}, {"code": "MP3098", "name": "Mantemento de pezas de vestir e roupa de fogar", "hours": 175}, {"code": "AM3164", "name": "Ciencias aplicadas II", "hours": 146}, {"code": "AM3162", "name": "Comunicación e ciencias sociais II", "hours": 125}, {"code": "MP3116", "name": "Limpeza con máquinas", "hours": 163}, {"code": "MP3104", "name": "Limpeza de domicilios particulares, edificios, oficinas e locais", "hours": 408}, {"code": "MP3160", "name": "Proxecto intermodular de aprendizaxe colaborativa", "hours": 25}, {"code": "MP3146", "name": "Seguridade no ámbito doméstico", "hours": 163}]'::jsonb,'22-servizos_v7.pdf',jsonb_build_object('source_upload','3 base de datos itinera.zip','duration_hours','2000'))
on conflict (id) do update set study_id=excluded.study_id,learned=excluded.learned,work_context=excluded.work_context,jobs=excluded.jobs,modules=excluded.modules,source_file=excluded.source_file,raw=excluded.raw,updated_at=now();


insert into public.itinera_studies(id,name,type,level,family,jurisdiction,official_title,route,subjects,ponderation_subjects,route_options,availability_by_province,sources,source_url,source_id,raw,data_quality,verified_at,last_seen_at,updated_at)
values (
  'fp-v36-cm-atencion-a-persoas-en-situacion-de-dependencia',
  'Atención a persoas en situación de dependencia',
  'fpgm',
  'Ciclo formativo de grao medio',
  'Servizos socioculturais e á comunidade',
  'Galicia',
  true,
  'Consultar requisitos, prazas, centros, modalidade e fontes oficiais antes de decidir.',
  '["Apoio domiciliario", "Atención e apoio psicosocial", "Atención sanitaria", "pendencia", "Inglés profesional", "Itinerario persoal para a empregabilidade I", "Sostibilidade aplicada ao sistema produtivo", "Apoio á comunicación", "Atención hixiénica", "Destrezas sociais", "Dixitalización aplicada ao sistema produtivo", "Itinerario persoal para a empregabilidade II"]'::jsonb,
  '[{"subject": "Non aplica ou consultar fonte oficial", "weight": "consultar fonte oficial"}]'::jsonb,
  '[]'::jsonb,
  '{"Galicia": ["Consultar oferta por provincia, centro, modalidade e curso na Xunta FP."]}'::jsonb,
  '["xunta-fp-catalogo-familias-2025-2026", "xunta-fp-ciclos", "todofp-familias"]'::jsonb,
  'https://www.edu.xunta.gal/fp/oferta-fp',
  'xunta-fp-catalogo-familias-2025-2026',
  '{"source_upload": "3 base de datos itinera.zip", "source_file": "22-servizos_v7.pdf", "duration_hours": 2000, "modules": [{"code": "MP0215", "name": "Apoio domiciliario", "hours": 210}, {"code": "MP0213", "name": "Atención e apoio psicosocial", "hours": 210}, {"code": "MP0216", "name": "Atención sanitaria", "hours": 183}, {"code": "MP0212", "name": "pendencia", "hours": 160}, {"code": "MP0156", "name": "Inglés profesional", "hours": 60}, {"code": "MP1709", "name": "Itinerario persoal para a empregabilidade I", "hours": 107}, {"code": "MP1708", "name": "Sostibilidade aplicada ao sistema produtivo", "hours": 30}, {"code": "MP0214", "name": "Apoio á comunicación", "hours": 137}, {"code": "MP0217", "name": "Atención hixiénica", "hours": 137}, {"code": "MP0211", "name": "Destrezas sociais", "hours": 163}, {"code": "MP1664", "name": "Dixitalización aplicada ao sistema produtivo", "hours": 30}, {"code": "MP1710", "name": "Itinerario persoal para a empregabilidade II", "hours": 50}, {"code": "MP0210", "name": "Organización da atención ás persoas en situación de depen-", "hours": 164}, {"code": "MP0020", "name": "Primeiros auxilios", "hours": 82}, {"code": "MP1713", "name": "Proxecto intermodular", "hours": 50}, {"code": "MP0831", "name": "Teleasistencia", "hours": 137}], "learned": "institucional, co fin de manter e mellorar a súa calidade de vida, realizando actividades asistenciais e non asistenciais, psicosociais e de apoio á xestión doméstica, aplicando medidas e normas de prevención e seguridade, e deri- vándoas a outros servizos en caso necesario.", "work_context": "apoio á xestión doméstica."}'::jsonb,
  'official_upload',
  now(),
  now(),
  now()
)
on conflict (id) do update set
  name=excluded.name,
  type=excluded.type,
  level=excluded.level,
  family=excluded.family,
  jurisdiction=excluded.jurisdiction,
  route=excluded.route,
  subjects=excluded.subjects,
  ponderation_subjects=excluded.ponderation_subjects,
  route_options=excluded.route_options,
  availability_by_province=excluded.availability_by_province,
  sources=excluded.sources,
  source_url=excluded.source_url,
  source_id=excluded.source_id,
  raw=excluded.raw,
  data_quality=excluded.data_quality,
  verified_at=excluded.verified_at,
  last_seen_at=excluded.last_seen_at,
  updated_at=now();


insert into public.itinera_fp_catalog_details(id,study_id,learned,work_context,jobs,modules,source_file,raw)
values ('detail-fp-v36-cm-atencion-a-persoas-en-situacion-de-dependencia','fp-v36-cm-atencion-a-persoas-en-situacion-de-dependencia','institucional, co fin de manter e mellorar a súa calidade de vida, realizando actividades asistenciais e non asistenciais, psicosociais e de apoio á xestión doméstica, aplicando medidas e normas de prevención e seguridade, e deri- vándoas a outros servizos en caso necesario.','apoio á xestión doméstica.','["domicilios", "coidador/a en centros de atención psiquiátrica", "xerocultor/a", "go- bernante/a", "subgobernante/a de persoas en situación de dependencia en Institucións", "auxiliar responsable de planta de residencias de maiores e per- soas con discapacidade", "auxiliar de axuda a domicilio", "asistente de atención domiciliaria", "traballador/a familiar", "auxiliar de educación especial", "asistente persoal", "teleoperador/a de teleasistencia."]'::jsonb,'[{"code": "MP0215", "name": "Apoio domiciliario", "hours": 210}, {"code": "MP0213", "name": "Atención e apoio psicosocial", "hours": 210}, {"code": "MP0216", "name": "Atención sanitaria", "hours": 183}, {"code": "MP0212", "name": "pendencia", "hours": 160}, {"code": "MP0156", "name": "Inglés profesional", "hours": 60}, {"code": "MP1709", "name": "Itinerario persoal para a empregabilidade I", "hours": 107}, {"code": "MP1708", "name": "Sostibilidade aplicada ao sistema produtivo", "hours": 30}, {"code": "MP0214", "name": "Apoio á comunicación", "hours": 137}, {"code": "MP0217", "name": "Atención hixiénica", "hours": 137}, {"code": "MP0211", "name": "Destrezas sociais", "hours": 163}, {"code": "MP1664", "name": "Dixitalización aplicada ao sistema produtivo", "hours": 30}, {"code": "MP1710", "name": "Itinerario persoal para a empregabilidade II", "hours": 50}, {"code": "MP0210", "name": "Organización da atención ás persoas en situación de depen-", "hours": 164}, {"code": "MP0020", "name": "Primeiros auxilios", "hours": 82}, {"code": "MP1713", "name": "Proxecto intermodular", "hours": 50}, {"code": "MP0831", "name": "Teleasistencia", "hours": 137}]'::jsonb,'22-servizos_v7.pdf',jsonb_build_object('source_upload','3 base de datos itinera.zip','duration_hours','2000'))
on conflict (id) do update set study_id=excluded.study_id,learned=excluded.learned,work_context=excluded.work_context,jobs=excluded.jobs,modules=excluded.modules,source_file=excluded.source_file,raw=excluded.raw,updated_at=now();


insert into public.itinera_studies(id,name,type,level,family,jurisdiction,official_title,route,subjects,ponderation_subjects,route_options,availability_by_province,sources,source_url,source_id,raw,data_quality,verified_at,last_seen_at,updated_at)
values (
  'fp-v36-cs-animacion-sociocultural-e-turistica',
  'Animación sociocultural e turística',
  'fpgs',
  'Ciclo formativo de grao superior',
  'Servizos socioculturais e á comunidade',
  'Galicia',
  true,
  'Consultar requisitos, prazas, centros, modalidade e fontes oficiais antes de decidir.',
  '["Animación e xestión cultural", "Contexto da animación sociocultural", "Desenvolvemento comunitario", "Información xuvenil", "Inglés profesional", "Itinerario persoal para a empregabilidade I", "Metodoloxía da intervención social", "Sostibilidade aplicada ao sistema produtivo", "Actividades de lecer e tempo libre", "Animación turística", "Dinamización grupal", "Dixitalización aplicada ao sistema produtivo"]'::jsonb,
  '[{"subject": "Non aplica ou consultar fonte oficial", "weight": "consultar fonte oficial"}]'::jsonb,
  '[]'::jsonb,
  '{"Galicia": ["Consultar oferta por provincia, centro, modalidade e curso na Xunta FP."]}'::jsonb,
  '["xunta-fp-catalogo-familias-2025-2026", "xunta-fp-ciclos", "todofp-familias"]'::jsonb,
  'https://www.edu.xunta.gal/fp/oferta-fp',
  'xunta-fp-catalogo-familias-2025-2026',
  '{"source_upload": "3 base de datos itinera.zip", "source_file": "22-servizos_v7.pdf", "duration_hours": 2000, "modules": [{"code": "MP1125", "name": "Animación e xestión cultural", "hours": 207}, {"code": "MP1131", "name": "Contexto da animación sociocultural", "hours": 104}, {"code": "MP1128", "name": "Desenvolvemento comunitario", "hours": 104}, {"code": "MP1129", "name": "Información xuvenil", "hours": 129}, {"code": "MP0179", "name": "Inglés profesional", "hours": 60}, {"code": "MP1709", "name": "Itinerario persoal para a empregabilidade I", "hours": 107}, {"code": "MP0344", "name": "Metodoloxía da intervención social", "hours": 129}, {"code": "MP1708", "name": "Sostibilidade aplicada ao sistema produtivo", "hours": 30}, {"code": "MP1123", "name": "Actividades de lecer e tempo libre", "hours": 240}, {"code": "MP1126", "name": "Animación turística", "hours": 244}, {"code": "MP1124", "name": "Dinamización grupal", "hours": 160}, {"code": "MP1665", "name": "Dixitalización aplicada ao sistema produtivo", "hours": 30}, {"code": "MP1130", "name": "Intervención socioeducativa con xente nova", "hours": 184}, {"code": "MP1710", "name": "Itinerario persoal para a empregabilidade II", "hours": 50}, {"code": "MP0020", "name": "Primeiros auxilios", "hours": 82}, {"code": "MP1132", "name": "Proxecto intermodular de animación sociocultural e turística", "hours": 50}], "learned": "sociocultural e turística, promovendo a participación activa das persoas e dos grupos destinatarios, e coordinando as actuacións de profesionais e persoal voluntario ao seu cargo.", "work_context": "formación xuvenil), no sector dos servizos culturais (lectura e información, tecnoloxías da información e da comunicación, etc.) e de recursos e produtos culturais diversos, e nos sectores de servizos turísticos e de lecer e tempo libre (actividades lúdicas e deportivas, ambientais e de aire libre)."}'::jsonb,
  'official_upload',
  now(),
  now(),
  now()
)
on conflict (id) do update set
  name=excluded.name,
  type=excluded.type,
  level=excluded.level,
  family=excluded.family,
  jurisdiction=excluded.jurisdiction,
  route=excluded.route,
  subjects=excluded.subjects,
  ponderation_subjects=excluded.ponderation_subjects,
  route_options=excluded.route_options,
  availability_by_province=excluded.availability_by_province,
  sources=excluded.sources,
  source_url=excluded.source_url,
  source_id=excluded.source_id,
  raw=excluded.raw,
  data_quality=excluded.data_quality,
  verified_at=excluded.verified_at,
  last_seen_at=excluded.last_seen_at,
  updated_at=now();


insert into public.itinera_fp_catalog_details(id,study_id,learned,work_context,jobs,modules,source_file,raw)
values ('detail-fp-v36-cs-animacion-sociocultural-e-turistica','fp-v36-cs-animacion-sociocultural-e-turistica','sociocultural e turística, promovendo a participación activa das persoas e dos grupos destinatarios, e coordinando as actuacións de profesionais e persoal voluntario ao seu cargo.','formación xuvenil), no sector dos servizos culturais (lectura e información, tecnoloxías da información e da comunicación, etc.) e de recursos e produtos culturais diversos, e nos sectores de servizos turísticos e de lecer e tempo libre (actividades lúdicas e deportivas, ambientais e de aire libre).','["tempo libre educativo infantil e xuvenil", "responsable de proxectos de tempo libre educativo infantil e xuvenil", "monitor/a de tempo libre", "ani- mador/a sociocultural", "dinamizador/a comunitario/a", "asesor/a para o sector asociativo", "técnico/a comunitario/a", "xestor/a de asociacións", "técnico/a de servizos culturais", "animador/a cultural", "Informador/a xuvenil", "animador/a de hotel", "animador/a de veladas e espectáculos", "animador/a de actividades re- creativas ao aire libre en complexos turísticos", "xefe/a de departamento en animación turística."]'::jsonb,'[{"code": "MP1125", "name": "Animación e xestión cultural", "hours": 207}, {"code": "MP1131", "name": "Contexto da animación sociocultural", "hours": 104}, {"code": "MP1128", "name": "Desenvolvemento comunitario", "hours": 104}, {"code": "MP1129", "name": "Información xuvenil", "hours": 129}, {"code": "MP0179", "name": "Inglés profesional", "hours": 60}, {"code": "MP1709", "name": "Itinerario persoal para a empregabilidade I", "hours": 107}, {"code": "MP0344", "name": "Metodoloxía da intervención social", "hours": 129}, {"code": "MP1708", "name": "Sostibilidade aplicada ao sistema produtivo", "hours": 30}, {"code": "MP1123", "name": "Actividades de lecer e tempo libre", "hours": 240}, {"code": "MP1126", "name": "Animación turística", "hours": 244}, {"code": "MP1124", "name": "Dinamización grupal", "hours": 160}, {"code": "MP1665", "name": "Dixitalización aplicada ao sistema produtivo", "hours": 30}, {"code": "MP1130", "name": "Intervención socioeducativa con xente nova", "hours": 184}, {"code": "MP1710", "name": "Itinerario persoal para a empregabilidade II", "hours": 50}, {"code": "MP0020", "name": "Primeiros auxilios", "hours": 82}, {"code": "MP1132", "name": "Proxecto intermodular de animación sociocultural e turística", "hours": 50}]'::jsonb,'22-servizos_v7.pdf',jsonb_build_object('source_upload','3 base de datos itinera.zip','duration_hours','2000'))
on conflict (id) do update set study_id=excluded.study_id,learned=excluded.learned,work_context=excluded.work_context,jobs=excluded.jobs,modules=excluded.modules,source_file=excluded.source_file,raw=excluded.raw,updated_at=now();


insert into public.itinera_studies(id,name,type,level,family,jurisdiction,official_title,route,subjects,ponderation_subjects,route_options,availability_by_province,sources,source_url,source_id,raw,data_quality,verified_at,last_seen_at,updated_at)
values (
  'fp-v36-cs-educacion-infantil',
  'Educación infantil',
  'fpgs',
  'Ciclo formativo de grao superior',
  'Servizos socioculturais e á comunidade',
  'Galicia',
  true,
  'Consultar requisitos, prazas, centros, modalidade e fontes oficiais antes de decidir.',
  '["Desenvolvemento cognitivo e motor", "Didáctica da educación infantil", "Expresión e comunicación", "Inglés profesional", "Itinerario persoal para a empregabilidade I", "O xogo infantil e a súa metodoloxía", "Sostibilidade aplicada ao sistema produtivo", "Autonomía persoal e saúde infantil", "Desenvolvemento socioafectivo", "Dixitalización aplicada ao sistema produtivo", "Habilidades sociais", "Intervención con familias e atención a menores en risco social"]'::jsonb,
  '[{"subject": "Non aplica ou consultar fonte oficial", "weight": "consultar fonte oficial"}]'::jsonb,
  '[]'::jsonb,
  '{"Galicia": ["Consultar oferta por provincia, centro, modalidade e curso na Xunta FP."]}'::jsonb,
  '["xunta-fp-catalogo-familias-2025-2026", "xunta-fp-ciclos", "todofp-familias"]'::jsonb,
  'https://www.edu.xunta.gal/fp/oferta-fp',
  'xunta-fp-catalogo-familias-2025-2026',
  '{"source_upload": "3 base de datos itinera.zip", "source_file": "22-servizos_v7.pdf", "duration_hours": 2000, "modules": [{"code": "MP0015", "name": "Desenvolvemento cognitivo e motor", "hours": 183}, {"code": "MP0011", "name": "Didáctica da educación infantil", "hours": 240}, {"code": "MP0014", "name": "Expresión e comunicación", "hours": 183}, {"code": "MP0179", "name": "Inglés profesional", "hours": 60}, {"code": "MP1709", "name": "Itinerario persoal para a empregabilidade I", "hours": 107}, {"code": "MP0013", "name": "O xogo infantil e a súa metodoloxía", "hours": 157}, {"code": "MP1708", "name": "Sostibilidade aplicada ao sistema produtivo", "hours": 30}, {"code": "MP0012", "name": "Autonomía persoal e saúde infantil", "hours": 219}, {"code": "MP0016", "name": "Desenvolvemento socioafectivo", "hours": 191}, {"code": "MP1665", "name": "Dixitalización aplicada ao sistema produtivo", "hours": 30}, {"code": "MP0017", "name": "Habilidades sociais", "hours": 164}, {"code": "MP0018", "name": "Intervención con familias e atención a menores en risco social", "hours": 164}, {"code": "MP1710", "name": "Itinerario persoal para a empregabilidade II", "hours": 50}, {"code": "MP0020", "name": "Primeiros auxilios", "hours": 82}, {"code": "MP0019", "name": "Proxecto intermodular de atención á infancia", "hours": 50}], "learned": "atención á infancia no primeiro ciclo de educación infantil no ámbito formal, consonte a proposta pedagóxica elaborada por un mestre ou unha mestra coa especialización en educación infantil ou título de grao equivalente, e en toda a etapa no ámbito non formal, xerando contornos seguros e en colabo- ración con profesionais e coas familias.", "work_context": "de atención á infancia."}'::jsonb,
  'official_upload',
  now(),
  now(),
  now()
)
on conflict (id) do update set
  name=excluded.name,
  type=excluded.type,
  level=excluded.level,
  family=excluded.family,
  jurisdiction=excluded.jurisdiction,
  route=excluded.route,
  subjects=excluded.subjects,
  ponderation_subjects=excluded.ponderation_subjects,
  route_options=excluded.route_options,
  availability_by_province=excluded.availability_by_province,
  sources=excluded.sources,
  source_url=excluded.source_url,
  source_id=excluded.source_id,
  raw=excluded.raw,
  data_quality=excluded.data_quality,
  verified_at=excluded.verified_at,
  last_seen_at=excluded.last_seen_at,
  updated_at=now();


insert into public.itinera_fp_catalog_details(id,study_id,learned,work_context,jobs,modules,source_file,raw)
values ('detail-fp-v36-cs-educacion-infantil','fp-v36-cs-educacion-infantil','atención á infancia no primeiro ciclo de educación infantil no ámbito formal, consonte a proposta pedagóxica elaborada por un mestre ou unha mestra coa especialización en educación infantil ou título de grao equivalente, e en toda a etapa no ámbito non formal, xerando contornos seguros e en colabo- ración con profesionais e coas familias.','de atención á infancia.','["sempre baixo a supervisión dun mestre ou dunha mestra, en institucións públicas e privadas"]'::jsonb,'[{"code": "MP0015", "name": "Desenvolvemento cognitivo e motor", "hours": 183}, {"code": "MP0011", "name": "Didáctica da educación infantil", "hours": 240}, {"code": "MP0014", "name": "Expresión e comunicación", "hours": 183}, {"code": "MP0179", "name": "Inglés profesional", "hours": 60}, {"code": "MP1709", "name": "Itinerario persoal para a empregabilidade I", "hours": 107}, {"code": "MP0013", "name": "O xogo infantil e a súa metodoloxía", "hours": 157}, {"code": "MP1708", "name": "Sostibilidade aplicada ao sistema produtivo", "hours": 30}, {"code": "MP0012", "name": "Autonomía persoal e saúde infantil", "hours": 219}, {"code": "MP0016", "name": "Desenvolvemento socioafectivo", "hours": 191}, {"code": "MP1665", "name": "Dixitalización aplicada ao sistema produtivo", "hours": 30}, {"code": "MP0017", "name": "Habilidades sociais", "hours": 164}, {"code": "MP0018", "name": "Intervención con familias e atención a menores en risco social", "hours": 164}, {"code": "MP1710", "name": "Itinerario persoal para a empregabilidade II", "hours": 50}, {"code": "MP0020", "name": "Primeiros auxilios", "hours": 82}, {"code": "MP0019", "name": "Proxecto intermodular de atención á infancia", "hours": 50}]'::jsonb,'22-servizos_v7.pdf',jsonb_build_object('source_upload','3 base de datos itinera.zip','duration_hours','2000'))
on conflict (id) do update set study_id=excluded.study_id,learned=excluded.learned,work_context=excluded.work_context,jobs=excluded.jobs,modules=excluded.modules,source_file=excluded.source_file,raw=excluded.raw,updated_at=now();


insert into public.itinera_studies(id,name,type,level,family,jurisdiction,official_title,route,subjects,ponderation_subjects,route_options,availability_by_province,sources,source_url,source_id,raw,data_quality,verified_at,last_seen_at,updated_at)
values (
  'fp-v36-cs-formacion-para-a-mobilidade-segura-e-sostible',
  'Formación para a mobilidade segura e sostible',
  'fpgs',
  'Ciclo formativo de grao superior',
  'Servizos socioculturais e á comunidade',
  'Galicia',
  true,
  'Consultar requisitos, prazas, centros, modalidade e fontes oficiais antes de decidir.',
  '["Didáctica da formación para a seguridade viaria", "Educación viaria", "Inglés profesional", "Itinerario persoal para a empregabilidade I", "Seguridade viaria", "Sostibilidade aplicada ao sistema produtivo", "Técnicas de condución", "Tecnoloxía básica do automóbil", "Tráfico, circulación de vehículos e transporte por estrada", "Didáctica do ensino práctico da condución", "Dixitalización aplicada ao sistema produtivo", "Itinerario persoal para a empregabilidade II"]'::jsonb,
  '[{"subject": "Non aplica ou consultar fonte oficial", "weight": "consultar fonte oficial"}]'::jsonb,
  '[]'::jsonb,
  '{"Galicia": ["Consultar oferta por provincia, centro, modalidade e curso na Xunta FP."]}'::jsonb,
  '["xunta-fp-catalogo-familias-2025-2026", "xunta-fp-ciclos", "todofp-familias"]'::jsonb,
  'https://www.edu.xunta.gal/fp/oferta-fp',
  'xunta-fp-catalogo-familias-2025-2026',
  '{"source_upload": "3 base de datos itinera.zip", "source_file": "22-servizos_v7.pdf", "duration_hours": 2000, "modules": [{"code": "MP1658", "name": "Didáctica da formación para a seguridade viaria", "hours": 106}, {"code": "MP1656", "name": "Educación viaria", "hours": 151}, {"code": "MP0179", "name": "Inglés profesional", "hours": 60}, {"code": "MP1709", "name": "Itinerario persoal para a empregabilidade I", "hours": 107}, {"code": "MP1657", "name": "Seguridade viaria", "hours": 178}, {"code": "MP1708", "name": "Sostibilidade aplicada ao sistema produtivo", "hours": 30}, {"code": "MP1653", "name": "Técnicas de condución", "hours": 76}, {"code": "MP1654", "name": "Tecnoloxía básica do automóbil", "hours": 50}, {"code": "MP1651", "name": "Tráfico, circulación de vehículos e transporte por estrada", "hours": 202}, {"code": "MP1655", "name": "Didáctica do ensino práctico da condución", "hours": 437}, {"code": "MP1665", "name": "Dixitalización aplicada ao sistema produtivo", "hours": 30}, {"code": "MP1710", "name": "Itinerario persoal para a empregabilidade II", "hours": 50}, {"code": "MP1659", "name": "Mobilidade segura e sostible", "hours": 164}, {"code": "MP1652", "name": "Organización da formación das persoas condutoras", "hours": 137}, {"code": "MP0020", "name": "Primeiros auxilios", "hours": 82}, {"code": "MP1660", "name": "Proxecto intermodular de formación para a mobilidade segura e", "hours": 50}], "learned": "incluíndo a relativa á convivencia cos distintos modos de transporte e o seu uso en condicións de seguridade e sustentabilidade ambiental, así como á mobilidade nas vías públicas, incluíndo a relativa á convivencia cos distintos modos de transporte e o seu uso en condicións de seguridade, formando e sensibilizando aspirantes á obtención do permiso ou a licenza de condu- ción, a condutores e condutoras e, en xeral, a calquera persoa usuaria da vía, educando en valores de seguridade viaria e sustentabilidade ambiental do transporte e instruíndo en prevención de accidentes viarios laborais e en mobilidade sustentable e segura.", "work_context": "medianas e grandes empresas dedicadas á formación de condutores e con- dutoras para a obtención das autorizacións administrativas para conducir e, en xeral, á formación para a seguridade viaria. Tamén poderán exercer funcións relacionadas coa educación viaria, a seguridade viaria laboral e a mobilidade segura e sustentable, en entidades públicas e privadas."}'::jsonb,
  'official_upload',
  now(),
  now(),
  now()
)
on conflict (id) do update set
  name=excluded.name,
  type=excluded.type,
  level=excluded.level,
  family=excluded.family,
  jurisdiction=excluded.jurisdiction,
  route=excluded.route,
  subjects=excluded.subjects,
  ponderation_subjects=excluded.ponderation_subjects,
  route_options=excluded.route_options,
  availability_by_province=excluded.availability_by_province,
  sources=excluded.sources,
  source_url=excluded.source_url,
  source_id=excluded.source_id,
  raw=excluded.raw,
  data_quality=excluded.data_quality,
  verified_at=excluded.verified_at,
  last_seen_at=excluded.last_seen_at,
  updated_at=now();


insert into public.itinera_fp_catalog_details(id,study_id,learned,work_context,jobs,modules,source_file,raw)
values ('detail-fp-v36-cs-formacion-para-a-mobilidade-segura-e-sostible','fp-v36-cs-formacion-para-a-mobilidade-segura-e-sostible','incluíndo a relativa á convivencia cos distintos modos de transporte e o seu uso en condicións de seguridade e sustentabilidade ambiental, así como á mobilidade nas vías públicas, incluíndo a relativa á convivencia cos distintos modos de transporte e o seu uso en condicións de seguridade, formando e sensibilizando aspirantes á obtención do permiso ou a licenza de condu- ción, a condutores e condutoras e, en xeral, a calquera persoa usuaria da vía, educando en valores de seguridade viaria e sustentabilidade ambiental do transporte e instruíndo en prevención de accidentes viarios laborais e en mobilidade sustentable e segura.','medianas e grandes empresas dedicadas á formación de condutores e con- dutoras para a obtención das autorizacións administrativas para conducir e, en xeral, á formación para a seguridade viaria. Tamén poderán exercer funcións relacionadas coa educación viaria, a seguridade viaria laboral e a mobilidade segura e sustentable, en entidades públicas e privadas.','["mador/a de cursos de sensibilización e reeducación viaria", "formador/a de cursos de mercadorías perigosas", "director/a de centros de formación de mercadorías perigosas", "asesor/a de seguridade viaria laboral en entidades públicas e priva- das", "asesor/a en plans de mobilidade en entidades públicas e privadas", "do- cente en seguridade viaria", "monitor/a de cursos de condución segura."]'::jsonb,'[{"code": "MP1658", "name": "Didáctica da formación para a seguridade viaria", "hours": 106}, {"code": "MP1656", "name": "Educación viaria", "hours": 151}, {"code": "MP0179", "name": "Inglés profesional", "hours": 60}, {"code": "MP1709", "name": "Itinerario persoal para a empregabilidade I", "hours": 107}, {"code": "MP1657", "name": "Seguridade viaria", "hours": 178}, {"code": "MP1708", "name": "Sostibilidade aplicada ao sistema produtivo", "hours": 30}, {"code": "MP1653", "name": "Técnicas de condución", "hours": 76}, {"code": "MP1654", "name": "Tecnoloxía básica do automóbil", "hours": 50}, {"code": "MP1651", "name": "Tráfico, circulación de vehículos e transporte por estrada", "hours": 202}, {"code": "MP1655", "name": "Didáctica do ensino práctico da condución", "hours": 437}, {"code": "MP1665", "name": "Dixitalización aplicada ao sistema produtivo", "hours": 30}, {"code": "MP1710", "name": "Itinerario persoal para a empregabilidade II", "hours": 50}, {"code": "MP1659", "name": "Mobilidade segura e sostible", "hours": 164}, {"code": "MP1652", "name": "Organización da formación das persoas condutoras", "hours": 137}, {"code": "MP0020", "name": "Primeiros auxilios", "hours": 82}, {"code": "MP1660", "name": "Proxecto intermodular de formación para a mobilidade segura e", "hours": 50}]'::jsonb,'22-servizos_v7.pdf',jsonb_build_object('source_upload','3 base de datos itinera.zip','duration_hours','2000'))
on conflict (id) do update set study_id=excluded.study_id,learned=excluded.learned,work_context=excluded.work_context,jobs=excluded.jobs,modules=excluded.modules,source_file=excluded.source_file,raw=excluded.raw,updated_at=now();


insert into public.itinera_studies(id,name,type,level,family,jurisdiction,official_title,route,subjects,ponderation_subjects,route_options,availability_by_province,sources,source_url,source_id,raw,data_quality,verified_at,last_seen_at,updated_at)
values (
  'fp-v36-cs-integracion-social',
  'Integración social',
  'fpgs',
  'Ciclo formativo de grao superior',
  'Servizos socioculturais e á comunidade',
  'Galicia',
  true,
  'Consultar requisitos, prazas, centros, modalidade e fontes oficiais antes de decidir.',
  '["Atención ás unidades de convivencia", "Contexto da intervención social", "Inglés profesional", "Inserción sociolaboral", "Itinerario persoal para a empregabilidade I", "Metodoloxía da intervención social", "Promoción da autonomía persoal", "Sostibilidade aplicada ao sistema produtivo", "Apoio á intervención educativa", "Dixitalización aplicada ao sistema produtivo", "Habilidades sociais", "Itinerario persoal para a empregabilidade II"]'::jsonb,
  '[{"subject": "Non aplica ou consultar fonte oficial", "weight": "consultar fonte oficial"}]'::jsonb,
  '[]'::jsonb,
  '{"Galicia": ["Consultar oferta por provincia, centro, modalidade e curso na Xunta FP."]}'::jsonb,
  '["xunta-fp-catalogo-familias-2025-2026", "xunta-fp-ciclos", "todofp-familias"]'::jsonb,
  'https://www.edu.xunta.gal/fp/oferta-fp',
  'xunta-fp-catalogo-familias-2025-2026',
  '{"source_upload": "3 base de datos itinera.zip", "source_file": "22-servizos_v7.pdf", "duration_hours": 2000, "modules": [{"code": "MP0339", "name": "Atención ás unidades de convivencia", "hours": 161}, {"code": "MP0337", "name": "Contexto da intervención social", "hours": 104}, {"code": "MP0179", "name": "Inglés profesional", "hours": 60}, {"code": "MP0338", "name": "Inserción sociolaboral", "hours": 183}, {"code": "MP1709", "name": "Itinerario persoal para a empregabilidade I", "hours": 107}, {"code": "MP0344", "name": "Metodoloxía da intervención social", "hours": 133}, {"code": "MP0342", "name": "Promoción da autonomía persoal", "hours": 182}, {"code": "MP1708", "name": "Sostibilidade aplicada ao sistema produtivo", "hours": 30}, {"code": "MP0341", "name": "Apoio á intervención educativa", "hours": 164}, {"code": "MP1665", "name": "Dixitalización aplicada ao sistema produtivo", "hours": 30}, {"code": "MP0017", "name": "Habilidades sociais", "hours": 164}, {"code": "MP1710", "name": "Itinerario persoal para a empregabilidade II", "hours": 50}, {"code": "MP0340", "name": "Mediación comunitaria", "hours": 219}, {"code": "MP0020", "name": "Primeiros auxilios", "hours": 82}, {"code": "MP0345", "name": "Proxecto intermodular de integración social", "hours": 50}, {"code": "MP0343", "name": "Sistemas aumentativos e alternativos de comunicación", "hours": 191}], "learned": "ción social aplicando estratexias e técnicas específicas, promovendo a igual- dade de oportunidades, con actitude de respecto cara ás persoas destina- tarias e garantindo a creación de ámbitos seguros, tanto para profesionais como para as persoas destinatarias.", "work_context": "na xestión doméstica e psicosocial) e no de servizos á comunidade (atención psicosocial a colectivos e persoas en desvantaxe social, mediación comuni- taria, inserción ocupacional e laboral, promoción de igualdade de oportuni- dades e defensa dos dereitos das vítimas de violencia de xénero e dos seus fillos e as súas fillas)."}'::jsonb,
  'official_upload',
  now(),
  now(),
  now()
)
on conflict (id) do update set
  name=excluded.name,
  type=excluded.type,
  level=excluded.level,
  family=excluded.family,
  jurisdiction=excluded.jurisdiction,
  route=excluded.route,
  subjects=excluded.subjects,
  ponderation_subjects=excluded.ponderation_subjects,
  route_options=excluded.route_options,
  availability_by_province=excluded.availability_by_province,
  sources=excluded.sources,
  source_url=excluded.source_url,
  source_id=excluded.source_id,
  raw=excluded.raw,
  data_quality=excluded.data_quality,
  verified_at=excluded.verified_at,
  last_seen_at=excluded.last_seen_at,
  updated_at=now();


insert into public.itinera_fp_catalog_details(id,study_id,learned,work_context,jobs,modules,source_file,raw)
values ('detail-fp-v36-cs-integracion-social','fp-v36-cs-integracion-social','ción social aplicando estratexias e técnicas específicas, promovendo a igual- dade de oportunidades, con actitude de respecto cara ás persoas destina- tarias e garantindo a creación de ámbitos seguros, tanto para profesionais como para as persoas destinatarias.','na xestión doméstica e psicosocial) e no de servizos á comunidade (atención psicosocial a colectivos e persoas en desvantaxe social, mediación comuni- taria, inserción ocupacional e laboral, promoción de igualdade de oportuni- dades e defensa dos dereitos das vítimas de violencia de xénero e dos seus fillos e as súas fillas).','["equipos residenciais de diverso tipo", "educador/a de persoas con discapaci- dade", "traballador/a familiar", "educador/a de educación familiar", "auxiliar de tutela", "monitor/a de centros abertos", "técnico/a de integración social", "es- pecialista de apoio educativo", "educador/a de educación especial", "técnico/a educador/a", "técnico/a especialista I (de integración social)", "técnico/a espe- cialista II (educativo)", "monitor/a de persoas con discapacidade", "técnico/a de mobilidade básica", "técnico/a de inserción ocupacional", "mediador/a ocupacio- nal e/ou laboral", "dinamizador/a ocupacional e/ou laboral", "educador/a de ba- se", "mediador/a comunitario/a", "mediador/a intercultural"]'::jsonb,'[{"code": "MP0339", "name": "Atención ás unidades de convivencia", "hours": 161}, {"code": "MP0337", "name": "Contexto da intervención social", "hours": 104}, {"code": "MP0179", "name": "Inglés profesional", "hours": 60}, {"code": "MP0338", "name": "Inserción sociolaboral", "hours": 183}, {"code": "MP1709", "name": "Itinerario persoal para a empregabilidade I", "hours": 107}, {"code": "MP0344", "name": "Metodoloxía da intervención social", "hours": 133}, {"code": "MP0342", "name": "Promoción da autonomía persoal", "hours": 182}, {"code": "MP1708", "name": "Sostibilidade aplicada ao sistema produtivo", "hours": 30}, {"code": "MP0341", "name": "Apoio á intervención educativa", "hours": 164}, {"code": "MP1665", "name": "Dixitalización aplicada ao sistema produtivo", "hours": 30}, {"code": "MP0017", "name": "Habilidades sociais", "hours": 164}, {"code": "MP1710", "name": "Itinerario persoal para a empregabilidade II", "hours": 50}, {"code": "MP0340", "name": "Mediación comunitaria", "hours": 219}, {"code": "MP0020", "name": "Primeiros auxilios", "hours": 82}, {"code": "MP0345", "name": "Proxecto intermodular de integración social", "hours": 50}, {"code": "MP0343", "name": "Sistemas aumentativos e alternativos de comunicación", "hours": 191}]'::jsonb,'22-servizos_v7.pdf',jsonb_build_object('source_upload','3 base de datos itinera.zip','duration_hours','2000'))
on conflict (id) do update set study_id=excluded.study_id,learned=excluded.learned,work_context=excluded.work_context,jobs=excluded.jobs,modules=excluded.modules,source_file=excluded.source_file,raw=excluded.raw,updated_at=now();


insert into public.itinera_studies(id,name,type,level,family,jurisdiction,official_title,route,subjects,ponderation_subjects,route_options,availability_by_province,sources,source_url,source_id,raw,data_quality,verified_at,last_seen_at,updated_at)
values (
  'fp-v36-cs-mediacion-comunicativa',
  'Mediación comunicativa',
  'fpgs',
  'Ciclo formativo de grao superior',
  'Servizos socioculturais e á comunidade',
  'Galicia',
  true,
  'Consultar requisitos, prazas, centros, modalidade e fontes oficiais antes de decidir.',
  '["Contexto da mediación comunicativa con persoas xordocegas", "Inglés profesional", "Intervención socioeducativa con persoas xordocegas", "Itinerario persoal para a empregabilidade I", "Lingua de signos", "Metodoloxía da integración social das persoas con dificulta-", "Sensibilización social e participación", "Sostibilidade aplicada ao sistema produtivo", "Técnicas de intervención comunicativa", "Ámbitos de aplicación da lingua de signos", "Dixitalización aplicada ao sistema produtivo", "Habilidades sociais"]'::jsonb,
  '[{"subject": "Non aplica ou consultar fonte oficial", "weight": "consultar fonte oficial"}]'::jsonb,
  '[]'::jsonb,
  '{"Galicia": ["Consultar oferta por provincia, centro, modalidade e curso na Xunta FP."]}'::jsonb,
  '["xunta-fp-catalogo-familias-2025-2026", "xunta-fp-ciclos", "todofp-familias"]'::jsonb,
  'https://www.edu.xunta.gal/fp/oferta-fp',
  'xunta-fp-catalogo-familias-2025-2026',
  '{"source_upload": "3 base de datos itinera.zip", "source_file": "22-servizos_v7.pdf", "duration_hours": 2000, "modules": [{"code": "MP1114", "name": "Contexto da mediación comunicativa con persoas xordocegas", "hours": 129}, {"code": "MP0179", "name": "Inglés profesional", "hours": 60}, {"code": "MP1113", "name": "Intervención socioeducativa con persoas xordocegas", "hours": 103}, {"code": "MP1709", "name": "Itinerario persoal para a empregabilidade I", "hours": 107}, {"code": "MP1115", "name": "Lingua de signos", "hours": 240}, {"code": "MP1111", "name": "Metodoloxía da integración social das persoas con dificulta-", "hours": 51}, {"code": "MP1112", "name": "Sensibilización social e participación", "hours": 80}, {"code": "MP1708", "name": "Sostibilidade aplicada ao sistema produtivo", "hours": 30}, {"code": "MP1118", "name": "Técnicas de intervención comunicativa", "hours": 160}, {"code": "MP1116", "name": "Ámbitos de aplicación da lingua de signos", "hours": 246}, {"code": "MP1665", "name": "Dixitalización aplicada ao sistema produtivo", "hours": 30}, {"code": "MP0017", "name": "Habilidades sociais", "hours": 164}, {"code": "MP1117", "name": "Intervención con persoas con dificultades de comunicación", "hours": 137}, {"code": "MP1710", "name": "Itinerario persoal para a empregabilidade II", "hours": 50}, {"code": "MP0020", "name": "Primeiros auxilios", "hours": 82}, {"code": "MP1119", "name": "Proxecto intermodular de mediación en comunicación", "hours": 50}, {"code": "MP0343", "name": "Sistemas aumentativos e alternativos de comunicación", "hours": 191}], "learned": "xordocegas e con discapacidade auditiva, que sexan usuarias da lingua de signos española, ou con dificultades de comunicación, linguaxe e fala, así como programas de promoción das persoas xordas e xordocegas usuarias da lingua de signos española, e de sensibilización social, respectando a idio- sincrasia das persoas usuarias.", "work_context": "auditiva e con dificultades de comunicación que sexan usuarias da lingua de signos española. Estes servizos recollen os ámbitos asistenciais, educativos, sociolaborais, psicosociais e de apoio nas xestións básicas. Tamén exercen a súa actividade no sector dos servizos á comunidade, nos ámbitos da dina- mización comunitaria e na promoción de igualdade de oportunidades con estes colectivos de persoas."}'::jsonb,
  'official_upload',
  now(),
  now(),
  now()
)
on conflict (id) do update set
  name=excluded.name,
  type=excluded.type,
  level=excluded.level,
  family=excluded.family,
  jurisdiction=excluded.jurisdiction,
  route=excluded.route,
  subjects=excluded.subjects,
  ponderation_subjects=excluded.ponderation_subjects,
  route_options=excluded.route_options,
  availability_by_province=excluded.availability_by_province,
  sources=excluded.sources,
  source_url=excluded.source_url,
  source_id=excluded.source_id,
  raw=excluded.raw,
  data_quality=excluded.data_quality,
  verified_at=excluded.verified_at,
  last_seen_at=excluded.last_seen_at,
  updated_at=now();


insert into public.itinera_fp_catalog_details(id,study_id,learned,work_context,jobs,modules,source_file,raw)
values ('detail-fp-v36-cs-mediacion-comunicativa','fp-v36-cs-mediacion-comunicativa','xordocegas e con discapacidade auditiva, que sexan usuarias da lingua de signos española, ou con dificultades de comunicación, linguaxe e fala, así como programas de promoción das persoas xordas e xordocegas usuarias da lingua de signos española, e de sensibilización social, respectando a idio- sincrasia das persoas usuarias.','auditiva e con dificultades de comunicación que sexan usuarias da lingua de signos española. Estes servizos recollen os ámbitos asistenciais, educativos, sociolaborais, psicosociais e de apoio nas xestións básicas. Tamén exercen a súa actividade no sector dos servizos á comunidade, nos ámbitos da dina- mización comunitaria e na promoción de igualdade de oportunidades con estes colectivos de persoas.','["atención e formación a persoas xordas", "axente dinamizador/a da comuni- dade xorda", "mediador/a social da comunidade xorda", "axente de desenvol- vemento da comunidade xordocega", "axente dinamizador da comunidade xordocega", "mediador/a de persoas xordocegas", "asistente de persoas xordo- cegas", "mediador/a de persoas con dificultades de comunicación."]'::jsonb,'[{"code": "MP1114", "name": "Contexto da mediación comunicativa con persoas xordocegas", "hours": 129}, {"code": "MP0179", "name": "Inglés profesional", "hours": 60}, {"code": "MP1113", "name": "Intervención socioeducativa con persoas xordocegas", "hours": 103}, {"code": "MP1709", "name": "Itinerario persoal para a empregabilidade I", "hours": 107}, {"code": "MP1115", "name": "Lingua de signos", "hours": 240}, {"code": "MP1111", "name": "Metodoloxía da integración social das persoas con dificulta-", "hours": 51}, {"code": "MP1112", "name": "Sensibilización social e participación", "hours": 80}, {"code": "MP1708", "name": "Sostibilidade aplicada ao sistema produtivo", "hours": 30}, {"code": "MP1118", "name": "Técnicas de intervención comunicativa", "hours": 160}, {"code": "MP1116", "name": "Ámbitos de aplicación da lingua de signos", "hours": 246}, {"code": "MP1665", "name": "Dixitalización aplicada ao sistema produtivo", "hours": 30}, {"code": "MP0017", "name": "Habilidades sociais", "hours": 164}, {"code": "MP1117", "name": "Intervención con persoas con dificultades de comunicación", "hours": 137}, {"code": "MP1710", "name": "Itinerario persoal para a empregabilidade II", "hours": 50}, {"code": "MP0020", "name": "Primeiros auxilios", "hours": 82}, {"code": "MP1119", "name": "Proxecto intermodular de mediación en comunicación", "hours": 50}, {"code": "MP0343", "name": "Sistemas aumentativos e alternativos de comunicación", "hours": 191}]'::jsonb,'22-servizos_v7.pdf',jsonb_build_object('source_upload','3 base de datos itinera.zip','duration_hours','2000'))
on conflict (id) do update set study_id=excluded.study_id,learned=excluded.learned,work_context=excluded.work_context,jobs=excluded.jobs,modules=excluded.modules,source_file=excluded.source_file,raw=excluded.raw,updated_at=now();


insert into public.itinera_studies(id,name,type,level,family,jurisdiction,official_title,route,subjects,ponderation_subjects,route_options,availability_by_province,sources,source_url,source_id,raw,data_quality,verified_at,last_seen_at,updated_at)
values (
  'fp-v36-cs-promocion-de-igualdade-de-xenero',
  'Promoción de igualdade de xénero',
  'fpgs',
  'Ciclo formativo de grao superior',
  'Servizos socioculturais e á comunidade',
  'Galicia',
  true,
  'Consultar requisitos, prazas, centros, modalidade e fontes oficiais antes de decidir.',
  '["Ámbitos de intervención para a promoción de igualdade", "Desenvolvemento comunitario", "Información e comunicación con perspectiva de xénero", "Inglés profesional", "Itinerario persoal para a empregabilidade I", "Metodoloxía da intervención social", "Promoción do emprego feminino", "Sostibilidade aplicada ao sistema produtivo", "Dixitalización aplicada ao sistema produtivo", "Habilidades sociais", "Intervención socioeducativa para a igualdade", "Itinerario persoal para a empregabilidade II"]'::jsonb,
  '[{"subject": "Non aplica ou consultar fonte oficial", "weight": "consultar fonte oficial"}]'::jsonb,
  '[]'::jsonb,
  '{"Galicia": ["Consultar oferta por provincia, centro, modalidade e curso na Xunta FP."]}'::jsonb,
  '["xunta-fp-catalogo-familias-2025-2026", "xunta-fp-ciclos", "todofp-familias"]'::jsonb,
  'https://www.edu.xunta.gal/fp/oferta-fp',
  'xunta-fp-catalogo-familias-2025-2026',
  '{"source_upload": "3 base de datos itinera.zip", "source_file": "22-servizos_v7.pdf", "duration_hours": 2000, "modules": [{"code": "MP1404", "name": "Ámbitos de intervención para a promoción de igualdade", "hours": 155}, {"code": "MP1128", "name": "Desenvolvemento comunitario", "hours": 107}, {"code": "MP1401", "name": "Información e comunicación con perspectiva de xénero", "hours": 155}, {"code": "MP0179", "name": "Inglés profesional", "hours": 60}, {"code": "MP1709", "name": "Itinerario persoal para a empregabilidade I", "hours": 107}, {"code": "MP0344", "name": "Metodoloxía da intervención social", "hours": 133}, {"code": "MP1403", "name": "Promoción do emprego feminino", "hours": 213}, {"code": "MP1708", "name": "Sostibilidade aplicada ao sistema produtivo", "hours": 30}, {"code": "MP1665", "name": "Dixitalización aplicada ao sistema produtivo", "hours": 30}, {"code": "MP0017", "name": "Habilidades sociais", "hours": 164}, {"code": "MP1406", "name": "Intervención socioeducativa para a igualdade", "hours": 137}, {"code": "MP1710", "name": "Itinerario persoal para a empregabilidade II", "hours": 50}, {"code": "MP1405", "name": "Participación social das mulleres", "hours": 137}, {"code": "MP1402", "name": "Prevención da violencia de xénero", "hours": 300}, {"code": "MP0020", "name": "Primeiros auxilios", "hours": 82}, {"code": "MP1407", "name": "Proxecto intermodular de promoción de igualdade de xénero", "hours": 50}], "learned": "da igualdade de trato e de oportunidades entre mulleres e homes, aplicando estratexias e técnicas do ámbito da intervención social, detectando situa- cións de risco de discriminación por razón de sexo e potenciando a partici- pación social das mulleres.", "work_context": "dade de xénero, en diferentes institucións e entidades que prestan servi- zos de carácter económico e comunitario orientados á igualdade efectiva de mulleres e homes: asociacións, fundacións, institucións, sindicatos, em- presas, consultoras, servizos municipais, organismos de igualdade, centros comunitarios, etc."}'::jsonb,
  'official_upload',
  now(),
  now(),
  now()
)
on conflict (id) do update set
  name=excluded.name,
  type=excluded.type,
  level=excluded.level,
  family=excluded.family,
  jurisdiction=excluded.jurisdiction,
  route=excluded.route,
  subjects=excluded.subjects,
  ponderation_subjects=excluded.ponderation_subjects,
  route_options=excluded.route_options,
  availability_by_province=excluded.availability_by_province,
  sources=excluded.sources,
  source_url=excluded.source_url,
  source_id=excluded.source_id,
  raw=excluded.raw,
  data_quality=excluded.data_quality,
  verified_at=excluded.verified_at,
  last_seen_at=excluded.last_seen_at,
  updated_at=now();


insert into public.itinera_fp_catalog_details(id,study_id,learned,work_context,jobs,modules,source_file,raw)
values ('detail-fp-v36-cs-promocion-de-igualdade-de-xenero','fp-v36-cs-promocion-de-igualdade-de-xenero','da igualdade de trato e de oportunidades entre mulleres e homes, aplicando estratexias e técnicas do ámbito da intervención social, detectando situa- cións de risco de discriminación por razón de sexo e potenciando a partici- pación social das mulleres.','dade de xénero, en diferentes institucións e entidades que prestan servi- zos de carácter económico e comunitario orientados á igualdade efectiva de mulleres e homes: asociacións, fundacións, institucións, sindicatos, em- presas, consultoras, servizos municipais, organismos de igualdade, centros comunitarios, etc.','["promotor/a para a igualdade efectiva de mulleres e homes", "técnico/a de apoio en materia de igualdade efectiva de mulleres e homes."]'::jsonb,'[{"code": "MP1404", "name": "Ámbitos de intervención para a promoción de igualdade", "hours": 155}, {"code": "MP1128", "name": "Desenvolvemento comunitario", "hours": 107}, {"code": "MP1401", "name": "Información e comunicación con perspectiva de xénero", "hours": 155}, {"code": "MP0179", "name": "Inglés profesional", "hours": 60}, {"code": "MP1709", "name": "Itinerario persoal para a empregabilidade I", "hours": 107}, {"code": "MP0344", "name": "Metodoloxía da intervención social", "hours": 133}, {"code": "MP1403", "name": "Promoción do emprego feminino", "hours": 213}, {"code": "MP1708", "name": "Sostibilidade aplicada ao sistema produtivo", "hours": 30}, {"code": "MP1665", "name": "Dixitalización aplicada ao sistema produtivo", "hours": 30}, {"code": "MP0017", "name": "Habilidades sociais", "hours": 164}, {"code": "MP1406", "name": "Intervención socioeducativa para a igualdade", "hours": 137}, {"code": "MP1710", "name": "Itinerario persoal para a empregabilidade II", "hours": 50}, {"code": "MP1405", "name": "Participación social das mulleres", "hours": 137}, {"code": "MP1402", "name": "Prevención da violencia de xénero", "hours": 300}, {"code": "MP0020", "name": "Primeiros auxilios", "hours": 82}, {"code": "MP1407", "name": "Proxecto intermodular de promoción de igualdade de xénero", "hours": 50}]'::jsonb,'22-servizos_v7.pdf',jsonb_build_object('source_upload','3 base de datos itinera.zip','duration_hours','2000'))
on conflict (id) do update set study_id=excluded.study_id,learned=excluded.learned,work_context=excluded.work_context,jobs=excluded.jobs,modules=excluded.modules,source_file=excluded.source_file,raw=excluded.raw,updated_at=now();


insert into public.itinera_studies(id,name,type,level,family,jurisdiction,official_title,route,subjects,ponderation_subjects,route_options,availability_by_province,sources,source_url,source_id,raw,data_quality,verified_at,last_seen_at,updated_at)
values (
  'fp-v36-cb-arranxos-e-reparacion-de-artigos-textiles-e-de-pel',
  'Arranxos e reparación de artigos téxtiles e de pel',
  'fpb',
  'Ciclo formativo de grao básico',
  'Téxtil, confección e pel',
  'Galicia',
  true,
  'Consultar requisitos, prazas, centros, modalidade e fontes oficiais antes de decidir.',
  '["Ciencias aplicadas I", "Comunicación e ciencias sociais I", "Confección de artigos téxtiles para decoración", "Itinerario persoal para a empregabilidade", "Reparación de artigos de marroquinaría e elaboración de pe-", "Reparación de calzado e actividades complementarias", "Arranxos e adaptacións en pezas de vestir e roupa de fogar", "Atención á clientela", "Ciencias aplicadas II", "Comunicación e ciencias sociais II", "Materiais e produtos téxtiles", "Proxecto intermodular de aprendizaxe colaborativa"]'::jsonb,
  '[{"subject": "Non aplica ou consultar fonte oficial", "weight": "consultar fonte oficial"}]'::jsonb,
  '[]'::jsonb,
  '{"Galicia": ["Consultar oferta por provincia, centro, modalidade e curso na Xunta FP."]}'::jsonb,
  '["xunta-fp-catalogo-familias-2025-2026", "xunta-fp-ciclos", "todofp-familias"]'::jsonb,
  'https://www.edu.xunta.gal/fp/oferta-fp',
  'xunta-fp-catalogo-familias-2025-2026',
  '{"source_upload": "3 base de datos itinera.zip", "source_file": "23-textil_v7.pdf", "duration_hours": 2000, "modules": [{"code": "AM3163", "name": "Ciencias aplicadas I", "hours": 146}, {"code": "AM3161", "name": "Comunicación e ciencias sociais I", "hours": 175}, {"code": "MP3101", "name": "Confección de artigos téxtiles para decoración", "hours": 204}, {"code": "MP3159", "name": "Itinerario persoal para a empregabilidade", "hours": 60}, {"code": "MP3091", "name": "Reparación de artigos de marroquinaría e elaboración de pe-", "hours": 175}, {"code": "MP3092", "name": "Reparación de calzado e actividades complementarias", "hours": 150}, {"code": "MP3095", "name": "Arranxos e adaptacións en pezas de vestir e roupa de fogar", "hours": 449}, {"code": "MP3005", "name": "Atención á clientela", "hours": 122}, {"code": "AM3164", "name": "Ciencias aplicadas II", "hours": 146}, {"code": "AM3162", "name": "Comunicación e ciencias sociais II", "hours": 125}, {"code": "MP3077", "name": "Materiais e produtos téxtiles", "hours": 163}, {"code": "MP3160", "name": "Proxecto intermodular de aprendizaxe colaborativa", "hours": 25}], "learned": "tir, roupa de fogar e complementos de decoración e de pel, ademais da re- paración de calzado e marroquinaría, así como a realización de actividades complementarias de gornicionaría e, de ser o caso, de duplicación de chaves, en comercios de proximidade ou en instalacións industriais, conseguindo produtos en condicións estética e acabados, operando coa calidade indicada requirida, cumprindo as normas de prevención de riscos laborais e protec- ción ambiental correspondentes, e comunicándose oralmente e por escrito en linguas galega e castelá, así como nalgunha lingua estranxeira.", "work_context": "ou talleres artesáns dedicados á reparación de calzado e marroquinaría, así como en talleres de confección e arranxo de pezas de vestir, roupa de fogar, complementos de decoración téxtiles e de pel, ou en pequenas empresas que realicen arranxos neste tipo de artigos tanto a comercios de moda como a clientela final."}'::jsonb,
  'official_upload',
  now(),
  now(),
  now()
)
on conflict (id) do update set
  name=excluded.name,
  type=excluded.type,
  level=excluded.level,
  family=excluded.family,
  jurisdiction=excluded.jurisdiction,
  route=excluded.route,
  subjects=excluded.subjects,
  ponderation_subjects=excluded.ponderation_subjects,
  route_options=excluded.route_options,
  availability_by_province=excluded.availability_by_province,
  sources=excluded.sources,
  source_url=excluded.source_url,
  source_id=excluded.source_id,
  raw=excluded.raw,
  data_quality=excluded.data_quality,
  verified_at=excluded.verified_at,
  last_seen_at=excluded.last_seen_at,
  updated_at=now();


insert into public.itinera_fp_catalog_details(id,study_id,learned,work_context,jobs,modules,source_file,raw)
values ('detail-fp-v36-cb-arranxos-e-reparacion-de-artigos-textiles-e-de-pel','fp-v36-cb-arranxos-e-reparacion-de-artigos-textiles-e-de-pel','tir, roupa de fogar e complementos de decoración e de pel, ademais da re- paración de calzado e marroquinaría, así como a realización de actividades complementarias de gornicionaría e, de ser o caso, de duplicación de chaves, en comercios de proximidade ou en instalacións industriais, conseguindo produtos en condicións estética e acabados, operando coa calidade indicada requirida, cumprindo as normas de prevención de riscos laborais e protec- ción ambiental correspondentes, e comunicándose oralmente e por escrito en linguas galega e castelá, así como nalgunha lingua estranxeira.','ou talleres artesáns dedicados á reparación de calzado e marroquinaría, así como en talleres de confección e arranxo de pezas de vestir, roupa de fogar, complementos de decoración téxtiles e de pel, ou en pequenas empresas que realicen arranxos neste tipo de artigos tanto a comercios de moda como a clientela final.','["reparador/a de artigos de marroquinaría", "axudante/a de marroquina- ría", "gornecioneiro/a", "marroquineiro/a artesanal", "costureiro/a á man ou con máquina doméstica", "costureiro/a zurcidor/a", "modista de arranxos e compos- turas", "operario/a de confección", "operario/a de modistaría."]'::jsonb,'[{"code": "AM3163", "name": "Ciencias aplicadas I", "hours": 146}, {"code": "AM3161", "name": "Comunicación e ciencias sociais I", "hours": 175}, {"code": "MP3101", "name": "Confección de artigos téxtiles para decoración", "hours": 204}, {"code": "MP3159", "name": "Itinerario persoal para a empregabilidade", "hours": 60}, {"code": "MP3091", "name": "Reparación de artigos de marroquinaría e elaboración de pe-", "hours": 175}, {"code": "MP3092", "name": "Reparación de calzado e actividades complementarias", "hours": 150}, {"code": "MP3095", "name": "Arranxos e adaptacións en pezas de vestir e roupa de fogar", "hours": 449}, {"code": "MP3005", "name": "Atención á clientela", "hours": 122}, {"code": "AM3164", "name": "Ciencias aplicadas II", "hours": 146}, {"code": "AM3162", "name": "Comunicación e ciencias sociais II", "hours": 125}, {"code": "MP3077", "name": "Materiais e produtos téxtiles", "hours": 163}, {"code": "MP3160", "name": "Proxecto intermodular de aprendizaxe colaborativa", "hours": 25}]'::jsonb,'23-textil_v7.pdf',jsonb_build_object('source_upload','3 base de datos itinera.zip','duration_hours','2000'))
on conflict (id) do update set study_id=excluded.study_id,learned=excluded.learned,work_context=excluded.work_context,jobs=excluded.jobs,modules=excluded.modules,source_file=excluded.source_file,raw=excluded.raw,updated_at=now();


insert into public.itinera_studies(id,name,type,level,family,jurisdiction,official_title,route,subjects,ponderation_subjects,route_options,availability_by_province,sources,source_url,source_id,raw,data_quality,verified_at,last_seen_at,updated_at)
values (
  'fp-v36-cb-tapizaria-e-cortinaxe',
  'Tapizaría e cortinaxe',
  'fpb',
  'Ciclo formativo de grao básico',
  'Téxtil, confección e pel',
  'Galicia',
  true,
  'Consultar requisitos, prazas, centros, modalidade e fontes oficiais antes de decidir.',
  '["Ciencias aplicadas I", "Comunicación e ciencias sociais I", "Confección de artigos téxtiles para decoración", "Confección e montaxe de cortinas e estores", "Itinerario persoal para a empregabilidade", "Materiais e produtos téxtiles", "Atención á clientela", "Ciencias aplicadas II", "Comunicación e ciencias sociais II", "Proxecto intermodular de aprendizaxe colaborativa", "Tapizado de mobles", "Tapizado de murais e enteamento de superficies"]'::jsonb,
  '[{"subject": "Non aplica ou consultar fonte oficial", "weight": "consultar fonte oficial"}]'::jsonb,
  '[]'::jsonb,
  '{"Galicia": ["Consultar oferta por provincia, centro, modalidade e curso na Xunta FP."]}'::jsonb,
  '["xunta-fp-catalogo-familias-2025-2026", "xunta-fp-ciclos", "todofp-familias"]'::jsonb,
  'https://www.edu.xunta.gal/fp/oferta-fp',
  'xunta-fp-catalogo-familias-2025-2026',
  '{"source_upload": "3 base de datos itinera.zip", "source_file": "23-textil_v7.pdf", "duration_hours": 2000, "modules": [{"code": "AM3163", "name": "Ciencias aplicadas I", "hours": 146}, {"code": "AM3161", "name": "Comunicación e ciencias sociais I", "hours": 175}, {"code": "MP3101", "name": "Confección de artigos téxtiles para decoración", "hours": 204}, {"code": "MP3100", "name": "Confección e montaxe de cortinas e estores", "hours": 237}, {"code": "MP3159", "name": "Itinerario persoal para a empregabilidade", "hours": 60}, {"code": "MP3077", "name": "Materiais e produtos téxtiles", "hours": 88}, {"code": "MP3005", "name": "Atención á clientela", "hours": 122}, {"code": "AM3164", "name": "Ciencias aplicadas II", "hours": 146}, {"code": "AM3162", "name": "Comunicación e ciencias sociais II", "hours": 125}, {"code": "MP3160", "name": "Proxecto intermodular de aprendizaxe colaborativa", "hours": 25}, {"code": "MP3078", "name": "Tapizado de mobles", "hours": 285}, {"code": "MP3099", "name": "Tapizado de murais e enteamento de superficies", "hours": 327}], "learned": "e outros elementos de decoración, cortando, marcando e ensamblando os materiais, aproveitándoos ao máximo e conseguindo produtos coa estética e o acabamento requiridos, operando coa calidade indicada, cumprindo as normas de prevención de riscos laborais e protección ambiental correspon- dentes, e comunicándose oralmente e por escrito en linguas galega e caste- lá, así como nalgunha lingua estranxeira.", "work_context": "que se dedican a tapizar mobles, entear superficies, confeccionar toldos e fabricar e instalar produtos aplicados ao téxtil do fogar."}'::jsonb,
  'official_upload',
  now(),
  now(),
  now()
)
on conflict (id) do update set
  name=excluded.name,
  type=excluded.type,
  level=excluded.level,
  family=excluded.family,
  jurisdiction=excluded.jurisdiction,
  route=excluded.route,
  subjects=excluded.subjects,
  ponderation_subjects=excluded.ponderation_subjects,
  route_options=excluded.route_options,
  availability_by_province=excluded.availability_by_province,
  sources=excluded.sources,
  source_url=excluded.source_url,
  source_id=excluded.source_id,
  raw=excluded.raw,
  data_quality=excluded.data_quality,
  verified_at=excluded.verified_at,
  last_seen_at=excluded.last_seen_at,
  updated_at=now();


insert into public.itinera_fp_catalog_details(id,study_id,learned,work_context,jobs,modules,source_file,raw)
values ('detail-fp-v36-cb-tapizaria-e-cortinaxe','fp-v36-cb-tapizaria-e-cortinaxe','e outros elementos de decoración, cortando, marcando e ensamblando os materiais, aproveitándoos ao máximo e conseguindo produtos coa estética e o acabamento requiridos, operando coa calidade indicada, cumprindo as normas de prevención de riscos laborais e protección ambiental correspon- dentes, e comunicándose oralmente e por escrito en linguas galega e caste- lá, así como nalgunha lingua estranxeira.','que se dedican a tapizar mobles, entear superficies, confeccionar toldos e fabricar e instalar produtos aplicados ao téxtil do fogar.','["liar", "tapiceiro/a de vehículos", "enteador/a", "reparador/a de toldos", "operador/a de máquinas industriais de coser e bordar", "montador/a de cortinaxes e de estores."]'::jsonb,'[{"code": "AM3163", "name": "Ciencias aplicadas I", "hours": 146}, {"code": "AM3161", "name": "Comunicación e ciencias sociais I", "hours": 175}, {"code": "MP3101", "name": "Confección de artigos téxtiles para decoración", "hours": 204}, {"code": "MP3100", "name": "Confección e montaxe de cortinas e estores", "hours": 237}, {"code": "MP3159", "name": "Itinerario persoal para a empregabilidade", "hours": 60}, {"code": "MP3077", "name": "Materiais e produtos téxtiles", "hours": 88}, {"code": "MP3005", "name": "Atención á clientela", "hours": 122}, {"code": "AM3164", "name": "Ciencias aplicadas II", "hours": 146}, {"code": "AM3162", "name": "Comunicación e ciencias sociais II", "hours": 125}, {"code": "MP3160", "name": "Proxecto intermodular de aprendizaxe colaborativa", "hours": 25}, {"code": "MP3078", "name": "Tapizado de mobles", "hours": 285}, {"code": "MP3099", "name": "Tapizado de murais e enteamento de superficies", "hours": 327}]'::jsonb,'23-textil_v7.pdf',jsonb_build_object('source_upload','3 base de datos itinera.zip','duration_hours','2000'))
on conflict (id) do update set study_id=excluded.study_id,learned=excluded.learned,work_context=excluded.work_context,jobs=excluded.jobs,modules=excluded.modules,source_file=excluded.source_file,raw=excluded.raw,updated_at=now();


insert into public.itinera_studies(id,name,type,level,family,jurisdiction,official_title,route,subjects,ponderation_subjects,route_options,availability_by_province,sources,source_url,source_id,raw,data_quality,verified_at,last_seen_at,updated_at)
values (
  'fp-v36-cm-confeccion-e-moda',
  'Confección e moda',
  'fpgm',
  'Ciclo formativo de grao medio',
  'Téxtil, confección e pel',
  'Galicia',
  true,
  'Consultar requisitos, prazas, centros, modalidade e fontes oficiais antes de decidir.',
  '["Confección industrial", "Corte de materiais", "Información e atención á clientela", "Inglés profesional", "Itinerario persoal para a empregabilidade I", "Materiais téxtiles e pel", "Moda e tendencias", "Sostibilidade aplicada ao sistema produtivo", "Acabamentos en confección", "Confección á medida", "Dixitalización aplicada ao sistema produtivo", "Itinerario persoal para a empregabilidade II"]'::jsonb,
  '[{"subject": "Non aplica ou consultar fonte oficial", "weight": "consultar fonte oficial"}]'::jsonb,
  '[]'::jsonb,
  '{"Galicia": ["Consultar oferta por provincia, centro, modalidade e curso na Xunta FP."]}'::jsonb,
  '["xunta-fp-catalogo-familias-2025-2026", "xunta-fp-ciclos", "todofp-familias"]'::jsonb,
  'https://www.edu.xunta.gal/fp/oferta-fp',
  'xunta-fp-catalogo-familias-2025-2026',
  '{"source_upload": "3 base de datos itinera.zip", "source_file": "23-textil_v7.pdf", "duration_hours": 2000, "modules": [{"code": "MP0269", "name": "Confección industrial", "hours": 266}, {"code": "MP0267", "name": "Corte de materiais", "hours": 178}, {"code": "MP0271", "name": "Información e atención á clientela", "hours": 52}, {"code": "MP0156", "name": "Inglés profesional", "hours": 60}, {"code": "MP1709", "name": "Itinerario persoal para a empregabilidade I", "hours": 107}, {"code": "MP0275", "name": "Materiais téxtiles e pel", "hours": 160}, {"code": "MP0264", "name": "Moda e tendencias", "hours": 107}, {"code": "MP1708", "name": "Sostibilidade aplicada ao sistema produtivo", "hours": 30}, {"code": "MP0270", "name": "Acabamentos en confección", "hours": 219}, {"code": "MP0268", "name": "Confección á medida", "hours": 301}, {"code": "MP1664", "name": "Dixitalización aplicada ao sistema produtivo", "hours": 30}, {"code": "MP1710", "name": "Itinerario persoal para a empregabilidade II", "hours": 50}, {"code": "MP0265", "name": "Padróns", "hours": 191}, {"code": "MP0116", "name": "Principios de mantemento electromecánico", "hours": 109}, {"code": "MP1713", "name": "Proxecto intermodular", "hours": 50}], "learned": "e outros artigos en téxtil e pel, cumprindo as especificacións de calidade, seguridade e protección ambiental.", "work_context": "rado e corte de materiais, á produción de pezas, ao remate industrial de pe- zas e complementos de vestir en téxtil e pel, e artigos téxtiles para o fogar, usos industriais e deportivos. De igual modo, pode exercer a súa actividade en establecementos dedicados á realización de vestiario á medida."}'::jsonb,
  'official_upload',
  now(),
  now(),
  now()
)
on conflict (id) do update set
  name=excluded.name,
  type=excluded.type,
  level=excluded.level,
  family=excluded.family,
  jurisdiction=excluded.jurisdiction,
  route=excluded.route,
  subjects=excluded.subjects,
  ponderation_subjects=excluded.ponderation_subjects,
  route_options=excluded.route_options,
  availability_by_province=excluded.availability_by_province,
  sources=excluded.sources,
  source_url=excluded.source_url,
  source_id=excluded.source_id,
  raw=excluded.raw,
  data_quality=excluded.data_quality,
  verified_at=excluded.verified_at,
  last_seen_at=excluded.last_seen_at,
  updated_at=now();


insert into public.itinera_fp_catalog_details(id,study_id,learned,work_context,jobs,modules,source_file,raw)
values ('detail-fp-v36-cm-confeccion-e-moda','fp-v36-cm-confeccion-e-moda','e outros artigos en téxtil e pel, cumprindo as especificacións de calidade, seguridade e protección ambiental.','rado e corte de materiais, á produción de pezas, ao remate industrial de pe- zas e complementos de vestir en téxtil e pel, e artigos téxtiles para o fogar, usos industriais e deportivos. De igual modo, pode exercer a súa actividade en establecementos dedicados á realización de vestiario á medida.','["fección", "oficial de confección", "cortador/a de pezas e artigos téxtiles", "opera- dor/a de máquinas industriais de coser e bordar", "cosedor/a", "ensamblador/ a", "marcador/a", "cortador/a de pezas e artigos en téxtil e pel", "pasador/a, aca- bador/a", "operador/a de máquinas de remate."]'::jsonb,'[{"code": "MP0269", "name": "Confección industrial", "hours": 266}, {"code": "MP0267", "name": "Corte de materiais", "hours": 178}, {"code": "MP0271", "name": "Información e atención á clientela", "hours": 52}, {"code": "MP0156", "name": "Inglés profesional", "hours": 60}, {"code": "MP1709", "name": "Itinerario persoal para a empregabilidade I", "hours": 107}, {"code": "MP0275", "name": "Materiais téxtiles e pel", "hours": 160}, {"code": "MP0264", "name": "Moda e tendencias", "hours": 107}, {"code": "MP1708", "name": "Sostibilidade aplicada ao sistema produtivo", "hours": 30}, {"code": "MP0270", "name": "Acabamentos en confección", "hours": 219}, {"code": "MP0268", "name": "Confección á medida", "hours": 301}, {"code": "MP1664", "name": "Dixitalización aplicada ao sistema produtivo", "hours": 30}, {"code": "MP1710", "name": "Itinerario persoal para a empregabilidade II", "hours": 50}, {"code": "MP0265", "name": "Padróns", "hours": 191}, {"code": "MP0116", "name": "Principios de mantemento electromecánico", "hours": 109}, {"code": "MP1713", "name": "Proxecto intermodular", "hours": 50}]'::jsonb,'23-textil_v7.pdf',jsonb_build_object('source_upload','3 base de datos itinera.zip','duration_hours','2000'))
on conflict (id) do update set study_id=excluded.study_id,learned=excluded.learned,work_context=excluded.work_context,jobs=excluded.jobs,modules=excluded.modules,source_file=excluded.source_file,raw=excluded.raw,updated_at=now();


insert into public.itinera_studies(id,name,type,level,family,jurisdiction,official_title,route,subjects,ponderation_subjects,route_options,availability_by_province,sources,source_url,source_id,raw,data_quality,verified_at,last_seen_at,updated_at)
values (
  'fp-v36-cs-deseno-e-producion-de-calzado-e-complementos',
  'Deseño e produción de calzado e complementos',
  'fpgs',
  'Ciclo formativo de grao superior',
  'Téxtil, confección e pel',
  'Galicia',
  true,
  'Consultar requisitos, prazas, centros, modalidade e fontes oficiais antes de decidir.',
  '["Axuste e padronaxe de calzado e complementos", "Deseño técnico de calzado e complementos", "Industrialización de padróns de calzado", "Inglés profesional", "Itinerario persoal para a empregabilidade I", "Materiais en téxtil, confección e pel", "Sostibilidade aplicada ao sistema produtivo", "Análise de deseños en téxtil e pel", "Calzado e tendencias", "Dixitalización aplicada ao sistema produtivo", "Elaboración de prototipos", "Itinerario persoal para a empregabilidade II"]'::jsonb,
  '[{"subject": "Non aplica ou consultar fonte oficial", "weight": "consultar fonte oficial"}]'::jsonb,
  '[]'::jsonb,
  '{"Galicia": ["Consultar oferta por provincia, centro, modalidade e curso na Xunta FP."]}'::jsonb,
  '["xunta-fp-catalogo-familias-2025-2026", "xunta-fp-ciclos", "todofp-familias"]'::jsonb,
  'https://www.edu.xunta.gal/fp/oferta-fp',
  'xunta-fp-catalogo-familias-2025-2026',
  '{"source_upload": "3 base de datos itinera.zip", "source_file": "23-textil_v7.pdf", "duration_hours": 2000, "modules": [{"code": "MP0594", "name": "Axuste e padronaxe de calzado e complementos", "hours": 253}, {"code": "MP0593", "name": "Deseño técnico de calzado e complementos", "hours": 175}, {"code": "MP0595", "name": "Industrialización de padróns de calzado", "hours": 175}, {"code": "MP0179", "name": "Inglés profesional", "hours": 60}, {"code": "MP1709", "name": "Itinerario persoal para a empregabilidade I", "hours": 107}, {"code": "MP0276", "name": "Materiais en téxtil, confección e pel", "hours": 160}, {"code": "MP1708", "name": "Sostibilidade aplicada ao sistema produtivo", "hours": 30}, {"code": "MP0283", "name": "Análise de deseños en téxtil e pel", "hours": 137}, {"code": "MP0611", "name": "Calzado e tendencias", "hours": 116}, {"code": "MP1665", "name": "Dixitalización aplicada ao sistema produtivo", "hours": 30}, {"code": "MP0284", "name": "Elaboración de prototipos", "hours": 219}, {"code": "MP1710", "name": "Itinerario persoal para a empregabilidade II", "hours": 50}, {"code": "MP0280", "name": "Organización da produción en confección industrial", "hours": 109}, {"code": "MP0596", "name": "Procesos de produción de calzado", "hours": 102}, {"code": "MP0597", "name": "Proxecto intermodular de deseño e produción de calzado e com-", "hours": 50}, {"code": "MP0165", "name": "Xestión da calidade, prevención de riscos laborais e protec-", "hours": 137}], "learned": "complementos ou interpretar outros deseños, atendendo ás tendencias de moda, elaborando padróns e maquetas destes, organizando e xestionando tecnicamente os procesos de produción baixo normas de boa práctica, segu- ridade laboral e ambiental.", "work_context": "conta allea como por conta propia. Desenvolveranse funcións de deseño técnico, xestión da produción, produción de calzado e complementos, e ela- boración de padróns para a industrialización."}'::jsonb,
  'official_upload',
  now(),
  now(),
  now()
)
on conflict (id) do update set
  name=excluded.name,
  type=excluded.type,
  level=excluded.level,
  family=excluded.family,
  jurisdiction=excluded.jurisdiction,
  route=excluded.route,
  subjects=excluded.subjects,
  ponderation_subjects=excluded.ponderation_subjects,
  route_options=excluded.route_options,
  availability_by_province=excluded.availability_by_province,
  sources=excluded.sources,
  source_url=excluded.source_url,
  source_id=excluded.source_id,
  raw=excluded.raw,
  data_quality=excluded.data_quality,
  verified_at=excluded.verified_at,
  last_seen_at=excluded.last_seen_at,
  updated_at=now();


insert into public.itinera_fp_catalog_details(id,study_id,learned,work_context,jobs,modules,source_file,raw)
values ('detail-fp-v36-cs-deseno-e-producion-de-calzado-e-complementos','fp-v36-cs-deseno-e-producion-de-calzado-e-complementos','complementos ou interpretar outros deseños, atendendo ás tendencias de moda, elaborando padróns e maquetas destes, organizando e xestionando tecnicamente os procesos de produción baixo normas de boa práctica, segu- ridade laboral e ambiental.','conta allea como por conta propia. Desenvolveranse funcións de deseño técnico, xestión da produción, produción de calzado e complementos, e ela- boración de padróns para a industrialización.','["de padronaxe con CAD/CAM", "modelista-padronista-axustador/a de calza- do", "modelista-padronista de artigos de marroquinaría", "técnico/a de desen- volvemento de produtos de calzado e de marroquinaría (IDI)", "padronista-es- calador/a de calzado", "padronista de artigos de marroquinaría", "técnico/a en fabricación de calzado e de artigos de marroquinaría", "técnico/a en control de calidade en industrias de calzado e marroquinaría", "xefe/a de fabricación", "su- pervisor/a de calidade", "controlador/a de produción."]'::jsonb,'[{"code": "MP0594", "name": "Axuste e padronaxe de calzado e complementos", "hours": 253}, {"code": "MP0593", "name": "Deseño técnico de calzado e complementos", "hours": 175}, {"code": "MP0595", "name": "Industrialización de padróns de calzado", "hours": 175}, {"code": "MP0179", "name": "Inglés profesional", "hours": 60}, {"code": "MP1709", "name": "Itinerario persoal para a empregabilidade I", "hours": 107}, {"code": "MP0276", "name": "Materiais en téxtil, confección e pel", "hours": 160}, {"code": "MP1708", "name": "Sostibilidade aplicada ao sistema produtivo", "hours": 30}, {"code": "MP0283", "name": "Análise de deseños en téxtil e pel", "hours": 137}, {"code": "MP0611", "name": "Calzado e tendencias", "hours": 116}, {"code": "MP1665", "name": "Dixitalización aplicada ao sistema produtivo", "hours": 30}, {"code": "MP0284", "name": "Elaboración de prototipos", "hours": 219}, {"code": "MP1710", "name": "Itinerario persoal para a empregabilidade II", "hours": 50}, {"code": "MP0280", "name": "Organización da produción en confección industrial", "hours": 109}, {"code": "MP0596", "name": "Procesos de produción de calzado", "hours": 102}, {"code": "MP0597", "name": "Proxecto intermodular de deseño e produción de calzado e com-", "hours": 50}, {"code": "MP0165", "name": "Xestión da calidade, prevención de riscos laborais e protec-", "hours": 137}]'::jsonb,'23-textil_v7.pdf',jsonb_build_object('source_upload','3 base de datos itinera.zip','duration_hours','2000'))
on conflict (id) do update set study_id=excluded.study_id,learned=excluded.learned,work_context=excluded.work_context,jobs=excluded.jobs,modules=excluded.modules,source_file=excluded.source_file,raw=excluded.raw,updated_at=now();


insert into public.itinera_studies(id,name,type,level,family,jurisdiction,official_title,route,subjects,ponderation_subjects,route_options,availability_by_province,sources,source_url,source_id,raw,data_quality,verified_at,last_seen_at,updated_at)
values (
  'fp-v36-cs-patronaxe-e-moda',
  'Patronaxe e moda',
  'fpgs',
  'Ciclo formativo de grao superior',
  'Téxtil, confección e pel',
  'Galicia',
  true,
  'Consultar requisitos, prazas, centros, modalidade e fontes oficiais antes de decidir.',
  '["Inglés profesional", "Itinerario persoal para a empregabilidade I", "Materiais en téxtil, confección e pel", "Moda e tendencias", "Padronaxe industrial en téxtil e pel", "Procesos en confección industrial", "Sostibilidade aplicada ao sistema produtivo", "Técnicas en confección", "Análise de deseños en téxtil e pel", "Dixitalización aplicada ao sistema produtivo", "Elaboración de prototipos", "Industrialización e escalaxe de padróns"]'::jsonb,
  '[{"subject": "Non aplica ou consultar fonte oficial", "weight": "consultar fonte oficial"}]'::jsonb,
  '[]'::jsonb,
  '{"Galicia": ["Consultar oferta por provincia, centro, modalidade e curso na Xunta FP."]}'::jsonb,
  '["xunta-fp-catalogo-familias-2025-2026", "xunta-fp-ciclos", "todofp-familias"]'::jsonb,
  'https://www.edu.xunta.gal/fp/oferta-fp',
  'xunta-fp-catalogo-familias-2025-2026',
  '{"source_upload": "3 base de datos itinera.zip", "source_file": "23-textil_v7.pdf", "duration_hours": 2000, "modules": [{"code": "MP0179", "name": "Inglés profesional", "hours": 60}, {"code": "MP1709", "name": "Itinerario persoal para a empregabilidade I", "hours": 107}, {"code": "MP0276", "name": "Materiais en téxtil, confección e pel", "hours": 160}, {"code": "MP0264", "name": "Moda e tendencias", "hours": 107}, {"code": "MP0285", "name": "Padronaxe industrial en téxtil e pel", "hours": 233}, {"code": "MP0278", "name": "Procesos en confección industrial", "hours": 76}, {"code": "MP1708", "name": "Sostibilidade aplicada ao sistema produtivo", "hours": 30}, {"code": "MP0277", "name": "Técnicas en confección", "hours": 187}, {"code": "MP0283", "name": "Análise de deseños en téxtil e pel", "hours": 137}, {"code": "MP1665", "name": "Dixitalización aplicada ao sistema produtivo", "hours": 30}, {"code": "MP0284", "name": "Elaboración de prototipos", "hours": 219}, {"code": "MP0286", "name": "Industrialización e escalaxe de padróns", "hours": 218}, {"code": "MP1710", "name": "Itinerario persoal para a empregabilidade II", "hours": 50}, {"code": "MP0280", "name": "Organización da produción en confección industrial", "hours": 109}, {"code": "MP0287", "name": "Proxecto intermodular de padronaxe e moda", "hours": 50}, {"code": "MP0165", "name": "Xestión da calidade, prevención de riscos laborais e protec-", "hours": 137}], "learned": "dos artigos, e organizar e xestionar tecnicamente os procesos de produción, todo isto na área da confección industrial, actuando baixo normas de boa práctica, así como de seguridade laboral e ambiental.", "work_context": "como de calzado e marroquinaría, en pequenas, medianas e grandes em- presas, sea por conta allea ou propia, desenvolvendo funcións de xestión da produción e de elaboración de patróns para a industrialización da con- fección."}'::jsonb,
  'official_upload',
  now(),
  now(),
  now()
)
on conflict (id) do update set
  name=excluded.name,
  type=excluded.type,
  level=excluded.level,
  family=excluded.family,
  jurisdiction=excluded.jurisdiction,
  route=excluded.route,
  subjects=excluded.subjects,
  ponderation_subjects=excluded.ponderation_subjects,
  route_options=excluded.route_options,
  availability_by_province=excluded.availability_by_province,
  sources=excluded.sources,
  source_url=excluded.source_url,
  source_id=excluded.source_id,
  raw=excluded.raw,
  data_quality=excluded.data_quality,
  verified_at=excluded.verified_at,
  last_seen_at=excluded.last_seen_at,
  updated_at=now();


insert into public.itinera_fp_catalog_details(id,study_id,learned,work_context,jobs,modules,source_file,raw)
values ('detail-fp-v36-cs-patronaxe-e-moda','fp-v36-cs-patronaxe-e-moda','dos artigos, e organizar e xestionar tecnicamente os procesos de produción, todo isto na área da confección industrial, actuando baixo normas de boa práctica, así como de seguridade laboral e ambiental.','como de calzado e marroquinaría, en pequenas, medianas e grandes em- presas, sea por conta allea ou propia, desenvolvendo funcións de xestión da produción e de elaboración de patróns para a industrialización da con- fección.','["confección con CAD/CAM", "técnico/a de desenvolvemento de produtos de confección (I+D+i)", "técnico/a en desenvolvemento do produto", "encargado/a de oficina técnica", "modelista-padronista de peletaría", "modelista-padronis- ta de prendas de vestir", "modelista-padronista-escalador/a de sombreiros e gorras", "padronista-escalador/a de prendas de vestir", "técnico/a en confección industrial", "técnico/a en fabricación de artigos de pel e coiro", "técnico/a en control de calidade de confección", "técnico/a en control de calidade en indus- trias de pel e coiro", "técnico/a de organización", "xefe/a de fabricación", "xefe/a de calidade", "xefe/a de sección", "xefe/a de equipo"]'::jsonb,'[{"code": "MP0179", "name": "Inglés profesional", "hours": 60}, {"code": "MP1709", "name": "Itinerario persoal para a empregabilidade I", "hours": 107}, {"code": "MP0276", "name": "Materiais en téxtil, confección e pel", "hours": 160}, {"code": "MP0264", "name": "Moda e tendencias", "hours": 107}, {"code": "MP0285", "name": "Padronaxe industrial en téxtil e pel", "hours": 233}, {"code": "MP0278", "name": "Procesos en confección industrial", "hours": 76}, {"code": "MP1708", "name": "Sostibilidade aplicada ao sistema produtivo", "hours": 30}, {"code": "MP0277", "name": "Técnicas en confección", "hours": 187}, {"code": "MP0283", "name": "Análise de deseños en téxtil e pel", "hours": 137}, {"code": "MP1665", "name": "Dixitalización aplicada ao sistema produtivo", "hours": 30}, {"code": "MP0284", "name": "Elaboración de prototipos", "hours": 219}, {"code": "MP0286", "name": "Industrialización e escalaxe de padróns", "hours": 218}, {"code": "MP1710", "name": "Itinerario persoal para a empregabilidade II", "hours": 50}, {"code": "MP0280", "name": "Organización da produción en confección industrial", "hours": 109}, {"code": "MP0287", "name": "Proxecto intermodular de padronaxe e moda", "hours": 50}, {"code": "MP0165", "name": "Xestión da calidade, prevención de riscos laborais e protec-", "hours": 137}]'::jsonb,'23-textil_v7.pdf',jsonb_build_object('source_upload','3 base de datos itinera.zip','duration_hours','2000'))
on conflict (id) do update set study_id=excluded.study_id,learned=excluded.learned,work_context=excluded.work_context,jobs=excluded.jobs,modules=excluded.modules,source_file=excluded.source_file,raw=excluded.raw,updated_at=now();


insert into public.itinera_studies(id,name,type,level,family,jurisdiction,official_title,route,subjects,ponderation_subjects,route_options,availability_by_province,sources,source_url,source_id,raw,data_quality,verified_at,last_seen_at,updated_at)
values (
  'fp-v36-cs-vestiario-a-medida-e-de-espectaculos',
  'Vestiario á medida e de espectáculos',
  'fpgs',
  'Ciclo formativo de grao superior',
  'Téxtil, confección e pel',
  'Galicia',
  true,
  'Consultar requisitos, prazas, centros, modalidade e fontes oficiais antes de decidir.',
  '["Confección de vestiario á medida", "Inglés profesional", "Itinerario persoal para a empregabilidade I", "Materiais en téxtil, confección e pel", "Moda e tendencias no vestir", "Sostibilidade aplicada ao sistema produtivo", "Técnicas de modelaxe e padronaxe de vestiario á medida", "Deseño de vestiario á medida", "Dixitalización aplicada ao sistema produtivo", "Itinerario persoal para a empregabilidade II", "Proxecto intermodular de vestiario á medida e espectáculos", "Vestiario de espectáculos"]'::jsonb,
  '[{"subject": "Non aplica ou consultar fonte oficial", "weight": "consultar fonte oficial"}]'::jsonb,
  '[]'::jsonb,
  '{"Galicia": ["Consultar oferta por provincia, centro, modalidade e curso na Xunta FP."]}'::jsonb,
  '["xunta-fp-catalogo-familias-2025-2026", "xunta-fp-ciclos", "todofp-familias"]'::jsonb,
  'https://www.edu.xunta.gal/fp/oferta-fp',
  'xunta-fp-catalogo-familias-2025-2026',
  '{"source_upload": "3 base de datos itinera.zip", "source_file": "23-textil_v7.pdf", "duration_hours": 2000, "modules": [{"code": "MP0591", "name": "Confección de vestiario á medida", "hours": 266}, {"code": "MP0179", "name": "Inglés profesional", "hours": 60}, {"code": "MP1709", "name": "Itinerario persoal para a empregabilidade I", "hours": 107}, {"code": "MP0276", "name": "Materiais en téxtil, confección e pel", "hours": 160}, {"code": "MP0589", "name": "Moda e tendencias no vestir", "hours": 70}, {"code": "MP1708", "name": "Sostibilidade aplicada ao sistema produtivo", "hours": 30}, {"code": "MP0585", "name": "Técnicas de modelaxe e padronaxe de vestiario á medida", "hours": 267}, {"code": "MP0590", "name": "Deseño de vestiario á medida", "hours": 219}, {"code": "MP1665", "name": "Dixitalización aplicada ao sistema produtivo", "hours": 30}, {"code": "MP1710", "name": "Itinerario persoal para a empregabilidade II", "hours": 50}, {"code": "MP0592", "name": "Proxecto intermodular de vestiario á medida e espectáculos", "hours": 50}, {"code": "MP0587", "name": "Vestiario de espectáculos", "hours": 191}, {"code": "MP0588", "name": "Xastraría clásica", "hours": 246}, {"code": "MP0586", "name": "Xestión de recursos de vestiario á medida", "hours": 164}], "learned": "alleos, e establecer, organizar e realizar os procesos no ámbito da xastraría, a modistaría e os espectáculos, consonte os requisitos da clientela, para conseguir artigos viables coa calidade requirida.", "work_context": "pequenas e medianas empresas, por conta propia ou allea, e en grandes empresas por conta allea, desenvolvendo funcións de elaboración, princi- palmente, e de deseño e xestión."}'::jsonb,
  'official_upload',
  now(),
  now(),
  now()
)
on conflict (id) do update set
  name=excluded.name,
  type=excluded.type,
  level=excluded.level,
  family=excluded.family,
  jurisdiction=excluded.jurisdiction,
  route=excluded.route,
  subjects=excluded.subjects,
  ponderation_subjects=excluded.ponderation_subjects,
  route_options=excluded.route_options,
  availability_by_province=excluded.availability_by_province,
  sources=excluded.sources,
  source_url=excluded.source_url,
  source_id=excluded.source_id,
  raw=excluded.raw,
  data_quality=excluded.data_quality,
  verified_at=excluded.verified_at,
  last_seen_at=excluded.last_seen_at,
  updated_at=now();


insert into public.itinera_fp_catalog_details(id,study_id,learned,work_context,jobs,modules,source_file,raw)
values ('detail-fp-v36-cs-vestiario-a-medida-e-de-espectaculos','fp-v36-cs-vestiario-a-medida-e-de-espectaculos','alleos, e establecer, organizar e realizar os procesos no ámbito da xastraría, a modistaría e os espectáculos, consonte os requisitos da clientela, para conseguir artigos viables coa calidade requirida.','pequenas e medianas empresas, por conta propia ou allea, e en grandes empresas por conta allea, desenvolvendo funcións de elaboración, princi- palmente, e de deseño e xestión.','["tiario do espectáculo|modisto/a."]'::jsonb,'[{"code": "MP0591", "name": "Confección de vestiario á medida", "hours": 266}, {"code": "MP0179", "name": "Inglés profesional", "hours": 60}, {"code": "MP1709", "name": "Itinerario persoal para a empregabilidade I", "hours": 107}, {"code": "MP0276", "name": "Materiais en téxtil, confección e pel", "hours": 160}, {"code": "MP0589", "name": "Moda e tendencias no vestir", "hours": 70}, {"code": "MP1708", "name": "Sostibilidade aplicada ao sistema produtivo", "hours": 30}, {"code": "MP0585", "name": "Técnicas de modelaxe e padronaxe de vestiario á medida", "hours": 267}, {"code": "MP0590", "name": "Deseño de vestiario á medida", "hours": 219}, {"code": "MP1665", "name": "Dixitalización aplicada ao sistema produtivo", "hours": 30}, {"code": "MP1710", "name": "Itinerario persoal para a empregabilidade II", "hours": 50}, {"code": "MP0592", "name": "Proxecto intermodular de vestiario á medida e espectáculos", "hours": 50}, {"code": "MP0587", "name": "Vestiario de espectáculos", "hours": 191}, {"code": "MP0588", "name": "Xastraría clásica", "hours": 246}, {"code": "MP0586", "name": "Xestión de recursos de vestiario á medida", "hours": 164}]'::jsonb,'23-textil_v7.pdf',jsonb_build_object('source_upload','3 base de datos itinera.zip','duration_hours','2000'))
on conflict (id) do update set study_id=excluded.study_id,learned=excluded.learned,work_context=excluded.work_context,jobs=excluded.jobs,modules=excluded.modules,source_file=excluded.source_file,raw=excluded.raw,updated_at=now();


insert into public.itinera_studies(id,name,type,level,family,jurisdiction,official_title,route,subjects,ponderation_subjects,route_options,availability_by_province,sources,source_url,source_id,raw,data_quality,verified_at,last_seen_at,updated_at)
values (
  'fp-v36-cb-mantemento-de-embarcacions-deportivas-e-de-recreo',
  'Mantemento de embarcacións deportivas e de recreo',
  'fpb',
  'Ciclo formativo de grao básico',
  'Transporte e mantemento de vehículos',
  'Galicia',
  true,
  'Consultar requisitos, prazas, centros, modalidade e fontes oficiais antes de decidir.',
  '["Ciencias aplicadas I", "Comunicación e ciencias sociais I", "Itinerario persoal para a empregabilidade", "Mecanizado e soldadura", "Protección e embelecemento de superficies de embarcacións", "Reparación estrutural básica de embarcacións deportivas", "Ciencias aplicadas II", "Comunicación e ciencias sociais II", "Mantemento básico da planta propulsora e equipamentos", "Mantemento básico de aparellos de embarcacións deportivas", "Mantemento básico de sistemas eléctricos e informáticos", "Proxecto intermodular de aprendizaxe colaborativa"]'::jsonb,
  '[{"subject": "Non aplica ou consultar fonte oficial", "weight": "consultar fonte oficial"}]'::jsonb,
  '[]'::jsonb,
  '{"Galicia": ["Consultar oferta por provincia, centro, modalidade e curso na Xunta FP."]}'::jsonb,
  '["xunta-fp-catalogo-familias-2025-2026", "xunta-fp-ciclos", "todofp-familias"]'::jsonb,
  'https://www.edu.xunta.gal/fp/oferta-fp',
  'xunta-fp-catalogo-familias-2025-2026',
  '{"source_upload": "3 base de datos itinera.zip", "source_file": "24-vehiculos_v7.pdf", "duration_hours": 2000, "modules": [{"code": "AM3163", "name": "Ciencias aplicadas I", "hours": 146}, {"code": "AM3161", "name": "Comunicación e ciencias sociais I", "hours": 175}, {"code": "MP3159", "name": "Itinerario persoal para a empregabilidade", "hours": 60}, {"code": "MP3043", "name": "Mecanizado e soldadura", "hours": 175}, {"code": "MP3040", "name": "Protección e embelecemento de superficies de embarcacións", "hours": 150}, {"code": "MP3028", "name": "Reparación estrutural básica de embarcacións deportivas", "hours": 204}, {"code": "AM3164", "name": "Ciencias aplicadas II", "hours": 146}, {"code": "AM3162", "name": "Comunicación e ciencias sociais II", "hours": 125}, {"code": "MP3048", "name": "Mantemento básico da planta propulsora e equipamentos", "hours": 285}, {"code": "MP3068", "name": "Mantemento básico de aparellos de embarcacións deportivas", "hours": 204}, {"code": "MP3066", "name": "Mantemento básico de sistemas eléctricos e informáticos", "hours": 245}, {"code": "MP3160", "name": "Proxecto intermodular de aprendizaxe colaborativa", "hours": 25}], "learned": "e equipamentos, de reparacións en elementos estruturais e aparellos, de protección e embelecemento de superficies, en embarcacións tanto de- portivas como de recreo, seguindo as instrucións recibidas, adoptando as medidas de prevención de riscos laborais e protección ambiental correspon- dentes, e comunicándose de xeito oral e escrito en linguas galega e castelá, así como nalgunha lingua estranxeira.", "work_context": "damente en talleres de reparación e de mantemento naval e construción de embarcacións de recreo e deporte."}'::jsonb,
  'official_upload',
  now(),
  now(),
  now()
)
on conflict (id) do update set
  name=excluded.name,
  type=excluded.type,
  level=excluded.level,
  family=excluded.family,
  jurisdiction=excluded.jurisdiction,
  route=excluded.route,
  subjects=excluded.subjects,
  ponderation_subjects=excluded.ponderation_subjects,
  route_options=excluded.route_options,
  availability_by_province=excluded.availability_by_province,
  sources=excluded.sources,
  source_url=excluded.source_url,
  source_id=excluded.source_id,
  raw=excluded.raw,
  data_quality=excluded.data_quality,
  verified_at=excluded.verified_at,
  last_seen_at=excluded.last_seen_at,
  updated_at=now();


insert into public.itinera_fp_catalog_details(id,study_id,learned,work_context,jobs,modules,source_file,raw)
values ('detail-fp-v36-cb-mantemento-de-embarcacions-deportivas-e-de-recreo','fp-v36-cb-mantemento-de-embarcacions-deportivas-e-de-recreo','e equipamentos, de reparacións en elementos estruturais e aparellos, de protección e embelecemento de superficies, en embarcacións tanto de- portivas como de recreo, seguindo as instrucións recibidas, adoptando as medidas de prevención de riscos laborais e protección ambiental correspon- dentes, e comunicándose de xeito oral e escrito en linguas galega e castelá, así como nalgunha lingua estranxeira.','damente en talleres de reparación e de mantemento naval e construción de embarcacións de recreo e deporte.','["temento de elementos de plástico reforzado con fibra", "de mantemento de sistemas mecánicos de embarcacións", "de mantemento de sistemas eléctri- cos e electrónicos de embarcacións e de mantemento de aparellos de em- barcacións."]'::jsonb,'[{"code": "AM3163", "name": "Ciencias aplicadas I", "hours": 146}, {"code": "AM3161", "name": "Comunicación e ciencias sociais I", "hours": 175}, {"code": "MP3159", "name": "Itinerario persoal para a empregabilidade", "hours": 60}, {"code": "MP3043", "name": "Mecanizado e soldadura", "hours": 175}, {"code": "MP3040", "name": "Protección e embelecemento de superficies de embarcacións", "hours": 150}, {"code": "MP3028", "name": "Reparación estrutural básica de embarcacións deportivas", "hours": 204}, {"code": "AM3164", "name": "Ciencias aplicadas II", "hours": 146}, {"code": "AM3162", "name": "Comunicación e ciencias sociais II", "hours": 125}, {"code": "MP3048", "name": "Mantemento básico da planta propulsora e equipamentos", "hours": 285}, {"code": "MP3068", "name": "Mantemento básico de aparellos de embarcacións deportivas", "hours": 204}, {"code": "MP3066", "name": "Mantemento básico de sistemas eléctricos e informáticos", "hours": 245}, {"code": "MP3160", "name": "Proxecto intermodular de aprendizaxe colaborativa", "hours": 25}]'::jsonb,'24-vehiculos_v7.pdf',jsonb_build_object('source_upload','3 base de datos itinera.zip','duration_hours','2000'))
on conflict (id) do update set study_id=excluded.study_id,learned=excluded.learned,work_context=excluded.work_context,jobs=excluded.jobs,modules=excluded.modules,source_file=excluded.source_file,raw=excluded.raw,updated_at=now();


insert into public.itinera_studies(id,name,type,level,family,jurisdiction,official_title,route,subjects,ponderation_subjects,route_options,availability_by_province,sources,source_url,source_id,raw,data_quality,verified_at,last_seen_at,updated_at)
values (
  'fp-v36-cb-mantemento-de-vehiculos',
  'Mantemento de vehículos',
  'fpb',
  'Ciclo formativo de grao básico',
  'Transporte e mantemento de vehículos',
  'Galicia',
  true,
  'Consultar requisitos, prazas, centros, modalidade e fontes oficiais antes de decidir.',
  '["Amovibles", "Ciencias aplicadas I", "Comunicación e ciencias sociais I", "Itinerario persoal para a empregabilidade", "Mecanizado e soldadura", "Preparación de superficies", "Ciencias aplicadas II", "Comunicación e ciencias sociais II", "Electricidade do vehículo", "Mecánica do vehículo", "Proxecto intermodular de aprendizaxe colaborativa"]'::jsonb,
  '[{"subject": "Non aplica ou consultar fonte oficial", "weight": "consultar fonte oficial"}]'::jsonb,
  '[]'::jsonb,
  '{"Galicia": ["Consultar oferta por provincia, centro, modalidade e curso na Xunta FP."]}'::jsonb,
  '["xunta-fp-catalogo-familias-2025-2026", "xunta-fp-ciclos", "todofp-familias"]'::jsonb,
  'https://www.edu.xunta.gal/fp/oferta-fp',
  'xunta-fp-catalogo-familias-2025-2026',
  '{"source_upload": "3 base de datos itinera.zip", "source_file": "24-vehiculos_v7.pdf", "duration_hours": 2000, "modules": [{"code": "MP3044", "name": "Amovibles", "hours": 208}, {"code": "AM3163", "name": "Ciencias aplicadas I", "hours": 146}, {"code": "AM3161", "name": "Comunicación e ciencias sociais I", "hours": 175}, {"code": "MP3159", "name": "Itinerario persoal para a empregabilidade", "hours": 60}, {"code": "MP3043", "name": "Mecanizado e soldadura", "hours": 175}, {"code": "MP3045", "name": "Preparación de superficies", "hours": 146}, {"code": "AM3164", "name": "Ciencias aplicadas II", "hours": 146}, {"code": "AM3162", "name": "Comunicación e ciencias sociais II", "hours": 125}, {"code": "MP3046", "name": "Electricidade do vehículo", "hours": 285}, {"code": "MP3047", "name": "Mecánica do vehículo", "hours": 449}, {"code": "MP3160", "name": "Proxecto intermodular de aprendizaxe colaborativa", "hours": 25}], "learned": "de vehículos, desmontando e montando elementos mecánicos, eléctricos e amovibles do vehículo, e executando operacións básicas de preparación de superficies, operando coa calidade indicada, cumprindo as normas de prevención de riscos laborais e protección ambiental correspondentes, e co- municándose oralmente e por escrito en linguas galega e castelá, así como nalgunha lingua estranxeira.", "work_context": "paración e concesionarios de vehículos privados, industriais, agrícolas e de obras públicas."}'::jsonb,
  'official_upload',
  now(),
  now(),
  now()
)
on conflict (id) do update set
  name=excluded.name,
  type=excluded.type,
  level=excluded.level,
  family=excluded.family,
  jurisdiction=excluded.jurisdiction,
  route=excluded.route,
  subjects=excluded.subjects,
  ponderation_subjects=excluded.ponderation_subjects,
  route_options=excluded.route_options,
  availability_by_province=excluded.availability_by_province,
  sources=excluded.sources,
  source_url=excluded.source_url,
  source_id=excluded.source_id,
  raw=excluded.raw,
  data_quality=excluded.data_quality,
  verified_at=excluded.verified_at,
  last_seen_at=excluded.last_seen_at,
  updated_at=now();


insert into public.itinera_fp_catalog_details(id,study_id,learned,work_context,jobs,modules,source_file,raw)
values ('detail-fp-v36-cb-mantemento-de-vehiculos','fp-v36-cb-mantemento-de-vehiculos','de vehículos, desmontando e montando elementos mecánicos, eléctricos e amovibles do vehículo, e executando operacións básicas de preparación de superficies, operando coa calidade indicada, cumprindo as normas de prevención de riscos laborais e protección ambiental correspondentes, e co- municándose oralmente e por escrito en linguas galega e castelá, así como nalgunha lingua estranxeira.','paración e concesionarios de vehículos privados, industriais, agrícolas e de obras públicas.','["rio/a en empresas de substitución de cristais", "axudante/a na área de electro- mecánica", "operario/a de taller de mecánica rápida."]'::jsonb,'[{"code": "MP3044", "name": "Amovibles", "hours": 208}, {"code": "AM3163", "name": "Ciencias aplicadas I", "hours": 146}, {"code": "AM3161", "name": "Comunicación e ciencias sociais I", "hours": 175}, {"code": "MP3159", "name": "Itinerario persoal para a empregabilidade", "hours": 60}, {"code": "MP3043", "name": "Mecanizado e soldadura", "hours": 175}, {"code": "MP3045", "name": "Preparación de superficies", "hours": 146}, {"code": "AM3164", "name": "Ciencias aplicadas II", "hours": 146}, {"code": "AM3162", "name": "Comunicación e ciencias sociais II", "hours": 125}, {"code": "MP3046", "name": "Electricidade do vehículo", "hours": 285}, {"code": "MP3047", "name": "Mecánica do vehículo", "hours": 449}, {"code": "MP3160", "name": "Proxecto intermodular de aprendizaxe colaborativa", "hours": 25}]'::jsonb,'24-vehiculos_v7.pdf',jsonb_build_object('source_upload','3 base de datos itinera.zip','duration_hours','2000'))
on conflict (id) do update set study_id=excluded.study_id,learned=excluded.learned,work_context=excluded.work_context,jobs=excluded.jobs,modules=excluded.modules,source_file=excluded.source_file,raw=excluded.raw,updated_at=now();


insert into public.itinera_studies(id,name,type,level,family,jurisdiction,official_title,route,subjects,ponderation_subjects,route_options,availability_by_province,sources,source_url,source_id,raw,data_quality,verified_at,last_seen_at,updated_at)
values (
  'fp-v36-cm-carrozaria',
  'Carrozaría',
  'fpgm',
  'Ciclo formativo de grao medio',
  'Transporte e mantemento de vehículos',
  'Galicia',
  true,
  'Consultar requisitos, prazas, centros, modalidade e fontes oficiais antes de decidir.',
  '["Elementos amovibles", "Elementos fixos", "Elementos metálicos e sintéticos", "Inglés profesional", "Itinerario persoal para a empregabilidade I", "Mecanizado básico", "Sostibilidade aplicada ao sistema produtivo", "Dixitalización aplicada ao sistema produtivo", "Elementos estruturais do vehículo", "Embelecemento de superficies", "Itinerario persoal para a empregabilidade II", "Preparación de superficies"]'::jsonb,
  '[{"subject": "Non aplica ou consultar fonte oficial", "weight": "consultar fonte oficial"}]'::jsonb,
  '[]'::jsonb,
  '{"Galicia": ["Consultar oferta por provincia, centro, modalidade e curso na Xunta FP."]}'::jsonb,
  '["xunta-fp-catalogo-familias-2025-2026", "xunta-fp-ciclos", "todofp-familias"]'::jsonb,
  'https://www.edu.xunta.gal/fp/oferta-fp',
  'xunta-fp-catalogo-familias-2025-2026',
  '{"source_upload": "3 base de datos itinera.zip", "source_file": "24-vehiculos_v7.pdf", "duration_hours": 2000, "modules": [{"code": "MP0254", "name": "Elementos amovibles", "hours": 184}, {"code": "MP0256", "name": "Elementos fixos", "hours": 236}, {"code": "MP0255", "name": "Elementos metálicos e sintéticos", "hours": 236}, {"code": "MP0156", "name": "Inglés profesional", "hours": 60}, {"code": "MP1709", "name": "Itinerario persoal para a empregabilidade I", "hours": 107}, {"code": "MP0260", "name": "Mecanizado básico", "hours": 107}, {"code": "MP1708", "name": "Sostibilidade aplicada ao sistema produtivo", "hours": 30}, {"code": "MP1664", "name": "Dixitalización aplicada ao sistema produtivo", "hours": 30}, {"code": "MP0258", "name": "Elementos estruturais do vehículo", "hours": 246}, {"code": "MP0259", "name": "Embelecemento de superficies", "hours": 328}, {"code": "MP1710", "name": "Itinerario persoal para a empregabilidade II", "hours": 50}, {"code": "MP0257", "name": "Preparación de superficies", "hours": 246}, {"code": "MP1713", "name": "Proxecto intermodular", "hours": 50}], "learned": "cións do vehículo na área de carrozaría, bastidor, cabina e equipamentos ou apeiros, axustándose a procedementos e tempos establecidos, e cumprindo as especificacións de calidade, seguridade e protección ambiental.", "work_context": "zaría, nos subsectores de automóbiles, vehículos pesados, tractores, maqui- naria agrícola, de industrias extractivas, de construción e de obras públicas, e ferrocarrís, así como noutros sectores produtivos onde se realicen traba- llos de chapa, transformacións e adaptacións de carrozarías, adaptacións e montaxe de equipamentos de maquinaria agrícola, de industrias extractivas e da construción, en vehículos pesados, e na construción e reparación de elementos de fibra, compostos e pintura."}'::jsonb,
  'official_upload',
  now(),
  now(),
  now()
)
on conflict (id) do update set
  name=excluded.name,
  type=excluded.type,
  level=excluded.level,
  family=excluded.family,
  jurisdiction=excluded.jurisdiction,
  route=excluded.route,
  subjects=excluded.subjects,
  ponderation_subjects=excluded.ponderation_subjects,
  route_options=excluded.route_options,
  availability_by_province=excluded.availability_by_province,
  sources=excluded.sources,
  source_url=excluded.source_url,
  source_id=excluded.source_id,
  raw=excluded.raw,
  data_quality=excluded.data_quality,
  verified_at=excluded.verified_at,
  last_seen_at=excluded.last_seen_at,
  updated_at=now();


insert into public.itinera_fp_catalog_details(id,study_id,learned,work_context,jobs,modules,source_file,raw)
values ('detail-fp-v36-cm-carrozaria','fp-v36-cm-carrozaria','cións do vehículo na área de carrozaría, bastidor, cabina e equipamentos ou apeiros, axustándose a procedementos e tempos establecidos, e cumprindo as especificacións de calidade, seguridade e protección ambiental.','zaría, nos subsectores de automóbiles, vehículos pesados, tractores, maqui- naria agrícola, de industrias extractivas, de construción e de obras públicas, e ferrocarrís, así como noutros sectores produtivos onde se realicen traba- llos de chapa, transformacións e adaptacións de carrozarías, adaptacións e montaxe de equipamentos de maquinaria agrícola, de industrias extractivas e da construción, en vehículos pesados, e na construción e reparación de elementos de fibra, compostos e pintura.','["tores, maquinaria agrícola, de industrias extractivas, de construción e obras públicas, e material ferroviario", "instalador/a de cristais e montador/a de accesorios"]'::jsonb,'[{"code": "MP0254", "name": "Elementos amovibles", "hours": 184}, {"code": "MP0256", "name": "Elementos fixos", "hours": 236}, {"code": "MP0255", "name": "Elementos metálicos e sintéticos", "hours": 236}, {"code": "MP0156", "name": "Inglés profesional", "hours": 60}, {"code": "MP1709", "name": "Itinerario persoal para a empregabilidade I", "hours": 107}, {"code": "MP0260", "name": "Mecanizado básico", "hours": 107}, {"code": "MP1708", "name": "Sostibilidade aplicada ao sistema produtivo", "hours": 30}, {"code": "MP1664", "name": "Dixitalización aplicada ao sistema produtivo", "hours": 30}, {"code": "MP0258", "name": "Elementos estruturais do vehículo", "hours": 246}, {"code": "MP0259", "name": "Embelecemento de superficies", "hours": 328}, {"code": "MP1710", "name": "Itinerario persoal para a empregabilidade II", "hours": 50}, {"code": "MP0257", "name": "Preparación de superficies", "hours": 246}, {"code": "MP1713", "name": "Proxecto intermodular", "hours": 50}]'::jsonb,'24-vehiculos_v7.pdf',jsonb_build_object('source_upload','3 base de datos itinera.zip','duration_hours','2000'))
on conflict (id) do update set study_id=excluded.study_id,learned=excluded.learned,work_context=excluded.work_context,jobs=excluded.jobs,modules=excluded.modules,source_file=excluded.source_file,raw=excluded.raw,updated_at=now();


insert into public.itinera_studies(id,name,type,level,family,jurisdiction,official_title,route,subjects,ponderation_subjects,route_options,availability_by_province,sources,source_url,source_id,raw,data_quality,verified_at,last_seen_at,updated_at)
values (
  'fp-v36-cm-conducion-de-vehiculos-de-transporte-por-estrada',
  'Condución de vehículos de transporte por estrada',
  'fpgm',
  'Ciclo formativo de grao medio',
  'Transporte e mantemento de vehículos',
  'Galicia',
  true,
  'Consultar requisitos, prazas, centros, modalidade e fontes oficiais antes de decidir.',
  '["Condución inicial", "Contorno normativo, económico e social do transporte", "Inglés profesional", "Itinerario persoal para a empregabilidade I", "Mantemento básico de vehículos", "Operacións de almacenaxe", "Sostibilidade aplicada ao sistema produtivo", "Condución racional e segura", "Dixitalización aplicada ao sistema produtivo", "Itinerario persoal para a empregabilidade II", "Primeiros auxilios", "Proxecto intermodular"]'::jsonb,
  '[{"subject": "Non aplica ou consultar fonte oficial", "weight": "consultar fonte oficial"}]'::jsonb,
  '[]'::jsonb,
  '{"Galicia": ["Consultar oferta por provincia, centro, modalidade e curso na Xunta FP."]}'::jsonb,
  '["xunta-fp-catalogo-familias-2025-2026", "xunta-fp-ciclos", "todofp-familias"]'::jsonb,
  'https://www.edu.xunta.gal/fp/oferta-fp',
  'xunta-fp-catalogo-familias-2025-2026',
  '{"source_upload": "3 base de datos itinera.zip", "source_file": "24-vehiculos_v7.pdf", "duration_hours": 2000, "modules": [{"code": "MP1204", "name": "Condución inicial", "hours": 263}, {"code": "MP1206", "name": "Contorno normativo, económico e social do transporte", "hours": 158}, {"code": "MP0156", "name": "Inglés profesional", "hours": 60}, {"code": "MP1709", "name": "Itinerario persoal para a empregabilidade I", "hours": 107}, {"code": "MP1210", "name": "Mantemento básico de vehículos", "hours": 158}, {"code": "MP1209", "name": "Operacións de almacenaxe", "hours": 184}, {"code": "MP1708", "name": "Sostibilidade aplicada ao sistema produtivo", "hours": 30}, {"code": "MP1205", "name": "Condución racional e segura", "hours": 327}, {"code": "MP1664", "name": "Dixitalización aplicada ao sistema produtivo", "hours": 30}, {"code": "MP1710", "name": "Itinerario persoal para a empregabilidade II", "hours": 50}, {"code": "MP0020", "name": "Primeiros auxilios", "hours": 82}, {"code": "MP1713", "name": "Proxecto intermodular", "hours": 50}, {"code": "MP1207", "name": "Servizos de transporte de mercadorías", "hours": 247}, {"code": "MP1208", "name": "Servizos de transporte de viaxeiros", "hours": 164}], "learned": "culos de transporte por estrada, cumprindo as normas de circulación, de seguridade viaria e de transporte establecidas, así como a normativa de ámbito europeo, e outras funcións relacionadas coa atención a pasaxeiros, a supervisión e a realización de operacións de carga, a operativa de almacén e a distribución de paquetaría, axustándose a procedementos establecidos, segundo os requisitos de calidade, seguridade e protección ambiental es- tablecidos.", "work_context": "dorías por estrada, a nivel nacional e internacional, tanto por conta propia como por conta allea. Poderanse desempeñar funcións relacionadas coa operativa de almacén e distribución de paquetaría. A actividade profesional de condución está regulada pola Administración competente."}'::jsonb,
  'official_upload',
  now(),
  now(),
  now()
)
on conflict (id) do update set
  name=excluded.name,
  type=excluded.type,
  level=excluded.level,
  family=excluded.family,
  jurisdiction=excluded.jurisdiction,
  route=excluded.route,
  subjects=excluded.subjects,
  ponderation_subjects=excluded.ponderation_subjects,
  route_options=excluded.route_options,
  availability_by_province=excluded.availability_by_province,
  sources=excluded.sources,
  source_url=excluded.source_url,
  source_id=excluded.source_id,
  raw=excluded.raw,
  data_quality=excluded.data_quality,
  verified_at=excluded.verified_at,
  last_seen_at=excluded.last_seen_at,
  updated_at=now();


insert into public.itinera_fp_catalog_details(id,study_id,learned,work_context,jobs,modules,source_file,raw)
values ('detail-fp-v36-cm-conducion-de-vehiculos-de-transporte-por-estrada','fp-v36-cm-conducion-de-vehiculos-de-transporte-por-estrada','culos de transporte por estrada, cumprindo as normas de circulación, de seguridade viaria e de transporte establecidas, así como a normativa de ámbito europeo, e outras funcións relacionadas coa atención a pasaxeiros, a supervisión e a realización de operacións de carga, a operativa de almacén e a distribución de paquetaría, axustándose a procedementos establecidos, segundo os requisitos de calidade, seguridade e protección ambiental es- tablecidos.','dorías por estrada, a nivel nacional e internacional, tanto por conta propia como por conta allea. Poderanse desempeñar funcións relacionadas coa operativa de almacén e distribución de paquetaría. A actividade profesional de condución está regulada pola Administración competente.','["condutor/a de camión de mercadorías perigosas", "condutor/a de camión con remolque e/ou de tractocamión (tráiler)", "condutor/a de camión cisterna", "condutor/a de vehículo frigorífico", "condutor/a de portavehículos (camión portacoches)", "condutor/a de formigoneira (camión betoeira)", "condutor/a de vehículo basculante (dúmper ou volquete)", "condutor/a de vehículos guindas- tre de asistencia en estrada", "condutor/a de vehículos especiais (transporte especial)", "condutor/a de vehículos de transporte de animais vivos", "condu- tor/a de vehículos destinados ao transporte de viaxeiros/as por estrada", "condutor/a de autobús urbano", "interurbano ou internacional", "condutor/a de autobús escolar", "taxista (condutor/a de taxi)", "condutor/a profesional de automóbil (transferencia", "condución de directivos/as etc.)", "condutor/a profe- sional de vehículos de transporte de pasaxeiros/as de ata nove prazas", "con- dutor/a de furgoneta de ata 3.500 kg de masa máxima autorizada (MMA)."]'::jsonb,'[{"code": "MP1204", "name": "Condución inicial", "hours": 263}, {"code": "MP1206", "name": "Contorno normativo, económico e social do transporte", "hours": 158}, {"code": "MP0156", "name": "Inglés profesional", "hours": 60}, {"code": "MP1709", "name": "Itinerario persoal para a empregabilidade I", "hours": 107}, {"code": "MP1210", "name": "Mantemento básico de vehículos", "hours": 158}, {"code": "MP1209", "name": "Operacións de almacenaxe", "hours": 184}, {"code": "MP1708", "name": "Sostibilidade aplicada ao sistema produtivo", "hours": 30}, {"code": "MP1205", "name": "Condución racional e segura", "hours": 327}, {"code": "MP1664", "name": "Dixitalización aplicada ao sistema produtivo", "hours": 30}, {"code": "MP1710", "name": "Itinerario persoal para a empregabilidade II", "hours": 50}, {"code": "MP0020", "name": "Primeiros auxilios", "hours": 82}, {"code": "MP1713", "name": "Proxecto intermodular", "hours": 50}, {"code": "MP1207", "name": "Servizos de transporte de mercadorías", "hours": 247}, {"code": "MP1208", "name": "Servizos de transporte de viaxeiros", "hours": 164}]'::jsonb,'24-vehiculos_v7.pdf',jsonb_build_object('source_upload','3 base de datos itinera.zip','duration_hours','2000'))
on conflict (id) do update set study_id=excluded.study_id,learned=excluded.learned,work_context=excluded.work_context,jobs=excluded.jobs,modules=excluded.modules,source_file=excluded.source_file,raw=excluded.raw,updated_at=now();


insert into public.itinera_studies(id,name,type,level,family,jurisdiction,official_title,route,subjects,ponderation_subjects,route_options,availability_by_province,sources,source_url,source_id,raw,data_quality,verified_at,last_seen_at,updated_at)
values (
  'fp-v36-cm-electromecanica-de-vehiculos-automobiles',
  'Electromecánica de vehículos automóbiles',
  'fpgm',
  'Ciclo formativo de grao medio',
  'Transporte e mantemento de vehículos',
  'Galicia',
  true,
  'Consultar requisitos, prazas, centros, modalidade e fontes oficiais antes de decidir.',
  '["Circuítos de fluídos, suspensión e dirección", "Inglés profesional", "Itinerario persoal para a empregabilidade I", "Mecanizado básico", "Motores", "Sistemas de carga e arranque", "Sistemas de transmisión e freada", "Sostibilidade aplicada ao sistema produtivo", "Circuítos eléctricos auxiliares do vehículo", "Dixitalización aplicada ao sistema produtivo", "Itinerario persoal para a empregabilidade II", "Proxecto intermodular"]'::jsonb,
  '[{"subject": "Non aplica ou consultar fonte oficial", "weight": "consultar fonte oficial"}]'::jsonb,
  '[]'::jsonb,
  '{"Galicia": ["Consultar oferta por provincia, centro, modalidade e curso na Xunta FP."]}'::jsonb,
  '["xunta-fp-catalogo-familias-2025-2026", "xunta-fp-ciclos", "todofp-familias"]'::jsonb,
  'https://www.edu.xunta.gal/fp/oferta-fp',
  'xunta-fp-catalogo-familias-2025-2026',
  '{"source_upload": "3 base de datos itinera.zip", "source_file": "24-vehiculos_v7.pdf", "duration_hours": 2000, "modules": [{"code": "MP0454", "name": "Circuítos de fluídos, suspensión e dirección", "hours": 183}, {"code": "MP0156", "name": "Inglés profesional", "hours": 60}, {"code": "MP1709", "name": "Itinerario persoal para a empregabilidade I", "hours": 107}, {"code": "MP0260", "name": "Mecanizado básico", "hours": 107}, {"code": "MP0452", "name": "Motores", "hours": 131}, {"code": "MP0456", "name": "Sistemas de carga e arranque", "hours": 157}, {"code": "MP0455", "name": "Sistemas de transmisión e freada", "hours": 185}, {"code": "MP1708", "name": "Sostibilidade aplicada ao sistema produtivo", "hours": 30}, {"code": "MP0457", "name": "Circuítos eléctricos auxiliares do vehículo", "hours": 246}, {"code": "MP1664", "name": "Dixitalización aplicada ao sistema produtivo", "hours": 30}, {"code": "MP1710", "name": "Itinerario persoal para a empregabilidade II", "hours": 50}, {"code": "MP1713", "name": "Proxecto intermodular", "hours": 50}, {"code": "MP0453", "name": "Sistemas auxiliares do motor", "hours": 355}, {"code": "MP0458", "name": "Sistemas de seguridade e confortabilidade", "hours": 219}], "learned": "mento, montaxe de accesorios e transformacións nas áreas de mecánica, hi- dráulica, pneumática e electricidade do sector da automoción, axustándose a procedementos e tempos establecidos, e cumprindo as especificacións de calidade, seguridade e protección ambiental.", "work_context": "transporte de pasaxeiros e mercadorías, empresas fabricantes de vehículos e compoñentes, empresas dedicadas á inspección técnica de vehículos, em- presas dedicadas á fabricación, á venda e á comercialización de equipamen- tos de comprobación, diagnose e recambios de vehículos, empresas situadas noutros sectores produtivos onde se realicen traballos de mantemento de electromecánica (grupos electróxenos, cintas transportadoras movidas con motor de explosión, etc.)."}'::jsonb,
  'official_upload',
  now(),
  now(),
  now()
)
on conflict (id) do update set
  name=excluded.name,
  type=excluded.type,
  level=excluded.level,
  family=excluded.family,
  jurisdiction=excluded.jurisdiction,
  route=excluded.route,
  subjects=excluded.subjects,
  ponderation_subjects=excluded.ponderation_subjects,
  route_options=excluded.route_options,
  availability_by_province=excluded.availability_by_province,
  sources=excluded.sources,
  source_url=excluded.source_url,
  source_id=excluded.source_id,
  raw=excluded.raw,
  data_quality=excluded.data_quality,
  verified_at=excluded.verified_at,
  last_seen_at=excluded.last_seen_at,
  updated_at=now();


insert into public.itinera_fp_catalog_details(id,study_id,learned,work_context,jobs,modules,source_file,raw)
values ('detail-fp-v36-cm-electromecanica-de-vehiculos-automobiles','fp-v36-cm-electromecanica-de-vehiculos-automobiles','mento, montaxe de accesorios e transformacións nas áreas de mecánica, hi- dráulica, pneumática e electricidade do sector da automoción, axustándose a procedementos e tempos establecidos, e cumprindo as especificacións de calidade, seguridade e protección ambiental.','transporte de pasaxeiros e mercadorías, empresas fabricantes de vehículos e compoñentes, empresas dedicadas á inspección técnica de vehículos, em- presas dedicadas á fabricación, á venda e á comercialización de equipamen- tos de comprobación, diagnose e recambios de vehículos, empresas situadas noutros sectores produtivos onde se realicen traballos de mantemento de electromecánica (grupos electróxenos, cintas transportadoras movidas con motor de explosión, etc.).','["ración en automoción", "mecánico/a de automóbiles", "electricista de automó- biles", "electromecánico/a de automóbiles", "mecánico/a de motores e os seus sistemas auxiliares", "de automóbiles e motocicletas", "reparador/a de siste- mas pneumáticos e hidráulicos", "reparador/a de sistemas de transmisión e freos", "reparador/a de sistemas de dirección e suspensión", "operario/a de ITV", "instalador/a de accesorios en vehículos", "operario/a de empresas dedica- das á fabricación de recambios", "electromecánico/a de motocicletas", "vende- dor/a distribuidor/a de recambios e equipamentos de diagnose."]'::jsonb,'[{"code": "MP0454", "name": "Circuítos de fluídos, suspensión e dirección", "hours": 183}, {"code": "MP0156", "name": "Inglés profesional", "hours": 60}, {"code": "MP1709", "name": "Itinerario persoal para a empregabilidade I", "hours": 107}, {"code": "MP0260", "name": "Mecanizado básico", "hours": 107}, {"code": "MP0452", "name": "Motores", "hours": 131}, {"code": "MP0456", "name": "Sistemas de carga e arranque", "hours": 157}, {"code": "MP0455", "name": "Sistemas de transmisión e freada", "hours": 185}, {"code": "MP1708", "name": "Sostibilidade aplicada ao sistema produtivo", "hours": 30}, {"code": "MP0457", "name": "Circuítos eléctricos auxiliares do vehículo", "hours": 246}, {"code": "MP1664", "name": "Dixitalización aplicada ao sistema produtivo", "hours": 30}, {"code": "MP1710", "name": "Itinerario persoal para a empregabilidade II", "hours": 50}, {"code": "MP1713", "name": "Proxecto intermodular", "hours": 50}, {"code": "MP0453", "name": "Sistemas auxiliares do motor", "hours": 355}, {"code": "MP0458", "name": "Sistemas de seguridade e confortabilidade", "hours": 219}]'::jsonb,'24-vehiculos_v7.pdf',jsonb_build_object('source_upload','3 base de datos itinera.zip','duration_hours','2000'))
on conflict (id) do update set study_id=excluded.study_id,learned=excluded.learned,work_context=excluded.work_context,jobs=excluded.jobs,modules=excluded.modules,source_file=excluded.source_file,raw=excluded.raw,updated_at=now();


insert into public.itinera_studies(id,name,type,level,family,jurisdiction,official_title,route,subjects,ponderation_subjects,route_options,availability_by_province,sources,source_url,source_id,raw,data_quality,verified_at,last_seen_at,updated_at)
values (
  'fp-v36-cm-electromecanica-de-maquinaria',
  'Electromecánica de maquinaria',
  'fpgm',
  'Ciclo formativo de grao medio',
  'Transporte e mantemento de vehículos',
  'Galicia',
  true,
  'Consultar requisitos, prazas, centros, modalidade e fontes oficiais antes de decidir.',
  '["Equipamentos e apeiros", "Inglés profesional", "Itinerario persoal para a empregabilidade I", "Mecanizado básico", "Motores", "Sistemas de carga e arranque", "Sistemas de suspensión e guía", "Sostibilidade aplicada ao sistema produtivo", "Circuítos eléctricos, electrónicos e de confortabilidade", "Dixitalización aplicada ao sistema produtivo", "Itinerario persoal para a empregabilidade II", "Proxecto intermodular"]'::jsonb,
  '[{"subject": "Non aplica ou consultar fonte oficial", "weight": "consultar fonte oficial"}]'::jsonb,
  '[]'::jsonb,
  '{"Galicia": ["Consultar oferta por provincia, centro, modalidade e curso na Xunta FP."]}'::jsonb,
  '["xunta-fp-catalogo-familias-2025-2026", "xunta-fp-ciclos", "todofp-familias"]'::jsonb,
  'https://www.edu.xunta.gal/fp/oferta-fp',
  'xunta-fp-catalogo-familias-2025-2026',
  '{"source_upload": "3 base de datos itinera.zip", "source_file": "24-vehiculos_v7.pdf", "duration_hours": 2000, "modules": [{"code": "MP0717", "name": "Equipamentos e apeiros", "hours": 122}, {"code": "MP0156", "name": "Inglés profesional", "hours": 60}, {"code": "MP1709", "name": "Itinerario persoal para a empregabilidade I", "hours": 107}, {"code": "MP0260", "name": "Mecanizado básico", "hours": 107}, {"code": "MP0452", "name": "Motores", "hours": 131}, {"code": "MP0456", "name": "Sistemas de carga e arranque", "hours": 157}, {"code": "MP0714", "name": "Sistemas de suspensión e guía", "hours": 246}, {"code": "MP1708", "name": "Sostibilidade aplicada ao sistema produtivo", "hours": 30}, {"code": "MP0718", "name": "Circuítos eléctricos, electrónicos e de confortabilidade", "hours": 191}, {"code": "MP1664", "name": "Dixitalización aplicada ao sistema produtivo", "hours": 30}, {"code": "MP1710", "name": "Itinerario persoal para a empregabilidade II", "hours": 50}, {"code": "MP1713", "name": "Proxecto intermodular", "hours": 50}, {"code": "MP0742", "name": "Sistemas auxiliares do motor diésel", "hours": 191}, {"code": "MP0716", "name": "Sistemas de accionamento de equipamentos e apeiros", "hours": 219}, {"code": "MP0715", "name": "Sistemas de forza e detención", "hours": 219}], "learned": "cións nas áreas de mecánica, hidráulica, pneumática, electricidade e elec- trónica do sector de maquinaria agrícola, de industrias extractivas e de edificación e obra civil, axustándose a procedementos e tempos estable- cidos, e cumprindo as especificacións de calidade, seguridade e protección ambiental.", "work_context": "maquinaria agrícola, de industrias extractivas e de edificación e obra civil: empresas de fabricación de maquinaria agrícola, empresas de fabricación de maquinaria de industrias extractivas e de edificación e obra civil, em- presas de reparación de maquinaria agrícola, de industrias extractivas e de edificación e obra civil, empresas de montaxe e ensamblaxe de sistemas, de equipamentos e apeiros de maquinaria agrícola, de industrias extractivas e de edificación e obra civil, empresas de transformación e adaptación de maquinaria agrícola, de industrias extractivas e de edificación e obra civil, fabricación e distribución de recambios, distribución de equipamentos de diagnose."}'::jsonb,
  'official_upload',
  now(),
  now(),
  now()
)
on conflict (id) do update set
  name=excluded.name,
  type=excluded.type,
  level=excluded.level,
  family=excluded.family,
  jurisdiction=excluded.jurisdiction,
  route=excluded.route,
  subjects=excluded.subjects,
  ponderation_subjects=excluded.ponderation_subjects,
  route_options=excluded.route_options,
  availability_by_province=excluded.availability_by_province,
  sources=excluded.sources,
  source_url=excluded.source_url,
  source_id=excluded.source_id,
  raw=excluded.raw,
  data_quality=excluded.data_quality,
  verified_at=excluded.verified_at,
  last_seen_at=excluded.last_seen_at,
  updated_at=now();


insert into public.itinera_fp_catalog_details(id,study_id,learned,work_context,jobs,modules,source_file,raw)
values ('detail-fp-v36-cm-electromecanica-de-maquinaria','fp-v36-cm-electromecanica-de-maquinaria','cións nas áreas de mecánica, hidráulica, pneumática, electricidade e elec- trónica do sector de maquinaria agrícola, de industrias extractivas e de edificación e obra civil, axustándose a procedementos e tempos estable- cidos, e cumprindo as especificacións de calidade, seguridade e protección ambiental.','maquinaria agrícola, de industrias extractivas e de edificación e obra civil: empresas de fabricación de maquinaria agrícola, empresas de fabricación de maquinaria de industrias extractivas e de edificación e obra civil, em- presas de reparación de maquinaria agrícola, de industrias extractivas e de edificación e obra civil, empresas de montaxe e ensamblaxe de sistemas, de equipamentos e apeiros de maquinaria agrícola, de industrias extractivas e de edificación e obra civil, empresas de transformación e adaptación de maquinaria agrícola, de industrias extractivas e de edificación e obra civil, fabricación e distribución de recambios, distribución de equipamentos de diagnose.','["de industrias extractivas", "electromecánico/a de máquinas de edificación e obra civil", "electromecánico/a axustador/a de equipamentos de inxección diésel", "verificador/a de maquinaria agrícola e industrial", "reparador/a de sis- temas pneumáticos e hidráulicos", "reparador/a de sistemas de transmisión e freos", "reparador/a de sistemas de dirección e suspensión", "instalador/a de accesorios", "vendedor/a distribuidor/a de recambios e equipamentos de diag- nose", "operario/a de empresas dedicadas á fabricación de recambios."]'::jsonb,'[{"code": "MP0717", "name": "Equipamentos e apeiros", "hours": 122}, {"code": "MP0156", "name": "Inglés profesional", "hours": 60}, {"code": "MP1709", "name": "Itinerario persoal para a empregabilidade I", "hours": 107}, {"code": "MP0260", "name": "Mecanizado básico", "hours": 107}, {"code": "MP0452", "name": "Motores", "hours": 131}, {"code": "MP0456", "name": "Sistemas de carga e arranque", "hours": 157}, {"code": "MP0714", "name": "Sistemas de suspensión e guía", "hours": 246}, {"code": "MP1708", "name": "Sostibilidade aplicada ao sistema produtivo", "hours": 30}, {"code": "MP0718", "name": "Circuítos eléctricos, electrónicos e de confortabilidade", "hours": 191}, {"code": "MP1664", "name": "Dixitalización aplicada ao sistema produtivo", "hours": 30}, {"code": "MP1710", "name": "Itinerario persoal para a empregabilidade II", "hours": 50}, {"code": "MP1713", "name": "Proxecto intermodular", "hours": 50}, {"code": "MP0742", "name": "Sistemas auxiliares do motor diésel", "hours": 191}, {"code": "MP0716", "name": "Sistemas de accionamento de equipamentos e apeiros", "hours": 219}, {"code": "MP0715", "name": "Sistemas de forza e detención", "hours": 219}]'::jsonb,'24-vehiculos_v7.pdf',jsonb_build_object('source_upload','3 base de datos itinera.zip','duration_hours','2000'))
on conflict (id) do update set study_id=excluded.study_id,learned=excluded.learned,work_context=excluded.work_context,jobs=excluded.jobs,modules=excluded.modules,source_file=excluded.source_file,raw=excluded.raw,updated_at=now();


insert into public.itinera_studies(id,name,type,level,family,jurisdiction,official_title,route,subjects,ponderation_subjects,route_options,availability_by_province,sources,source_url,source_id,raw,data_quality,verified_at,last_seen_at,updated_at)
values (
  'fp-v36-cm-mantemento-de-estruturas-de-madeira-e-moblaxe-de-embarcacions',
  'Mantemento de estruturas de madeira e moblaxe de embarcacións',
  'fpgm',
  'Ciclo formativo de grao medio',
  'Transporte e mantemento de vehículos',
  'Galicia',
  true,
  'Consultar requisitos, prazas, centros, modalidade e fontes oficiais antes de decidir.',
  '["Control de almacén", "Inglés profesional", "Itinerario persoal para a empregabilidade I", "Materiais en carpintaría e moble", "Operacións básicas de carpintaría", "Operacións básicas de moblaxe", "Solucións construtivas", "Sostibilidade aplicada ao sistema produtivo", "Afondamento nas competencias profesionais*", "Dixitalización aplicada ao sistema produtivo", "Habilidades comunicativas en lingua estranxeira*", "Itinerario persoal para a empregabilidade II"]'::jsonb,
  '[{"subject": "Non aplica ou consultar fonte oficial", "weight": "consultar fonte oficial"}]'::jsonb,
  '[]'::jsonb,
  '{"Galicia": ["Consultar oferta por provincia, centro, modalidade e curso na Xunta FP."]}'::jsonb,
  '["xunta-fp-catalogo-familias-2025-2026", "xunta-fp-ciclos", "todofp-familias"]'::jsonb,
  'https://www.edu.xunta.gal/fp/oferta-fp',
  'xunta-fp-catalogo-familias-2025-2026',
  '{"source_upload": "3 base de datos itinera.zip", "source_file": "24-vehiculos_v7.pdf", "duration_hours": 2000, "modules": [{"code": "MP0538", "name": "Control de almacén", "hours": 53}, {"code": "MP0540", "name": "Inglés profesional", "hours": 60}, {"code": "MP0541", "name": "Itinerario persoal para a empregabilidade I", "hours": 107}, {"code": "MP0542", "name": "Materiais en carpintaría e moble", "hours": 105}, {"code": "MP1630", "name": "Operacións básicas de carpintaría", "hours": 240}, {"code": "MP1630", "name": "Operacións básicas de moblaxe", "hours": 208}, {"code": "MP1631", "name": "Solucións construtivas", "hours": 157}, {"code": "MP1632", "name": "Sostibilidade aplicada ao sistema produtivo", "hours": 30}, {"code": "MP1633", "name": "Afondamento nas competencias profesionais*", "hours": 30}, {"code": "MP0538", "name": "Dixitalización aplicada ao sistema produtivo", "hours": 30}, {"code": "MP0540", "name": "Habilidades comunicativas en lingua estranxeira*", "hours": 60}, {"code": "MP0541", "name": "Itinerario persoal para a empregabilidade II", "hours": 50}, {"code": "MP0542", "name": "Mantemento de cubertas e cascos de madeira en embarca-", "hours": 164}, {"code": "MP1630", "name": "Mantemento de elementos estruturais de madeira de embar-", "hours": 164}, {"code": "MP1630", "name": "Mantemento de elementos interiores de madeira e moblaxe", "hours": 164}, {"code": "MP1631", "name": "Mecanizado de elementos de carpintaría de ribeira", "hours": 247}, {"code": "MP1632", "name": "Preparación de embarcacións de recreo para traballos de man-", "hours": 81}, {"code": "MP1633", "name": "Proxecto intermodular", "hours": 50}], "learned": "de recreo de madeira. Localizar avarías en estruturas, cascos, cubertas e elementos interiores de embarcacións de recreo de madeira. Determinar o alcance da avaría ou a disfunción nas embarcacións de recreo de madeira. Planificar o traballo de mantemento, establecendo o procedemento que cumpra seguir, especificando os materiais ou os repostos requiridos, os equipamentos e as ferramentas necesarias, e a seguridade aplicable. Selec- cionar e abastecerse de materiais, accesorios e produtos de entrada e saída no almacén. Manter en bo estado os elementos estruturais de madeira de embarcacións de recreo. Manter e, de ser o caso, modificar elementos inte- riores de madeira de embarcacións de recreo. Reconstruír cascos e cubertas de madeira de embarcacións de recreo, cumprindo os requisitos técnicos do fabricante e da normativa aplicable. Preparar soportes e aplicar mesturas de pintura, operando con equipamentos de acabamento requiridos. Montar e/ou adaptar mobles e elementos de carpintaría en embarcacións de recreo. Realizar o mantemento de primeiro nivel de máquinas e equipamentos de mecanizado utilizados na montaxe e no acabamento de elementos de ma- deira, consonte a ficha de mantemento.", "work_context": ""}'::jsonb,
  'official_upload',
  now(),
  now(),
  now()
)
on conflict (id) do update set
  name=excluded.name,
  type=excluded.type,
  level=excluded.level,
  family=excluded.family,
  jurisdiction=excluded.jurisdiction,
  route=excluded.route,
  subjects=excluded.subjects,
  ponderation_subjects=excluded.ponderation_subjects,
  route_options=excluded.route_options,
  availability_by_province=excluded.availability_by_province,
  sources=excluded.sources,
  source_url=excluded.source_url,
  source_id=excluded.source_id,
  raw=excluded.raw,
  data_quality=excluded.data_quality,
  verified_at=excluded.verified_at,
  last_seen_at=excluded.last_seen_at,
  updated_at=now();


insert into public.itinera_fp_catalog_details(id,study_id,learned,work_context,jobs,modules,source_file,raw)
values ('detail-fp-v36-cm-mantemento-de-estruturas-de-madeira-e-moblaxe-de-embarcacions','fp-v36-cm-mantemento-de-estruturas-de-madeira-e-moblaxe-de-embarcacions','de recreo de madeira. Localizar avarías en estruturas, cascos, cubertas e elementos interiores de embarcacións de recreo de madeira. Determinar o alcance da avaría ou a disfunción nas embarcacións de recreo de madeira. Planificar o traballo de mantemento, establecendo o procedemento que cumpra seguir, especificando os materiais ou os repostos requiridos, os equipamentos e as ferramentas necesarias, e a seguridade aplicable. Selec- cionar e abastecerse de materiais, accesorios e produtos de entrada e saída no almacén. Manter en bo estado os elementos estruturais de madeira de embarcacións de recreo. Manter e, de ser o caso, modificar elementos inte- riores de madeira de embarcacións de recreo. Reconstruír cascos e cubertas de madeira de embarcacións de recreo, cumprindo os requisitos técnicos do fabricante e da normativa aplicable. Preparar soportes e aplicar mesturas de pintura, operando con equipamentos de acabamento requiridos. Montar e/ou adaptar mobles e elementos de carpintaría en embarcacións de recreo. Realizar o mantemento de primeiro nivel de máquinas e equipamentos de mecanizado utilizados na montaxe e no acabamento de elementos de ma- deira, consonte a ficha de mantemento.','','["creo|carpinteiro/a de ribeira (mantemento de estruturas", "cascos e cubertas de embarcacións de recreo de madeira)."]'::jsonb,'[{"code": "MP0538", "name": "Control de almacén", "hours": 53}, {"code": "MP0540", "name": "Inglés profesional", "hours": 60}, {"code": "MP0541", "name": "Itinerario persoal para a empregabilidade I", "hours": 107}, {"code": "MP0542", "name": "Materiais en carpintaría e moble", "hours": 105}, {"code": "MP1630", "name": "Operacións básicas de carpintaría", "hours": 240}, {"code": "MP1630", "name": "Operacións básicas de moblaxe", "hours": 208}, {"code": "MP1631", "name": "Solucións construtivas", "hours": 157}, {"code": "MP1632", "name": "Sostibilidade aplicada ao sistema produtivo", "hours": 30}, {"code": "MP1633", "name": "Afondamento nas competencias profesionais*", "hours": 30}, {"code": "MP0538", "name": "Dixitalización aplicada ao sistema produtivo", "hours": 30}, {"code": "MP0540", "name": "Habilidades comunicativas en lingua estranxeira*", "hours": 60}, {"code": "MP0541", "name": "Itinerario persoal para a empregabilidade II", "hours": 50}, {"code": "MP0542", "name": "Mantemento de cubertas e cascos de madeira en embarca-", "hours": 164}, {"code": "MP1630", "name": "Mantemento de elementos estruturais de madeira de embar-", "hours": 164}, {"code": "MP1630", "name": "Mantemento de elementos interiores de madeira e moblaxe", "hours": 164}, {"code": "MP1631", "name": "Mecanizado de elementos de carpintaría de ribeira", "hours": 247}, {"code": "MP1632", "name": "Preparación de embarcacións de recreo para traballos de man-", "hours": 81}, {"code": "MP1633", "name": "Proxecto intermodular", "hours": 50}]'::jsonb,'24-vehiculos_v7.pdf',jsonb_build_object('source_upload','3 base de datos itinera.zip','duration_hours','2000'))
on conflict (id) do update set study_id=excluded.study_id,learned=excluded.learned,work_context=excluded.work_context,jobs=excluded.jobs,modules=excluded.modules,source_file=excluded.source_file,raw=excluded.raw,updated_at=now();


insert into public.itinera_studies(id,name,type,level,family,jurisdiction,official_title,route,subjects,ponderation_subjects,route_options,availability_by_province,sources,source_url,source_id,raw,data_quality,verified_at,last_seen_at,updated_at)
values (
  'fp-v36-cm-mantemento-de-material-rodante-ferroviario',
  'Mantemento de material rodante ferroviario',
  'fpgm',
  'Ciclo formativo de grao medio',
  'Transporte e mantemento de vehículos',
  'Galicia',
  true,
  'Consultar requisitos, prazas, centros, modalidade e fontes oficiais antes de decidir.',
  '["Confortabilidade e climatización", "Inglés profesional", "Itinerario persoal para a empregabilidade I", "Mecanizado básico", "Motores", "Sistemas de freos en material rodante ferroviario", "Sistemas lóxicos de material rodante ferroviario", "Sostibilidade aplicada ao sistema produtivo", "Boxie, tracción e choque", "Circuítos auxiliares", "Dixitalización aplicada ao sistema produtivo", "Itinerario persoal para a empregabilidade II"]'::jsonb,
  '[{"subject": "Non aplica ou consultar fonte oficial", "weight": "consultar fonte oficial"}]'::jsonb,
  '[]'::jsonb,
  '{"Galicia": ["Consultar oferta por provincia, centro, modalidade e curso na Xunta FP."]}'::jsonb,
  '["xunta-fp-catalogo-familias-2025-2026", "xunta-fp-ciclos", "todofp-familias"]'::jsonb,
  'https://www.edu.xunta.gal/fp/oferta-fp',
  'xunta-fp-catalogo-familias-2025-2026',
  '{"source_upload": "3 base de datos itinera.zip", "source_file": "24-vehiculos_v7.pdf", "duration_hours": 2000, "modules": [{"code": "MP0977", "name": "Confortabilidade e climatización", "hours": 158}, {"code": "MP0156", "name": "Inglés profesional", "hours": 60}, {"code": "MP1709", "name": "Itinerario persoal para a empregabilidade I", "hours": 107}, {"code": "MP0260", "name": "Mecanizado básico", "hours": 107}, {"code": "MP0452", "name": "Motores", "hours": 131}, {"code": "MP0974", "name": "Sistemas de freos en material rodante ferroviario", "hours": 147}, {"code": "MP0976", "name": "Sistemas lóxicos de material rodante ferroviario", "hours": 220}, {"code": "MP1708", "name": "Sostibilidade aplicada ao sistema produtivo", "hours": 30}, {"code": "MP0978", "name": "Boxie, tracción e choque", "hours": 137}, {"code": "MP0975", "name": "Circuítos auxiliares", "hours": 219}, {"code": "MP1664", "name": "Dixitalización aplicada ao sistema produtivo", "hours": 30}, {"code": "MP1710", "name": "Itinerario persoal para a empregabilidade II", "hours": 50}, {"code": "MP1713", "name": "Proxecto intermodular", "hours": 50}, {"code": "MP0742", "name": "Sistemas auxiliares do motor diésel", "hours": 191}, {"code": "MP0973", "name": "Tracción eléctrica", "hours": 273}], "learned": "temento e montaxe de compoñentes e accesorios nas áreas de mecánica, pneumática, electricidade e electrónica do material rodante ferroviario, axustándose aos procedementos e aos tempos establecidos segundo a normativa específica, e cumprindo os requisitos de calidade, seguridade e protección ambiental establecidos.", "work_context": "tanto nos ámbitos das administracións ferroviarias e dos operadores pri- vados de ferrocarrís como no das empresas municipais de suburbanos e tranvías lixeiros."}'::jsonb,
  'official_upload',
  now(),
  now(),
  now()
)
on conflict (id) do update set
  name=excluded.name,
  type=excluded.type,
  level=excluded.level,
  family=excluded.family,
  jurisdiction=excluded.jurisdiction,
  route=excluded.route,
  subjects=excluded.subjects,
  ponderation_subjects=excluded.ponderation_subjects,
  route_options=excluded.route_options,
  availability_by_province=excluded.availability_by_province,
  sources=excluded.sources,
  source_url=excluded.source_url,
  source_id=excluded.source_id,
  raw=excluded.raw,
  data_quality=excluded.data_quality,
  verified_at=excluded.verified_at,
  last_seen_at=excluded.last_seen_at,
  updated_at=now();


insert into public.itinera_fp_catalog_details(id,study_id,learned,work_context,jobs,modules,source_file,raw)
values ('detail-fp-v36-cm-mantemento-de-material-rodante-ferroviario','fp-v36-cm-mantemento-de-material-rodante-ferroviario','temento e montaxe de compoñentes e accesorios nas áreas de mecánica, pneumática, electricidade e electrónica do material rodante ferroviario, axustándose aos procedementos e aos tempos establecidos segundo a normativa específica, e cumprindo os requisitos de calidade, seguridade e protección ambiental establecidos.','tanto nos ámbitos das administracións ferroviarias e dos operadores pri- vados de ferrocarrís como no das empresas municipais de suburbanos e tranvías lixeiros.','["rodante ferroviario", "técnico/a en mantemento de motores diésel ferrovia- rios", "técnico/a en mantemento e reparación de sistemas eléctricos de ma- terial rodante ferroviario", "técnico/a en mantemento de sistemas electró- nicos de material rodante ferroviario", "técnico/a en cargas e descargas de software", "análise de diagnose e redes de comunicación interna de vehículos ferroviarios", "técnico/a en mantemento de sistemas de tracción e motores de trens", "técnico/a en mantemento de sistemas de confort", "seguridade e comunicación de material rodante ferroviario", "reparador/a de sistemas de seguridade e comunicación de material rodante ferroviario", "técnico/a en mantemento de sistemas de bogies", "choque e arrastre (enganches)", "axente de acompañamento de trens (persoal de a bordo encargado de supervi- sión)", "vendedor/a", "distribuidor/a ou visitador/a de recambios e equipamen- tos para material rodante ferroviario", "operario/a en empresas dedicadas á fabricación", "a montaxe e a comercialización de equipamentos e repostos para material rodante ferroviario."]'::jsonb,'[{"code": "MP0977", "name": "Confortabilidade e climatización", "hours": 158}, {"code": "MP0156", "name": "Inglés profesional", "hours": 60}, {"code": "MP1709", "name": "Itinerario persoal para a empregabilidade I", "hours": 107}, {"code": "MP0260", "name": "Mecanizado básico", "hours": 107}, {"code": "MP0452", "name": "Motores", "hours": 131}, {"code": "MP0974", "name": "Sistemas de freos en material rodante ferroviario", "hours": 147}, {"code": "MP0976", "name": "Sistemas lóxicos de material rodante ferroviario", "hours": 220}, {"code": "MP1708", "name": "Sostibilidade aplicada ao sistema produtivo", "hours": 30}, {"code": "MP0978", "name": "Boxie, tracción e choque", "hours": 137}, {"code": "MP0975", "name": "Circuítos auxiliares", "hours": 219}, {"code": "MP1664", "name": "Dixitalización aplicada ao sistema produtivo", "hours": 30}, {"code": "MP1710", "name": "Itinerario persoal para a empregabilidade II", "hours": 50}, {"code": "MP1713", "name": "Proxecto intermodular", "hours": 50}, {"code": "MP0742", "name": "Sistemas auxiliares do motor diésel", "hours": 191}, {"code": "MP0973", "name": "Tracción eléctrica", "hours": 273}]'::jsonb,'24-vehiculos_v7.pdf',jsonb_build_object('source_upload','3 base de datos itinera.zip','duration_hours','2000'))
on conflict (id) do update set study_id=excluded.study_id,learned=excluded.learned,work_context=excluded.work_context,jobs=excluded.jobs,modules=excluded.modules,source_file=excluded.source_file,raw=excluded.raw,updated_at=now();


insert into public.itinera_studies(id,name,type,level,family,jurisdiction,official_title,route,subjects,ponderation_subjects,route_options,availability_by_province,sources,source_url,source_id,raw,data_quality,verified_at,last_seen_at,updated_at)
values (
  'fp-v36-cs-automocion',
  'Automoción',
  'fpgs',
  'Ciclo formativo de grao superior',
  'Transporte e mantemento de vehículos',
  'Galicia',
  true,
  'Consultar requisitos, prazas, centros, modalidade e fontes oficiais antes de decidir.',
  '["Elementos amovibles e fixos non estruturais", "Inglés profesional", "Itinerario persoal para a empregabilidade I", "Motores térmicos e os seus sistemas auxiliares", "Sistemas eléctricos e de seguridade e confortabilidade", "Sostibilidade aplicada ao sistema produtivo", "Xestión e loxística do mantemento de vehículos", "Dixitalización aplicada ao sistema produtivo", "Estruturas do vehículo", "Itinerario persoal para a empregabilidade II", "Proxecto intermodular en automoción", "Sistemas de transmisión de forzas e trens de rodaxe"]'::jsonb,
  '[{"subject": "Non aplica ou consultar fonte oficial", "weight": "consultar fonte oficial"}]'::jsonb,
  '[]'::jsonb,
  '{"Galicia": ["Consultar oferta por provincia, centro, modalidade e curso na Xunta FP."]}'::jsonb,
  '["xunta-fp-catalogo-familias-2025-2026", "xunta-fp-ciclos", "todofp-familias"]'::jsonb,
  'https://www.edu.xunta.gal/fp/oferta-fp',
  'xunta-fp-catalogo-familias-2025-2026',
  '{"source_upload": "3 base de datos itinera.zip", "source_file": "24-vehiculos_v7.pdf", "duration_hours": 2000, "modules": [{"code": "MP0294", "name": "Elementos amovibles e fixos non estruturais", "hours": 185}, {"code": "MP0179", "name": "Inglés profesional", "hours": 60}, {"code": "MP1709", "name": "Itinerario persoal para a empregabilidade I", "hours": 107}, {"code": "MP0293", "name": "Motores térmicos e os seus sistemas auxiliares", "hours": 236}, {"code": "MP0291", "name": "Sistemas eléctricos e de seguridade e confortabilidade", "hours": 237}, {"code": "MP1708", "name": "Sostibilidade aplicada ao sistema produtivo", "hours": 30}, {"code": "MP0297", "name": "Xestión e loxística do mantemento de vehículos", "hours": 105}, {"code": "MP1665", "name": "Dixitalización aplicada ao sistema produtivo", "hours": 30}, {"code": "MP0296", "name": "Estruturas do vehículo", "hours": 164}, {"code": "MP1710", "name": "Itinerario persoal para a empregabilidade II", "hours": 50}, {"code": "MP0298", "name": "Proxecto intermodular en automoción", "hours": 50}, {"code": "MP0292", "name": "Sistemas de transmisión de forzas e trens de rodaxe", "hours": 301}, {"code": "MP0309", "name": "Técnicas de comunicación e de relacións", "hours": 82}, {"code": "MP0295", "name": "Tratamento e recubrimento de superficies", "hours": 273}], "learned": "mento e a súa loxística no sector de automoción, diagnosticando avarías en casos complexos, e garantindo o cumprimento das especificacións estable- cidas pola normativa e polo fabricante do vehículo.", "work_context": "automóbiles, vehículos pesados, tractores, maquinaria agrícola, de indus- trias extractivas, de construción e de obras públicas. Compañías de seguros. Empresas fabricantes de vehículos e compoñentes. Empresas dedicadas á inspección técnica de vehículos. Laboratorios de ensaios de conxuntos e subconxuntos de vehículos. Empresas dedicadas á fabricación, a venda e a comercialización de equipamentos de comprobación, diagnose e recambios de vehículos. Empresas de flotas de alugamento de vehículos, servizos pú- blicos, e transporte de pasaxeiros e de mercadorías."}'::jsonb,
  'official_upload',
  now(),
  now(),
  now()
)
on conflict (id) do update set
  name=excluded.name,
  type=excluded.type,
  level=excluded.level,
  family=excluded.family,
  jurisdiction=excluded.jurisdiction,
  route=excluded.route,
  subjects=excluded.subjects,
  ponderation_subjects=excluded.ponderation_subjects,
  route_options=excluded.route_options,
  availability_by_province=excluded.availability_by_province,
  sources=excluded.sources,
  source_url=excluded.source_url,
  source_id=excluded.source_id,
  raw=excluded.raw,
  data_quality=excluded.data_quality,
  verified_at=excluded.verified_at,
  last_seen_at=excluded.last_seen_at,
  updated_at=now();


insert into public.itinera_fp_catalog_details(id,study_id,learned,work_context,jobs,modules,source_file,raw)
values ('detail-fp-v36-cs-automocion','fp-v36-cs-automocion','mento e a súa loxística no sector de automoción, diagnosticando avarías en casos complexos, e garantindo o cumprimento das especificacións estable- cidas pola normativa e polo fabricante do vehículo.','automóbiles, vehículos pesados, tractores, maquinaria agrícola, de indus- trias extractivas, de construción e de obras públicas. Compañías de seguros. Empresas fabricantes de vehículos e compoñentes. Empresas dedicadas á inspección técnica de vehículos. Laboratorios de ensaios de conxuntos e subconxuntos de vehículos. Empresas dedicadas á fabricación, a venda e a comercialización de equipamentos de comprobación, diagnose e recambios de vehículos. Empresas de flotas de alugamento de vehículos, servizos pú- blicos, e transporte de pasaxeiros e de mercadorías.','["ller de vehículos de motor", "encargado/a de ITV", "perito/a taxador/a de vehí- culos", "xefe/a de servizo", "encargado/a da área de recambios", "encargado/a da área comercial de equipamentos relacionados cos vehículos", "xefe/a da área de carrozaría: chapa e pintura."]'::jsonb,'[{"code": "MP0294", "name": "Elementos amovibles e fixos non estruturais", "hours": 185}, {"code": "MP0179", "name": "Inglés profesional", "hours": 60}, {"code": "MP1709", "name": "Itinerario persoal para a empregabilidade I", "hours": 107}, {"code": "MP0293", "name": "Motores térmicos e os seus sistemas auxiliares", "hours": 236}, {"code": "MP0291", "name": "Sistemas eléctricos e de seguridade e confortabilidade", "hours": 237}, {"code": "MP1708", "name": "Sostibilidade aplicada ao sistema produtivo", "hours": 30}, {"code": "MP0297", "name": "Xestión e loxística do mantemento de vehículos", "hours": 105}, {"code": "MP1665", "name": "Dixitalización aplicada ao sistema produtivo", "hours": 30}, {"code": "MP0296", "name": "Estruturas do vehículo", "hours": 164}, {"code": "MP1710", "name": "Itinerario persoal para a empregabilidade II", "hours": 50}, {"code": "MP0298", "name": "Proxecto intermodular en automoción", "hours": 50}, {"code": "MP0292", "name": "Sistemas de transmisión de forzas e trens de rodaxe", "hours": 301}, {"code": "MP0309", "name": "Técnicas de comunicación e de relacións", "hours": 82}, {"code": "MP0295", "name": "Tratamento e recubrimento de superficies", "hours": 273}]'::jsonb,'24-vehiculos_v7.pdf',jsonb_build_object('source_upload','3 base de datos itinera.zip','duration_hours','2000'))
on conflict (id) do update set study_id=excluded.study_id,learned=excluded.learned,work_context=excluded.work_context,jobs=excluded.jobs,modules=excluded.modules,source_file=excluded.source_file,raw=excluded.raw,updated_at=now();


insert into public.itinera_studies(id,name,type,level,family,jurisdiction,official_title,route,subjects,ponderation_subjects,route_options,availability_by_province,sources,source_url,source_id,raw,data_quality,verified_at,last_seen_at,updated_at)
values (
  'fp-v36-cs-mantemento-aeromecanico-de-avions-con-motor-de-turbina',
  'Mantemento aeromecánico de avións con motor de turbina',
  'fpgs',
  'Ciclo formativo de grao superior',
  'Transporte e mantemento de vehículos',
  'Galicia',
  true,
  'Consultar requisitos, prazas, centros, modalidade e fontes oficiais antes de decidir.',
  '["Aerodinámica básica", "Aerodinámica, estruturas e sistemas de osíxeno, augas e protec-", "Factores humanos", "Fundamentos de electricidade", "Fundamentos de electrónica en aeromecánica", "Hélices", "Inglés profesional", "Lexislación aeronáutica", "Materiais, equipamentos e ferramentas en aeromecánica", "Prácticas de mantemento con elementos mecánicos da aeronave", "Sostibilidade aplicada ao sistema produtivo", "Aerodinámica, estruturas e sistemas de mandos de voo de avións"]'::jsonb,
  '[{"subject": "Non aplica ou consultar fonte oficial", "weight": "consultar fonte oficial"}]'::jsonb,
  '[]'::jsonb,
  '{"Galicia": ["Consultar oferta por provincia, centro, modalidade e curso na Xunta FP."]}'::jsonb,
  '["xunta-fp-catalogo-familias-2025-2026", "xunta-fp-ciclos", "todofp-familias"]'::jsonb,
  'https://www.edu.xunta.gal/fp/oferta-fp',
  'xunta-fp-catalogo-familias-2025-2026',
  '{"source_upload": "3 base de datos itinera.zip", "source_file": "24-vehiculos_v7.pdf", "duration_hours": 2540, "modules": [{"code": "MP1435", "name": "Aerodinámica básica", "hours": 65}, {"code": "MP1441", "name": "Aerodinámica, estruturas e sistemas de osíxeno, augas e protec-", "hours": 105}, {"code": "MP1436", "name": "Factores humanos", "hours": 105}, {"code": "MP1425", "name": "Fundamentos de electricidade", "hours": 135}, {"code": "MP1426", "name": "Fundamentos de electrónica en aeromecánica", "hours": 105}, {"code": "MP1457", "name": "Hélices", "hours": 65}, {"code": "MP0179", "name": "Inglés profesional", "hours": 60}, {"code": "MP1437", "name": "Lexislación aeronáutica", "hours": 65}, {"code": "MP1430", "name": "Materiais, equipamentos e ferramentas en aeromecánica", "hours": 135}, {"code": "MP1432", "name": "Prácticas de mantemento con elementos mecánicos da aeronave", "hours": 240}, {"code": "MP1708", "name": "Sostibilidade aplicada ao sistema produtivo", "hours": 30}, {"code": "MP1439", "name": "Aerodinámica, estruturas e sistemas de mandos de voo de avións", "hours": 224}, {"code": "MP1438", "name": "Aerodinámica, estruturas e sistemas eléctricos e de aviónica de", "hours": 135}, {"code": "MP1440", "name": "Aerodinámica, estruturas e sistemas hidráulicos e pneumáticos,", "hours": 224}, {"code": "MP1665", "name": "Dixitalización aplicada ao sistema produtivo", "hours": 30}, {"code": "MP1710", "name": "Itinerario persoal para a empregabilidade II", "hours": 50}, {"code": "MP1455", "name": "Motores de turbinas de gas", "hours": 314}, {"code": "MP1433", "name": "Prácticas de mantemento con elementos de aviónica e servizos", "hours": 134}, {"code": "MP1428", "name": "Técnicas dixitais e sistemas de instrumentos electrónicos en", "hours": 179}, {"code": "MP1458", "name": "Proxecto intermodular de mantemento aeromecánico de avións", "hours": 50}], "learned": "dos sistemas mecánicos, hidráulicos, pneumáticos e eléctricos do avión con motor de turbina, tanto na liña como no hangar, así como o mantemento na liña dos sistemas electrónicos e de aviónica. Participar nos procesos de fabricación e ensamblaxe de compoñentes, e na xestión do mantemento.", "work_context": "presas dedicadas ao transporte tanto de pasaxeiros como de mercadorías ou a outras actividades, facendo inspeccións na liña e operacións de man- temento na liña e no hangar ou no taller. Actividades relacionadas coa fa- bricación e a montaxe tanto de aeronaves como dos seus compoñentes, así como coa simulación e o control de diferentes situacións de voo. Empresas dedicadas á fabricación de compoñentes e á montaxe de aeronaves, de ins- pección e control de calidade e do ámbito dos simuladores de voo. Compa- ñías regulares, chárter, de carga aérea, de fumigación aérea, de loita contra incendios, aeroclubs, institucións oficiais (Policía, Protección Civil, etc.), es- colas de pilotos e outros centros de formación, e empresas de mantemento."}'::jsonb,
  'official_upload',
  now(),
  now(),
  now()
)
on conflict (id) do update set
  name=excluded.name,
  type=excluded.type,
  level=excluded.level,
  family=excluded.family,
  jurisdiction=excluded.jurisdiction,
  route=excluded.route,
  subjects=excluded.subjects,
  ponderation_subjects=excluded.ponderation_subjects,
  route_options=excluded.route_options,
  availability_by_province=excluded.availability_by_province,
  sources=excluded.sources,
  source_url=excluded.source_url,
  source_id=excluded.source_id,
  raw=excluded.raw,
  data_quality=excluded.data_quality,
  verified_at=excluded.verified_at,
  last_seen_at=excluded.last_seen_at,
  updated_at=now();


insert into public.itinera_fp_catalog_details(id,study_id,learned,work_context,jobs,modules,source_file,raw)
values ('detail-fp-v36-cs-mantemento-aeromecanico-de-avions-con-motor-de-turbina','fp-v36-cs-mantemento-aeromecanico-de-avions-con-motor-de-turbina','dos sistemas mecánicos, hidráulicos, pneumáticos e eléctricos do avión con motor de turbina, tanto na liña como no hangar, así como o mantemento na liña dos sistemas electrónicos e de aviónica. Participar nos procesos de fabricación e ensamblaxe de compoñentes, e na xestión do mantemento.','presas dedicadas ao transporte tanto de pasaxeiros como de mercadorías ou a outras actividades, facendo inspeccións na liña e operacións de man- temento na liña e no hangar ou no taller. Actividades relacionadas coa fa- bricación e a montaxe tanto de aeronaves como dos seus compoñentes, así como coa simulación e o control de diferentes situacións de voo. Empresas dedicadas á fabricación de compoñentes e á montaxe de aeronaves, de ins- pección e control de calidade e do ámbito dos simuladores de voo. Compa- ñías regulares, chárter, de carga aérea, de fumigación aérea, de loita contra incendios, aeroclubs, institucións oficiais (Policía, Protección Civil, etc.), es- colas de pilotos e outros centros de formación, e empresas de mantemento.','["mento de sistemas en hangar ou taller", "axustador/a de motores de turbina", "axustador/a de equipamentos eléctricos e electrónicos", "de mantemento de estruturas en hangar ou taller", "de ensaios non destrutivos", "mecánico/a de liña"]'::jsonb,'[{"code": "MP1435", "name": "Aerodinámica básica", "hours": 65}, {"code": "MP1441", "name": "Aerodinámica, estruturas e sistemas de osíxeno, augas e protec-", "hours": 105}, {"code": "MP1436", "name": "Factores humanos", "hours": 105}, {"code": "MP1425", "name": "Fundamentos de electricidade", "hours": 135}, {"code": "MP1426", "name": "Fundamentos de electrónica en aeromecánica", "hours": 105}, {"code": "MP1457", "name": "Hélices", "hours": 65}, {"code": "MP0179", "name": "Inglés profesional", "hours": 60}, {"code": "MP1437", "name": "Lexislación aeronáutica", "hours": 65}, {"code": "MP1430", "name": "Materiais, equipamentos e ferramentas en aeromecánica", "hours": 135}, {"code": "MP1432", "name": "Prácticas de mantemento con elementos mecánicos da aeronave", "hours": 240}, {"code": "MP1708", "name": "Sostibilidade aplicada ao sistema produtivo", "hours": 30}, {"code": "MP1439", "name": "Aerodinámica, estruturas e sistemas de mandos de voo de avións", "hours": 224}, {"code": "MP1438", "name": "Aerodinámica, estruturas e sistemas eléctricos e de aviónica de", "hours": 135}, {"code": "MP1440", "name": "Aerodinámica, estruturas e sistemas hidráulicos e pneumáticos,", "hours": 224}, {"code": "MP1665", "name": "Dixitalización aplicada ao sistema produtivo", "hours": 30}, {"code": "MP1710", "name": "Itinerario persoal para a empregabilidade II", "hours": 50}, {"code": "MP1455", "name": "Motores de turbinas de gas", "hours": 314}, {"code": "MP1433", "name": "Prácticas de mantemento con elementos de aviónica e servizos", "hours": 134}, {"code": "MP1428", "name": "Técnicas dixitais e sistemas de instrumentos electrónicos en", "hours": 179}, {"code": "MP1458", "name": "Proxecto intermodular de mantemento aeromecánico de avións", "hours": 50}]'::jsonb,'24-vehiculos_v7.pdf',jsonb_build_object('source_upload','3 base de datos itinera.zip','duration_hours','2540'))
on conflict (id) do update set study_id=excluded.study_id,learned=excluded.learned,work_context=excluded.work_context,jobs=excluded.jobs,modules=excluded.modules,source_file=excluded.source_file,raw=excluded.raw,updated_at=now();


insert into public.itinera_studies(id,name,type,level,family,jurisdiction,official_title,route,subjects,ponderation_subjects,route_options,availability_by_province,sources,source_url,source_id,raw,data_quality,verified_at,last_seen_at,updated_at)
values (
  'fp-v36-em-mantemento-de-vehiculos-hibridos-e-electricos',
  'Mantemento de vehículos híbridos e eléctricos',
  'especializacion_gm',
  'Curso de especialización de grao medio',
  'Transporte e mantemento de vehículos',
  'Galicia',
  true,
  'Consultar requisitos, prazas, centros, modalidade e fontes oficiais antes de decidir.',
  '["Seguridade en vehículos híbridos e eléctricos", "Sistemas de propulsión en vehículos híbridos e eléctricos", "Sistemas eléctricos de alta voltaxe, baterías e recarga", "Transmisión de forzas e xestión térmica"]'::jsonb,
  '[{"subject": "Non aplica ou consultar fonte oficial", "weight": "consultar fonte oficial"}]'::jsonb,
  '[]'::jsonb,
  '{"Galicia": ["Consultar oferta por provincia, centro, modalidade e curso na Xunta FP."]}'::jsonb,
  '["xunta-fp-catalogo-familias-2025-2026", "xunta-fp-ciclos", "todofp-familias"]'::jsonb,
  'https://www.edu.xunta.gal/fp/oferta-fp',
  'xunta-fp-catalogo-familias-2025-2026',
  '{"source_upload": "3 base de datos itinera.zip", "source_file": "24-vehiculos_v7.pdf", "duration_hours": 650, "modules": [{"code": "MP5060", "name": "Seguridade en vehículos híbridos e eléctricos", "hours": 100}, {"code": "MP5061", "name": "Sistemas de propulsión en vehículos híbridos e eléctricos", "hours": 200}, {"code": "MP5062", "name": "Sistemas eléctricos de alta voltaxe, baterías e recarga", "hours": 190}, {"code": "MP5063", "name": "Transmisión de forzas e xestión térmica", "hours": 160}], "learned": "localización de avarías, reparación, verificación e axuste, en vehículos con sistemas de propulsión híbridos e eléctricos, seguindo especificacións téc- nicas de seguridade e de protección ambiental, cumprindo a normativa vixente.", "work_context": "subsectores de automóbiles."}'::jsonb,
  'official_upload',
  now(),
  now(),
  now()
)
on conflict (id) do update set
  name=excluded.name,
  type=excluded.type,
  level=excluded.level,
  family=excluded.family,
  jurisdiction=excluded.jurisdiction,
  route=excluded.route,
  subjects=excluded.subjects,
  ponderation_subjects=excluded.ponderation_subjects,
  route_options=excluded.route_options,
  availability_by_province=excluded.availability_by_province,
  sources=excluded.sources,
  source_url=excluded.source_url,
  source_id=excluded.source_id,
  raw=excluded.raw,
  data_quality=excluded.data_quality,
  verified_at=excluded.verified_at,
  last_seen_at=excluded.last_seen_at,
  updated_at=now();


insert into public.itinera_fp_catalog_details(id,study_id,learned,work_context,jobs,modules,source_file,raw)
values ('detail-fp-v36-em-mantemento-de-vehiculos-hibridos-e-electricos','fp-v36-em-mantemento-de-vehiculos-hibridos-e-electricos','localización de avarías, reparación, verificación e axuste, en vehículos con sistemas de propulsión híbridos e eléctricos, seguindo especificacións téc- nicas de seguridade e de protección ambiental, cumprindo a normativa vixente.','subsectores de automóbiles.','["de vehículos híbridos", "técnico/a instalador de accesorios de vehículos", "ven- dedor/a distribuidor/a de recambios e equipos de diagnoses", "técnico/a de montaxe en empresas de fabricación de vehículos", "técnico/a reparador de sistemas pneumáticos e hidráulicos", "técnico/a reparador/a de sistemas de transmisión e freos", "técnico/a reparador/a de sistemas de dirección e sus- pensión", "técnico/a reparador/a de sistemas eléctricos e de carga"]'::jsonb,'[{"code": "MP5060", "name": "Seguridade en vehículos híbridos e eléctricos", "hours": 100}, {"code": "MP5061", "name": "Sistemas de propulsión en vehículos híbridos e eléctricos", "hours": 200}, {"code": "MP5062", "name": "Sistemas eléctricos de alta voltaxe, baterías e recarga", "hours": 190}, {"code": "MP5063", "name": "Transmisión de forzas e xestión térmica", "hours": 160}]'::jsonb,'24-vehiculos_v7.pdf',jsonb_build_object('source_upload','3 base de datos itinera.zip','duration_hours','650'))
on conflict (id) do update set study_id=excluded.study_id,learned=excluded.learned,work_context=excluded.work_context,jobs=excluded.jobs,modules=excluded.modules,source_file=excluded.source_file,raw=excluded.raw,updated_at=now();


insert into public.itinera_studies(id,name,type,level,family,jurisdiction,official_title,route,subjects,ponderation_subjects,route_options,availability_by_province,sources,source_url,source_id,raw,data_quality,verified_at,last_seen_at,updated_at)
values (
  'fp-v36-es-aeronaves-pilotadas-de-forma-remota-drons',
  'Aeronaves pilotadas de forma remota-Drons',
  'especializacion_gs',
  'Curso de especialización de grao superior',
  'Transporte e mantemento de vehículos',
  'Galicia',
  true,
  'Consultar requisitos, prazas, centros, modalidade e fontes oficiais antes de decidir.',
  '["Aplicacións profesionais", "Configuración e control", "Electrónica e sistemas", "Lexislación e procedementos de aplicación", "Mantemento e probas", "Partes e compoñentes", "Sistemas aéreos non tripulados"]'::jsonb,
  '[{"subject": "Non aplica ou consultar fonte oficial", "weight": "consultar fonte oficial"}]'::jsonb,
  '[]'::jsonb,
  '{"Galicia": ["Consultar oferta por provincia, centro, modalidade e curso na Xunta FP."]}'::jsonb,
  '["xunta-fp-catalogo-familias-2025-2026", "xunta-fp-ciclos", "todofp-familias"]'::jsonb,
  'https://www.edu.xunta.gal/fp/oferta-fp',
  'xunta-fp-catalogo-familias-2025-2026',
  '{"source_upload": "3 base de datos itinera.zip", "source_file": "24-vehiculos_v7.pdf", "duration_hours": 500, "modules": [{"code": "MP5096", "name": "Aplicacións profesionais", "hours": 30}, {"code": "MP5094", "name": "Configuración e control", "hours": 90}, {"code": "MP5093", "name": "Electrónica e sistemas", "hours": 90}, {"code": "MP5097", "name": "Lexislación e procedementos de aplicación", "hours": 40}, {"code": "MP5095", "name": "Mantemento e probas", "hours": 120}, {"code": "MP5092", "name": "Partes e compoñentes", "hours": 50}, {"code": "MP5091", "name": "Sistemas aéreos non tripulados", "hours": 80}], "learned": "(Remotely Piloted Aircraft System) configurados de acordo coas caracterís- ticas de deseño e adaptados aos sectores en que vaian prestar servizos, en condicións de calidade, seguridade e respecto ambiental, conforme a docu- mentación técnica do proxecto e aplicando a normativa.", "work_context": "ou empresas públicas e privadas de calquera sector que utilicen drons para a prestación dos seus servizos e dispoñan de persoal de mantemento, sen prexuízo da obriga de cumprir os requisitos establecidos pola normativa comunitaria e nacional, para exercer as actividades de mantedor/a e piloto de drons."}'::jsonb,
  'official_upload',
  now(),
  now(),
  now()
)
on conflict (id) do update set
  name=excluded.name,
  type=excluded.type,
  level=excluded.level,
  family=excluded.family,
  jurisdiction=excluded.jurisdiction,
  route=excluded.route,
  subjects=excluded.subjects,
  ponderation_subjects=excluded.ponderation_subjects,
  route_options=excluded.route_options,
  availability_by_province=excluded.availability_by_province,
  sources=excluded.sources,
  source_url=excluded.source_url,
  source_id=excluded.source_id,
  raw=excluded.raw,
  data_quality=excluded.data_quality,
  verified_at=excluded.verified_at,
  last_seen_at=excluded.last_seen_at,
  updated_at=now();


insert into public.itinera_fp_catalog_details(id,study_id,learned,work_context,jobs,modules,source_file,raw)
values ('detail-fp-v36-es-aeronaves-pilotadas-de-forma-remota-drons','fp-v36-es-aeronaves-pilotadas-de-forma-remota-drons','(Remotely Piloted Aircraft System) configurados de acordo coas caracterís- ticas de deseño e adaptados aos sectores en que vaian prestar servizos, en condicións de calidade, seguridade e respecto ambiental, conforme a docu- mentación técnica do proxecto e aplicando a normativa.','ou empresas públicas e privadas de calquera sector que utilicen drons para a prestación dos seus servizos e dispoñan de persoal de mantemento, sen prexuízo da obriga de cumprir os requisitos establecidos pola normativa comunitaria e nacional, para exercer as actividades de mantedor/a e piloto de drons.','["Mantedor/a reparador/a de drons", "integrador/a de sistemas en drons", "fabri- cante de accesorios para drons", "piloto de drons."]'::jsonb,'[{"code": "MP5096", "name": "Aplicacións profesionais", "hours": 30}, {"code": "MP5094", "name": "Configuración e control", "hours": 90}, {"code": "MP5093", "name": "Electrónica e sistemas", "hours": 90}, {"code": "MP5097", "name": "Lexislación e procedementos de aplicación", "hours": 40}, {"code": "MP5095", "name": "Mantemento e probas", "hours": 120}, {"code": "MP5092", "name": "Partes e compoñentes", "hours": 50}, {"code": "MP5091", "name": "Sistemas aéreos non tripulados", "hours": 80}]'::jsonb,'24-vehiculos_v7.pdf',jsonb_build_object('source_upload','3 base de datos itinera.zip','duration_hours','500'))
on conflict (id) do update set study_id=excluded.study_id,learned=excluded.learned,work_context=excluded.work_context,jobs=excluded.jobs,modules=excluded.modules,source_file=excluded.source_file,raw=excluded.raw,updated_at=now();


insert into public.itinera_studies(id,name,type,level,family,jurisdiction,official_title,route,subjects,ponderation_subjects,route_options,availability_by_province,sources,source_url,source_id,raw,data_quality,verified_at,last_seen_at,updated_at)
values (
  'fp-v36-es-mantemento-e-seguridade-en-sistemas-de-vehiculos-hibridos-e',
  'Mantemento e seguridade en sistemas de vehículos híbridos e',
  'especializacion_gs',
  'Curso de especialización de grao superior',
  'Transporte e mantemento de vehículos',
  'Galicia',
  true,
  'Consultar requisitos, prazas, centros, modalidade e fontes oficiais antes de decidir.',
  '["Seguridade en vehículos con sistemas de alto voltaxe", "Sistemas de alto voltaxe, almacenamento e recarga eléctrica", "Sistemas de transmisión, freno rexenerativo e control tér-", "Tracción eléctrica e híbrida en vehículos"]'::jsonb,
  '[{"subject": "Non aplica ou consultar fonte oficial", "weight": "consultar fonte oficial"}]'::jsonb,
  '[]'::jsonb,
  '{"Galicia": ["Consultar oferta por provincia, centro, modalidade e curso na Xunta FP."]}'::jsonb,
  '["xunta-fp-catalogo-familias-2025-2026", "xunta-fp-ciclos", "todofp-familias"]'::jsonb,
  'https://www.edu.xunta.gal/fp/oferta-fp',
  'xunta-fp-catalogo-familias-2025-2026',
  '{"source_upload": "3 base de datos itinera.zip", "source_file": "24-vehiculos_v7.pdf", "duration_hours": 650, "modules": [{"code": "MP5076", "name": "Seguridade en vehículos con sistemas de alto voltaxe", "hours": 100}, {"code": "MP5078", "name": "Sistemas de alto voltaxe, almacenamento e recarga eléctrica", "hours": 200}, {"code": "MP5079", "name": "Sistemas de transmisión, freno rexenerativo e control tér-", "hours": 150}, {"code": "MP5077", "name": "Tracción eléctrica e híbrida en vehículos", "hours": 200}], "learned": "operacións de mantemento e a súa loxística na área de vehículos híbridos e eléctricos, garantindo o cumprimento das especificacións técnicas de segu- ridade e de protección ambiental establecidas na normativa.", "work_context": "e en subsectores de automóbiles."}'::jsonb,
  'official_upload',
  now(),
  now(),
  now()
)
on conflict (id) do update set
  name=excluded.name,
  type=excluded.type,
  level=excluded.level,
  family=excluded.family,
  jurisdiction=excluded.jurisdiction,
  route=excluded.route,
  subjects=excluded.subjects,
  ponderation_subjects=excluded.ponderation_subjects,
  route_options=excluded.route_options,
  availability_by_province=excluded.availability_by_province,
  sources=excluded.sources,
  source_url=excluded.source_url,
  source_id=excluded.source_id,
  raw=excluded.raw,
  data_quality=excluded.data_quality,
  verified_at=excluded.verified_at,
  last_seen_at=excluded.last_seen_at,
  updated_at=now();


insert into public.itinera_fp_catalog_details(id,study_id,learned,work_context,jobs,modules,source_file,raw)
values ('detail-fp-v36-es-mantemento-e-seguridade-en-sistemas-de-vehiculos-hibridos-e','fp-v36-es-mantemento-e-seguridade-en-sistemas-de-vehiculos-hibridos-e','operacións de mantemento e a súa loxística na área de vehículos híbridos e eléctricos, garantindo o cumprimento das especificacións técnicas de segu- ridade e de protección ambiental establecidas na normativa.','e en subsectores de automóbiles.','["sable de seguridade na área de mantemento de vehículos", "encargado/a de inspección técnica de vehículos", "responsable de recepción de vehículos", "xe- fe/a da área de recambios e equipamentos de diagnose", "perito/a taxador/a de vehículos."]'::jsonb,'[{"code": "MP5076", "name": "Seguridade en vehículos con sistemas de alto voltaxe", "hours": 100}, {"code": "MP5078", "name": "Sistemas de alto voltaxe, almacenamento e recarga eléctrica", "hours": 200}, {"code": "MP5079", "name": "Sistemas de transmisión, freno rexenerativo e control tér-", "hours": 150}, {"code": "MP5077", "name": "Tracción eléctrica e híbrida en vehículos", "hours": 200}]'::jsonb,'24-vehiculos_v7.pdf',jsonb_build_object('source_upload','3 base de datos itinera.zip','duration_hours','650'))
on conflict (id) do update set study_id=excluded.study_id,learned=excluded.learned,work_context=excluded.work_context,jobs=excluded.jobs,modules=excluded.modules,source_file=excluded.source_file,raw=excluded.raw,updated_at=now();


insert into public.itinera_studies(id,name,type,level,family,jurisdiction,official_title,route,subjects,ponderation_subjects,route_options,availability_by_province,sources,source_url,source_id,raw,data_quality,verified_at,last_seen_at,updated_at)
values (
  'fp-v36-es-inspeccion-tecnica-e-peritaxe-de-sinistros-en-vehiculos',
  'Inspección técnica e peritaxe de sinistros en vehículos',
  'especializacion_gs',
  'Curso de especialización de grao superior',
  'Transporte e mantemento de vehículos',
  'Galicia',
  true,
  'Consultar requisitos, prazas, centros, modalidade e fontes oficiais antes de decidir.',
  '["Peritación de vehículos sinistrados", "Xestión da Inspección Técnica de Vehículos (ITV)"]'::jsonb,
  '[{"subject": "Non aplica ou consultar fonte oficial", "weight": "consultar fonte oficial"}]'::jsonb,
  '[]'::jsonb,
  '{"Galicia": ["Consultar oferta por provincia, centro, modalidade e curso na Xunta FP."]}'::jsonb,
  '["xunta-fp-catalogo-familias-2025-2026", "xunta-fp-ciclos", "todofp-familias"]'::jsonb,
  'https://www.edu.xunta.gal/fp/oferta-fp',
  'xunta-fp-catalogo-familias-2025-2026',
  '{"source_upload": "3 base de datos itinera.zip", "source_file": "24-vehiculos_v7.pdf", "duration_hours": 600, "modules": [{"code": "MP5102", "name": "Peritación de vehículos sinistrados", "hours": 300}, {"code": "MP5103", "name": "Xestión da Inspección Técnica de Vehículos (ITV)", "hours": 300}], "learned": "da, en xestionar a peritaxe de vehículos sinistrados, valorando o alcance de danos sufridos, así como as necesidades materiais necesarias para a súa reparación e a elaboración de toda a documentación necesaria para a súa tramitación; e doutra banda, en coñecer a normativa da inspección técnica de vehículos, realizando as revisións periódicas dos vehículos e a legaliza- ción das reformas de importancia, de acordo coas especificacións estable- cidas pola normativa.", "work_context": "de vehículos sinistrados e inspección técnica de vehículos, e noutros secto- res empresariais relacionados."}'::jsonb,
  'official_upload',
  now(),
  now(),
  now()
)
on conflict (id) do update set
  name=excluded.name,
  type=excluded.type,
  level=excluded.level,
  family=excluded.family,
  jurisdiction=excluded.jurisdiction,
  route=excluded.route,
  subjects=excluded.subjects,
  ponderation_subjects=excluded.ponderation_subjects,
  route_options=excluded.route_options,
  availability_by_province=excluded.availability_by_province,
  sources=excluded.sources,
  source_url=excluded.source_url,
  source_id=excluded.source_id,
  raw=excluded.raw,
  data_quality=excluded.data_quality,
  verified_at=excluded.verified_at,
  last_seen_at=excluded.last_seen_at,
  updated_at=now();


insert into public.itinera_fp_catalog_details(id,study_id,learned,work_context,jobs,modules,source_file,raw)
values ('detail-fp-v36-es-inspeccion-tecnica-e-peritaxe-de-sinistros-en-vehiculos','fp-v36-es-inspeccion-tecnica-e-peritaxe-de-sinistros-en-vehiculos','da, en xestionar a peritaxe de vehículos sinistrados, valorando o alcance de danos sufridos, así como as necesidades materiais necesarias para a súa reparación e a elaboración de toda a documentación necesaria para a súa tramitación; e doutra banda, en coñecer a normativa da inspección técnica de vehículos, realizando as revisións periódicas dos vehículos e a legaliza- ción das reformas de importancia, de acordo coas especificacións estable- cidas pola normativa.','de vehículos sinistrados e inspección técnica de vehículos, e noutros secto- res empresariais relacionados.','["ciais", "tramitador/a en compañías aseguradoras", "asesor/a de valoracións en talleres de reparación de vehículos", "asesor/a en peritaxes e avarías para empresas de renting, leasing e poxa de vehículos", "xefe/a de carrozaría en talleres de reparación de vehículos", "provedor/a de servizos da industria do automóbil", "inspector/a técnico/a de ITV", "encargado/a de ITV", "verificador/a para a contratación de pólizas de seguro de vehículos", "verificador/a para a recepción de vehículos en centros autorizados de tratamento de vehículos."]'::jsonb,'[{"code": "MP5102", "name": "Peritación de vehículos sinistrados", "hours": 300}, {"code": "MP5103", "name": "Xestión da Inspección Técnica de Vehículos (ITV)", "hours": 300}]'::jsonb,'24-vehiculos_v7.pdf',jsonb_build_object('source_upload','3 base de datos itinera.zip','duration_hours','600'))
on conflict (id) do update set study_id=excluded.study_id,learned=excluded.learned,work_context=excluded.work_context,jobs=excluded.jobs,modules=excluded.modules,source_file=excluded.source_file,raw=excluded.raw,updated_at=now();


insert into public.itinera_studies(id,name,type,level,family,jurisdiction,official_title,route,subjects,ponderation_subjects,route_options,availability_by_province,sources,source_url,source_id,raw,data_quality,verified_at,last_seen_at,updated_at)
values (
  'master-v36-master-universitario-de-arqueologia-y-ciencias-de-la-antiguedad',
  'Master Universitario de Arqueología y Ciencias de la Antigüedad',
  'master',
  'Máster universitario',
  'Universidade · posgrao',
  'Galicia',
  true,
  'Consultar requisitos, prazas, centros, modalidade e fontes oficiais antes de decidir.',
  '["Consultar criterios de admisión e plan de estudos na universidade."]'::jsonb,
  '[{"subject": "Non aplica", "weight": "consultar universidade"}]'::jsonb,
  '[]'::jsonb,
  '{"Galicia": ["Campus de Santiago de Compostela"]}'::jsonb,
  '["usc-udc-masteres-doctorados", "ruct", "qedu"]'::jsonb,
  'https://www.usc.gal/',
  'usc-udc-masteres-doctorados',
  '{"source_upload": "3 base de datos itinera.zip", "source_file": "Másteres y doctorados usc y udc.pdf", "campus": "Campus de Santiago de Compostela"}'::jsonb,
  'official_upload',
  now(),
  now(),
  now()
)
on conflict (id) do update set
  name=excluded.name,
  type=excluded.type,
  level=excluded.level,
  family=excluded.family,
  jurisdiction=excluded.jurisdiction,
  route=excluded.route,
  subjects=excluded.subjects,
  ponderation_subjects=excluded.ponderation_subjects,
  route_options=excluded.route_options,
  availability_by_province=excluded.availability_by_province,
  sources=excluded.sources,
  source_url=excluded.source_url,
  source_id=excluded.source_id,
  raw=excluded.raw,
  data_quality=excluded.data_quality,
  verified_at=excluded.verified_at,
  last_seen_at=excluded.last_seen_at,
  updated_at=now();


insert into public.itinera_postgraduate_catalog(id,study_id,postgraduate_type,campus,source_file,raw)
values ('post-master-v36-master-universitario-de-arqueologia-y-ciencias-de-la-antiguedad','master-v36-master-universitario-de-arqueologia-y-ciencias-de-la-antiguedad','master','Campus de Santiago de Compostela','Másteres y doctorados usc y udc.pdf',jsonb_build_object('source_upload','3 base de datos itinera.zip'))
on conflict (id) do update set study_id=excluded.study_id,postgraduate_type=excluded.postgraduate_type,campus=excluded.campus,source_file=excluded.source_file,raw=excluded.raw,updated_at=now();


insert into public.itinera_studies(id,name,type,level,family,jurisdiction,official_title,route,subjects,ponderation_subjects,route_options,availability_by_province,sources,source_url,source_id,raw,data_quality,verified_at,last_seen_at,updated_at)
values (
  'master-v36-master-universitario-en-ensenanza-de-espanol-como-lengua-extranjera-o-segunda-lengua',
  'Máster Universitario en Enseñanza de Español como Lengua Extranjera o Segunda Lengua',
  'master',
  'Máster universitario',
  'Universidade · posgrao',
  'Galicia',
  true,
  'Consultar requisitos, prazas, centros, modalidade e fontes oficiais antes de decidir.',
  '["Consultar criterios de admisión e plan de estudos na universidade."]'::jsonb,
  '[{"subject": "Non aplica", "weight": "consultar universidade"}]'::jsonb,
  '[]'::jsonb,
  '{"Galicia": ["Campus de Santiago de Compostela"]}'::jsonb,
  '["usc-udc-masteres-doctorados", "ruct", "qedu"]'::jsonb,
  'https://www.usc.gal/',
  'usc-udc-masteres-doctorados',
  '{"source_upload": "3 base de datos itinera.zip", "source_file": "Másteres y doctorados usc y udc.pdf", "campus": "Campus de Santiago de Compostela"}'::jsonb,
  'official_upload',
  now(),
  now(),
  now()
)
on conflict (id) do update set
  name=excluded.name,
  type=excluded.type,
  level=excluded.level,
  family=excluded.family,
  jurisdiction=excluded.jurisdiction,
  route=excluded.route,
  subjects=excluded.subjects,
  ponderation_subjects=excluded.ponderation_subjects,
  route_options=excluded.route_options,
  availability_by_province=excluded.availability_by_province,
  sources=excluded.sources,
  source_url=excluded.source_url,
  source_id=excluded.source_id,
  raw=excluded.raw,
  data_quality=excluded.data_quality,
  verified_at=excluded.verified_at,
  last_seen_at=excluded.last_seen_at,
  updated_at=now();


insert into public.itinera_postgraduate_catalog(id,study_id,postgraduate_type,campus,source_file,raw)
values ('post-master-v36-master-universitario-en-ensenanza-de-espanol-como-lengua-extranjera-o-segunda-lengua','master-v36-master-universitario-en-ensenanza-de-espanol-como-lengua-extranjera-o-segunda-lengua','master','Campus de Santiago de Compostela','Másteres y doctorados usc y udc.pdf',jsonb_build_object('source_upload','3 base de datos itinera.zip'))
on conflict (id) do update set study_id=excluded.study_id,postgraduate_type=excluded.postgraduate_type,campus=excluded.campus,source_file=excluded.source_file,raw=excluded.raw,updated_at=now();


insert into public.itinera_studies(id,name,type,level,family,jurisdiction,official_title,route,subjects,ponderation_subjects,route_options,availability_by_province,sources,source_url,source_id,raw,data_quality,verified_at,last_seen_at,updated_at)
values (
  'master-v36-master-universitario-en-estudios-de-la-literatura-y-de-la-cultura',
  'Máster Universitario en Estudios de la Literatura y de la Cultura',
  'master',
  'Máster universitario',
  'Universidade · posgrao',
  'Galicia',
  true,
  'Consultar requisitos, prazas, centros, modalidade e fontes oficiais antes de decidir.',
  '["Consultar criterios de admisión e plan de estudos na universidade."]'::jsonb,
  '[{"subject": "Non aplica", "weight": "consultar universidade"}]'::jsonb,
  '[]'::jsonb,
  '{"Galicia": ["Campus de Santiago de Compostela"]}'::jsonb,
  '["usc-udc-masteres-doctorados", "ruct", "qedu"]'::jsonb,
  'https://www.usc.gal/',
  'usc-udc-masteres-doctorados',
  '{"source_upload": "3 base de datos itinera.zip", "source_file": "Másteres y doctorados usc y udc.pdf", "campus": "Campus de Santiago de Compostela"}'::jsonb,
  'official_upload',
  now(),
  now(),
  now()
)
on conflict (id) do update set
  name=excluded.name,
  type=excluded.type,
  level=excluded.level,
  family=excluded.family,
  jurisdiction=excluded.jurisdiction,
  route=excluded.route,
  subjects=excluded.subjects,
  ponderation_subjects=excluded.ponderation_subjects,
  route_options=excluded.route_options,
  availability_by_province=excluded.availability_by_province,
  sources=excluded.sources,
  source_url=excluded.source_url,
  source_id=excluded.source_id,
  raw=excluded.raw,
  data_quality=excluded.data_quality,
  verified_at=excluded.verified_at,
  last_seen_at=excluded.last_seen_at,
  updated_at=now();


insert into public.itinera_postgraduate_catalog(id,study_id,postgraduate_type,campus,source_file,raw)
values ('post-master-v36-master-universitario-en-estudios-de-la-literatura-y-de-la-cultura','master-v36-master-universitario-en-estudios-de-la-literatura-y-de-la-cultura','master','Campus de Santiago de Compostela','Másteres y doctorados usc y udc.pdf',jsonb_build_object('source_upload','3 base de datos itinera.zip'))
on conflict (id) do update set study_id=excluded.study_id,postgraduate_type=excluded.postgraduate_type,campus=excluded.campus,source_file=excluded.source_file,raw=excluded.raw,updated_at=now();


insert into public.itinera_studies(id,name,type,level,family,jurisdiction,official_title,route,subjects,ponderation_subjects,route_options,availability_by_province,sources,source_url,source_id,raw,data_quality,verified_at,last_seen_at,updated_at)
values (
  'master-v36-master-universitario-en-estudios-ingleses-avanzados-y-sus-aplicaciones',
  'Máster Universitario en Estudios Ingleses Avanzados y sus Aplicaciones',
  'master',
  'Máster universitario',
  'Universidade · posgrao',
  'Galicia',
  true,
  'Consultar requisitos, prazas, centros, modalidade e fontes oficiais antes de decidir.',
  '["Consultar criterios de admisión e plan de estudos na universidade."]'::jsonb,
  '[{"subject": "Non aplica", "weight": "consultar universidade"}]'::jsonb,
  '[]'::jsonb,
  '{"Galicia": ["Campus de Santiago de Compostela"]}'::jsonb,
  '["usc-udc-masteres-doctorados", "ruct", "qedu"]'::jsonb,
  'https://www.usc.gal/',
  'usc-udc-masteres-doctorados',
  '{"source_upload": "3 base de datos itinera.zip", "source_file": "Másteres y doctorados usc y udc.pdf", "campus": "Campus de Santiago de Compostela"}'::jsonb,
  'official_upload',
  now(),
  now(),
  now()
)
on conflict (id) do update set
  name=excluded.name,
  type=excluded.type,
  level=excluded.level,
  family=excluded.family,
  jurisdiction=excluded.jurisdiction,
  route=excluded.route,
  subjects=excluded.subjects,
  ponderation_subjects=excluded.ponderation_subjects,
  route_options=excluded.route_options,
  availability_by_province=excluded.availability_by_province,
  sources=excluded.sources,
  source_url=excluded.source_url,
  source_id=excluded.source_id,
  raw=excluded.raw,
  data_quality=excluded.data_quality,
  verified_at=excluded.verified_at,
  last_seen_at=excluded.last_seen_at,
  updated_at=now();


insert into public.itinera_postgraduate_catalog(id,study_id,postgraduate_type,campus,source_file,raw)
values ('post-master-v36-master-universitario-en-estudios-ingleses-avanzados-y-sus-aplicaciones','master-v36-master-universitario-en-estudios-ingleses-avanzados-y-sus-aplicaciones','master','Campus de Santiago de Compostela','Másteres y doctorados usc y udc.pdf',jsonb_build_object('source_upload','3 base de datos itinera.zip'))
on conflict (id) do update set study_id=excluded.study_id,postgraduate_type=excluded.postgraduate_type,campus=excluded.campus,source_file=excluded.source_file,raw=excluded.raw,updated_at=now();


insert into public.itinera_studies(id,name,type,level,family,jurisdiction,official_title,route,subjects,ponderation_subjects,route_options,availability_by_province,sources,source_url,source_id,raw,data_quality,verified_at,last_seen_at,updated_at)
values (
  'master-v36-master-universitario-en-estudios-medievales-europeos-imagenes-textos-y-contextos',
  'Máster Universitario en Estudios Medievales Europeos: Imágenes, Textos y Contextos',
  'master',
  'Máster universitario',
  'Universidade · posgrao',
  'Galicia',
  true,
  'Consultar requisitos, prazas, centros, modalidade e fontes oficiais antes de decidir.',
  '["Consultar criterios de admisión e plan de estudos na universidade."]'::jsonb,
  '[{"subject": "Non aplica", "weight": "consultar universidade"}]'::jsonb,
  '[]'::jsonb,
  '{"Galicia": ["Campus de Santiago de Compostela"]}'::jsonb,
  '["usc-udc-masteres-doctorados", "ruct", "qedu"]'::jsonb,
  'https://www.usc.gal/',
  'usc-udc-masteres-doctorados',
  '{"source_upload": "3 base de datos itinera.zip", "source_file": "Másteres y doctorados usc y udc.pdf", "campus": "Campus de Santiago de Compostela"}'::jsonb,
  'official_upload',
  now(),
  now(),
  now()
)
on conflict (id) do update set
  name=excluded.name,
  type=excluded.type,
  level=excluded.level,
  family=excluded.family,
  jurisdiction=excluded.jurisdiction,
  route=excluded.route,
  subjects=excluded.subjects,
  ponderation_subjects=excluded.ponderation_subjects,
  route_options=excluded.route_options,
  availability_by_province=excluded.availability_by_province,
  sources=excluded.sources,
  source_url=excluded.source_url,
  source_id=excluded.source_id,
  raw=excluded.raw,
  data_quality=excluded.data_quality,
  verified_at=excluded.verified_at,
  last_seen_at=excluded.last_seen_at,
  updated_at=now();


insert into public.itinera_postgraduate_catalog(id,study_id,postgraduate_type,campus,source_file,raw)
values ('post-master-v36-master-universitario-en-estudios-medievales-europeos-imagenes-textos-y-contextos','master-v36-master-universitario-en-estudios-medievales-europeos-imagenes-textos-y-contextos','master','Campus de Santiago de Compostela','Másteres y doctorados usc y udc.pdf',jsonb_build_object('source_upload','3 base de datos itinera.zip'))
on conflict (id) do update set study_id=excluded.study_id,postgraduate_type=excluded.postgraduate_type,campus=excluded.campus,source_file=excluded.source_file,raw=excluded.raw,updated_at=now();


insert into public.itinera_studies(id,name,type,level,family,jurisdiction,official_title,route,subjects,ponderation_subjects,route_options,availability_by_province,sources,source_url,source_id,raw,data_quality,verified_at,last_seen_at,updated_at)
values (
  'master-v36-master-universitario-en-filosofia-conocimiento-y-ciudadania',
  'Máster Universitario en Filosofía: Conocimiento y Ciudadanía',
  'master',
  'Máster universitario',
  'Universidade · posgrao',
  'Galicia',
  true,
  'Consultar requisitos, prazas, centros, modalidade e fontes oficiais antes de decidir.',
  '["Consultar criterios de admisión e plan de estudos na universidade."]'::jsonb,
  '[{"subject": "Non aplica", "weight": "consultar universidade"}]'::jsonb,
  '[]'::jsonb,
  '{"Galicia": ["Campus de Santiago de Compostela"]}'::jsonb,
  '["usc-udc-masteres-doctorados", "ruct", "qedu"]'::jsonb,
  'https://www.usc.gal/',
  'usc-udc-masteres-doctorados',
  '{"source_upload": "3 base de datos itinera.zip", "source_file": "Másteres y doctorados usc y udc.pdf", "campus": "Campus de Santiago de Compostela"}'::jsonb,
  'official_upload',
  now(),
  now(),
  now()
)
on conflict (id) do update set
  name=excluded.name,
  type=excluded.type,
  level=excluded.level,
  family=excluded.family,
  jurisdiction=excluded.jurisdiction,
  route=excluded.route,
  subjects=excluded.subjects,
  ponderation_subjects=excluded.ponderation_subjects,
  route_options=excluded.route_options,
  availability_by_province=excluded.availability_by_province,
  sources=excluded.sources,
  source_url=excluded.source_url,
  source_id=excluded.source_id,
  raw=excluded.raw,
  data_quality=excluded.data_quality,
  verified_at=excluded.verified_at,
  last_seen_at=excluded.last_seen_at,
  updated_at=now();


insert into public.itinera_postgraduate_catalog(id,study_id,postgraduate_type,campus,source_file,raw)
values ('post-master-v36-master-universitario-en-filosofia-conocimiento-y-ciudadania','master-v36-master-universitario-en-filosofia-conocimiento-y-ciudadania','master','Campus de Santiago de Compostela','Másteres y doctorados usc y udc.pdf',jsonb_build_object('source_upload','3 base de datos itinera.zip'))
on conflict (id) do update set study_id=excluded.study_id,postgraduate_type=excluded.postgraduate_type,campus=excluded.campus,source_file=excluded.source_file,raw=excluded.raw,updated_at=now();


insert into public.itinera_studies(id,name,type,level,family,jurisdiction,official_title,route,subjects,ponderation_subjects,route_options,availability_by_province,sources,source_url,source_id,raw,data_quality,verified_at,last_seen_at,updated_at)
values (
  'master-v36-master-universitario-en-gestion-del-arte-y-el-patrimonio-cultural',
  'Máster Universitario en Gestión del Arte y el Patrimonio Cultural',
  'master',
  'Máster universitario',
  'Universidade · posgrao',
  'Galicia',
  true,
  'Consultar requisitos, prazas, centros, modalidade e fontes oficiais antes de decidir.',
  '["Consultar criterios de admisión e plan de estudos na universidade."]'::jsonb,
  '[{"subject": "Non aplica", "weight": "consultar universidade"}]'::jsonb,
  '[]'::jsonb,
  '{"Galicia": ["Campus de Santiago de Compostela"]}'::jsonb,
  '["usc-udc-masteres-doctorados", "ruct", "qedu"]'::jsonb,
  'https://www.usc.gal/',
  'usc-udc-masteres-doctorados',
  '{"source_upload": "3 base de datos itinera.zip", "source_file": "Másteres y doctorados usc y udc.pdf", "campus": "Campus de Santiago de Compostela"}'::jsonb,
  'official_upload',
  now(),
  now(),
  now()
)
on conflict (id) do update set
  name=excluded.name,
  type=excluded.type,
  level=excluded.level,
  family=excluded.family,
  jurisdiction=excluded.jurisdiction,
  route=excluded.route,
  subjects=excluded.subjects,
  ponderation_subjects=excluded.ponderation_subjects,
  route_options=excluded.route_options,
  availability_by_province=excluded.availability_by_province,
  sources=excluded.sources,
  source_url=excluded.source_url,
  source_id=excluded.source_id,
  raw=excluded.raw,
  data_quality=excluded.data_quality,
  verified_at=excluded.verified_at,
  last_seen_at=excluded.last_seen_at,
  updated_at=now();


insert into public.itinera_postgraduate_catalog(id,study_id,postgraduate_type,campus,source_file,raw)
values ('post-master-v36-master-universitario-en-gestion-del-arte-y-el-patrimonio-cultural','master-v36-master-universitario-en-gestion-del-arte-y-el-patrimonio-cultural','master','Campus de Santiago de Compostela','Másteres y doctorados usc y udc.pdf',jsonb_build_object('source_upload','3 base de datos itinera.zip'))
on conflict (id) do update set study_id=excluded.study_id,postgraduate_type=excluded.postgraduate_type,campus=excluded.campus,source_file=excluded.source_file,raw=excluded.raw,updated_at=now();


insert into public.itinera_studies(id,name,type,level,family,jurisdiction,official_title,route,subjects,ponderation_subjects,route_options,availability_by_province,sources,source_url,source_id,raw,data_quality,verified_at,last_seen_at,updated_at)
values (
  'master-v36-master-universitario-en-historia-contemporanea-3aed',
  'Máster Universitario en Historia Contemporánea (3ªed)',
  'master',
  'Máster universitario',
  'Universidade · posgrao',
  'Galicia',
  true,
  'Consultar requisitos, prazas, centros, modalidade e fontes oficiais antes de decidir.',
  '["Consultar criterios de admisión e plan de estudos na universidade."]'::jsonb,
  '[{"subject": "Non aplica", "weight": "consultar universidade"}]'::jsonb,
  '[]'::jsonb,
  '{"Galicia": ["Campus de Santiago de Compostela"]}'::jsonb,
  '["usc-udc-masteres-doctorados", "ruct", "qedu"]'::jsonb,
  'https://www.usc.gal/',
  'usc-udc-masteres-doctorados',
  '{"source_upload": "3 base de datos itinera.zip", "source_file": "Másteres y doctorados usc y udc.pdf", "campus": "Campus de Santiago de Compostela"}'::jsonb,
  'official_upload',
  now(),
  now(),
  now()
)
on conflict (id) do update set
  name=excluded.name,
  type=excluded.type,
  level=excluded.level,
  family=excluded.family,
  jurisdiction=excluded.jurisdiction,
  route=excluded.route,
  subjects=excluded.subjects,
  ponderation_subjects=excluded.ponderation_subjects,
  route_options=excluded.route_options,
  availability_by_province=excluded.availability_by_province,
  sources=excluded.sources,
  source_url=excluded.source_url,
  source_id=excluded.source_id,
  raw=excluded.raw,
  data_quality=excluded.data_quality,
  verified_at=excluded.verified_at,
  last_seen_at=excluded.last_seen_at,
  updated_at=now();


insert into public.itinera_postgraduate_catalog(id,study_id,postgraduate_type,campus,source_file,raw)
values ('post-master-v36-master-universitario-en-historia-contemporanea-3aed','master-v36-master-universitario-en-historia-contemporanea-3aed','master','Campus de Santiago de Compostela','Másteres y doctorados usc y udc.pdf',jsonb_build_object('source_upload','3 base de datos itinera.zip'))
on conflict (id) do update set study_id=excluded.study_id,postgraduate_type=excluded.postgraduate_type,campus=excluded.campus,source_file=excluded.source_file,raw=excluded.raw,updated_at=now();


insert into public.itinera_studies(id,name,type,level,family,jurisdiction,official_title,route,subjects,ponderation_subjects,route_options,availability_by_province,sources,source_url,source_id,raw,data_quality,verified_at,last_seen_at,updated_at)
values (
  'master-v36-master-universitario-en-historia-moderna-monarquia-de-espana-siglos-xvi-xviii',
  'Máster Universitario en Historia Moderna: Monarquía de España Siglos XVI- XVIII',
  'master',
  'Máster universitario',
  'Universidade · posgrao',
  'Galicia',
  true,
  'Consultar requisitos, prazas, centros, modalidade e fontes oficiais antes de decidir.',
  '["Consultar criterios de admisión e plan de estudos na universidade."]'::jsonb,
  '[{"subject": "Non aplica", "weight": "consultar universidade"}]'::jsonb,
  '[]'::jsonb,
  '{"Galicia": ["Campus de Santiago de Compostela"]}'::jsonb,
  '["usc-udc-masteres-doctorados", "ruct", "qedu"]'::jsonb,
  'https://www.usc.gal/',
  'usc-udc-masteres-doctorados',
  '{"source_upload": "3 base de datos itinera.zip", "source_file": "Másteres y doctorados usc y udc.pdf", "campus": "Campus de Santiago de Compostela"}'::jsonb,
  'official_upload',
  now(),
  now(),
  now()
)
on conflict (id) do update set
  name=excluded.name,
  type=excluded.type,
  level=excluded.level,
  family=excluded.family,
  jurisdiction=excluded.jurisdiction,
  route=excluded.route,
  subjects=excluded.subjects,
  ponderation_subjects=excluded.ponderation_subjects,
  route_options=excluded.route_options,
  availability_by_province=excluded.availability_by_province,
  sources=excluded.sources,
  source_url=excluded.source_url,
  source_id=excluded.source_id,
  raw=excluded.raw,
  data_quality=excluded.data_quality,
  verified_at=excluded.verified_at,
  last_seen_at=excluded.last_seen_at,
  updated_at=now();


insert into public.itinera_postgraduate_catalog(id,study_id,postgraduate_type,campus,source_file,raw)
values ('post-master-v36-master-universitario-en-historia-moderna-monarquia-de-espana-siglos-xvi-xviii','master-v36-master-universitario-en-historia-moderna-monarquia-de-espana-siglos-xvi-xviii','master','Campus de Santiago de Compostela','Másteres y doctorados usc y udc.pdf',jsonb_build_object('source_upload','3 base de datos itinera.zip'))
on conflict (id) do update set study_id=excluded.study_id,postgraduate_type=excluded.postgraduate_type,campus=excluded.campus,source_file=excluded.source_file,raw=excluded.raw,updated_at=now();


insert into public.itinera_studies(id,name,type,level,family,jurisdiction,official_title,route,subjects,ponderation_subjects,route_options,availability_by_province,sources,source_url,source_id,raw,data_quality,verified_at,last_seen_at,updated_at)
values (
  'master-v36-master-universitario-en-linguistica-aplicada',
  'Máster Universitario en Lingüística Aplicada',
  'master',
  'Máster universitario',
  'Universidade · posgrao',
  'Galicia',
  true,
  'Consultar requisitos, prazas, centros, modalidade e fontes oficiais antes de decidir.',
  '["Consultar criterios de admisión e plan de estudos na universidade."]'::jsonb,
  '[{"subject": "Non aplica", "weight": "consultar universidade"}]'::jsonb,
  '[]'::jsonb,
  '{"Galicia": ["Campus de Santiago de Compostela"]}'::jsonb,
  '["usc-udc-masteres-doctorados", "ruct", "qedu"]'::jsonb,
  'https://www.usc.gal/',
  'usc-udc-masteres-doctorados',
  '{"source_upload": "3 base de datos itinera.zip", "source_file": "Másteres y doctorados usc y udc.pdf", "campus": "Campus de Santiago de Compostela"}'::jsonb,
  'official_upload',
  now(),
  now(),
  now()
)
on conflict (id) do update set
  name=excluded.name,
  type=excluded.type,
  level=excluded.level,
  family=excluded.family,
  jurisdiction=excluded.jurisdiction,
  route=excluded.route,
  subjects=excluded.subjects,
  ponderation_subjects=excluded.ponderation_subjects,
  route_options=excluded.route_options,
  availability_by_province=excluded.availability_by_province,
  sources=excluded.sources,
  source_url=excluded.source_url,
  source_id=excluded.source_id,
  raw=excluded.raw,
  data_quality=excluded.data_quality,
  verified_at=excluded.verified_at,
  last_seen_at=excluded.last_seen_at,
  updated_at=now();


insert into public.itinera_postgraduate_catalog(id,study_id,postgraduate_type,campus,source_file,raw)
values ('post-master-v36-master-universitario-en-linguistica-aplicada','master-v36-master-universitario-en-linguistica-aplicada','master','Campus de Santiago de Compostela','Másteres y doctorados usc y udc.pdf',jsonb_build_object('source_upload','3 base de datos itinera.zip'))
on conflict (id) do update set study_id=excluded.study_id,postgraduate_type=excluded.postgraduate_type,campus=excluded.campus,source_file=excluded.source_file,raw=excluded.raw,updated_at=now();


insert into public.itinera_studies(id,name,type,level,family,jurisdiction,official_title,route,subjects,ponderation_subjects,route_options,availability_by_province,sources,source_url,source_id,raw,data_quality,verified_at,last_seen_at,updated_at)
values (
  'master-v36-master-universitario-en-patrimonio-cultural-digital',
  'Máster Universitario en Patrimonio Cultural Digital',
  'master',
  'Máster universitario',
  'Universidade · posgrao',
  'Galicia',
  true,
  'Consultar requisitos, prazas, centros, modalidade e fontes oficiais antes de decidir.',
  '["Consultar criterios de admisión e plan de estudos na universidade."]'::jsonb,
  '[{"subject": "Non aplica", "weight": "consultar universidade"}]'::jsonb,
  '[]'::jsonb,
  '{"Galicia": ["Campus de Santiago de Compostela"]}'::jsonb,
  '["usc-udc-masteres-doctorados", "ruct", "qedu"]'::jsonb,
  'https://www.usc.gal/',
  'usc-udc-masteres-doctorados',
  '{"source_upload": "3 base de datos itinera.zip", "source_file": "Másteres y doctorados usc y udc.pdf", "campus": "Campus de Santiago de Compostela"}'::jsonb,
  'official_upload',
  now(),
  now(),
  now()
)
on conflict (id) do update set
  name=excluded.name,
  type=excluded.type,
  level=excluded.level,
  family=excluded.family,
  jurisdiction=excluded.jurisdiction,
  route=excluded.route,
  subjects=excluded.subjects,
  ponderation_subjects=excluded.ponderation_subjects,
  route_options=excluded.route_options,
  availability_by_province=excluded.availability_by_province,
  sources=excluded.sources,
  source_url=excluded.source_url,
  source_id=excluded.source_id,
  raw=excluded.raw,
  data_quality=excluded.data_quality,
  verified_at=excluded.verified_at,
  last_seen_at=excluded.last_seen_at,
  updated_at=now();


insert into public.itinera_postgraduate_catalog(id,study_id,postgraduate_type,campus,source_file,raw)
values ('post-master-v36-master-universitario-en-patrimonio-cultural-digital','master-v36-master-universitario-en-patrimonio-cultural-digital','master','Campus de Santiago de Compostela','Másteres y doctorados usc y udc.pdf',jsonb_build_object('source_upload','3 base de datos itinera.zip'))
on conflict (id) do update set study_id=excluded.study_id,postgraduate_type=excluded.postgraduate_type,campus=excluded.campus,source_file=excluded.source_file,raw=excluded.raw,updated_at=now();


insert into public.itinera_studies(id,name,type,level,family,jurisdiction,official_title,route,subjects,ponderation_subjects,route_options,availability_by_province,sources,source_url,source_id,raw,data_quality,verified_at,last_seen_at,updated_at)
values (
  'master-v36-master-universitario-en-servicios-culturales-4a-edicion',
  'Máster Universitario en Servicios Culturales (4ª edición)',
  'master',
  'Máster universitario',
  'Universidade · posgrao',
  'Galicia',
  true,
  'Consultar requisitos, prazas, centros, modalidade e fontes oficiais antes de decidir.',
  '["Consultar criterios de admisión e plan de estudos na universidade."]'::jsonb,
  '[{"subject": "Non aplica", "weight": "consultar universidade"}]'::jsonb,
  '[]'::jsonb,
  '{"Galicia": ["Campus de Lugo"]}'::jsonb,
  '["usc-udc-masteres-doctorados", "ruct", "qedu"]'::jsonb,
  'https://www.usc.gal/',
  'usc-udc-masteres-doctorados',
  '{"source_upload": "3 base de datos itinera.zip", "source_file": "Másteres y doctorados usc y udc.pdf", "campus": "Campus de Lugo"}'::jsonb,
  'official_upload',
  now(),
  now(),
  now()
)
on conflict (id) do update set
  name=excluded.name,
  type=excluded.type,
  level=excluded.level,
  family=excluded.family,
  jurisdiction=excluded.jurisdiction,
  route=excluded.route,
  subjects=excluded.subjects,
  ponderation_subjects=excluded.ponderation_subjects,
  route_options=excluded.route_options,
  availability_by_province=excluded.availability_by_province,
  sources=excluded.sources,
  source_url=excluded.source_url,
  source_id=excluded.source_id,
  raw=excluded.raw,
  data_quality=excluded.data_quality,
  verified_at=excluded.verified_at,
  last_seen_at=excluded.last_seen_at,
  updated_at=now();


insert into public.itinera_postgraduate_catalog(id,study_id,postgraduate_type,campus,source_file,raw)
values ('post-master-v36-master-universitario-en-servicios-culturales-4a-edicion','master-v36-master-universitario-en-servicios-culturales-4a-edicion','master','Campus de Lugo','Másteres y doctorados usc y udc.pdf',jsonb_build_object('source_upload','3 base de datos itinera.zip'))
on conflict (id) do update set study_id=excluded.study_id,postgraduate_type=excluded.postgraduate_type,campus=excluded.campus,source_file=excluded.source_file,raw=excluded.raw,updated_at=now();


insert into public.itinera_studies(id,name,type,level,family,jurisdiction,official_title,route,subjects,ponderation_subjects,route_options,availability_by_province,sources,source_url,source_id,raw,data_quality,verified_at,last_seen_at,updated_at)
values (
  'master-v36-master-universitario-erasmus-mundus-en-lexicografia-2aed',
  'Máster Universitario Erasmus Mundus en Lexicografía (2ªed)',
  'master',
  'Máster universitario',
  'Universidade · posgrao',
  'Galicia',
  true,
  'Consultar requisitos, prazas, centros, modalidade e fontes oficiais antes de decidir.',
  '["Consultar criterios de admisión e plan de estudos na universidade."]'::jsonb,
  '[{"subject": "Non aplica", "weight": "consultar universidade"}]'::jsonb,
  '[]'::jsonb,
  '{"Galicia": ["Campus de Santiago de Compostela"]}'::jsonb,
  '["usc-udc-masteres-doctorados", "ruct", "qedu"]'::jsonb,
  'https://www.usc.gal/',
  'usc-udc-masteres-doctorados',
  '{"source_upload": "3 base de datos itinera.zip", "source_file": "Másteres y doctorados usc y udc.pdf", "campus": "Campus de Santiago de Compostela"}'::jsonb,
  'official_upload',
  now(),
  now(),
  now()
)
on conflict (id) do update set
  name=excluded.name,
  type=excluded.type,
  level=excluded.level,
  family=excluded.family,
  jurisdiction=excluded.jurisdiction,
  route=excluded.route,
  subjects=excluded.subjects,
  ponderation_subjects=excluded.ponderation_subjects,
  route_options=excluded.route_options,
  availability_by_province=excluded.availability_by_province,
  sources=excluded.sources,
  source_url=excluded.source_url,
  source_id=excluded.source_id,
  raw=excluded.raw,
  data_quality=excluded.data_quality,
  verified_at=excluded.verified_at,
  last_seen_at=excluded.last_seen_at,
  updated_at=now();


insert into public.itinera_postgraduate_catalog(id,study_id,postgraduate_type,campus,source_file,raw)
values ('post-master-v36-master-universitario-erasmus-mundus-en-lexicografia-2aed','master-v36-master-universitario-erasmus-mundus-en-lexicografia-2aed','master','Campus de Santiago de Compostela','Másteres y doctorados usc y udc.pdf',jsonb_build_object('source_upload','3 base de datos itinera.zip'))
on conflict (id) do update set study_id=excluded.study_id,postgraduate_type=excluded.postgraduate_type,campus=excluded.campus,source_file=excluded.source_file,raw=excluded.raw,updated_at=now();


insert into public.itinera_studies(id,name,type,level,family,jurisdiction,official_title,route,subjects,ponderation_subjects,route_options,availability_by_province,sources,source_url,source_id,raw,data_quality,verified_at,last_seen_at,updated_at)
values (
  'master-v36-master-universitario-en-acuicultura',
  'Máster Universitario en Acuicultura',
  'master',
  'Máster universitario',
  'Universidade · posgrao',
  'Galicia',
  true,
  'Consultar requisitos, prazas, centros, modalidade e fontes oficiais antes de decidir.',
  '["Consultar criterios de admisión e plan de estudos na universidade."]'::jsonb,
  '[{"subject": "Non aplica", "weight": "consultar universidade"}]'::jsonb,
  '[]'::jsonb,
  '{"Galicia": ["Campus de Santiago de Compostela"]}'::jsonb,
  '["usc-udc-masteres-doctorados", "ruct", "qedu"]'::jsonb,
  'https://www.usc.gal/',
  'usc-udc-masteres-doctorados',
  '{"source_upload": "3 base de datos itinera.zip", "source_file": "Másteres y doctorados usc y udc.pdf", "campus": "Campus de Santiago de Compostela"}'::jsonb,
  'official_upload',
  now(),
  now(),
  now()
)
on conflict (id) do update set
  name=excluded.name,
  type=excluded.type,
  level=excluded.level,
  family=excluded.family,
  jurisdiction=excluded.jurisdiction,
  route=excluded.route,
  subjects=excluded.subjects,
  ponderation_subjects=excluded.ponderation_subjects,
  route_options=excluded.route_options,
  availability_by_province=excluded.availability_by_province,
  sources=excluded.sources,
  source_url=excluded.source_url,
  source_id=excluded.source_id,
  raw=excluded.raw,
  data_quality=excluded.data_quality,
  verified_at=excluded.verified_at,
  last_seen_at=excluded.last_seen_at,
  updated_at=now();


insert into public.itinera_postgraduate_catalog(id,study_id,postgraduate_type,campus,source_file,raw)
values ('post-master-v36-master-universitario-en-acuicultura','master-v36-master-universitario-en-acuicultura','master','Campus de Santiago de Compostela','Másteres y doctorados usc y udc.pdf',jsonb_build_object('source_upload','3 base de datos itinera.zip'))
on conflict (id) do update set study_id=excluded.study_id,postgraduate_type=excluded.postgraduate_type,campus=excluded.campus,source_file=excluded.source_file,raw=excluded.raw,updated_at=now();


insert into public.itinera_studies(id,name,type,level,family,jurisdiction,official_title,route,subjects,ponderation_subjects,route_options,availability_by_province,sources,source_url,source_id,raw,data_quality,verified_at,last_seen_at,updated_at)
values (
  'master-v36-master-universitario-en-biociencias-moleculares-l',
  'Máster Universitario en Biociencias Moleculares [L]',
  'master',
  'Máster universitario',
  'Universidade · posgrao',
  'Galicia',
  true,
  'Consultar requisitos, prazas, centros, modalidade e fontes oficiais antes de decidir.',
  '["Consultar criterios de admisión e plan de estudos na universidade."]'::jsonb,
  '[{"subject": "Non aplica", "weight": "consultar universidade"}]'::jsonb,
  '[]'::jsonb,
  '{"Galicia": ["Campus de Lugo"]}'::jsonb,
  '["usc-udc-masteres-doctorados", "ruct", "qedu"]'::jsonb,
  'https://www.usc.gal/',
  'usc-udc-masteres-doctorados',
  '{"source_upload": "3 base de datos itinera.zip", "source_file": "Másteres y doctorados usc y udc.pdf", "campus": "Campus de Lugo"}'::jsonb,
  'official_upload',
  now(),
  now(),
  now()
)
on conflict (id) do update set
  name=excluded.name,
  type=excluded.type,
  level=excluded.level,
  family=excluded.family,
  jurisdiction=excluded.jurisdiction,
  route=excluded.route,
  subjects=excluded.subjects,
  ponderation_subjects=excluded.ponderation_subjects,
  route_options=excluded.route_options,
  availability_by_province=excluded.availability_by_province,
  sources=excluded.sources,
  source_url=excluded.source_url,
  source_id=excluded.source_id,
  raw=excluded.raw,
  data_quality=excluded.data_quality,
  verified_at=excluded.verified_at,
  last_seen_at=excluded.last_seen_at,
  updated_at=now();


insert into public.itinera_postgraduate_catalog(id,study_id,postgraduate_type,campus,source_file,raw)
values ('post-master-v36-master-universitario-en-biociencias-moleculares-l','master-v36-master-universitario-en-biociencias-moleculares-l','master','Campus de Lugo','Másteres y doctorados usc y udc.pdf',jsonb_build_object('source_upload','3 base de datos itinera.zip'))
on conflict (id) do update set study_id=excluded.study_id,postgraduate_type=excluded.postgraduate_type,campus=excluded.campus,source_file=excluded.source_file,raw=excluded.raw,updated_at=now();


insert into public.itinera_studies(id,name,type,level,family,jurisdiction,official_title,route,subjects,ponderation_subjects,route_options,availability_by_province,sources,source_url,source_id,raw,data_quality,verified_at,last_seen_at,updated_at)
values (
  'master-v36-master-universitario-en-biociencias-moleculares-s',
  'Máster Universitario en Biociencias Moleculares [S]',
  'master',
  'Máster universitario',
  'Universidade · posgrao',
  'Galicia',
  true,
  'Consultar requisitos, prazas, centros, modalidade e fontes oficiais antes de decidir.',
  '["Consultar criterios de admisión e plan de estudos na universidade."]'::jsonb,
  '[{"subject": "Non aplica", "weight": "consultar universidade"}]'::jsonb,
  '[]'::jsonb,
  '{"Galicia": ["Campus de Santiago de Compostela"]}'::jsonb,
  '["usc-udc-masteres-doctorados", "ruct", "qedu"]'::jsonb,
  'https://www.usc.gal/',
  'usc-udc-masteres-doctorados',
  '{"source_upload": "3 base de datos itinera.zip", "source_file": "Másteres y doctorados usc y udc.pdf", "campus": "Campus de Santiago de Compostela"}'::jsonb,
  'official_upload',
  now(),
  now(),
  now()
)
on conflict (id) do update set
  name=excluded.name,
  type=excluded.type,
  level=excluded.level,
  family=excluded.family,
  jurisdiction=excluded.jurisdiction,
  route=excluded.route,
  subjects=excluded.subjects,
  ponderation_subjects=excluded.ponderation_subjects,
  route_options=excluded.route_options,
  availability_by_province=excluded.availability_by_province,
  sources=excluded.sources,
  source_url=excluded.source_url,
  source_id=excluded.source_id,
  raw=excluded.raw,
  data_quality=excluded.data_quality,
  verified_at=excluded.verified_at,
  last_seen_at=excluded.last_seen_at,
  updated_at=now();


insert into public.itinera_postgraduate_catalog(id,study_id,postgraduate_type,campus,source_file,raw)
values ('post-master-v36-master-universitario-en-biociencias-moleculares-s','master-v36-master-universitario-en-biociencias-moleculares-s','master','Campus de Santiago de Compostela','Másteres y doctorados usc y udc.pdf',jsonb_build_object('source_upload','3 base de datos itinera.zip'))
on conflict (id) do update set study_id=excluded.study_id,postgraduate_type=excluded.postgraduate_type,campus=excluded.campus,source_file=excluded.source_file,raw=excluded.raw,updated_at=now();


insert into public.itinera_studies(id,name,type,level,family,jurisdiction,official_title,route,subjects,ponderation_subjects,route_options,availability_by_province,sources,source_url,source_id,raw,data_quality,verified_at,last_seen_at,updated_at)
values (
  'master-v36-master-universitario-en-biodiversidad-terrestre-caracterizacion-conservacion-y-gestion',
  'Máster Universitario en Biodiversidad Terrestre: Caracterización, Conservación y Gestión',
  'master',
  'Máster universitario',
  'Universidade · posgrao',
  'Galicia',
  true,
  'Consultar requisitos, prazas, centros, modalidade e fontes oficiais antes de decidir.',
  '["Consultar criterios de admisión e plan de estudos na universidade."]'::jsonb,
  '[{"subject": "Non aplica", "weight": "consultar universidade"}]'::jsonb,
  '[]'::jsonb,
  '{"Galicia": ["Campus de Santiago de Compostela"]}'::jsonb,
  '["usc-udc-masteres-doctorados", "ruct", "qedu"]'::jsonb,
  'https://www.usc.gal/',
  'usc-udc-masteres-doctorados',
  '{"source_upload": "3 base de datos itinera.zip", "source_file": "Másteres y doctorados usc y udc.pdf", "campus": "Campus de Santiago de Compostela"}'::jsonb,
  'official_upload',
  now(),
  now(),
  now()
)
on conflict (id) do update set
  name=excluded.name,
  type=excluded.type,
  level=excluded.level,
  family=excluded.family,
  jurisdiction=excluded.jurisdiction,
  route=excluded.route,
  subjects=excluded.subjects,
  ponderation_subjects=excluded.ponderation_subjects,
  route_options=excluded.route_options,
  availability_by_province=excluded.availability_by_province,
  sources=excluded.sources,
  source_url=excluded.source_url,
  source_id=excluded.source_id,
  raw=excluded.raw,
  data_quality=excluded.data_quality,
  verified_at=excluded.verified_at,
  last_seen_at=excluded.last_seen_at,
  updated_at=now();


insert into public.itinera_postgraduate_catalog(id,study_id,postgraduate_type,campus,source_file,raw)
values ('post-master-v36-master-universitario-en-biodiversidad-terrestre-caracterizacion-conservacion-y-gestion','master-v36-master-universitario-en-biodiversidad-terrestre-caracterizacion-conservacion-y-gestion','master','Campus de Santiago de Compostela','Másteres y doctorados usc y udc.pdf',jsonb_build_object('source_upload','3 base de datos itinera.zip'))
on conflict (id) do update set study_id=excluded.study_id,postgraduate_type=excluded.postgraduate_type,campus=excluded.campus,source_file=excluded.source_file,raw=excluded.raw,updated_at=now();


insert into public.itinera_studies(id,name,type,level,family,jurisdiction,official_title,route,subjects,ponderation_subjects,route_options,availability_by_province,sources,source_url,source_id,raw,data_quality,verified_at,last_seen_at,updated_at)
values (
  'master-v36-master-universitario-en-biofabricacion',
  'Máster Universitario en Biofabricación',
  'master',
  'Máster universitario',
  'Universidade · posgrao',
  'Galicia',
  true,
  'Consultar requisitos, prazas, centros, modalidade e fontes oficiais antes de decidir.',
  '["Consultar criterios de admisión e plan de estudos na universidade."]'::jsonb,
  '[{"subject": "Non aplica", "weight": "consultar universidade"}]'::jsonb,
  '[]'::jsonb,
  '{"Galicia": ["Campus de Santiago de Compostela"]}'::jsonb,
  '["usc-udc-masteres-doctorados", "ruct", "qedu"]'::jsonb,
  'https://www.usc.gal/',
  'usc-udc-masteres-doctorados',
  '{"source_upload": "3 base de datos itinera.zip", "source_file": "Másteres y doctorados usc y udc.pdf", "campus": "Campus de Santiago de Compostela"}'::jsonb,
  'official_upload',
  now(),
  now(),
  now()
)
on conflict (id) do update set
  name=excluded.name,
  type=excluded.type,
  level=excluded.level,
  family=excluded.family,
  jurisdiction=excluded.jurisdiction,
  route=excluded.route,
  subjects=excluded.subjects,
  ponderation_subjects=excluded.ponderation_subjects,
  route_options=excluded.route_options,
  availability_by_province=excluded.availability_by_province,
  sources=excluded.sources,
  source_url=excluded.source_url,
  source_id=excluded.source_id,
  raw=excluded.raw,
  data_quality=excluded.data_quality,
  verified_at=excluded.verified_at,
  last_seen_at=excluded.last_seen_at,
  updated_at=now();


insert into public.itinera_postgraduate_catalog(id,study_id,postgraduate_type,campus,source_file,raw)
values ('post-master-v36-master-universitario-en-biofabricacion','master-v36-master-universitario-en-biofabricacion','master','Campus de Santiago de Compostela','Másteres y doctorados usc y udc.pdf',jsonb_build_object('source_upload','3 base de datos itinera.zip'))
on conflict (id) do update set study_id=excluded.study_id,postgraduate_type=excluded.postgraduate_type,campus=excluded.campus,source_file=excluded.source_file,raw=excluded.raw,updated_at=now();


insert into public.itinera_studies(id,name,type,level,family,jurisdiction,official_title,route,subjects,ponderation_subjects,route_options,availability_by_province,sources,source_url,source_id,raw,data_quality,verified_at,last_seen_at,updated_at)
values (
  'master-v36-master-universitario-en-biologia-marina',
  'Máster Universitario en Biología Marina',
  'master',
  'Máster universitario',
  'Universidade · posgrao',
  'Galicia',
  true,
  'Consultar requisitos, prazas, centros, modalidade e fontes oficiais antes de decidir.',
  '["Consultar criterios de admisión e plan de estudos na universidade."]'::jsonb,
  '[{"subject": "Non aplica", "weight": "consultar universidade"}]'::jsonb,
  '[]'::jsonb,
  '{"Galicia": ["Campus de Santiago de Compostela"]}'::jsonb,
  '["usc-udc-masteres-doctorados", "ruct", "qedu"]'::jsonb,
  'https://www.usc.gal/',
  'usc-udc-masteres-doctorados',
  '{"source_upload": "3 base de datos itinera.zip", "source_file": "Másteres y doctorados usc y udc.pdf", "campus": "Campus de Santiago de Compostela"}'::jsonb,
  'official_upload',
  now(),
  now(),
  now()
)
on conflict (id) do update set
  name=excluded.name,
  type=excluded.type,
  level=excluded.level,
  family=excluded.family,
  jurisdiction=excluded.jurisdiction,
  route=excluded.route,
  subjects=excluded.subjects,
  ponderation_subjects=excluded.ponderation_subjects,
  route_options=excluded.route_options,
  availability_by_province=excluded.availability_by_province,
  sources=excluded.sources,
  source_url=excluded.source_url,
  source_id=excluded.source_id,
  raw=excluded.raw,
  data_quality=excluded.data_quality,
  verified_at=excluded.verified_at,
  last_seen_at=excluded.last_seen_at,
  updated_at=now();


insert into public.itinera_postgraduate_catalog(id,study_id,postgraduate_type,campus,source_file,raw)
values ('post-master-v36-master-universitario-en-biologia-marina','master-v36-master-universitario-en-biologia-marina','master','Campus de Santiago de Compostela','Másteres y doctorados usc y udc.pdf',jsonb_build_object('source_upload','3 base de datos itinera.zip'))
on conflict (id) do update set study_id=excluded.study_id,postgraduate_type=excluded.postgraduate_type,campus=excluded.campus,source_file=excluded.source_file,raw=excluded.raw,updated_at=now();


insert into public.itinera_studies(id,name,type,level,family,jurisdiction,official_title,route,subjects,ponderation_subjects,route_options,availability_by_province,sources,source_url,source_id,raw,data_quality,verified_at,last_seen_at,updated_at)
values (
  'master-v36-master-universitario-en-ciencia-y-tecnologias-de-informacion-cuantica',
  'Máster Universitario en Ciencia y Tecnologías de Información Cuántica',
  'master',
  'Máster universitario',
  'Universidade · posgrao',
  'Galicia',
  true,
  'Consultar requisitos, prazas, centros, modalidade e fontes oficiais antes de decidir.',
  '["Consultar criterios de admisión e plan de estudos na universidade."]'::jsonb,
  '[{"subject": "Non aplica", "weight": "consultar universidade"}]'::jsonb,
  '[]'::jsonb,
  '{"Galicia": ["Campus de Santiago de Compostela"]}'::jsonb,
  '["usc-udc-masteres-doctorados", "ruct", "qedu"]'::jsonb,
  'https://www.usc.gal/',
  'usc-udc-masteres-doctorados',
  '{"source_upload": "3 base de datos itinera.zip", "source_file": "Másteres y doctorados usc y udc.pdf", "campus": "Campus de Santiago de Compostela"}'::jsonb,
  'official_upload',
  now(),
  now(),
  now()
)
on conflict (id) do update set
  name=excluded.name,
  type=excluded.type,
  level=excluded.level,
  family=excluded.family,
  jurisdiction=excluded.jurisdiction,
  route=excluded.route,
  subjects=excluded.subjects,
  ponderation_subjects=excluded.ponderation_subjects,
  route_options=excluded.route_options,
  availability_by_province=excluded.availability_by_province,
  sources=excluded.sources,
  source_url=excluded.source_url,
  source_id=excluded.source_id,
  raw=excluded.raw,
  data_quality=excluded.data_quality,
  verified_at=excluded.verified_at,
  last_seen_at=excluded.last_seen_at,
  updated_at=now();


insert into public.itinera_postgraduate_catalog(id,study_id,postgraduate_type,campus,source_file,raw)
values ('post-master-v36-master-universitario-en-ciencia-y-tecnologias-de-informacion-cuantica','master-v36-master-universitario-en-ciencia-y-tecnologias-de-informacion-cuantica','master','Campus de Santiago de Compostela','Másteres y doctorados usc y udc.pdf',jsonb_build_object('source_upload','3 base de datos itinera.zip'))
on conflict (id) do update set study_id=excluded.study_id,postgraduate_type=excluded.postgraduate_type,campus=excluded.campus,source_file=excluded.source_file,raw=excluded.raw,updated_at=now();


insert into public.itinera_studies(id,name,type,level,family,jurisdiction,official_title,route,subjects,ponderation_subjects,route_options,availability_by_province,sources,source_url,source_id,raw,data_quality,verified_at,last_seen_at,updated_at)
values (
  'master-v36-master-universitario-en-energias-renovables-cambio-climatico-y-desarrollo-sostenible',
  'Máster Universitario en Energías Renovables, Cambio Climático y Desarrollo Sostenible',
  'master',
  'Máster universitario',
  'Universidade · posgrao',
  'Galicia',
  true,
  'Consultar requisitos, prazas, centros, modalidade e fontes oficiais antes de decidir.',
  '["Consultar criterios de admisión e plan de estudos na universidade."]'::jsonb,
  '[{"subject": "Non aplica", "weight": "consultar universidade"}]'::jsonb,
  '[]'::jsonb,
  '{"Galicia": ["Campus de Santiago de Compostela"]}'::jsonb,
  '["usc-udc-masteres-doctorados", "ruct", "qedu"]'::jsonb,
  'https://www.usc.gal/',
  'usc-udc-masteres-doctorados',
  '{"source_upload": "3 base de datos itinera.zip", "source_file": "Másteres y doctorados usc y udc.pdf", "campus": "Campus de Santiago de Compostela"}'::jsonb,
  'official_upload',
  now(),
  now(),
  now()
)
on conflict (id) do update set
  name=excluded.name,
  type=excluded.type,
  level=excluded.level,
  family=excluded.family,
  jurisdiction=excluded.jurisdiction,
  route=excluded.route,
  subjects=excluded.subjects,
  ponderation_subjects=excluded.ponderation_subjects,
  route_options=excluded.route_options,
  availability_by_province=excluded.availability_by_province,
  sources=excluded.sources,
  source_url=excluded.source_url,
  source_id=excluded.source_id,
  raw=excluded.raw,
  data_quality=excluded.data_quality,
  verified_at=excluded.verified_at,
  last_seen_at=excluded.last_seen_at,
  updated_at=now();


insert into public.itinera_postgraduate_catalog(id,study_id,postgraduate_type,campus,source_file,raw)
values ('post-master-v36-master-universitario-en-energias-renovables-cambio-climatico-y-desarrollo-sostenible','master-v36-master-universitario-en-energias-renovables-cambio-climatico-y-desarrollo-sostenible','master','Campus de Santiago de Compostela','Másteres y doctorados usc y udc.pdf',jsonb_build_object('source_upload','3 base de datos itinera.zip'))
on conflict (id) do update set study_id=excluded.study_id,postgraduate_type=excluded.postgraduate_type,campus=excluded.campus,source_file=excluded.source_file,raw=excluded.raw,updated_at=now();


insert into public.itinera_studies(id,name,type,level,family,jurisdiction,official_title,route,subjects,ponderation_subjects,route_options,availability_by_province,sources,source_url,source_id,raw,data_quality,verified_at,last_seen_at,updated_at)
values (
  'master-v36-master-universitario-en-fisica',
  'Máster Universitario en Física',
  'master',
  'Máster universitario',
  'Universidade · posgrao',
  'Galicia',
  true,
  'Consultar requisitos, prazas, centros, modalidade e fontes oficiais antes de decidir.',
  '["Consultar criterios de admisión e plan de estudos na universidade."]'::jsonb,
  '[{"subject": "Non aplica", "weight": "consultar universidade"}]'::jsonb,
  '[]'::jsonb,
  '{"Galicia": ["Campus de Santiago de Compostela"]}'::jsonb,
  '["usc-udc-masteres-doctorados", "ruct", "qedu"]'::jsonb,
  'https://www.usc.gal/',
  'usc-udc-masteres-doctorados',
  '{"source_upload": "3 base de datos itinera.zip", "source_file": "Másteres y doctorados usc y udc.pdf", "campus": "Campus de Santiago de Compostela"}'::jsonb,
  'official_upload',
  now(),
  now(),
  now()
)
on conflict (id) do update set
  name=excluded.name,
  type=excluded.type,
  level=excluded.level,
  family=excluded.family,
  jurisdiction=excluded.jurisdiction,
  route=excluded.route,
  subjects=excluded.subjects,
  ponderation_subjects=excluded.ponderation_subjects,
  route_options=excluded.route_options,
  availability_by_province=excluded.availability_by_province,
  sources=excluded.sources,
  source_url=excluded.source_url,
  source_id=excluded.source_id,
  raw=excluded.raw,
  data_quality=excluded.data_quality,
  verified_at=excluded.verified_at,
  last_seen_at=excluded.last_seen_at,
  updated_at=now();


insert into public.itinera_postgraduate_catalog(id,study_id,postgraduate_type,campus,source_file,raw)
values ('post-master-v36-master-universitario-en-fisica','master-v36-master-universitario-en-fisica','master','Campus de Santiago de Compostela','Másteres y doctorados usc y udc.pdf',jsonb_build_object('source_upload','3 base de datos itinera.zip'))
on conflict (id) do update set study_id=excluded.study_id,postgraduate_type=excluded.postgraduate_type,campus=excluded.campus,source_file=excluded.source_file,raw=excluded.raw,updated_at=now();


insert into public.itinera_studies(id,name,type,level,family,jurisdiction,official_title,route,subjects,ponderation_subjects,route_options,availability_by_province,sources,source_url,source_id,raw,data_quality,verified_at,last_seen_at,updated_at)
values (
  'master-v36-master-universitario-en-innovacion-en-nutricion-seguridade-y-tecnologia-alimentarias',
  'Máster Universitario en Innovación en Nutrición, Seguridade y Tecnología Alimentarias',
  'master',
  'Máster universitario',
  'Universidade · posgrao',
  'Galicia',
  true,
  'Consultar requisitos, prazas, centros, modalidade e fontes oficiais antes de decidir.',
  '["Consultar criterios de admisión e plan de estudos na universidade."]'::jsonb,
  '[{"subject": "Non aplica", "weight": "consultar universidade"}]'::jsonb,
  '[]'::jsonb,
  '{"Galicia": ["Campus de Lugo"]}'::jsonb,
  '["usc-udc-masteres-doctorados", "ruct", "qedu"]'::jsonb,
  'https://www.usc.gal/',
  'usc-udc-masteres-doctorados',
  '{"source_upload": "3 base de datos itinera.zip", "source_file": "Másteres y doctorados usc y udc.pdf", "campus": "Campus de Lugo"}'::jsonb,
  'official_upload',
  now(),
  now(),
  now()
)
on conflict (id) do update set
  name=excluded.name,
  type=excluded.type,
  level=excluded.level,
  family=excluded.family,
  jurisdiction=excluded.jurisdiction,
  route=excluded.route,
  subjects=excluded.subjects,
  ponderation_subjects=excluded.ponderation_subjects,
  route_options=excluded.route_options,
  availability_by_province=excluded.availability_by_province,
  sources=excluded.sources,
  source_url=excluded.source_url,
  source_id=excluded.source_id,
  raw=excluded.raw,
  data_quality=excluded.data_quality,
  verified_at=excluded.verified_at,
  last_seen_at=excluded.last_seen_at,
  updated_at=now();


insert into public.itinera_postgraduate_catalog(id,study_id,postgraduate_type,campus,source_file,raw)
values ('post-master-v36-master-universitario-en-innovacion-en-nutricion-seguridade-y-tecnologia-alimentarias','master-v36-master-universitario-en-innovacion-en-nutricion-seguridade-y-tecnologia-alimentarias','master','Campus de Lugo','Másteres y doctorados usc y udc.pdf',jsonb_build_object('source_upload','3 base de datos itinera.zip'))
on conflict (id) do update set study_id=excluded.study_id,postgraduate_type=excluded.postgraduate_type,campus=excluded.campus,source_file=excluded.source_file,raw=excluded.raw,updated_at=now();


insert into public.itinera_studies(id,name,type,level,family,jurisdiction,official_title,route,subjects,ponderation_subjects,route_options,availability_by_province,sources,source_url,source_id,raw,data_quality,verified_at,last_seen_at,updated_at)
values (
  'master-v36-master-universitario-en-investigacion-quimica-y-quimica-industrial',
  'Máster Universitario en Investigación Química y Química Industrial',
  'master',
  'Máster universitario',
  'Universidade · posgrao',
  'Galicia',
  true,
  'Consultar requisitos, prazas, centros, modalidade e fontes oficiais antes de decidir.',
  '["Consultar criterios de admisión e plan de estudos na universidade."]'::jsonb,
  '[{"subject": "Non aplica", "weight": "consultar universidade"}]'::jsonb,
  '[]'::jsonb,
  '{"Galicia": ["Campus de Santiago de Compostela"]}'::jsonb,
  '["usc-udc-masteres-doctorados", "ruct", "qedu"]'::jsonb,
  'https://www.usc.gal/',
  'usc-udc-masteres-doctorados',
  '{"source_upload": "3 base de datos itinera.zip", "source_file": "Másteres y doctorados usc y udc.pdf", "campus": "Campus de Santiago de Compostela"}'::jsonb,
  'official_upload',
  now(),
  now(),
  now()
)
on conflict (id) do update set
  name=excluded.name,
  type=excluded.type,
  level=excluded.level,
  family=excluded.family,
  jurisdiction=excluded.jurisdiction,
  route=excluded.route,
  subjects=excluded.subjects,
  ponderation_subjects=excluded.ponderation_subjects,
  route_options=excluded.route_options,
  availability_by_province=excluded.availability_by_province,
  sources=excluded.sources,
  source_url=excluded.source_url,
  source_id=excluded.source_id,
  raw=excluded.raw,
  data_quality=excluded.data_quality,
  verified_at=excluded.verified_at,
  last_seen_at=excluded.last_seen_at,
  updated_at=now();


insert into public.itinera_postgraduate_catalog(id,study_id,postgraduate_type,campus,source_file,raw)
values ('post-master-v36-master-universitario-en-investigacion-quimica-y-quimica-industrial','master-v36-master-universitario-en-investigacion-quimica-y-quimica-industrial','master','Campus de Santiago de Compostela','Másteres y doctorados usc y udc.pdf',jsonb_build_object('source_upload','3 base de datos itinera.zip'))
on conflict (id) do update set study_id=excluded.study_id,postgraduate_type=excluded.postgraduate_type,campus=excluded.campus,source_file=excluded.source_file,raw=excluded.raw,updated_at=now();


insert into public.itinera_studies(id,name,type,level,family,jurisdiction,official_title,route,subjects,ponderation_subjects,route_options,availability_by_province,sources,source_url,source_id,raw,data_quality,verified_at,last_seen_at,updated_at)
values (
  'master-v36-master-universitario-en-matematicas-presencial',
  'Máster Universitario en Matemáticas (presencial)',
  'master',
  'Máster universitario',
  'Universidade · posgrao',
  'Galicia',
  true,
  'Consultar requisitos, prazas, centros, modalidade e fontes oficiais antes de decidir.',
  '["Consultar criterios de admisión e plan de estudos na universidade."]'::jsonb,
  '[{"subject": "Non aplica", "weight": "consultar universidade"}]'::jsonb,
  '[]'::jsonb,
  '{"Galicia": ["Campus de Santiago de Compostela"]}'::jsonb,
  '["usc-udc-masteres-doctorados", "ruct", "qedu"]'::jsonb,
  'https://www.usc.gal/',
  'usc-udc-masteres-doctorados',
  '{"source_upload": "3 base de datos itinera.zip", "source_file": "Másteres y doctorados usc y udc.pdf", "campus": "Campus de Santiago de Compostela"}'::jsonb,
  'official_upload',
  now(),
  now(),
  now()
)
on conflict (id) do update set
  name=excluded.name,
  type=excluded.type,
  level=excluded.level,
  family=excluded.family,
  jurisdiction=excluded.jurisdiction,
  route=excluded.route,
  subjects=excluded.subjects,
  ponderation_subjects=excluded.ponderation_subjects,
  route_options=excluded.route_options,
  availability_by_province=excluded.availability_by_province,
  sources=excluded.sources,
  source_url=excluded.source_url,
  source_id=excluded.source_id,
  raw=excluded.raw,
  data_quality=excluded.data_quality,
  verified_at=excluded.verified_at,
  last_seen_at=excluded.last_seen_at,
  updated_at=now();


insert into public.itinera_postgraduate_catalog(id,study_id,postgraduate_type,campus,source_file,raw)
values ('post-master-v36-master-universitario-en-matematicas-presencial','master-v36-master-universitario-en-matematicas-presencial','master','Campus de Santiago de Compostela','Másteres y doctorados usc y udc.pdf',jsonb_build_object('source_upload','3 base de datos itinera.zip'))
on conflict (id) do update set study_id=excluded.study_id,postgraduate_type=excluded.postgraduate_type,campus=excluded.campus,source_file=excluded.source_file,raw=excluded.raw,updated_at=now();


insert into public.itinera_studies(id,name,type,level,family,jurisdiction,official_title,route,subjects,ponderation_subjects,route_options,availability_by_province,sources,source_url,source_id,raw,data_quality,verified_at,last_seen_at,updated_at)
values (
  'master-v36-master-universitario-en-matematicas-virtual',
  'Máster Universitario en Matemáticas (virtual)',
  'master',
  'Máster universitario',
  'Universidade · posgrao',
  'Galicia',
  true,
  'Consultar requisitos, prazas, centros, modalidade e fontes oficiais antes de decidir.',
  '["Consultar criterios de admisión e plan de estudos na universidade."]'::jsonb,
  '[{"subject": "Non aplica", "weight": "consultar universidade"}]'::jsonb,
  '[]'::jsonb,
  '{"Galicia": ["Campus de Santiago de Compostela"]}'::jsonb,
  '["usc-udc-masteres-doctorados", "ruct", "qedu"]'::jsonb,
  'https://www.usc.gal/',
  'usc-udc-masteres-doctorados',
  '{"source_upload": "3 base de datos itinera.zip", "source_file": "Másteres y doctorados usc y udc.pdf", "campus": "Campus de Santiago de Compostela"}'::jsonb,
  'official_upload',
  now(),
  now(),
  now()
)
on conflict (id) do update set
  name=excluded.name,
  type=excluded.type,
  level=excluded.level,
  family=excluded.family,
  jurisdiction=excluded.jurisdiction,
  route=excluded.route,
  subjects=excluded.subjects,
  ponderation_subjects=excluded.ponderation_subjects,
  route_options=excluded.route_options,
  availability_by_province=excluded.availability_by_province,
  sources=excluded.sources,
  source_url=excluded.source_url,
  source_id=excluded.source_id,
  raw=excluded.raw,
  data_quality=excluded.data_quality,
  verified_at=excluded.verified_at,
  last_seen_at=excluded.last_seen_at,
  updated_at=now();


insert into public.itinera_postgraduate_catalog(id,study_id,postgraduate_type,campus,source_file,raw)
values ('post-master-v36-master-universitario-en-matematicas-virtual','master-v36-master-universitario-en-matematicas-virtual','master','Campus de Santiago de Compostela','Másteres y doctorados usc y udc.pdf',jsonb_build_object('source_upload','3 base de datos itinera.zip'))
on conflict (id) do update set study_id=excluded.study_id,postgraduate_type=excluded.postgraduate_type,campus=excluded.campus,source_file=excluded.source_file,raw=excluded.raw,updated_at=now();


insert into public.itinera_studies(id,name,type,level,family,jurisdiction,official_title,route,subjects,ponderation_subjects,route_options,availability_by_province,sources,source_url,source_id,raw,data_quality,verified_at,last_seen_at,updated_at)
values (
  'master-v36-master-universitario-en-materiales-avanzados-advanced-materials',
  'Máster Universitario en Materiales Avanzados/Advanced Materials',
  'master',
  'Máster universitario',
  'Universidade · posgrao',
  'Galicia',
  true,
  'Consultar requisitos, prazas, centros, modalidade e fontes oficiais antes de decidir.',
  '["Consultar criterios de admisión e plan de estudos na universidade."]'::jsonb,
  '[{"subject": "Non aplica", "weight": "consultar universidade"}]'::jsonb,
  '[]'::jsonb,
  '{"Galicia": ["Campus de Santiago de Compostela"]}'::jsonb,
  '["usc-udc-masteres-doctorados", "ruct", "qedu"]'::jsonb,
  'https://www.usc.gal/',
  'usc-udc-masteres-doctorados',
  '{"source_upload": "3 base de datos itinera.zip", "source_file": "Másteres y doctorados usc y udc.pdf", "campus": "Campus de Santiago de Compostela"}'::jsonb,
  'official_upload',
  now(),
  now(),
  now()
)
on conflict (id) do update set
  name=excluded.name,
  type=excluded.type,
  level=excluded.level,
  family=excluded.family,
  jurisdiction=excluded.jurisdiction,
  route=excluded.route,
  subjects=excluded.subjects,
  ponderation_subjects=excluded.ponderation_subjects,
  route_options=excluded.route_options,
  availability_by_province=excluded.availability_by_province,
  sources=excluded.sources,
  source_url=excluded.source_url,
  source_id=excluded.source_id,
  raw=excluded.raw,
  data_quality=excluded.data_quality,
  verified_at=excluded.verified_at,
  last_seen_at=excluded.last_seen_at,
  updated_at=now();


insert into public.itinera_postgraduate_catalog(id,study_id,postgraduate_type,campus,source_file,raw)
values ('post-master-v36-master-universitario-en-materiales-avanzados-advanced-materials','master-v36-master-universitario-en-materiales-avanzados-advanced-materials','master','Campus de Santiago de Compostela','Másteres y doctorados usc y udc.pdf',jsonb_build_object('source_upload','3 base de datos itinera.zip'))
on conflict (id) do update set study_id=excluded.study_id,postgraduate_type=excluded.postgraduate_type,campus=excluded.campus,source_file=excluded.source_file,raw=excluded.raw,updated_at=now();


insert into public.itinera_studies(id,name,type,level,family,jurisdiction,official_title,route,subjects,ponderation_subjects,route_options,availability_by_province,sources,source_url,source_id,raw,data_quality,verified_at,last_seen_at,updated_at)
values (
  'master-v36-master-universitario-en-quimica-organica',
  'Máster Universitario en Química Orgánica',
  'master',
  'Máster universitario',
  'Universidade · posgrao',
  'Galicia',
  true,
  'Consultar requisitos, prazas, centros, modalidade e fontes oficiais antes de decidir.',
  '["Consultar criterios de admisión e plan de estudos na universidade."]'::jsonb,
  '[{"subject": "Non aplica", "weight": "consultar universidade"}]'::jsonb,
  '[]'::jsonb,
  '{"Galicia": ["Campus de Santiago de Compostela"]}'::jsonb,
  '["usc-udc-masteres-doctorados", "ruct", "qedu"]'::jsonb,
  'https://www.usc.gal/',
  'usc-udc-masteres-doctorados',
  '{"source_upload": "3 base de datos itinera.zip", "source_file": "Másteres y doctorados usc y udc.pdf", "campus": "Campus de Santiago de Compostela"}'::jsonb,
  'official_upload',
  now(),
  now(),
  now()
)
on conflict (id) do update set
  name=excluded.name,
  type=excluded.type,
  level=excluded.level,
  family=excluded.family,
  jurisdiction=excluded.jurisdiction,
  route=excluded.route,
  subjects=excluded.subjects,
  ponderation_subjects=excluded.ponderation_subjects,
  route_options=excluded.route_options,
  availability_by_province=excluded.availability_by_province,
  sources=excluded.sources,
  source_url=excluded.source_url,
  source_id=excluded.source_id,
  raw=excluded.raw,
  data_quality=excluded.data_quality,
  verified_at=excluded.verified_at,
  last_seen_at=excluded.last_seen_at,
  updated_at=now();


insert into public.itinera_postgraduate_catalog(id,study_id,postgraduate_type,campus,source_file,raw)
values ('post-master-v36-master-universitario-en-quimica-organica','master-v36-master-universitario-en-quimica-organica','master','Campus de Santiago de Compostela','Másteres y doctorados usc y udc.pdf',jsonb_build_object('source_upload','3 base de datos itinera.zip'))
on conflict (id) do update set study_id=excluded.study_id,postgraduate_type=excluded.postgraduate_type,campus=excluded.campus,source_file=excluded.source_file,raw=excluded.raw,updated_at=now();


insert into public.itinera_studies(id,name,type,level,family,jurisdiction,official_title,route,subjects,ponderation_subjects,route_options,availability_by_province,sources,source_url,source_id,raw,data_quality,verified_at,last_seen_at,updated_at)
values (
  'master-v36-master-universitario-en-quimica-teorica-y-modelizacion-computacional-theoretical-chemistry-and-compu',
  'Máster Universitario en Química Teórica y Modelización Computacional / Theoretical Chemistry and Computational Modelling',
  'master',
  'Máster universitario',
  'Universidade · posgrao',
  'Galicia',
  true,
  'Consultar requisitos, prazas, centros, modalidade e fontes oficiais antes de decidir.',
  '["Consultar criterios de admisión e plan de estudos na universidade."]'::jsonb,
  '[{"subject": "Non aplica", "weight": "consultar universidade"}]'::jsonb,
  '[]'::jsonb,
  '{"Galicia": ["Campus de Santiago de Compostela"]}'::jsonb,
  '["usc-udc-masteres-doctorados", "ruct", "qedu"]'::jsonb,
  'https://www.usc.gal/',
  'usc-udc-masteres-doctorados',
  '{"source_upload": "3 base de datos itinera.zip", "source_file": "Másteres y doctorados usc y udc.pdf", "campus": "Campus de Santiago de Compostela"}'::jsonb,
  'official_upload',
  now(),
  now(),
  now()
)
on conflict (id) do update set
  name=excluded.name,
  type=excluded.type,
  level=excluded.level,
  family=excluded.family,
  jurisdiction=excluded.jurisdiction,
  route=excluded.route,
  subjects=excluded.subjects,
  ponderation_subjects=excluded.ponderation_subjects,
  route_options=excluded.route_options,
  availability_by_province=excluded.availability_by_province,
  sources=excluded.sources,
  source_url=excluded.source_url,
  source_id=excluded.source_id,
  raw=excluded.raw,
  data_quality=excluded.data_quality,
  verified_at=excluded.verified_at,
  last_seen_at=excluded.last_seen_at,
  updated_at=now();


insert into public.itinera_postgraduate_catalog(id,study_id,postgraduate_type,campus,source_file,raw)
values ('post-master-v36-master-universitario-en-quimica-teorica-y-modelizacion-computacional-theoretical-chemistry-and-compu','master-v36-master-universitario-en-quimica-teorica-y-modelizacion-computacional-theoretical-chemistry-and-compu','master','Campus de Santiago de Compostela','Másteres y doctorados usc y udc.pdf',jsonb_build_object('source_upload','3 base de datos itinera.zip'))
on conflict (id) do update set study_id=excluded.study_id,postgraduate_type=excluded.postgraduate_type,campus=excluded.campus,source_file=excluded.source_file,raw=excluded.raw,updated_at=now();


insert into public.itinera_studies(id,name,type,level,family,jurisdiction,official_title,route,subjects,ponderation_subjects,route_options,availability_by_province,sources,source_url,source_id,raw,data_quality,verified_at,last_seen_at,updated_at)
values (
  'master-v36-master-universitario-en-tecnicas-estadisticas',
  'Máster Universitario en Técnicas Estadísticas',
  'master',
  'Máster universitario',
  'Universidade · posgrao',
  'Galicia',
  true,
  'Consultar requisitos, prazas, centros, modalidade e fontes oficiais antes de decidir.',
  '["Consultar criterios de admisión e plan de estudos na universidade."]'::jsonb,
  '[{"subject": "Non aplica", "weight": "consultar universidade"}]'::jsonb,
  '[]'::jsonb,
  '{"Galicia": ["Campus de Santiago de Compostela"]}'::jsonb,
  '["usc-udc-masteres-doctorados", "ruct", "qedu"]'::jsonb,
  'https://www.usc.gal/',
  'usc-udc-masteres-doctorados',
  '{"source_upload": "3 base de datos itinera.zip", "source_file": "Másteres y doctorados usc y udc.pdf", "campus": "Campus de Santiago de Compostela"}'::jsonb,
  'official_upload',
  now(),
  now(),
  now()
)
on conflict (id) do update set
  name=excluded.name,
  type=excluded.type,
  level=excluded.level,
  family=excluded.family,
  jurisdiction=excluded.jurisdiction,
  route=excluded.route,
  subjects=excluded.subjects,
  ponderation_subjects=excluded.ponderation_subjects,
  route_options=excluded.route_options,
  availability_by_province=excluded.availability_by_province,
  sources=excluded.sources,
  source_url=excluded.source_url,
  source_id=excluded.source_id,
  raw=excluded.raw,
  data_quality=excluded.data_quality,
  verified_at=excluded.verified_at,
  last_seen_at=excluded.last_seen_at,
  updated_at=now();


insert into public.itinera_postgraduate_catalog(id,study_id,postgraduate_type,campus,source_file,raw)
values ('post-master-v36-master-universitario-en-tecnicas-estadisticas','master-v36-master-universitario-en-tecnicas-estadisticas','master','Campus de Santiago de Compostela','Másteres y doctorados usc y udc.pdf',jsonb_build_object('source_upload','3 base de datos itinera.zip'))
on conflict (id) do update set study_id=excluded.study_id,postgraduate_type=excluded.postgraduate_type,campus=excluded.campus,source_file=excluded.source_file,raw=excluded.raw,updated_at=now();


insert into public.itinera_studies(id,name,type,level,family,jurisdiction,official_title,route,subjects,ponderation_subjects,route_options,availability_by_province,sources,source_url,source_id,raw,data_quality,verified_at,last_seen_at,updated_at)
values (
  'master-v36-master-universitario-en-atencion-sanitaria-gestion-e-cuidados',
  'Máster Universitario en Atención Sanitaria, Gestión e Cuidados',
  'master',
  'Máster universitario',
  'Universidade · posgrao',
  'Galicia',
  true,
  'Consultar requisitos, prazas, centros, modalidade e fontes oficiais antes de decidir.',
  '["Consultar criterios de admisión e plan de estudos na universidade."]'::jsonb,
  '[{"subject": "Non aplica", "weight": "consultar universidade"}]'::jsonb,
  '[]'::jsonb,
  '{"Galicia": ["Campus de Santiago de Compostela"]}'::jsonb,
  '["usc-udc-masteres-doctorados", "ruct", "qedu"]'::jsonb,
  'https://www.usc.gal/',
  'usc-udc-masteres-doctorados',
  '{"source_upload": "3 base de datos itinera.zip", "source_file": "Másteres y doctorados usc y udc.pdf", "campus": "Campus de Santiago de Compostela"}'::jsonb,
  'official_upload',
  now(),
  now(),
  now()
)
on conflict (id) do update set
  name=excluded.name,
  type=excluded.type,
  level=excluded.level,
  family=excluded.family,
  jurisdiction=excluded.jurisdiction,
  route=excluded.route,
  subjects=excluded.subjects,
  ponderation_subjects=excluded.ponderation_subjects,
  route_options=excluded.route_options,
  availability_by_province=excluded.availability_by_province,
  sources=excluded.sources,
  source_url=excluded.source_url,
  source_id=excluded.source_id,
  raw=excluded.raw,
  data_quality=excluded.data_quality,
  verified_at=excluded.verified_at,
  last_seen_at=excluded.last_seen_at,
  updated_at=now();


insert into public.itinera_postgraduate_catalog(id,study_id,postgraduate_type,campus,source_file,raw)
values ('post-master-v36-master-universitario-en-atencion-sanitaria-gestion-e-cuidados','master-v36-master-universitario-en-atencion-sanitaria-gestion-e-cuidados','master','Campus de Santiago de Compostela','Másteres y doctorados usc y udc.pdf',jsonb_build_object('source_upload','3 base de datos itinera.zip'))
on conflict (id) do update set study_id=excluded.study_id,postgraduate_type=excluded.postgraduate_type,campus=excluded.campus,source_file=excluded.source_file,raw=excluded.raw,updated_at=now();


insert into public.itinera_studies(id,name,type,level,family,jurisdiction,official_title,route,subjects,ponderation_subjects,route_options,availability_by_province,sources,source_url,source_id,raw,data_quality,verified_at,last_seen_at,updated_at)
values (
  'master-v36-master-universitario-en-condicionantes-geneticos-nutricionales-y-ambientales-del-crecimiento-y-desar',
  'Máster Universitario en Condicionantes Genéticos, Nutricionales y Ambientales del Crecimiento y Desarrollo NUTRENVIGEN G+D Factors',
  'master',
  'Máster universitario',
  'Universidade · posgrao',
  'Galicia',
  true,
  'Consultar requisitos, prazas, centros, modalidade e fontes oficiais antes de decidir.',
  '["Consultar criterios de admisión e plan de estudos na universidade."]'::jsonb,
  '[{"subject": "Non aplica", "weight": "consultar universidade"}]'::jsonb,
  '[]'::jsonb,
  '{"Galicia": ["Campus de Santiago de Compostela"]}'::jsonb,
  '["usc-udc-masteres-doctorados", "ruct", "qedu"]'::jsonb,
  'https://www.usc.gal/',
  'usc-udc-masteres-doctorados',
  '{"source_upload": "3 base de datos itinera.zip", "source_file": "Másteres y doctorados usc y udc.pdf", "campus": "Campus de Santiago de Compostela"}'::jsonb,
  'official_upload',
  now(),
  now(),
  now()
)
on conflict (id) do update set
  name=excluded.name,
  type=excluded.type,
  level=excluded.level,
  family=excluded.family,
  jurisdiction=excluded.jurisdiction,
  route=excluded.route,
  subjects=excluded.subjects,
  ponderation_subjects=excluded.ponderation_subjects,
  route_options=excluded.route_options,
  availability_by_province=excluded.availability_by_province,
  sources=excluded.sources,
  source_url=excluded.source_url,
  source_id=excluded.source_id,
  raw=excluded.raw,
  data_quality=excluded.data_quality,
  verified_at=excluded.verified_at,
  last_seen_at=excluded.last_seen_at,
  updated_at=now();


insert into public.itinera_postgraduate_catalog(id,study_id,postgraduate_type,campus,source_file,raw)
values ('post-master-v36-master-universitario-en-condicionantes-geneticos-nutricionales-y-ambientales-del-crecimiento-y-desar','master-v36-master-universitario-en-condicionantes-geneticos-nutricionales-y-ambientales-del-crecimiento-y-desar','master','Campus de Santiago de Compostela','Másteres y doctorados usc y udc.pdf',jsonb_build_object('source_upload','3 base de datos itinera.zip'))
on conflict (id) do update set study_id=excluded.study_id,postgraduate_type=excluded.postgraduate_type,campus=excluded.campus,source_file=excluded.source_file,raw=excluded.raw,updated_at=now();


insert into public.itinera_studies(id,name,type,level,family,jurisdiction,official_title,route,subjects,ponderation_subjects,route_options,availability_by_province,sources,source_url,source_id,raw,data_quality,verified_at,last_seen_at,updated_at)
values (
  'master-v36-master-universitario-en-genomica-y-genetica',
  'Máster Universitario en Genómica y Genética',
  'master',
  'Máster universitario',
  'Universidade · posgrao',
  'Galicia',
  true,
  'Consultar requisitos, prazas, centros, modalidade e fontes oficiais antes de decidir.',
  '["Consultar criterios de admisión e plan de estudos na universidade."]'::jsonb,
  '[{"subject": "Non aplica", "weight": "consultar universidade"}]'::jsonb,
  '[]'::jsonb,
  '{"Galicia": ["Campus de Lugo"]}'::jsonb,
  '["usc-udc-masteres-doctorados", "ruct", "qedu"]'::jsonb,
  'https://www.usc.gal/',
  'usc-udc-masteres-doctorados',
  '{"source_upload": "3 base de datos itinera.zip", "source_file": "Másteres y doctorados usc y udc.pdf", "campus": "Campus de Lugo"}'::jsonb,
  'official_upload',
  now(),
  now(),
  now()
)
on conflict (id) do update set
  name=excluded.name,
  type=excluded.type,
  level=excluded.level,
  family=excluded.family,
  jurisdiction=excluded.jurisdiction,
  route=excluded.route,
  subjects=excluded.subjects,
  ponderation_subjects=excluded.ponderation_subjects,
  route_options=excluded.route_options,
  availability_by_province=excluded.availability_by_province,
  sources=excluded.sources,
  source_url=excluded.source_url,
  source_id=excluded.source_id,
  raw=excluded.raw,
  data_quality=excluded.data_quality,
  verified_at=excluded.verified_at,
  last_seen_at=excluded.last_seen_at,
  updated_at=now();


insert into public.itinera_postgraduate_catalog(id,study_id,postgraduate_type,campus,source_file,raw)
values ('post-master-v36-master-universitario-en-genomica-y-genetica','master-v36-master-universitario-en-genomica-y-genetica','master','Campus de Lugo','Másteres y doctorados usc y udc.pdf',jsonb_build_object('source_upload','3 base de datos itinera.zip'))
on conflict (id) do update set study_id=excluded.study_id,postgraduate_type=excluded.postgraduate_type,campus=excluded.campus,source_file=excluded.source_file,raw=excluded.raw,updated_at=now();


insert into public.itinera_studies(id,name,type,level,family,jurisdiction,official_title,route,subjects,ponderation_subjects,route_options,availability_by_province,sources,source_url,source_id,raw,data_quality,verified_at,last_seen_at,updated_at)
values (
  'master-v36-master-universitario-en-gerontologia-3a-edicion',
  'Máster Universitario en Gerontología (3ª edición)',
  'master',
  'Máster universitario',
  'Universidade · posgrao',
  'Galicia',
  true,
  'Consultar requisitos, prazas, centros, modalidade e fontes oficiais antes de decidir.',
  '["Consultar criterios de admisión e plan de estudos na universidade."]'::jsonb,
  '[{"subject": "Non aplica", "weight": "consultar universidade"}]'::jsonb,
  '[]'::jsonb,
  '{"Galicia": ["Campus de Santiago de Compostela"]}'::jsonb,
  '["usc-udc-masteres-doctorados", "ruct", "qedu"]'::jsonb,
  'https://www.usc.gal/',
  'usc-udc-masteres-doctorados',
  '{"source_upload": "3 base de datos itinera.zip", "source_file": "Másteres y doctorados usc y udc.pdf", "campus": "Campus de Santiago de Compostela"}'::jsonb,
  'official_upload',
  now(),
  now(),
  now()
)
on conflict (id) do update set
  name=excluded.name,
  type=excluded.type,
  level=excluded.level,
  family=excluded.family,
  jurisdiction=excluded.jurisdiction,
  route=excluded.route,
  subjects=excluded.subjects,
  ponderation_subjects=excluded.ponderation_subjects,
  route_options=excluded.route_options,
  availability_by_province=excluded.availability_by_province,
  sources=excluded.sources,
  source_url=excluded.source_url,
  source_id=excluded.source_id,
  raw=excluded.raw,
  data_quality=excluded.data_quality,
  verified_at=excluded.verified_at,
  last_seen_at=excluded.last_seen_at,
  updated_at=now();


insert into public.itinera_postgraduate_catalog(id,study_id,postgraduate_type,campus,source_file,raw)
values ('post-master-v36-master-universitario-en-gerontologia-3a-edicion','master-v36-master-universitario-en-gerontologia-3a-edicion','master','Campus de Santiago de Compostela','Másteres y doctorados usc y udc.pdf',jsonb_build_object('source_upload','3 base de datos itinera.zip'))
on conflict (id) do update set study_id=excluded.study_id,postgraduate_type=excluded.postgraduate_type,campus=excluded.campus,source_file=excluded.source_file,raw=excluded.raw,updated_at=now();


insert into public.itinera_studies(id,name,type,level,family,jurisdiction,official_title,route,subjects,ponderation_subjects,route_options,availability_by_province,sources,source_url,source_id,raw,data_quality,verified_at,last_seen_at,updated_at)
values (
  'master-v36-master-universitario-en-investigacion-biomedica',
  'Máster Universitario en Investigación Biomédica',
  'master',
  'Máster universitario',
  'Universidade · posgrao',
  'Galicia',
  true,
  'Consultar requisitos, prazas, centros, modalidade e fontes oficiais antes de decidir.',
  '["Consultar criterios de admisión e plan de estudos na universidade."]'::jsonb,
  '[{"subject": "Non aplica", "weight": "consultar universidade"}]'::jsonb,
  '[]'::jsonb,
  '{"Galicia": ["Campus de Santiago de Compostela"]}'::jsonb,
  '["usc-udc-masteres-doctorados", "ruct", "qedu"]'::jsonb,
  'https://www.usc.gal/',
  'usc-udc-masteres-doctorados',
  '{"source_upload": "3 base de datos itinera.zip", "source_file": "Másteres y doctorados usc y udc.pdf", "campus": "Campus de Santiago de Compostela"}'::jsonb,
  'official_upload',
  now(),
  now(),
  now()
)
on conflict (id) do update set
  name=excluded.name,
  type=excluded.type,
  level=excluded.level,
  family=excluded.family,
  jurisdiction=excluded.jurisdiction,
  route=excluded.route,
  subjects=excluded.subjects,
  ponderation_subjects=excluded.ponderation_subjects,
  route_options=excluded.route_options,
  availability_by_province=excluded.availability_by_province,
  sources=excluded.sources,
  source_url=excluded.source_url,
  source_id=excluded.source_id,
  raw=excluded.raw,
  data_quality=excluded.data_quality,
  verified_at=excluded.verified_at,
  last_seen_at=excluded.last_seen_at,
  updated_at=now();


insert into public.itinera_postgraduate_catalog(id,study_id,postgraduate_type,campus,source_file,raw)
values ('post-master-v36-master-universitario-en-investigacion-biomedica','master-v36-master-universitario-en-investigacion-biomedica','master','Campus de Santiago de Compostela','Másteres y doctorados usc y udc.pdf',jsonb_build_object('source_upload','3 base de datos itinera.zip'))
on conflict (id) do update set study_id=excluded.study_id,postgraduate_type=excluded.postgraduate_type,campus=excluded.campus,source_file=excluded.source_file,raw=excluded.raw,updated_at=now();


insert into public.itinera_studies(id,name,type,level,family,jurisdiction,official_title,route,subjects,ponderation_subjects,route_options,availability_by_province,sources,source_url,source_id,raw,data_quality,verified_at,last_seen_at,updated_at)
values (
  'master-v36-master-universitario-en-investigacion-y-desarrollo-de-medicamentos',
  'Máster Universitario en Investigación y Desarrollo de Medicamentos',
  'master',
  'Máster universitario',
  'Universidade · posgrao',
  'Galicia',
  true,
  'Consultar requisitos, prazas, centros, modalidade e fontes oficiais antes de decidir.',
  '["Consultar criterios de admisión e plan de estudos na universidade."]'::jsonb,
  '[{"subject": "Non aplica", "weight": "consultar universidade"}]'::jsonb,
  '[]'::jsonb,
  '{"Galicia": ["Campus de Santiago de Compostela"]}'::jsonb,
  '["usc-udc-masteres-doctorados", "ruct", "qedu"]'::jsonb,
  'https://www.usc.gal/',
  'usc-udc-masteres-doctorados',
  '{"source_upload": "3 base de datos itinera.zip", "source_file": "Másteres y doctorados usc y udc.pdf", "campus": "Campus de Santiago de Compostela"}'::jsonb,
  'official_upload',
  now(),
  now(),
  now()
)
on conflict (id) do update set
  name=excluded.name,
  type=excluded.type,
  level=excluded.level,
  family=excluded.family,
  jurisdiction=excluded.jurisdiction,
  route=excluded.route,
  subjects=excluded.subjects,
  ponderation_subjects=excluded.ponderation_subjects,
  route_options=excluded.route_options,
  availability_by_province=excluded.availability_by_province,
  sources=excluded.sources,
  source_url=excluded.source_url,
  source_id=excluded.source_id,
  raw=excluded.raw,
  data_quality=excluded.data_quality,
  verified_at=excluded.verified_at,
  last_seen_at=excluded.last_seen_at,
  updated_at=now();


insert into public.itinera_postgraduate_catalog(id,study_id,postgraduate_type,campus,source_file,raw)
values ('post-master-v36-master-universitario-en-investigacion-y-desarrollo-de-medicamentos','master-v36-master-universitario-en-investigacion-y-desarrollo-de-medicamentos','master','Campus de Santiago de Compostela','Másteres y doctorados usc y udc.pdf',jsonb_build_object('source_upload','3 base de datos itinera.zip'))
on conflict (id) do update set study_id=excluded.study_id,postgraduate_type=excluded.postgraduate_type,campus=excluded.campus,source_file=excluded.source_file,raw=excluded.raw,updated_at=now();


insert into public.itinera_studies(id,name,type,level,family,jurisdiction,official_title,route,subjects,ponderation_subjects,route_options,availability_by_province,sources,source_url,source_id,raw,data_quality,verified_at,last_seen_at,updated_at)
values (
  'master-v36-master-universitario-en-neurociencia',
  'Máster Universitario en Neurociencia',
  'master',
  'Máster universitario',
  'Universidade · posgrao',
  'Galicia',
  true,
  'Consultar requisitos, prazas, centros, modalidade e fontes oficiais antes de decidir.',
  '["Consultar criterios de admisión e plan de estudos na universidade."]'::jsonb,
  '[{"subject": "Non aplica", "weight": "consultar universidade"}]'::jsonb,
  '[]'::jsonb,
  '{"Galicia": ["Campus de Santiago de Compostela"]}'::jsonb,
  '["usc-udc-masteres-doctorados", "ruct", "qedu"]'::jsonb,
  'https://www.usc.gal/',
  'usc-udc-masteres-doctorados',
  '{"source_upload": "3 base de datos itinera.zip", "source_file": "Másteres y doctorados usc y udc.pdf", "campus": "Campus de Santiago de Compostela"}'::jsonb,
  'official_upload',
  now(),
  now(),
  now()
)
on conflict (id) do update set
  name=excluded.name,
  type=excluded.type,
  level=excluded.level,
  family=excluded.family,
  jurisdiction=excluded.jurisdiction,
  route=excluded.route,
  subjects=excluded.subjects,
  ponderation_subjects=excluded.ponderation_subjects,
  route_options=excluded.route_options,
  availability_by_province=excluded.availability_by_province,
  sources=excluded.sources,
  source_url=excluded.source_url,
  source_id=excluded.source_id,
  raw=excluded.raw,
  data_quality=excluded.data_quality,
  verified_at=excluded.verified_at,
  last_seen_at=excluded.last_seen_at,
  updated_at=now();


insert into public.itinera_postgraduate_catalog(id,study_id,postgraduate_type,campus,source_file,raw)
values ('post-master-v36-master-universitario-en-neurociencia','master-v36-master-universitario-en-neurociencia','master','Campus de Santiago de Compostela','Másteres y doctorados usc y udc.pdf',jsonb_build_object('source_upload','3 base de datos itinera.zip'))
on conflict (id) do update set study_id=excluded.study_id,postgraduate_type=excluded.postgraduate_type,campus=excluded.campus,source_file=excluded.source_file,raw=excluded.raw,updated_at=now();


insert into public.itinera_studies(id,name,type,level,family,jurisdiction,official_title,route,subjects,ponderation_subjects,route_options,availability_by_province,sources,source_url,source_id,raw,data_quality,verified_at,last_seen_at,updated_at)
values (
  'master-v36-master-universitario-en-optometria',
  'Máster Universitario en Optometría',
  'master',
  'Máster universitario',
  'Universidade · posgrao',
  'Galicia',
  true,
  'Consultar requisitos, prazas, centros, modalidade e fontes oficiais antes de decidir.',
  '["Consultar criterios de admisión e plan de estudos na universidade."]'::jsonb,
  '[{"subject": "Non aplica", "weight": "consultar universidade"}]'::jsonb,
  '[]'::jsonb,
  '{"Galicia": ["Campus de Santiago de Compostela"]}'::jsonb,
  '["usc-udc-masteres-doctorados", "ruct", "qedu"]'::jsonb,
  'https://www.usc.gal/',
  'usc-udc-masteres-doctorados',
  '{"source_upload": "3 base de datos itinera.zip", "source_file": "Másteres y doctorados usc y udc.pdf", "campus": "Campus de Santiago de Compostela"}'::jsonb,
  'official_upload',
  now(),
  now(),
  now()
)
on conflict (id) do update set
  name=excluded.name,
  type=excluded.type,
  level=excluded.level,
  family=excluded.family,
  jurisdiction=excluded.jurisdiction,
  route=excluded.route,
  subjects=excluded.subjects,
  ponderation_subjects=excluded.ponderation_subjects,
  route_options=excluded.route_options,
  availability_by_province=excluded.availability_by_province,
  sources=excluded.sources,
  source_url=excluded.source_url,
  source_id=excluded.source_id,
  raw=excluded.raw,
  data_quality=excluded.data_quality,
  verified_at=excluded.verified_at,
  last_seen_at=excluded.last_seen_at,
  updated_at=now();


insert into public.itinera_postgraduate_catalog(id,study_id,postgraduate_type,campus,source_file,raw)
values ('post-master-v36-master-universitario-en-optometria','master-v36-master-universitario-en-optometria','master','Campus de Santiago de Compostela','Másteres y doctorados usc y udc.pdf',jsonb_build_object('source_upload','3 base de datos itinera.zip'))
on conflict (id) do update set study_id=excluded.study_id,postgraduate_type=excluded.postgraduate_type,campus=excluded.campus,source_file=excluded.source_file,raw=excluded.raw,updated_at=now();


insert into public.itinera_studies(id,name,type,level,family,jurisdiction,official_title,route,subjects,ponderation_subjects,route_options,availability_by_province,sources,source_url,source_id,raw,data_quality,verified_at,last_seen_at,updated_at)
values (
  'master-v36-master-universitario-en-prevencion-y-abordaje-multidisciplinar-de-las-drogodependencias-y-conductas-',
  'Máster Universitario en Prevención y Abordaje Multidisciplinar de las Drogodependencias y Conductas Adictivas',
  'master',
  'Máster universitario',
  'Universidade · posgrao',
  'Galicia',
  true,
  'Consultar requisitos, prazas, centros, modalidade e fontes oficiais antes de decidir.',
  '["Consultar criterios de admisión e plan de estudos na universidade."]'::jsonb,
  '[{"subject": "Non aplica", "weight": "consultar universidade"}]'::jsonb,
  '[]'::jsonb,
  '{"Galicia": ["Campus de Santiago de Compostela"]}'::jsonb,
  '["usc-udc-masteres-doctorados", "ruct", "qedu"]'::jsonb,
  'https://www.usc.gal/',
  'usc-udc-masteres-doctorados',
  '{"source_upload": "3 base de datos itinera.zip", "source_file": "Másteres y doctorados usc y udc.pdf", "campus": "Campus de Santiago de Compostela"}'::jsonb,
  'official_upload',
  now(),
  now(),
  now()
)
on conflict (id) do update set
  name=excluded.name,
  type=excluded.type,
  level=excluded.level,
  family=excluded.family,
  jurisdiction=excluded.jurisdiction,
  route=excluded.route,
  subjects=excluded.subjects,
  ponderation_subjects=excluded.ponderation_subjects,
  route_options=excluded.route_options,
  availability_by_province=excluded.availability_by_province,
  sources=excluded.sources,
  source_url=excluded.source_url,
  source_id=excluded.source_id,
  raw=excluded.raw,
  data_quality=excluded.data_quality,
  verified_at=excluded.verified_at,
  last_seen_at=excluded.last_seen_at,
  updated_at=now();


insert into public.itinera_postgraduate_catalog(id,study_id,postgraduate_type,campus,source_file,raw)
values ('post-master-v36-master-universitario-en-prevencion-y-abordaje-multidisciplinar-de-las-drogodependencias-y-conductas-','master-v36-master-universitario-en-prevencion-y-abordaje-multidisciplinar-de-las-drogodependencias-y-conductas-','master','Campus de Santiago de Compostela','Másteres y doctorados usc y udc.pdf',jsonb_build_object('source_upload','3 base de datos itinera.zip'))
on conflict (id) do update set study_id=excluded.study_id,postgraduate_type=excluded.postgraduate_type,campus=excluded.campus,source_file=excluded.source_file,raw=excluded.raw,updated_at=now();


insert into public.itinera_studies(id,name,type,level,family,jurisdiction,official_title,route,subjects,ponderation_subjects,route_options,availability_by_province,sources,source_url,source_id,raw,data_quality,verified_at,last_seen_at,updated_at)
values (
  'master-v36-master-universitario-en-psicogerontologia',
  'Máster Universitario en Psicogerontología',
  'master',
  'Máster universitario',
  'Universidade · posgrao',
  'Galicia',
  true,
  'Consultar requisitos, prazas, centros, modalidade e fontes oficiais antes de decidir.',
  '["Consultar criterios de admisión e plan de estudos na universidade."]'::jsonb,
  '[{"subject": "Non aplica", "weight": "consultar universidade"}]'::jsonb,
  '[]'::jsonb,
  '{"Galicia": ["Campus de Santiago de Compostela"]}'::jsonb,
  '["usc-udc-masteres-doctorados", "ruct", "qedu"]'::jsonb,
  'https://www.usc.gal/',
  'usc-udc-masteres-doctorados',
  '{"source_upload": "3 base de datos itinera.zip", "source_file": "Másteres y doctorados usc y udc.pdf", "campus": "Campus de Santiago de Compostela"}'::jsonb,
  'official_upload',
  now(),
  now(),
  now()
)
on conflict (id) do update set
  name=excluded.name,
  type=excluded.type,
  level=excluded.level,
  family=excluded.family,
  jurisdiction=excluded.jurisdiction,
  route=excluded.route,
  subjects=excluded.subjects,
  ponderation_subjects=excluded.ponderation_subjects,
  route_options=excluded.route_options,
  availability_by_province=excluded.availability_by_province,
  sources=excluded.sources,
  source_url=excluded.source_url,
  source_id=excluded.source_id,
  raw=excluded.raw,
  data_quality=excluded.data_quality,
  verified_at=excluded.verified_at,
  last_seen_at=excluded.last_seen_at,
  updated_at=now();


insert into public.itinera_postgraduate_catalog(id,study_id,postgraduate_type,campus,source_file,raw)
values ('post-master-v36-master-universitario-en-psicogerontologia','master-v36-master-universitario-en-psicogerontologia','master','Campus de Santiago de Compostela','Másteres y doctorados usc y udc.pdf',jsonb_build_object('source_upload','3 base de datos itinera.zip'))
on conflict (id) do update set study_id=excluded.study_id,postgraduate_type=excluded.postgraduate_type,campus=excluded.campus,source_file=excluded.source_file,raw=excluded.raw,updated_at=now();


insert into public.itinera_studies(id,name,type,level,family,jurisdiction,official_title,route,subjects,ponderation_subjects,route_options,availability_by_province,sources,source_url,source_id,raw,data_quality,verified_at,last_seen_at,updated_at)
values (
  'master-v36-master-universitario-en-psicologia-general-sanitaria',
  'Máster Universitario en Psicología General Sanitaria',
  'master',
  'Máster universitario',
  'Universidade · posgrao',
  'Galicia',
  true,
  'Consultar requisitos, prazas, centros, modalidade e fontes oficiais antes de decidir.',
  '["Consultar criterios de admisión e plan de estudos na universidade."]'::jsonb,
  '[{"subject": "Non aplica", "weight": "consultar universidade"}]'::jsonb,
  '[]'::jsonb,
  '{"Galicia": ["Campus de Santiago de Compostela"]}'::jsonb,
  '["usc-udc-masteres-doctorados", "ruct", "qedu"]'::jsonb,
  'https://www.usc.gal/',
  'usc-udc-masteres-doctorados',
  '{"source_upload": "3 base de datos itinera.zip", "source_file": "Másteres y doctorados usc y udc.pdf", "campus": "Campus de Santiago de Compostela"}'::jsonb,
  'official_upload',
  now(),
  now(),
  now()
)
on conflict (id) do update set
  name=excluded.name,
  type=excluded.type,
  level=excluded.level,
  family=excluded.family,
  jurisdiction=excluded.jurisdiction,
  route=excluded.route,
  subjects=excluded.subjects,
  ponderation_subjects=excluded.ponderation_subjects,
  route_options=excluded.route_options,
  availability_by_province=excluded.availability_by_province,
  sources=excluded.sources,
  source_url=excluded.source_url,
  source_id=excluded.source_id,
  raw=excluded.raw,
  data_quality=excluded.data_quality,
  verified_at=excluded.verified_at,
  last_seen_at=excluded.last_seen_at,
  updated_at=now();


insert into public.itinera_postgraduate_catalog(id,study_id,postgraduate_type,campus,source_file,raw)
values ('post-master-v36-master-universitario-en-psicologia-general-sanitaria','master-v36-master-universitario-en-psicologia-general-sanitaria','master','Campus de Santiago de Compostela','Másteres y doctorados usc y udc.pdf',jsonb_build_object('source_upload','3 base de datos itinera.zip'))
on conflict (id) do update set study_id=excluded.study_id,postgraduate_type=excluded.postgraduate_type,campus=excluded.campus,source_file=excluded.source_file,raw=excluded.raw,updated_at=now();


insert into public.itinera_studies(id,name,type,level,family,jurisdiction,official_title,route,subjects,ponderation_subjects,route_options,availability_by_province,sources,source_url,source_id,raw,data_quality,verified_at,last_seen_at,updated_at)
values (
  'master-v36-master-universitario-en-salud-publica',
  'Máster Universitario en Salud Pública',
  'master',
  'Máster universitario',
  'Universidade · posgrao',
  'Galicia',
  true,
  'Consultar requisitos, prazas, centros, modalidade e fontes oficiais antes de decidir.',
  '["Consultar criterios de admisión e plan de estudos na universidade."]'::jsonb,
  '[{"subject": "Non aplica", "weight": "consultar universidade"}]'::jsonb,
  '[]'::jsonb,
  '{"Galicia": ["Campus de Santiago de Compostela"]}'::jsonb,
  '["usc-udc-masteres-doctorados", "ruct", "qedu"]'::jsonb,
  'https://www.usc.gal/',
  'usc-udc-masteres-doctorados',
  '{"source_upload": "3 base de datos itinera.zip", "source_file": "Másteres y doctorados usc y udc.pdf", "campus": "Campus de Santiago de Compostela"}'::jsonb,
  'official_upload',
  now(),
  now(),
  now()
)
on conflict (id) do update set
  name=excluded.name,
  type=excluded.type,
  level=excluded.level,
  family=excluded.family,
  jurisdiction=excluded.jurisdiction,
  route=excluded.route,
  subjects=excluded.subjects,
  ponderation_subjects=excluded.ponderation_subjects,
  route_options=excluded.route_options,
  availability_by_province=excluded.availability_by_province,
  sources=excluded.sources,
  source_url=excluded.source_url,
  source_id=excluded.source_id,
  raw=excluded.raw,
  data_quality=excluded.data_quality,
  verified_at=excluded.verified_at,
  last_seen_at=excluded.last_seen_at,
  updated_at=now();


insert into public.itinera_postgraduate_catalog(id,study_id,postgraduate_type,campus,source_file,raw)
values ('post-master-v36-master-universitario-en-salud-publica','master-v36-master-universitario-en-salud-publica','master','Campus de Santiago de Compostela','Másteres y doctorados usc y udc.pdf',jsonb_build_object('source_upload','3 base de datos itinera.zip'))
on conflict (id) do update set study_id=excluded.study_id,postgraduate_type=excluded.postgraduate_type,campus=excluded.campus,source_file=excluded.source_file,raw=excluded.raw,updated_at=now();


insert into public.itinera_studies(id,name,type,level,family,jurisdiction,official_title,route,subjects,ponderation_subjects,route_options,availability_by_province,sources,source_url,source_id,raw,data_quality,verified_at,last_seen_at,updated_at)
values (
  'master-v36-master-universitario-en-abogacia-y-procura',
  'Máster Universitario en Abogacía y Procura',
  'master',
  'Máster universitario',
  'Universidade · posgrao',
  'Galicia',
  true,
  'Consultar requisitos, prazas, centros, modalidade e fontes oficiais antes de decidir.',
  '["Consultar criterios de admisión e plan de estudos na universidade."]'::jsonb,
  '[{"subject": "Non aplica", "weight": "consultar universidade"}]'::jsonb,
  '[]'::jsonb,
  '{"Galicia": ["Campus de Santiago de Compostela"]}'::jsonb,
  '["usc-udc-masteres-doctorados", "ruct", "qedu"]'::jsonb,
  'https://www.usc.gal/',
  'usc-udc-masteres-doctorados',
  '{"source_upload": "3 base de datos itinera.zip", "source_file": "Másteres y doctorados usc y udc.pdf", "campus": "Campus de Santiago de Compostela"}'::jsonb,
  'official_upload',
  now(),
  now(),
  now()
)
on conflict (id) do update set
  name=excluded.name,
  type=excluded.type,
  level=excluded.level,
  family=excluded.family,
  jurisdiction=excluded.jurisdiction,
  route=excluded.route,
  subjects=excluded.subjects,
  ponderation_subjects=excluded.ponderation_subjects,
  route_options=excluded.route_options,
  availability_by_province=excluded.availability_by_province,
  sources=excluded.sources,
  source_url=excluded.source_url,
  source_id=excluded.source_id,
  raw=excluded.raw,
  data_quality=excluded.data_quality,
  verified_at=excluded.verified_at,
  last_seen_at=excluded.last_seen_at,
  updated_at=now();


insert into public.itinera_postgraduate_catalog(id,study_id,postgraduate_type,campus,source_file,raw)
values ('post-master-v36-master-universitario-en-abogacia-y-procura','master-v36-master-universitario-en-abogacia-y-procura','master','Campus de Santiago de Compostela','Másteres y doctorados usc y udc.pdf',jsonb_build_object('source_upload','3 base de datos itinera.zip'))
on conflict (id) do update set study_id=excluded.study_id,postgraduate_type=excluded.postgraduate_type,campus=excluded.campus,source_file=excluded.source_file,raw=excluded.raw,updated_at=now();


insert into public.itinera_studies(id,name,type,level,family,jurisdiction,official_title,route,subjects,ponderation_subjects,route_options,availability_by_province,sources,source_url,source_id,raw,data_quality,verified_at,last_seen_at,updated_at)
values (
  'master-v36-master-universitario-en-derecho-transnacional-de-la-empresa-y-de-las-tecnologias-digitales',
  'Máster Universitario en Derecho Transnacional de la Empresa y de las Tecnologías Digitales',
  'master',
  'Máster universitario',
  'Universidade · posgrao',
  'Galicia',
  true,
  'Consultar requisitos, prazas, centros, modalidade e fontes oficiais antes de decidir.',
  '["Consultar criterios de admisión e plan de estudos na universidade."]'::jsonb,
  '[{"subject": "Non aplica", "weight": "consultar universidade"}]'::jsonb,
  '[]'::jsonb,
  '{"Galicia": ["Campus de Santiago de Compostela"]}'::jsonb,
  '["usc-udc-masteres-doctorados", "ruct", "qedu"]'::jsonb,
  'https://www.usc.gal/',
  'usc-udc-masteres-doctorados',
  '{"source_upload": "3 base de datos itinera.zip", "source_file": "Másteres y doctorados usc y udc.pdf", "campus": "Campus de Santiago de Compostela"}'::jsonb,
  'official_upload',
  now(),
  now(),
  now()
)
on conflict (id) do update set
  name=excluded.name,
  type=excluded.type,
  level=excluded.level,
  family=excluded.family,
  jurisdiction=excluded.jurisdiction,
  route=excluded.route,
  subjects=excluded.subjects,
  ponderation_subjects=excluded.ponderation_subjects,
  route_options=excluded.route_options,
  availability_by_province=excluded.availability_by_province,
  sources=excluded.sources,
  source_url=excluded.source_url,
  source_id=excluded.source_id,
  raw=excluded.raw,
  data_quality=excluded.data_quality,
  verified_at=excluded.verified_at,
  last_seen_at=excluded.last_seen_at,
  updated_at=now();


insert into public.itinera_postgraduate_catalog(id,study_id,postgraduate_type,campus,source_file,raw)
values ('post-master-v36-master-universitario-en-derecho-transnacional-de-la-empresa-y-de-las-tecnologias-digitales','master-v36-master-universitario-en-derecho-transnacional-de-la-empresa-y-de-las-tecnologias-digitales','master','Campus de Santiago de Compostela','Másteres y doctorados usc y udc.pdf',jsonb_build_object('source_upload','3 base de datos itinera.zip'))
on conflict (id) do update set study_id=excluded.study_id,postgraduate_type=excluded.postgraduate_type,campus=excluded.campus,source_file=excluded.source_file,raw=excluded.raw,updated_at=now();


insert into public.itinera_studies(id,name,type,level,family,jurisdiction,official_title,route,subjects,ponderation_subjects,route_options,availability_by_province,sources,source_url,source_id,raw,data_quality,verified_at,last_seen_at,updated_at)
values (
  'master-v36-master-universitario-en-desarrollo-economico-e-innovacion-3aed',
  'Máster Universitario en Desarrollo Económico e Innovación (3ªed)',
  'master',
  'Máster universitario',
  'Universidade · posgrao',
  'Galicia',
  true,
  'Consultar requisitos, prazas, centros, modalidade e fontes oficiais antes de decidir.',
  '["Consultar criterios de admisión e plan de estudos na universidade."]'::jsonb,
  '[{"subject": "Non aplica", "weight": "consultar universidade"}]'::jsonb,
  '[]'::jsonb,
  '{"Galicia": ["Campus de Santiago de Compostela"]}'::jsonb,
  '["usc-udc-masteres-doctorados", "ruct", "qedu"]'::jsonb,
  'https://www.usc.gal/',
  'usc-udc-masteres-doctorados',
  '{"source_upload": "3 base de datos itinera.zip", "source_file": "Másteres y doctorados usc y udc.pdf", "campus": "Campus de Santiago de Compostela"}'::jsonb,
  'official_upload',
  now(),
  now(),
  now()
)
on conflict (id) do update set
  name=excluded.name,
  type=excluded.type,
  level=excluded.level,
  family=excluded.family,
  jurisdiction=excluded.jurisdiction,
  route=excluded.route,
  subjects=excluded.subjects,
  ponderation_subjects=excluded.ponderation_subjects,
  route_options=excluded.route_options,
  availability_by_province=excluded.availability_by_province,
  sources=excluded.sources,
  source_url=excluded.source_url,
  source_id=excluded.source_id,
  raw=excluded.raw,
  data_quality=excluded.data_quality,
  verified_at=excluded.verified_at,
  last_seen_at=excluded.last_seen_at,
  updated_at=now();


insert into public.itinera_postgraduate_catalog(id,study_id,postgraduate_type,campus,source_file,raw)
values ('post-master-v36-master-universitario-en-desarrollo-economico-e-innovacion-3aed','master-v36-master-universitario-en-desarrollo-economico-e-innovacion-3aed','master','Campus de Santiago de Compostela','Másteres y doctorados usc y udc.pdf',jsonb_build_object('source_upload','3 base de datos itinera.zip'))
on conflict (id) do update set study_id=excluded.study_id,postgraduate_type=excluded.postgraduate_type,campus=excluded.campus,source_file=excluded.source_file,raw=excluded.raw,updated_at=now();


insert into public.itinera_studies(id,name,type,level,family,jurisdiction,official_title,route,subjects,ponderation_subjects,route_options,availability_by_province,sources,source_url,source_id,raw,data_quality,verified_at,last_seen_at,updated_at)
values (
  'master-v36-master-universitario-en-direccion-de-actividades-educativas-en-la-naturaleza',
  'Máster Universitario en Dirección de Actividades Educativas en la Naturaleza',
  'master',
  'Máster universitario',
  'Universidade · posgrao',
  'Galicia',
  true,
  'Consultar requisitos, prazas, centros, modalidade e fontes oficiais antes de decidir.',
  '["Consultar criterios de admisión e plan de estudos na universidade."]'::jsonb,
  '[{"subject": "Non aplica", "weight": "consultar universidade"}]'::jsonb,
  '[]'::jsonb,
  '{"Galicia": ["Campus de Lugo"]}'::jsonb,
  '["usc-udc-masteres-doctorados", "ruct", "qedu"]'::jsonb,
  'https://www.usc.gal/',
  'usc-udc-masteres-doctorados',
  '{"source_upload": "3 base de datos itinera.zip", "source_file": "Másteres y doctorados usc y udc.pdf", "campus": "Campus de Lugo"}'::jsonb,
  'official_upload',
  now(),
  now(),
  now()
)
on conflict (id) do update set
  name=excluded.name,
  type=excluded.type,
  level=excluded.level,
  family=excluded.family,
  jurisdiction=excluded.jurisdiction,
  route=excluded.route,
  subjects=excluded.subjects,
  ponderation_subjects=excluded.ponderation_subjects,
  route_options=excluded.route_options,
  availability_by_province=excluded.availability_by_province,
  sources=excluded.sources,
  source_url=excluded.source_url,
  source_id=excluded.source_id,
  raw=excluded.raw,
  data_quality=excluded.data_quality,
  verified_at=excluded.verified_at,
  last_seen_at=excluded.last_seen_at,
  updated_at=now();


insert into public.itinera_postgraduate_catalog(id,study_id,postgraduate_type,campus,source_file,raw)
values ('post-master-v36-master-universitario-en-direccion-de-actividades-educativas-en-la-naturaleza','master-v36-master-universitario-en-direccion-de-actividades-educativas-en-la-naturaleza','master','Campus de Lugo','Másteres y doctorados usc y udc.pdf',jsonb_build_object('source_upload','3 base de datos itinera.zip'))
on conflict (id) do update set study_id=excluded.study_id,postgraduate_type=excluded.postgraduate_type,campus=excluded.campus,source_file=excluded.source_file,raw=excluded.raw,updated_at=now();


insert into public.itinera_studies(id,name,type,level,family,jurisdiction,official_title,route,subjects,ponderation_subjects,route_options,availability_by_province,sources,source_url,source_id,raw,data_quality,verified_at,last_seen_at,updated_at)
values (
  'master-v36-master-universitario-en-direccion-de-empresas-2aed',
  'Máster Universitario en Dirección de Empresas (2ªed)',
  'master',
  'Máster universitario',
  'Universidade · posgrao',
  'Galicia',
  true,
  'Consultar requisitos, prazas, centros, modalidade e fontes oficiais antes de decidir.',
  '["Consultar criterios de admisión e plan de estudos na universidade."]'::jsonb,
  '[{"subject": "Non aplica", "weight": "consultar universidade"}]'::jsonb,
  '[]'::jsonb,
  '{"Galicia": ["Campus de Lugo"]}'::jsonb,
  '["usc-udc-masteres-doctorados", "ruct", "qedu"]'::jsonb,
  'https://www.usc.gal/',
  'usc-udc-masteres-doctorados',
  '{"source_upload": "3 base de datos itinera.zip", "source_file": "Másteres y doctorados usc y udc.pdf", "campus": "Campus de Lugo"}'::jsonb,
  'official_upload',
  now(),
  now(),
  now()
)
on conflict (id) do update set
  name=excluded.name,
  type=excluded.type,
  level=excluded.level,
  family=excluded.family,
  jurisdiction=excluded.jurisdiction,
  route=excluded.route,
  subjects=excluded.subjects,
  ponderation_subjects=excluded.ponderation_subjects,
  route_options=excluded.route_options,
  availability_by_province=excluded.availability_by_province,
  sources=excluded.sources,
  source_url=excluded.source_url,
  source_id=excluded.source_id,
  raw=excluded.raw,
  data_quality=excluded.data_quality,
  verified_at=excluded.verified_at,
  last_seen_at=excluded.last_seen_at,
  updated_at=now();


insert into public.itinera_postgraduate_catalog(id,study_id,postgraduate_type,campus,source_file,raw)
values ('post-master-v36-master-universitario-en-direccion-de-empresas-2aed','master-v36-master-universitario-en-direccion-de-empresas-2aed','master','Campus de Lugo','Másteres y doctorados usc y udc.pdf',jsonb_build_object('source_upload','3 base de datos itinera.zip'))
on conflict (id) do update set study_id=excluded.study_id,postgraduate_type=excluded.postgraduate_type,campus=excluded.campus,source_file=excluded.source_file,raw=excluded.raw,updated_at=now();


insert into public.itinera_studies(id,name,type,level,family,jurisdiction,official_title,route,subjects,ponderation_subjects,route_options,availability_by_province,sources,source_url,source_id,raw,data_quality,verified_at,last_seen_at,updated_at)
values (
  'master-v36-master-universitario-en-direccion-y-gestion-contable-y-financiera',
  'Máster Universitario en Dirección y Gestión Contable y Financiera',
  'master',
  'Máster universitario',
  'Universidade · posgrao',
  'Galicia',
  true,
  'Consultar requisitos, prazas, centros, modalidade e fontes oficiais antes de decidir.',
  '["Consultar criterios de admisión e plan de estudos na universidade."]'::jsonb,
  '[{"subject": "Non aplica", "weight": "consultar universidade"}]'::jsonb,
  '[]'::jsonb,
  '{"Galicia": ["Campus de Santiago de Compostela"]}'::jsonb,
  '["usc-udc-masteres-doctorados", "ruct", "qedu"]'::jsonb,
  'https://www.usc.gal/',
  'usc-udc-masteres-doctorados',
  '{"source_upload": "3 base de datos itinera.zip", "source_file": "Másteres y doctorados usc y udc.pdf", "campus": "Campus de Santiago de Compostela"}'::jsonb,
  'official_upload',
  now(),
  now(),
  now()
)
on conflict (id) do update set
  name=excluded.name,
  type=excluded.type,
  level=excluded.level,
  family=excluded.family,
  jurisdiction=excluded.jurisdiction,
  route=excluded.route,
  subjects=excluded.subjects,
  ponderation_subjects=excluded.ponderation_subjects,
  route_options=excluded.route_options,
  availability_by_province=excluded.availability_by_province,
  sources=excluded.sources,
  source_url=excluded.source_url,
  source_id=excluded.source_id,
  raw=excluded.raw,
  data_quality=excluded.data_quality,
  verified_at=excluded.verified_at,
  last_seen_at=excluded.last_seen_at,
  updated_at=now();


insert into public.itinera_postgraduate_catalog(id,study_id,postgraduate_type,campus,source_file,raw)
values ('post-master-v36-master-universitario-en-direccion-y-gestion-contable-y-financiera','master-v36-master-universitario-en-direccion-y-gestion-contable-y-financiera','master','Campus de Santiago de Compostela','Másteres y doctorados usc y udc.pdf',jsonb_build_object('source_upload','3 base de datos itinera.zip'))
on conflict (id) do update set study_id=excluded.study_id,postgraduate_type=excluded.postgraduate_type,campus=excluded.campus,source_file=excluded.source_file,raw=excluded.raw,updated_at=now();


insert into public.itinera_studies(id,name,type,level,family,jurisdiction,official_title,route,subjects,ponderation_subjects,route_options,availability_by_province,sources,source_url,source_id,raw,data_quality,verified_at,last_seen_at,updated_at)
values (
  'master-v36-master-universitario-en-economia',
  'Máster Universitario en Economía',
  'master',
  'Máster universitario',
  'Universidade · posgrao',
  'Galicia',
  true,
  'Consultar requisitos, prazas, centros, modalidade e fontes oficiais antes de decidir.',
  '["Consultar criterios de admisión e plan de estudos na universidade."]'::jsonb,
  '[{"subject": "Non aplica", "weight": "consultar universidade"}]'::jsonb,
  '[]'::jsonb,
  '{"Galicia": ["Campus de Santiago de Compostela"]}'::jsonb,
  '["usc-udc-masteres-doctorados", "ruct", "qedu"]'::jsonb,
  'https://www.usc.gal/',
  'usc-udc-masteres-doctorados',
  '{"source_upload": "3 base de datos itinera.zip", "source_file": "Másteres y doctorados usc y udc.pdf", "campus": "Campus de Santiago de Compostela"}'::jsonb,
  'official_upload',
  now(),
  now(),
  now()
)
on conflict (id) do update set
  name=excluded.name,
  type=excluded.type,
  level=excluded.level,
  family=excluded.family,
  jurisdiction=excluded.jurisdiction,
  route=excluded.route,
  subjects=excluded.subjects,
  ponderation_subjects=excluded.ponderation_subjects,
  route_options=excluded.route_options,
  availability_by_province=excluded.availability_by_province,
  sources=excluded.sources,
  source_url=excluded.source_url,
  source_id=excluded.source_id,
  raw=excluded.raw,
  data_quality=excluded.data_quality,
  verified_at=excluded.verified_at,
  last_seen_at=excluded.last_seen_at,
  updated_at=now();


insert into public.itinera_postgraduate_catalog(id,study_id,postgraduate_type,campus,source_file,raw)
values ('post-master-v36-master-universitario-en-economia','master-v36-master-universitario-en-economia','master','Campus de Santiago de Compostela','Másteres y doctorados usc y udc.pdf',jsonb_build_object('source_upload','3 base de datos itinera.zip'))
on conflict (id) do update set study_id=excluded.study_id,postgraduate_type=excluded.postgraduate_type,campus=excluded.campus,source_file=excluded.source_file,raw=excluded.raw,updated_at=now();


insert into public.itinera_studies(id,name,type,level,family,jurisdiction,official_title,route,subjects,ponderation_subjects,route_options,availability_by_province,sources,source_url,source_id,raw,data_quality,verified_at,last_seen_at,updated_at)
values (
  'master-v36-master-universitario-en-economia-circular',
  'Máster Universitario en Economía Circular',
  'master',
  'Máster universitario',
  'Universidade · posgrao',
  'Galicia',
  true,
  'Consultar requisitos, prazas, centros, modalidade e fontes oficiais antes de decidir.',
  '["Consultar criterios de admisión e plan de estudos na universidade."]'::jsonb,
  '[{"subject": "Non aplica", "weight": "consultar universidade"}]'::jsonb,
  '[]'::jsonb,
  '{"Galicia": ["Campus de Santiago de Compostela"]}'::jsonb,
  '["usc-udc-masteres-doctorados", "ruct", "qedu"]'::jsonb,
  'https://www.usc.gal/',
  'usc-udc-masteres-doctorados',
  '{"source_upload": "3 base de datos itinera.zip", "source_file": "Másteres y doctorados usc y udc.pdf", "campus": "Campus de Santiago de Compostela"}'::jsonb,
  'official_upload',
  now(),
  now(),
  now()
)
on conflict (id) do update set
  name=excluded.name,
  type=excluded.type,
  level=excluded.level,
  family=excluded.family,
  jurisdiction=excluded.jurisdiction,
  route=excluded.route,
  subjects=excluded.subjects,
  ponderation_subjects=excluded.ponderation_subjects,
  route_options=excluded.route_options,
  availability_by_province=excluded.availability_by_province,
  sources=excluded.sources,
  source_url=excluded.source_url,
  source_id=excluded.source_id,
  raw=excluded.raw,
  data_quality=excluded.data_quality,
  verified_at=excluded.verified_at,
  last_seen_at=excluded.last_seen_at,
  updated_at=now();


insert into public.itinera_postgraduate_catalog(id,study_id,postgraduate_type,campus,source_file,raw)
values ('post-master-v36-master-universitario-en-economia-circular','master-v36-master-universitario-en-economia-circular','master','Campus de Santiago de Compostela','Másteres y doctorados usc y udc.pdf',jsonb_build_object('source_upload','3 base de datos itinera.zip'))
on conflict (id) do update set study_id=excluded.study_id,postgraduate_type=excluded.postgraduate_type,campus=excluded.campus,source_file=excluded.source_file,raw=excluded.raw,updated_at=now();


insert into public.itinera_studies(id,name,type,level,family,jurisdiction,official_title,route,subjects,ponderation_subjects,route_options,availability_by_province,sources,source_url,source_id,raw,data_quality,verified_at,last_seen_at,updated_at)
values (
  'master-v36-master-universitario-en-estudios-internacionales',
  'Máster Universitario en Estudios Internacionales',
  'master',
  'Máster universitario',
  'Universidade · posgrao',
  'Galicia',
  true,
  'Consultar requisitos, prazas, centros, modalidade e fontes oficiais antes de decidir.',
  '["Consultar criterios de admisión e plan de estudos na universidade."]'::jsonb,
  '[{"subject": "Non aplica", "weight": "consultar universidade"}]'::jsonb,
  '[]'::jsonb,
  '{"Galicia": ["Campus de Santiago de Compostela"]}'::jsonb,
  '["usc-udc-masteres-doctorados", "ruct", "qedu"]'::jsonb,
  'https://www.usc.gal/',
  'usc-udc-masteres-doctorados',
  '{"source_upload": "3 base de datos itinera.zip", "source_file": "Másteres y doctorados usc y udc.pdf", "campus": "Campus de Santiago de Compostela"}'::jsonb,
  'official_upload',
  now(),
  now(),
  now()
)
on conflict (id) do update set
  name=excluded.name,
  type=excluded.type,
  level=excluded.level,
  family=excluded.family,
  jurisdiction=excluded.jurisdiction,
  route=excluded.route,
  subjects=excluded.subjects,
  ponderation_subjects=excluded.ponderation_subjects,
  route_options=excluded.route_options,
  availability_by_province=excluded.availability_by_province,
  sources=excluded.sources,
  source_url=excluded.source_url,
  source_id=excluded.source_id,
  raw=excluded.raw,
  data_quality=excluded.data_quality,
  verified_at=excluded.verified_at,
  last_seen_at=excluded.last_seen_at,
  updated_at=now();


insert into public.itinera_postgraduate_catalog(id,study_id,postgraduate_type,campus,source_file,raw)
values ('post-master-v36-master-universitario-en-estudios-internacionales','master-v36-master-universitario-en-estudios-internacionales','master','Campus de Santiago de Compostela','Másteres y doctorados usc y udc.pdf',jsonb_build_object('source_upload','3 base de datos itinera.zip'))
on conflict (id) do update set study_id=excluded.study_id,postgraduate_type=excluded.postgraduate_type,campus=excluded.campus,source_file=excluded.source_file,raw=excluded.raw,updated_at=now();


insert into public.itinera_studies(id,name,type,level,family,jurisdiction,official_title,route,subjects,ponderation_subjects,route_options,availability_by_province,sources,source_url,source_id,raw,data_quality,verified_at,last_seen_at,updated_at)
values (
  'master-v36-master-universitario-en-gestion-y-direccion-laboral',
  'Máster Universitario en Gestión y Dirección Laboral',
  'master',
  'Máster universitario',
  'Universidade · posgrao',
  'Galicia',
  true,
  'Consultar requisitos, prazas, centros, modalidade e fontes oficiais antes de decidir.',
  '["Consultar criterios de admisión e plan de estudos na universidade."]'::jsonb,
  '[{"subject": "Non aplica", "weight": "consultar universidade"}]'::jsonb,
  '[]'::jsonb,
  '{"Galicia": ["Campus de Santiago de Compostela"]}'::jsonb,
  '["usc-udc-masteres-doctorados", "ruct", "qedu"]'::jsonb,
  'https://www.usc.gal/',
  'usc-udc-masteres-doctorados',
  '{"source_upload": "3 base de datos itinera.zip", "source_file": "Másteres y doctorados usc y udc.pdf", "campus": "Campus de Santiago de Compostela"}'::jsonb,
  'official_upload',
  now(),
  now(),
  now()
)
on conflict (id) do update set
  name=excluded.name,
  type=excluded.type,
  level=excluded.level,
  family=excluded.family,
  jurisdiction=excluded.jurisdiction,
  route=excluded.route,
  subjects=excluded.subjects,
  ponderation_subjects=excluded.ponderation_subjects,
  route_options=excluded.route_options,
  availability_by_province=excluded.availability_by_province,
  sources=excluded.sources,
  source_url=excluded.source_url,
  source_id=excluded.source_id,
  raw=excluded.raw,
  data_quality=excluded.data_quality,
  verified_at=excluded.verified_at,
  last_seen_at=excluded.last_seen_at,
  updated_at=now();


insert into public.itinera_postgraduate_catalog(id,study_id,postgraduate_type,campus,source_file,raw)
values ('post-master-v36-master-universitario-en-gestion-y-direccion-laboral','master-v36-master-universitario-en-gestion-y-direccion-laboral','master','Campus de Santiago de Compostela','Másteres y doctorados usc y udc.pdf',jsonb_build_object('source_upload','3 base de datos itinera.zip'))
on conflict (id) do update set study_id=excluded.study_id,postgraduate_type=excluded.postgraduate_type,campus=excluded.campus,source_file=excluded.source_file,raw=excluded.raw,updated_at=now();


insert into public.itinera_studies(id,name,type,level,family,jurisdiction,official_title,route,subjects,ponderation_subjects,route_options,availability_by_province,sources,source_url,source_id,raw,data_quality,verified_at,last_seen_at,updated_at)
values (
  'master-v36-master-universitario-en-gobierno-local-y-politicas-publicas-innovadoras',
  'Máster Universitario en Gobierno Local y Políticas Públicas Innovadoras',
  'master',
  'Máster universitario',
  'Universidade · posgrao',
  'Galicia',
  true,
  'Consultar requisitos, prazas, centros, modalidade e fontes oficiais antes de decidir.',
  '["Consultar criterios de admisión e plan de estudos na universidade."]'::jsonb,
  '[{"subject": "Non aplica", "weight": "consultar universidade"}]'::jsonb,
  '[]'::jsonb,
  '{"Galicia": ["Campus de Santiago de Compostela"]}'::jsonb,
  '["usc-udc-masteres-doctorados", "ruct", "qedu"]'::jsonb,
  'https://www.usc.gal/',
  'usc-udc-masteres-doctorados',
  '{"source_upload": "3 base de datos itinera.zip", "source_file": "Másteres y doctorados usc y udc.pdf", "campus": "Campus de Santiago de Compostela"}'::jsonb,
  'official_upload',
  now(),
  now(),
  now()
)
on conflict (id) do update set
  name=excluded.name,
  type=excluded.type,
  level=excluded.level,
  family=excluded.family,
  jurisdiction=excluded.jurisdiction,
  route=excluded.route,
  subjects=excluded.subjects,
  ponderation_subjects=excluded.ponderation_subjects,
  route_options=excluded.route_options,
  availability_by_province=excluded.availability_by_province,
  sources=excluded.sources,
  source_url=excluded.source_url,
  source_id=excluded.source_id,
  raw=excluded.raw,
  data_quality=excluded.data_quality,
  verified_at=excluded.verified_at,
  last_seen_at=excluded.last_seen_at,
  updated_at=now();


insert into public.itinera_postgraduate_catalog(id,study_id,postgraduate_type,campus,source_file,raw)
values ('post-master-v36-master-universitario-en-gobierno-local-y-politicas-publicas-innovadoras','master-v36-master-universitario-en-gobierno-local-y-politicas-publicas-innovadoras','master','Campus de Santiago de Compostela','Másteres y doctorados usc y udc.pdf',jsonb_build_object('source_upload','3 base de datos itinera.zip'))
on conflict (id) do update set study_id=excluded.study_id,postgraduate_type=excluded.postgraduate_type,campus=excluded.campus,source_file=excluded.source_file,raw=excluded.raw,updated_at=now();


insert into public.itinera_studies(id,name,type,level,family,jurisdiction,official_title,route,subjects,ponderation_subjects,route_options,availability_by_province,sources,source_url,source_id,raw,data_quality,verified_at,last_seen_at,updated_at)
values (
  'master-v36-master-universitario-en-igualdad-genero-y-educacion',
  'Máster Universitario en Igualdad, Género y Educación',
  'master',
  'Máster universitario',
  'Universidade · posgrao',
  'Galicia',
  true,
  'Consultar requisitos, prazas, centros, modalidade e fontes oficiais antes de decidir.',
  '["Consultar criterios de admisión e plan de estudos na universidade."]'::jsonb,
  '[{"subject": "Non aplica", "weight": "consultar universidade"}]'::jsonb,
  '[]'::jsonb,
  '{"Galicia": ["Campus de Santiago de Compostela"]}'::jsonb,
  '["usc-udc-masteres-doctorados", "ruct", "qedu"]'::jsonb,
  'https://www.usc.gal/',
  'usc-udc-masteres-doctorados',
  '{"source_upload": "3 base de datos itinera.zip", "source_file": "Másteres y doctorados usc y udc.pdf", "campus": "Campus de Santiago de Compostela"}'::jsonb,
  'official_upload',
  now(),
  now(),
  now()
)
on conflict (id) do update set
  name=excluded.name,
  type=excluded.type,
  level=excluded.level,
  family=excluded.family,
  jurisdiction=excluded.jurisdiction,
  route=excluded.route,
  subjects=excluded.subjects,
  ponderation_subjects=excluded.ponderation_subjects,
  route_options=excluded.route_options,
  availability_by_province=excluded.availability_by_province,
  sources=excluded.sources,
  source_url=excluded.source_url,
  source_id=excluded.source_id,
  raw=excluded.raw,
  data_quality=excluded.data_quality,
  verified_at=excluded.verified_at,
  last_seen_at=excluded.last_seen_at,
  updated_at=now();


insert into public.itinera_postgraduate_catalog(id,study_id,postgraduate_type,campus,source_file,raw)
values ('post-master-v36-master-universitario-en-igualdad-genero-y-educacion','master-v36-master-universitario-en-igualdad-genero-y-educacion','master','Campus de Santiago de Compostela','Másteres y doctorados usc y udc.pdf',jsonb_build_object('source_upload','3 base de datos itinera.zip'))
on conflict (id) do update set study_id=excluded.study_id,postgraduate_type=excluded.postgraduate_type,campus=excluded.campus,source_file=excluded.source_file,raw=excluded.raw,updated_at=now();


insert into public.itinera_studies(id,name,type,level,family,jurisdiction,official_title,route,subjects,ponderation_subjects,route_options,availability_by_province,sources,source_url,source_id,raw,data_quality,verified_at,last_seen_at,updated_at)
values (
  'master-v36-master-universitario-en-investigacion-e-innovacion-en-didacticas-especificas-para-educacion-infantil',
  'Máster Universitario en Investigación e Innovación en Didácticas Específicas para Educación Infantil y Primaria',
  'master',
  'Máster universitario',
  'Universidade · posgrao',
  'Galicia',
  true,
  'Consultar requisitos, prazas, centros, modalidade e fontes oficiais antes de decidir.',
  '["Consultar criterios de admisión e plan de estudos na universidade."]'::jsonb,
  '[{"subject": "Non aplica", "weight": "consultar universidade"}]'::jsonb,
  '[]'::jsonb,
  '{"Galicia": ["Campus de Santiago de Compostela"]}'::jsonb,
  '["usc-udc-masteres-doctorados", "ruct", "qedu"]'::jsonb,
  'https://www.usc.gal/',
  'usc-udc-masteres-doctorados',
  '{"source_upload": "3 base de datos itinera.zip", "source_file": "Másteres y doctorados usc y udc.pdf", "campus": "Campus de Santiago de Compostela"}'::jsonb,
  'official_upload',
  now(),
  now(),
  now()
)
on conflict (id) do update set
  name=excluded.name,
  type=excluded.type,
  level=excluded.level,
  family=excluded.family,
  jurisdiction=excluded.jurisdiction,
  route=excluded.route,
  subjects=excluded.subjects,
  ponderation_subjects=excluded.ponderation_subjects,
  route_options=excluded.route_options,
  availability_by_province=excluded.availability_by_province,
  sources=excluded.sources,
  source_url=excluded.source_url,
  source_id=excluded.source_id,
  raw=excluded.raw,
  data_quality=excluded.data_quality,
  verified_at=excluded.verified_at,
  last_seen_at=excluded.last_seen_at,
  updated_at=now();


insert into public.itinera_postgraduate_catalog(id,study_id,postgraduate_type,campus,source_file,raw)
values ('post-master-v36-master-universitario-en-investigacion-e-innovacion-en-didacticas-especificas-para-educacion-infantil','master-v36-master-universitario-en-investigacion-e-innovacion-en-didacticas-especificas-para-educacion-infantil','master','Campus de Santiago de Compostela','Másteres y doctorados usc y udc.pdf',jsonb_build_object('source_upload','3 base de datos itinera.zip'))
on conflict (id) do update set study_id=excluded.study_id,postgraduate_type=excluded.postgraduate_type,campus=excluded.campus,source_file=excluded.source_file,raw=excluded.raw,updated_at=now();


insert into public.itinera_studies(id,name,type,level,family,jurisdiction,official_title,route,subjects,ponderation_subjects,route_options,availability_by_province,sources,source_url,source_id,raw,data_quality,verified_at,last_seen_at,updated_at)
values (
  'master-v36-master-universitario-en-investigacion-en-educacion-diversidad-cultural-y-desarrollo-comunitario',
  'Máster Universitario en Investigación en Educación, Diversidad Cultural y Desarrollo Comunitario',
  'master',
  'Máster universitario',
  'Universidade · posgrao',
  'Galicia',
  true,
  'Consultar requisitos, prazas, centros, modalidade e fontes oficiais antes de decidir.',
  '["Consultar criterios de admisión e plan de estudos na universidade."]'::jsonb,
  '[{"subject": "Non aplica", "weight": "consultar universidade"}]'::jsonb,
  '[]'::jsonb,
  '{"Galicia": ["Campus de Santiago de Compostela"]}'::jsonb,
  '["usc-udc-masteres-doctorados", "ruct", "qedu"]'::jsonb,
  'https://www.usc.gal/',
  'usc-udc-masteres-doctorados',
  '{"source_upload": "3 base de datos itinera.zip", "source_file": "Másteres y doctorados usc y udc.pdf", "campus": "Campus de Santiago de Compostela"}'::jsonb,
  'official_upload',
  now(),
  now(),
  now()
)
on conflict (id) do update set
  name=excluded.name,
  type=excluded.type,
  level=excluded.level,
  family=excluded.family,
  jurisdiction=excluded.jurisdiction,
  route=excluded.route,
  subjects=excluded.subjects,
  ponderation_subjects=excluded.ponderation_subjects,
  route_options=excluded.route_options,
  availability_by_province=excluded.availability_by_province,
  sources=excluded.sources,
  source_url=excluded.source_url,
  source_id=excluded.source_id,
  raw=excluded.raw,
  data_quality=excluded.data_quality,
  verified_at=excluded.verified_at,
  last_seen_at=excluded.last_seen_at,
  updated_at=now();


insert into public.itinera_postgraduate_catalog(id,study_id,postgraduate_type,campus,source_file,raw)
values ('post-master-v36-master-universitario-en-investigacion-en-educacion-diversidad-cultural-y-desarrollo-comunitario','master-v36-master-universitario-en-investigacion-en-educacion-diversidad-cultural-y-desarrollo-comunitario','master','Campus de Santiago de Compostela','Másteres y doctorados usc y udc.pdf',jsonb_build_object('source_upload','3 base de datos itinera.zip'))
on conflict (id) do update set study_id=excluded.study_id,postgraduate_type=excluded.postgraduate_type,campus=excluded.campus,source_file=excluded.source_file,raw=excluded.raw,updated_at=now();


insert into public.itinera_studies(id,name,type,level,family,jurisdiction,official_title,route,subjects,ponderation_subjects,route_options,availability_by_province,sources,source_url,source_id,raw,data_quality,verified_at,last_seen_at,updated_at)
values (
  'master-v36-master-universitario-en-periodismo-y-comunicacion-multimedia',
  'Máster Universitario en Periodismo y Comunicación Multimedia',
  'master',
  'Máster universitario',
  'Universidade · posgrao',
  'Galicia',
  true,
  'Consultar requisitos, prazas, centros, modalidade e fontes oficiais antes de decidir.',
  '["Consultar criterios de admisión e plan de estudos na universidade."]'::jsonb,
  '[{"subject": "Non aplica", "weight": "consultar universidade"}]'::jsonb,
  '[]'::jsonb,
  '{"Galicia": ["Campus de Santiago de Compostela"]}'::jsonb,
  '["usc-udc-masteres-doctorados", "ruct", "qedu"]'::jsonb,
  'https://www.usc.gal/',
  'usc-udc-masteres-doctorados',
  '{"source_upload": "3 base de datos itinera.zip", "source_file": "Másteres y doctorados usc y udc.pdf", "campus": "Campus de Santiago de Compostela"}'::jsonb,
  'official_upload',
  now(),
  now(),
  now()
)
on conflict (id) do update set
  name=excluded.name,
  type=excluded.type,
  level=excluded.level,
  family=excluded.family,
  jurisdiction=excluded.jurisdiction,
  route=excluded.route,
  subjects=excluded.subjects,
  ponderation_subjects=excluded.ponderation_subjects,
  route_options=excluded.route_options,
  availability_by_province=excluded.availability_by_province,
  sources=excluded.sources,
  source_url=excluded.source_url,
  source_id=excluded.source_id,
  raw=excluded.raw,
  data_quality=excluded.data_quality,
  verified_at=excluded.verified_at,
  last_seen_at=excluded.last_seen_at,
  updated_at=now();


insert into public.itinera_postgraduate_catalog(id,study_id,postgraduate_type,campus,source_file,raw)
values ('post-master-v36-master-universitario-en-periodismo-y-comunicacion-multimedia','master-v36-master-universitario-en-periodismo-y-comunicacion-multimedia','master','Campus de Santiago de Compostela','Másteres y doctorados usc y udc.pdf',jsonb_build_object('source_upload','3 base de datos itinera.zip'))
on conflict (id) do update set study_id=excluded.study_id,postgraduate_type=excluded.postgraduate_type,campus=excluded.campus,source_file=excluded.source_file,raw=excluded.raw,updated_at=now();


insert into public.itinera_studies(id,name,type,level,family,jurisdiction,official_title,route,subjects,ponderation_subjects,route_options,availability_by_province,sources,source_url,source_id,raw,data_quality,verified_at,last_seen_at,updated_at)
values (
  'master-v36-master-universitario-en-planificacion-territorial-y-urbana',
  'Máster Universitario en Planificación Territorial y Urbana',
  'master',
  'Máster universitario',
  'Universidade · posgrao',
  'Galicia',
  true,
  'Consultar requisitos, prazas, centros, modalidade e fontes oficiais antes de decidir.',
  '["Consultar criterios de admisión e plan de estudos na universidade."]'::jsonb,
  '[{"subject": "Non aplica", "weight": "consultar universidade"}]'::jsonb,
  '[]'::jsonb,
  '{"Galicia": ["Campus de Santiago de Compostela"]}'::jsonb,
  '["usc-udc-masteres-doctorados", "ruct", "qedu"]'::jsonb,
  'https://www.usc.gal/',
  'usc-udc-masteres-doctorados',
  '{"source_upload": "3 base de datos itinera.zip", "source_file": "Másteres y doctorados usc y udc.pdf", "campus": "Campus de Santiago de Compostela"}'::jsonb,
  'official_upload',
  now(),
  now(),
  now()
)
on conflict (id) do update set
  name=excluded.name,
  type=excluded.type,
  level=excluded.level,
  family=excluded.family,
  jurisdiction=excluded.jurisdiction,
  route=excluded.route,
  subjects=excluded.subjects,
  ponderation_subjects=excluded.ponderation_subjects,
  route_options=excluded.route_options,
  availability_by_province=excluded.availability_by_province,
  sources=excluded.sources,
  source_url=excluded.source_url,
  source_id=excluded.source_id,
  raw=excluded.raw,
  data_quality=excluded.data_quality,
  verified_at=excluded.verified_at,
  last_seen_at=excluded.last_seen_at,
  updated_at=now();


insert into public.itinera_postgraduate_catalog(id,study_id,postgraduate_type,campus,source_file,raw)
values ('post-master-v36-master-universitario-en-planificacion-territorial-y-urbana','master-v36-master-universitario-en-planificacion-territorial-y-urbana','master','Campus de Santiago de Compostela','Másteres y doctorados usc y udc.pdf',jsonb_build_object('source_upload','3 base de datos itinera.zip'))
on conflict (id) do update set study_id=excluded.study_id,postgraduate_type=excluded.postgraduate_type,campus=excluded.campus,source_file=excluded.source_file,raw=excluded.raw,updated_at=now();


insert into public.itinera_studies(id,name,type,level,family,jurisdiction,official_title,route,subjects,ponderation_subjects,route_options,availability_by_province,sources,source_url,source_id,raw,data_quality,verified_at,last_seen_at,updated_at)
values (
  'master-v36-master-universitario-en-procesos-de-formacion',
  'Máster Universitario en Procesos de Formación',
  'master',
  'Máster universitario',
  'Universidade · posgrao',
  'Galicia',
  true,
  'Consultar requisitos, prazas, centros, modalidade e fontes oficiais antes de decidir.',
  '["Consultar criterios de admisión e plan de estudos na universidade."]'::jsonb,
  '[{"subject": "Non aplica", "weight": "consultar universidade"}]'::jsonb,
  '[]'::jsonb,
  '{"Galicia": ["Campus de Santiago de Compostela"]}'::jsonb,
  '["usc-udc-masteres-doctorados", "ruct", "qedu"]'::jsonb,
  'https://www.usc.gal/',
  'usc-udc-masteres-doctorados',
  '{"source_upload": "3 base de datos itinera.zip", "source_file": "Másteres y doctorados usc y udc.pdf", "campus": "Campus de Santiago de Compostela"}'::jsonb,
  'official_upload',
  now(),
  now(),
  now()
)
on conflict (id) do update set
  name=excluded.name,
  type=excluded.type,
  level=excluded.level,
  family=excluded.family,
  jurisdiction=excluded.jurisdiction,
  route=excluded.route,
  subjects=excluded.subjects,
  ponderation_subjects=excluded.ponderation_subjects,
  route_options=excluded.route_options,
  availability_by_province=excluded.availability_by_province,
  sources=excluded.sources,
  source_url=excluded.source_url,
  source_id=excluded.source_id,
  raw=excluded.raw,
  data_quality=excluded.data_quality,
  verified_at=excluded.verified_at,
  last_seen_at=excluded.last_seen_at,
  updated_at=now();


insert into public.itinera_postgraduate_catalog(id,study_id,postgraduate_type,campus,source_file,raw)
values ('post-master-v36-master-universitario-en-procesos-de-formacion','master-v36-master-universitario-en-procesos-de-formacion','master','Campus de Santiago de Compostela','Másteres y doctorados usc y udc.pdf',jsonb_build_object('source_upload','3 base de datos itinera.zip'))
on conflict (id) do update set study_id=excluded.study_id,postgraduate_type=excluded.postgraduate_type,campus=excluded.campus,source_file=excluded.source_file,raw=excluded.raw,updated_at=now();


insert into public.itinera_studies(id,name,type,level,family,jurisdiction,official_title,route,subjects,ponderation_subjects,route_options,availability_by_province,sources,source_url,source_id,raw,data_quality,verified_at,last_seen_at,updated_at)
values (
  'master-v36-master-universitario-en-profesorado-de-educacion-secundaria-obligatoria-y-bachillerato-formacion-pro',
  'Máster Universitario en Profesorado de Educación Secundaria Obligatoria y Bachillerato, Formación Profesional y Enseñanzas de Idiomas. Especialidad',
  'master',
  'Máster universitario',
  'Universidade · posgrao',
  'Galicia',
  true,
  'Consultar requisitos, prazas, centros, modalidade e fontes oficiais antes de decidir.',
  '["Consultar criterios de admisión e plan de estudos na universidade."]'::jsonb,
  '[{"subject": "Non aplica", "weight": "consultar universidade"}]'::jsonb,
  '[]'::jsonb,
  '{"Galicia": ["Campus de Lugo"]}'::jsonb,
  '["usc-udc-masteres-doctorados", "ruct", "qedu"]'::jsonb,
  'https://www.usc.gal/',
  'usc-udc-masteres-doctorados',
  '{"source_upload": "3 base de datos itinera.zip", "source_file": "Másteres y doctorados usc y udc.pdf", "campus": "Campus de Lugo"}'::jsonb,
  'official_upload',
  now(),
  now(),
  now()
)
on conflict (id) do update set
  name=excluded.name,
  type=excluded.type,
  level=excluded.level,
  family=excluded.family,
  jurisdiction=excluded.jurisdiction,
  route=excluded.route,
  subjects=excluded.subjects,
  ponderation_subjects=excluded.ponderation_subjects,
  route_options=excluded.route_options,
  availability_by_province=excluded.availability_by_province,
  sources=excluded.sources,
  source_url=excluded.source_url,
  source_id=excluded.source_id,
  raw=excluded.raw,
  data_quality=excluded.data_quality,
  verified_at=excluded.verified_at,
  last_seen_at=excluded.last_seen_at,
  updated_at=now();


insert into public.itinera_postgraduate_catalog(id,study_id,postgraduate_type,campus,source_file,raw)
values ('post-master-v36-master-universitario-en-profesorado-de-educacion-secundaria-obligatoria-y-bachillerato-formacion-pro','master-v36-master-universitario-en-profesorado-de-educacion-secundaria-obligatoria-y-bachillerato-formacion-pro','master','Campus de Lugo','Másteres y doctorados usc y udc.pdf',jsonb_build_object('source_upload','3 base de datos itinera.zip'))
on conflict (id) do update set study_id=excluded.study_id,postgraduate_type=excluded.postgraduate_type,campus=excluded.campus,source_file=excluded.source_file,raw=excluded.raw,updated_at=now();


insert into public.itinera_studies(id,name,type,level,family,jurisdiction,official_title,route,subjects,ponderation_subjects,route_options,availability_by_province,sources,source_url,source_id,raw,data_quality,verified_at,last_seen_at,updated_at)
values (
  'master-v36-master-universitario-en-profesorado-de-educacion-secundaria-obligatoria-y-bachillerato-formacion-pro',
  'Máster Universitario en Profesorado de Educación Secundaria Obligatoria y Bachillerato, Formación Profesional y Enseñanzas de Idiomas. Especialidad en Artes',
  'master',
  'Máster universitario',
  'Universidade · posgrao',
  'Galicia',
  true,
  'Consultar requisitos, prazas, centros, modalidade e fontes oficiais antes de decidir.',
  '["Consultar criterios de admisión e plan de estudos na universidade."]'::jsonb,
  '[{"subject": "Non aplica", "weight": "consultar universidade"}]'::jsonb,
  '[]'::jsonb,
  '{"Galicia": ["Campus de Santiago de Compostela"]}'::jsonb,
  '["usc-udc-masteres-doctorados", "ruct", "qedu"]'::jsonb,
  'https://www.usc.gal/',
  'usc-udc-masteres-doctorados',
  '{"source_upload": "3 base de datos itinera.zip", "source_file": "Másteres y doctorados usc y udc.pdf", "campus": "Campus de Santiago de Compostela"}'::jsonb,
  'official_upload',
  now(),
  now(),
  now()
)
on conflict (id) do update set
  name=excluded.name,
  type=excluded.type,
  level=excluded.level,
  family=excluded.family,
  jurisdiction=excluded.jurisdiction,
  route=excluded.route,
  subjects=excluded.subjects,
  ponderation_subjects=excluded.ponderation_subjects,
  route_options=excluded.route_options,
  availability_by_province=excluded.availability_by_province,
  sources=excluded.sources,
  source_url=excluded.source_url,
  source_id=excluded.source_id,
  raw=excluded.raw,
  data_quality=excluded.data_quality,
  verified_at=excluded.verified_at,
  last_seen_at=excluded.last_seen_at,
  updated_at=now();


insert into public.itinera_postgraduate_catalog(id,study_id,postgraduate_type,campus,source_file,raw)
values ('post-master-v36-master-universitario-en-profesorado-de-educacion-secundaria-obligatoria-y-bachillerato-formacion-pro','master-v36-master-universitario-en-profesorado-de-educacion-secundaria-obligatoria-y-bachillerato-formacion-pro','master','Campus de Santiago de Compostela','Másteres y doctorados usc y udc.pdf',jsonb_build_object('source_upload','3 base de datos itinera.zip'))
on conflict (id) do update set study_id=excluded.study_id,postgraduate_type=excluded.postgraduate_type,campus=excluded.campus,source_file=excluded.source_file,raw=excluded.raw,updated_at=now();


insert into public.itinera_studies(id,name,type,level,family,jurisdiction,official_title,route,subjects,ponderation_subjects,route_options,availability_by_province,sources,source_url,source_id,raw,data_quality,verified_at,last_seen_at,updated_at)
values (
  'master-v36-master-universitario-en-profesorado-de-educacion-secundaria-obligatoria-y-bachillerato-formacion-pro',
  'Máster Universitario en Profesorado de Educación Secundaria Obligatoria y Bachillerato, Formación Profesional y Enseñanzas de Idiomas. Especialidad Formación Profesional: Sector Primario y Secundario',
  'master',
  'Máster universitario',
  'Universidade · posgrao',
  'Galicia',
  true,
  'Consultar requisitos, prazas, centros, modalidade e fontes oficiais antes de decidir.',
  '["Consultar criterios de admisión e plan de estudos na universidade."]'::jsonb,
  '[{"subject": "Non aplica", "weight": "consultar universidade"}]'::jsonb,
  '[]'::jsonb,
  '{"Galicia": ["Campus de Lugo"]}'::jsonb,
  '["usc-udc-masteres-doctorados", "ruct", "qedu"]'::jsonb,
  'https://www.usc.gal/',
  'usc-udc-masteres-doctorados',
  '{"source_upload": "3 base de datos itinera.zip", "source_file": "Másteres y doctorados usc y udc.pdf", "campus": "Campus de Lugo"}'::jsonb,
  'official_upload',
  now(),
  now(),
  now()
)
on conflict (id) do update set
  name=excluded.name,
  type=excluded.type,
  level=excluded.level,
  family=excluded.family,
  jurisdiction=excluded.jurisdiction,
  route=excluded.route,
  subjects=excluded.subjects,
  ponderation_subjects=excluded.ponderation_subjects,
  route_options=excluded.route_options,
  availability_by_province=excluded.availability_by_province,
  sources=excluded.sources,
  source_url=excluded.source_url,
  source_id=excluded.source_id,
  raw=excluded.raw,
  data_quality=excluded.data_quality,
  verified_at=excluded.verified_at,
  last_seen_at=excluded.last_seen_at,
  updated_at=now();


insert into public.itinera_postgraduate_catalog(id,study_id,postgraduate_type,campus,source_file,raw)
values ('post-master-v36-master-universitario-en-profesorado-de-educacion-secundaria-obligatoria-y-bachillerato-formacion-pro','master-v36-master-universitario-en-profesorado-de-educacion-secundaria-obligatoria-y-bachillerato-formacion-pro','master','Campus de Lugo','Másteres y doctorados usc y udc.pdf',jsonb_build_object('source_upload','3 base de datos itinera.zip'))
on conflict (id) do update set study_id=excluded.study_id,postgraduate_type=excluded.postgraduate_type,campus=excluded.campus,source_file=excluded.source_file,raw=excluded.raw,updated_at=now();


insert into public.itinera_studies(id,name,type,level,family,jurisdiction,official_title,route,subjects,ponderation_subjects,route_options,availability_by_province,sources,source_url,source_id,raw,data_quality,verified_at,last_seen_at,updated_at)
values (
  'master-v36-master-universitario-en-profesorado-de-educacion-secundaria-obligatoria-y-bachillerato-formacion-pro',
  'Máster Universitario en Profesorado de Educación Secundaria Obligatoria y Bachillerato, Formación Profesional y Enseñanzas de Idiomas. Especialidad Formación Profesional: Sector Servicios',
  'master',
  'Máster universitario',
  'Universidade · posgrao',
  'Galicia',
  true,
  'Consultar requisitos, prazas, centros, modalidade e fontes oficiais antes de decidir.',
  '["Consultar criterios de admisión e plan de estudos na universidade."]'::jsonb,
  '[{"subject": "Non aplica", "weight": "consultar universidade"}]'::jsonb,
  '[]'::jsonb,
  '{"Galicia": ["Campus de Santiago de Compostela"]}'::jsonb,
  '["usc-udc-masteres-doctorados", "ruct", "qedu"]'::jsonb,
  'https://www.usc.gal/',
  'usc-udc-masteres-doctorados',
  '{"source_upload": "3 base de datos itinera.zip", "source_file": "Másteres y doctorados usc y udc.pdf", "campus": "Campus de Santiago de Compostela"}'::jsonb,
  'official_upload',
  now(),
  now(),
  now()
)
on conflict (id) do update set
  name=excluded.name,
  type=excluded.type,
  level=excluded.level,
  family=excluded.family,
  jurisdiction=excluded.jurisdiction,
  route=excluded.route,
  subjects=excluded.subjects,
  ponderation_subjects=excluded.ponderation_subjects,
  route_options=excluded.route_options,
  availability_by_province=excluded.availability_by_province,
  sources=excluded.sources,
  source_url=excluded.source_url,
  source_id=excluded.source_id,
  raw=excluded.raw,
  data_quality=excluded.data_quality,
  verified_at=excluded.verified_at,
  last_seen_at=excluded.last_seen_at,
  updated_at=now();


insert into public.itinera_postgraduate_catalog(id,study_id,postgraduate_type,campus,source_file,raw)
values ('post-master-v36-master-universitario-en-profesorado-de-educacion-secundaria-obligatoria-y-bachillerato-formacion-pro','master-v36-master-universitario-en-profesorado-de-educacion-secundaria-obligatoria-y-bachillerato-formacion-pro','master','Campus de Santiago de Compostela','Másteres y doctorados usc y udc.pdf',jsonb_build_object('source_upload','3 base de datos itinera.zip'))
on conflict (id) do update set study_id=excluded.study_id,postgraduate_type=excluded.postgraduate_type,campus=excluded.campus,source_file=excluded.source_file,raw=excluded.raw,updated_at=now();


insert into public.itinera_studies(id,name,type,level,family,jurisdiction,official_title,route,subjects,ponderation_subjects,route_options,availability_by_province,sources,source_url,source_id,raw,data_quality,verified_at,last_seen_at,updated_at)
values (
  'master-v36-master-universitario-en-profesorado-de-educacion-secundaria-obligatoria-y-bachillerato-formacion-pro',
  'Máster Universitario en Profesorado de Educación Secundaria Obligatoria y Bachillerato, Formación Profesional y Enseñanzas de Idiomas. Especialidad Lenguas y Literaturas',
  'master',
  'Máster universitario',
  'Universidade · posgrao',
  'Galicia',
  true,
  'Consultar requisitos, prazas, centros, modalidade e fontes oficiais antes de decidir.',
  '["Consultar criterios de admisión e plan de estudos na universidade."]'::jsonb,
  '[{"subject": "Non aplica", "weight": "consultar universidade"}]'::jsonb,
  '[]'::jsonb,
  '{"Galicia": ["Campus de Santiago de Compostela"]}'::jsonb,
  '["usc-udc-masteres-doctorados", "ruct", "qedu"]'::jsonb,
  'https://www.usc.gal/',
  'usc-udc-masteres-doctorados',
  '{"source_upload": "3 base de datos itinera.zip", "source_file": "Másteres y doctorados usc y udc.pdf", "campus": "Campus de Santiago de Compostela"}'::jsonb,
  'official_upload',
  now(),
  now(),
  now()
)
on conflict (id) do update set
  name=excluded.name,
  type=excluded.type,
  level=excluded.level,
  family=excluded.family,
  jurisdiction=excluded.jurisdiction,
  route=excluded.route,
  subjects=excluded.subjects,
  ponderation_subjects=excluded.ponderation_subjects,
  route_options=excluded.route_options,
  availability_by_province=excluded.availability_by_province,
  sources=excluded.sources,
  source_url=excluded.source_url,
  source_id=excluded.source_id,
  raw=excluded.raw,
  data_quality=excluded.data_quality,
  verified_at=excluded.verified_at,
  last_seen_at=excluded.last_seen_at,
  updated_at=now();


insert into public.itinera_postgraduate_catalog(id,study_id,postgraduate_type,campus,source_file,raw)
values ('post-master-v36-master-universitario-en-profesorado-de-educacion-secundaria-obligatoria-y-bachillerato-formacion-pro','master-v36-master-universitario-en-profesorado-de-educacion-secundaria-obligatoria-y-bachillerato-formacion-pro','master','Campus de Santiago de Compostela','Másteres y doctorados usc y udc.pdf',jsonb_build_object('source_upload','3 base de datos itinera.zip'))
on conflict (id) do update set study_id=excluded.study_id,postgraduate_type=excluded.postgraduate_type,campus=excluded.campus,source_file=excluded.source_file,raw=excluded.raw,updated_at=now();


insert into public.itinera_studies(id,name,type,level,family,jurisdiction,official_title,route,subjects,ponderation_subjects,route_options,availability_by_province,sources,source_url,source_id,raw,data_quality,verified_at,last_seen_at,updated_at)
values (
  'master-v36-master-universitario-en-profesorado-de-educacion-secundaria-obligatoria-y-bachillerato-formacion-pro',
  'Máster Universitario en Profesorado de Educación Secundaria Obligatoria y Bachillerato, Formación Profesional y Enseñanzas de Idiomas. Especialidad Lenguas y Literaturas Extranjeras',
  'master',
  'Máster universitario',
  'Universidade · posgrao',
  'Galicia',
  true,
  'Consultar requisitos, prazas, centros, modalidade e fontes oficiais antes de decidir.',
  '["Consultar criterios de admisión e plan de estudos na universidade."]'::jsonb,
  '[{"subject": "Non aplica", "weight": "consultar universidade"}]'::jsonb,
  '[]'::jsonb,
  '{"Galicia": ["Campus de Lugo"]}'::jsonb,
  '["usc-udc-masteres-doctorados", "ruct", "qedu"]'::jsonb,
  'https://www.usc.gal/',
  'usc-udc-masteres-doctorados',
  '{"source_upload": "3 base de datos itinera.zip", "source_file": "Másteres y doctorados usc y udc.pdf", "campus": "Campus de Lugo"}'::jsonb,
  'official_upload',
  now(),
  now(),
  now()
)
on conflict (id) do update set
  name=excluded.name,
  type=excluded.type,
  level=excluded.level,
  family=excluded.family,
  jurisdiction=excluded.jurisdiction,
  route=excluded.route,
  subjects=excluded.subjects,
  ponderation_subjects=excluded.ponderation_subjects,
  route_options=excluded.route_options,
  availability_by_province=excluded.availability_by_province,
  sources=excluded.sources,
  source_url=excluded.source_url,
  source_id=excluded.source_id,
  raw=excluded.raw,
  data_quality=excluded.data_quality,
  verified_at=excluded.verified_at,
  last_seen_at=excluded.last_seen_at,
  updated_at=now();


insert into public.itinera_postgraduate_catalog(id,study_id,postgraduate_type,campus,source_file,raw)
values ('post-master-v36-master-universitario-en-profesorado-de-educacion-secundaria-obligatoria-y-bachillerato-formacion-pro','master-v36-master-universitario-en-profesorado-de-educacion-secundaria-obligatoria-y-bachillerato-formacion-pro','master','Campus de Lugo','Másteres y doctorados usc y udc.pdf',jsonb_build_object('source_upload','3 base de datos itinera.zip'))
on conflict (id) do update set study_id=excluded.study_id,postgraduate_type=excluded.postgraduate_type,campus=excluded.campus,source_file=excluded.source_file,raw=excluded.raw,updated_at=now();


insert into public.itinera_studies(id,name,type,level,family,jurisdiction,official_title,route,subjects,ponderation_subjects,route_options,availability_by_province,sources,source_url,source_id,raw,data_quality,verified_at,last_seen_at,updated_at)
values (
  'master-v36-master-universitario-en-profesorado-de-educacion-secundaria-obligatoria-y-bachillerato-formacion-pro',
  'Máster Universitario en Profesorado de Educación Secundaria Obligatoria y Bachillerato, Formación Profesional y Enseñanzas de Idiomas. Especialidad Orientación Educativa (2ª edición)',
  'master',
  'Máster universitario',
  'Universidade · posgrao',
  'Galicia',
  true,
  'Consultar requisitos, prazas, centros, modalidade e fontes oficiais antes de decidir.',
  '["Consultar criterios de admisión e plan de estudos na universidade."]'::jsonb,
  '[{"subject": "Non aplica", "weight": "consultar universidade"}]'::jsonb,
  '[]'::jsonb,
  '{"Galicia": ["Campus de Santiago de Compostela"]}'::jsonb,
  '["usc-udc-masteres-doctorados", "ruct", "qedu"]'::jsonb,
  'https://www.usc.gal/',
  'usc-udc-masteres-doctorados',
  '{"source_upload": "3 base de datos itinera.zip", "source_file": "Másteres y doctorados usc y udc.pdf", "campus": "Campus de Santiago de Compostela"}'::jsonb,
  'official_upload',
  now(),
  now(),
  now()
)
on conflict (id) do update set
  name=excluded.name,
  type=excluded.type,
  level=excluded.level,
  family=excluded.family,
  jurisdiction=excluded.jurisdiction,
  route=excluded.route,
  subjects=excluded.subjects,
  ponderation_subjects=excluded.ponderation_subjects,
  route_options=excluded.route_options,
  availability_by_province=excluded.availability_by_province,
  sources=excluded.sources,
  source_url=excluded.source_url,
  source_id=excluded.source_id,
  raw=excluded.raw,
  data_quality=excluded.data_quality,
  verified_at=excluded.verified_at,
  last_seen_at=excluded.last_seen_at,
  updated_at=now();


insert into public.itinera_postgraduate_catalog(id,study_id,postgraduate_type,campus,source_file,raw)
values ('post-master-v36-master-universitario-en-profesorado-de-educacion-secundaria-obligatoria-y-bachillerato-formacion-pro','master-v36-master-universitario-en-profesorado-de-educacion-secundaria-obligatoria-y-bachillerato-formacion-pro','master','Campus de Santiago de Compostela','Másteres y doctorados usc y udc.pdf',jsonb_build_object('source_upload','3 base de datos itinera.zip'))
on conflict (id) do update set study_id=excluded.study_id,postgraduate_type=excluded.postgraduate_type,campus=excluded.campus,source_file=excluded.source_file,raw=excluded.raw,updated_at=now();


insert into public.itinera_studies(id,name,type,level,family,jurisdiction,official_title,route,subjects,ponderation_subjects,route_options,availability_by_province,sources,source_url,source_id,raw,data_quality,verified_at,last_seen_at,updated_at)
values (
  'master-v36-master-universitario-en-psicologia',
  'Máster Universitario en Psicología',
  'master',
  'Máster universitario',
  'Universidade · posgrao',
  'Galicia',
  true,
  'Consultar requisitos, prazas, centros, modalidade e fontes oficiais antes de decidir.',
  '["Consultar criterios de admisión e plan de estudos na universidade."]'::jsonb,
  '[{"subject": "Non aplica", "weight": "consultar universidade"}]'::jsonb,
  '[]'::jsonb,
  '{"Galicia": ["Campus de Santiago de Compostela"]}'::jsonb,
  '["usc-udc-masteres-doctorados", "ruct", "qedu"]'::jsonb,
  'https://www.usc.gal/',
  'usc-udc-masteres-doctorados',
  '{"source_upload": "3 base de datos itinera.zip", "source_file": "Másteres y doctorados usc y udc.pdf", "campus": "Campus de Santiago de Compostela"}'::jsonb,
  'official_upload',
  now(),
  now(),
  now()
)
on conflict (id) do update set
  name=excluded.name,
  type=excluded.type,
  level=excluded.level,
  family=excluded.family,
  jurisdiction=excluded.jurisdiction,
  route=excluded.route,
  subjects=excluded.subjects,
  ponderation_subjects=excluded.ponderation_subjects,
  route_options=excluded.route_options,
  availability_by_province=excluded.availability_by_province,
  sources=excluded.sources,
  source_url=excluded.source_url,
  source_id=excluded.source_id,
  raw=excluded.raw,
  data_quality=excluded.data_quality,
  verified_at=excluded.verified_at,
  last_seen_at=excluded.last_seen_at,
  updated_at=now();


insert into public.itinera_postgraduate_catalog(id,study_id,postgraduate_type,campus,source_file,raw)
values ('post-master-v36-master-universitario-en-psicologia','master-v36-master-universitario-en-psicologia','master','Campus de Santiago de Compostela','Másteres y doctorados usc y udc.pdf',jsonb_build_object('source_upload','3 base de datos itinera.zip'))
on conflict (id) do update set study_id=excluded.study_id,postgraduate_type=excluded.postgraduate_type,campus=excluded.campus,source_file=excluded.source_file,raw=excluded.raw,updated_at=now();


insert into public.itinera_studies(id,name,type,level,family,jurisdiction,official_title,route,subjects,ponderation_subjects,route_options,availability_by_province,sources,source_url,source_id,raw,data_quality,verified_at,last_seen_at,updated_at)
values (
  'master-v36-master-universitario-en-psicologia-del-trabajo-los-recursos-humanos-y-las-organizaciones',
  'Máster Universitario en Psicología del Trabajo, los Recursos Humanos y las Organizaciones',
  'master',
  'Máster universitario',
  'Universidade · posgrao',
  'Galicia',
  true,
  'Consultar requisitos, prazas, centros, modalidade e fontes oficiais antes de decidir.',
  '["Consultar criterios de admisión e plan de estudos na universidade."]'::jsonb,
  '[{"subject": "Non aplica", "weight": "consultar universidade"}]'::jsonb,
  '[]'::jsonb,
  '{"Galicia": ["Campus de Santiago de Compostela"]}'::jsonb,
  '["usc-udc-masteres-doctorados", "ruct", "qedu"]'::jsonb,
  'https://www.usc.gal/',
  'usc-udc-masteres-doctorados',
  '{"source_upload": "3 base de datos itinera.zip", "source_file": "Másteres y doctorados usc y udc.pdf", "campus": "Campus de Santiago de Compostela"}'::jsonb,
  'official_upload',
  now(),
  now(),
  now()
)
on conflict (id) do update set
  name=excluded.name,
  type=excluded.type,
  level=excluded.level,
  family=excluded.family,
  jurisdiction=excluded.jurisdiction,
  route=excluded.route,
  subjects=excluded.subjects,
  ponderation_subjects=excluded.ponderation_subjects,
  route_options=excluded.route_options,
  availability_by_province=excluded.availability_by_province,
  sources=excluded.sources,
  source_url=excluded.source_url,
  source_id=excluded.source_id,
  raw=excluded.raw,
  data_quality=excluded.data_quality,
  verified_at=excluded.verified_at,
  last_seen_at=excluded.last_seen_at,
  updated_at=now();


insert into public.itinera_postgraduate_catalog(id,study_id,postgraduate_type,campus,source_file,raw)
values ('post-master-v36-master-universitario-en-psicologia-del-trabajo-los-recursos-humanos-y-las-organizaciones','master-v36-master-universitario-en-psicologia-del-trabajo-los-recursos-humanos-y-las-organizaciones','master','Campus de Santiago de Compostela','Másteres y doctorados usc y udc.pdf',jsonb_build_object('source_upload','3 base de datos itinera.zip'))
on conflict (id) do update set study_id=excluded.study_id,postgraduate_type=excluded.postgraduate_type,campus=excluded.campus,source_file=excluded.source_file,raw=excluded.raw,updated_at=now();


insert into public.itinera_studies(id,name,type,level,family,jurisdiction,official_title,route,subjects,ponderation_subjects,route_options,availability_by_province,sources,source_url,source_id,raw,data_quality,verified_at,last_seen_at,updated_at)
values (
  'master-v36-master-universitario-en-tecnologias-en-marketing-y-comunicacion-politica',
  'Máster Universitario en Tecnologías en Marketing y Comunicación Política',
  'master',
  'Máster universitario',
  'Universidade · posgrao',
  'Galicia',
  true,
  'Consultar requisitos, prazas, centros, modalidade e fontes oficiais antes de decidir.',
  '["Consultar criterios de admisión e plan de estudos na universidade."]'::jsonb,
  '[{"subject": "Non aplica", "weight": "consultar universidade"}]'::jsonb,
  '[]'::jsonb,
  '{"Galicia": ["Campus de Santiago de Compostela"]}'::jsonb,
  '["usc-udc-masteres-doctorados", "ruct", "qedu"]'::jsonb,
  'https://www.usc.gal/',
  'usc-udc-masteres-doctorados',
  '{"source_upload": "3 base de datos itinera.zip", "source_file": "Másteres y doctorados usc y udc.pdf", "campus": "Campus de Santiago de Compostela"}'::jsonb,
  'official_upload',
  now(),
  now(),
  now()
)
on conflict (id) do update set
  name=excluded.name,
  type=excluded.type,
  level=excluded.level,
  family=excluded.family,
  jurisdiction=excluded.jurisdiction,
  route=excluded.route,
  subjects=excluded.subjects,
  ponderation_subjects=excluded.ponderation_subjects,
  route_options=excluded.route_options,
  availability_by_province=excluded.availability_by_province,
  sources=excluded.sources,
  source_url=excluded.source_url,
  source_id=excluded.source_id,
  raw=excluded.raw,
  data_quality=excluded.data_quality,
  verified_at=excluded.verified_at,
  last_seen_at=excluded.last_seen_at,
  updated_at=now();


insert into public.itinera_postgraduate_catalog(id,study_id,postgraduate_type,campus,source_file,raw)
values ('post-master-v36-master-universitario-en-tecnologias-en-marketing-y-comunicacion-politica','master-v36-master-universitario-en-tecnologias-en-marketing-y-comunicacion-politica','master','Campus de Santiago de Compostela','Másteres y doctorados usc y udc.pdf',jsonb_build_object('source_upload','3 base de datos itinera.zip'))
on conflict (id) do update set study_id=excluded.study_id,postgraduate_type=excluded.postgraduate_type,campus=excluded.campus,source_file=excluded.source_file,raw=excluded.raw,updated_at=now();


insert into public.itinera_studies(id,name,type,level,family,jurisdiction,official_title,route,subjects,ponderation_subjects,route_options,availability_by_province,sources,source_url,source_id,raw,data_quality,verified_at,last_seen_at,updated_at)
values (
  'master-v36-master-universitario-en-trabajo-social-en-el-ambito-sanitario',
  'Máster Universitario en Trabajo Social en el Ámbito Sanitario',
  'master',
  'Máster universitario',
  'Universidade · posgrao',
  'Galicia',
  true,
  'Consultar requisitos, prazas, centros, modalidade e fontes oficiais antes de decidir.',
  '["Consultar criterios de admisión e plan de estudos na universidade."]'::jsonb,
  '[{"subject": "Non aplica", "weight": "consultar universidade"}]'::jsonb,
  '[]'::jsonb,
  '{"Galicia": ["Campus de Santiago de Compostela"]}'::jsonb,
  '["usc-udc-masteres-doctorados", "ruct", "qedu"]'::jsonb,
  'https://www.usc.gal/',
  'usc-udc-masteres-doctorados',
  '{"source_upload": "3 base de datos itinera.zip", "source_file": "Másteres y doctorados usc y udc.pdf", "campus": "Campus de Santiago de Compostela"}'::jsonb,
  'official_upload',
  now(),
  now(),
  now()
)
on conflict (id) do update set
  name=excluded.name,
  type=excluded.type,
  level=excluded.level,
  family=excluded.family,
  jurisdiction=excluded.jurisdiction,
  route=excluded.route,
  subjects=excluded.subjects,
  ponderation_subjects=excluded.ponderation_subjects,
  route_options=excluded.route_options,
  availability_by_province=excluded.availability_by_province,
  sources=excluded.sources,
  source_url=excluded.source_url,
  source_id=excluded.source_id,
  raw=excluded.raw,
  data_quality=excluded.data_quality,
  verified_at=excluded.verified_at,
  last_seen_at=excluded.last_seen_at,
  updated_at=now();


insert into public.itinera_postgraduate_catalog(id,study_id,postgraduate_type,campus,source_file,raw)
values ('post-master-v36-master-universitario-en-trabajo-social-en-el-ambito-sanitario','master-v36-master-universitario-en-trabajo-social-en-el-ambito-sanitario','master','Campus de Santiago de Compostela','Másteres y doctorados usc y udc.pdf',jsonb_build_object('source_upload','3 base de datos itinera.zip'))
on conflict (id) do update set study_id=excluded.study_id,postgraduate_type=excluded.postgraduate_type,campus=excluded.campus,source_file=excluded.source_file,raw=excluded.raw,updated_at=now();


insert into public.itinera_studies(id,name,type,level,family,jurisdiction,official_title,route,subjects,ponderation_subjects,route_options,availability_by_province,sources,source_url,source_id,raw,data_quality,verified_at,last_seen_at,updated_at)
values (
  'master-v36-master-universitario-en-turismo-urbano-y-gestion-de-empresas-turisticas',
  'Máster Universitario en Turismo Urbano y Gestión de Empresas Turísticas',
  'master',
  'Máster universitario',
  'Universidade · posgrao',
  'Galicia',
  true,
  'Consultar requisitos, prazas, centros, modalidade e fontes oficiais antes de decidir.',
  '["Consultar criterios de admisión e plan de estudos na universidade."]'::jsonb,
  '[{"subject": "Non aplica", "weight": "consultar universidade"}]'::jsonb,
  '[]'::jsonb,
  '{"Galicia": ["Campus de Santiago de Compostela"]}'::jsonb,
  '["usc-udc-masteres-doctorados", "ruct", "qedu"]'::jsonb,
  'https://www.usc.gal/',
  'usc-udc-masteres-doctorados',
  '{"source_upload": "3 base de datos itinera.zip", "source_file": "Másteres y doctorados usc y udc.pdf", "campus": "Campus de Santiago de Compostela"}'::jsonb,
  'official_upload',
  now(),
  now(),
  now()
)
on conflict (id) do update set
  name=excluded.name,
  type=excluded.type,
  level=excluded.level,
  family=excluded.family,
  jurisdiction=excluded.jurisdiction,
  route=excluded.route,
  subjects=excluded.subjects,
  ponderation_subjects=excluded.ponderation_subjects,
  route_options=excluded.route_options,
  availability_by_province=excluded.availability_by_province,
  sources=excluded.sources,
  source_url=excluded.source_url,
  source_id=excluded.source_id,
  raw=excluded.raw,
  data_quality=excluded.data_quality,
  verified_at=excluded.verified_at,
  last_seen_at=excluded.last_seen_at,
  updated_at=now();


insert into public.itinera_postgraduate_catalog(id,study_id,postgraduate_type,campus,source_file,raw)
values ('post-master-v36-master-universitario-en-turismo-urbano-y-gestion-de-empresas-turisticas','master-v36-master-universitario-en-turismo-urbano-y-gestion-de-empresas-turisticas','master','Campus de Santiago de Compostela','Másteres y doctorados usc y udc.pdf',jsonb_build_object('source_upload','3 base de datos itinera.zip'))
on conflict (id) do update set study_id=excluded.study_id,postgraduate_type=excluded.postgraduate_type,campus=excluded.campus,source_file=excluded.source_file,raw=excluded.raw,updated_at=now();


insert into public.itinera_studies(id,name,type,level,family,jurisdiction,official_title,route,subjects,ponderation_subjects,route_options,availability_by_province,sources,source_url,source_id,raw,data_quality,verified_at,last_seen_at,updated_at)
values (
  'master-v36-master-universitario-en-computacion-de-altas-prestaciones-presencial',
  'Máster Universitario en Computación de Altas Prestaciones (Presencial)',
  'master',
  'Máster universitario',
  'Universidade · posgrao',
  'Galicia',
  true,
  'Consultar requisitos, prazas, centros, modalidade e fontes oficiais antes de decidir.',
  '["Consultar criterios de admisión e plan de estudos na universidade."]'::jsonb,
  '[{"subject": "Non aplica", "weight": "consultar universidade"}]'::jsonb,
  '[]'::jsonb,
  '{"Galicia": ["Campus de Santiago de Compostela"]}'::jsonb,
  '["usc-udc-masteres-doctorados", "ruct", "qedu"]'::jsonb,
  'https://www.usc.gal/',
  'usc-udc-masteres-doctorados',
  '{"source_upload": "3 base de datos itinera.zip", "source_file": "Másteres y doctorados usc y udc.pdf", "campus": "Campus de Santiago de Compostela"}'::jsonb,
  'official_upload',
  now(),
  now(),
  now()
)
on conflict (id) do update set
  name=excluded.name,
  type=excluded.type,
  level=excluded.level,
  family=excluded.family,
  jurisdiction=excluded.jurisdiction,
  route=excluded.route,
  subjects=excluded.subjects,
  ponderation_subjects=excluded.ponderation_subjects,
  route_options=excluded.route_options,
  availability_by_province=excluded.availability_by_province,
  sources=excluded.sources,
  source_url=excluded.source_url,
  source_id=excluded.source_id,
  raw=excluded.raw,
  data_quality=excluded.data_quality,
  verified_at=excluded.verified_at,
  last_seen_at=excluded.last_seen_at,
  updated_at=now();


insert into public.itinera_postgraduate_catalog(id,study_id,postgraduate_type,campus,source_file,raw)
values ('post-master-v36-master-universitario-en-computacion-de-altas-prestaciones-presencial','master-v36-master-universitario-en-computacion-de-altas-prestaciones-presencial','master','Campus de Santiago de Compostela','Másteres y doctorados usc y udc.pdf',jsonb_build_object('source_upload','3 base de datos itinera.zip'))
on conflict (id) do update set study_id=excluded.study_id,postgraduate_type=excluded.postgraduate_type,campus=excluded.campus,source_file=excluded.source_file,raw=excluded.raw,updated_at=now();


insert into public.itinera_studies(id,name,type,level,family,jurisdiction,official_title,route,subjects,ponderation_subjects,route_options,availability_by_province,sources,source_url,source_id,raw,data_quality,verified_at,last_seen_at,updated_at)
values (
  'master-v36-master-universitario-en-computacion-de-altas-prestaciones-virtual',
  'Máster Universitario en Computación de Altas Prestaciones (Virtual)',
  'master',
  'Máster universitario',
  'Universidade · posgrao',
  'Galicia',
  true,
  'Consultar requisitos, prazas, centros, modalidade e fontes oficiais antes de decidir.',
  '["Consultar criterios de admisión e plan de estudos na universidade."]'::jsonb,
  '[{"subject": "Non aplica", "weight": "consultar universidade"}]'::jsonb,
  '[]'::jsonb,
  '{"Galicia": ["Campus de Santiago de Compostela"]}'::jsonb,
  '["usc-udc-masteres-doctorados", "ruct", "qedu"]'::jsonb,
  'https://www.usc.gal/',
  'usc-udc-masteres-doctorados',
  '{"source_upload": "3 base de datos itinera.zip", "source_file": "Másteres y doctorados usc y udc.pdf", "campus": "Campus de Santiago de Compostela"}'::jsonb,
  'official_upload',
  now(),
  now(),
  now()
)
on conflict (id) do update set
  name=excluded.name,
  type=excluded.type,
  level=excluded.level,
  family=excluded.family,
  jurisdiction=excluded.jurisdiction,
  route=excluded.route,
  subjects=excluded.subjects,
  ponderation_subjects=excluded.ponderation_subjects,
  route_options=excluded.route_options,
  availability_by_province=excluded.availability_by_province,
  sources=excluded.sources,
  source_url=excluded.source_url,
  source_id=excluded.source_id,
  raw=excluded.raw,
  data_quality=excluded.data_quality,
  verified_at=excluded.verified_at,
  last_seen_at=excluded.last_seen_at,
  updated_at=now();


insert into public.itinera_postgraduate_catalog(id,study_id,postgraduate_type,campus,source_file,raw)
values ('post-master-v36-master-universitario-en-computacion-de-altas-prestaciones-virtual','master-v36-master-universitario-en-computacion-de-altas-prestaciones-virtual','master','Campus de Santiago de Compostela','Másteres y doctorados usc y udc.pdf',jsonb_build_object('source_upload','3 base de datos itinera.zip'))
on conflict (id) do update set study_id=excluded.study_id,postgraduate_type=excluded.postgraduate_type,campus=excluded.campus,source_file=excluded.source_file,raw=excluded.raw,updated_at=now();


insert into public.itinera_studies(id,name,type,level,family,jurisdiction,official_title,route,subjects,ponderation_subjects,route_options,availability_by_province,sources,source_url,source_id,raw,data_quality,verified_at,last_seen_at,updated_at)
values (
  'master-v36-master-universitario-en-desafios-de-las-ciudades',
  'Máster Universitario en Desafíos de las Ciudades',
  'master',
  'Máster universitario',
  'Universidade · posgrao',
  'Galicia',
  true,
  'Consultar requisitos, prazas, centros, modalidade e fontes oficiais antes de decidir.',
  '["Consultar criterios de admisión e plan de estudos na universidade."]'::jsonb,
  '[{"subject": "Non aplica", "weight": "consultar universidade"}]'::jsonb,
  '[]'::jsonb,
  '{"Galicia": ["Campus de Santiago de Compostela"]}'::jsonb,
  '["usc-udc-masteres-doctorados", "ruct", "qedu"]'::jsonb,
  'https://www.usc.gal/',
  'usc-udc-masteres-doctorados',
  '{"source_upload": "3 base de datos itinera.zip", "source_file": "Másteres y doctorados usc y udc.pdf", "campus": "Campus de Santiago de Compostela"}'::jsonb,
  'official_upload',
  now(),
  now(),
  now()
)
on conflict (id) do update set
  name=excluded.name,
  type=excluded.type,
  level=excluded.level,
  family=excluded.family,
  jurisdiction=excluded.jurisdiction,
  route=excluded.route,
  subjects=excluded.subjects,
  ponderation_subjects=excluded.ponderation_subjects,
  route_options=excluded.route_options,
  availability_by_province=excluded.availability_by_province,
  sources=excluded.sources,
  source_url=excluded.source_url,
  source_id=excluded.source_id,
  raw=excluded.raw,
  data_quality=excluded.data_quality,
  verified_at=excluded.verified_at,
  last_seen_at=excluded.last_seen_at,
  updated_at=now();


insert into public.itinera_postgraduate_catalog(id,study_id,postgraduate_type,campus,source_file,raw)
values ('post-master-v36-master-universitario-en-desafios-de-las-ciudades','master-v36-master-universitario-en-desafios-de-las-ciudades','master','Campus de Santiago de Compostela','Másteres y doctorados usc y udc.pdf',jsonb_build_object('source_upload','3 base de datos itinera.zip'))
on conflict (id) do update set study_id=excluded.study_id,postgraduate_type=excluded.postgraduate_type,campus=excluded.campus,source_file=excluded.source_file,raw=excluded.raw,updated_at=now();


insert into public.itinera_studies(id,name,type,level,family,jurisdiction,official_title,route,subjects,ponderation_subjects,route_options,availability_by_province,sources,source_url,source_id,raw,data_quality,verified_at,last_seen_at,updated_at)
values (
  'master-v36-master-universitario-en-direccion-de-proyectos',
  'Máster Universitario en Dirección de Proyectos',
  'master',
  'Máster universitario',
  'Universidade · posgrao',
  'Galicia',
  true,
  'Consultar requisitos, prazas, centros, modalidade e fontes oficiais antes de decidir.',
  '["Consultar criterios de admisión e plan de estudos na universidade."]'::jsonb,
  '[{"subject": "Non aplica", "weight": "consultar universidade"}]'::jsonb,
  '[]'::jsonb,
  '{"Galicia": ["Campus de Lugo"]}'::jsonb,
  '["usc-udc-masteres-doctorados", "ruct", "qedu"]'::jsonb,
  'https://www.usc.gal/',
  'usc-udc-masteres-doctorados',
  '{"source_upload": "3 base de datos itinera.zip", "source_file": "Másteres y doctorados usc y udc.pdf", "campus": "Campus de Lugo"}'::jsonb,
  'official_upload',
  now(),
  now(),
  now()
)
on conflict (id) do update set
  name=excluded.name,
  type=excluded.type,
  level=excluded.level,
  family=excluded.family,
  jurisdiction=excluded.jurisdiction,
  route=excluded.route,
  subjects=excluded.subjects,
  ponderation_subjects=excluded.ponderation_subjects,
  route_options=excluded.route_options,
  availability_by_province=excluded.availability_by_province,
  sources=excluded.sources,
  source_url=excluded.source_url,
  source_id=excluded.source_id,
  raw=excluded.raw,
  data_quality=excluded.data_quality,
  verified_at=excluded.verified_at,
  last_seen_at=excluded.last_seen_at,
  updated_at=now();


insert into public.itinera_postgraduate_catalog(id,study_id,postgraduate_type,campus,source_file,raw)
values ('post-master-v36-master-universitario-en-direccion-de-proyectos','master-v36-master-universitario-en-direccion-de-proyectos','master','Campus de Lugo','Másteres y doctorados usc y udc.pdf',jsonb_build_object('source_upload','3 base de datos itinera.zip'))
on conflict (id) do update set study_id=excluded.study_id,postgraduate_type=excluded.postgraduate_type,campus=excluded.campus,source_file=excluded.source_file,raw=excluded.raw,updated_at=now();


insert into public.itinera_studies(id,name,type,level,family,jurisdiction,official_title,route,subjects,ponderation_subjects,route_options,availability_by_province,sources,source_url,source_id,raw,data_quality,verified_at,last_seen_at,updated_at)
values (
  'master-v36-master-universitario-en-direccion-de-proyectos-2a-edicion',
  'Máster Universitario en Dirección de Proyectos (2ª edición)',
  'master',
  'Máster universitario',
  'Universidade · posgrao',
  'Galicia',
  true,
  'Consultar requisitos, prazas, centros, modalidade e fontes oficiais antes de decidir.',
  '["Consultar criterios de admisión e plan de estudos na universidade."]'::jsonb,
  '[{"subject": "Non aplica", "weight": "consultar universidade"}]'::jsonb,
  '[]'::jsonb,
  '{"Galicia": ["Campus de Lugo"]}'::jsonb,
  '["usc-udc-masteres-doctorados", "ruct", "qedu"]'::jsonb,
  'https://www.usc.gal/',
  'usc-udc-masteres-doctorados',
  '{"source_upload": "3 base de datos itinera.zip", "source_file": "Másteres y doctorados usc y udc.pdf", "campus": "Campus de Lugo"}'::jsonb,
  'official_upload',
  now(),
  now(),
  now()
)
on conflict (id) do update set
  name=excluded.name,
  type=excluded.type,
  level=excluded.level,
  family=excluded.family,
  jurisdiction=excluded.jurisdiction,
  route=excluded.route,
  subjects=excluded.subjects,
  ponderation_subjects=excluded.ponderation_subjects,
  route_options=excluded.route_options,
  availability_by_province=excluded.availability_by_province,
  sources=excluded.sources,
  source_url=excluded.source_url,
  source_id=excluded.source_id,
  raw=excluded.raw,
  data_quality=excluded.data_quality,
  verified_at=excluded.verified_at,
  last_seen_at=excluded.last_seen_at,
  updated_at=now();


insert into public.itinera_postgraduate_catalog(id,study_id,postgraduate_type,campus,source_file,raw)
values ('post-master-v36-master-universitario-en-direccion-de-proyectos-2a-edicion','master-v36-master-universitario-en-direccion-de-proyectos-2a-edicion','master','Campus de Lugo','Másteres y doctorados usc y udc.pdf',jsonb_build_object('source_upload','3 base de datos itinera.zip'))
on conflict (id) do update set study_id=excluded.study_id,postgraduate_type=excluded.postgraduate_type,campus=excluded.campus,source_file=excluded.source_file,raw=excluded.raw,updated_at=now();


insert into public.itinera_studies(id,name,type,level,family,jurisdiction,official_title,route,subjects,ponderation_subjects,route_options,availability_by_province,sources,source_url,source_id,raw,data_quality,verified_at,last_seen_at,updated_at)
values (
  'master-v36-master-universitario-en-gestion-sostenible-del-agua',
  'Máster Universitario en Gestión Sostenible del Agua',
  'master',
  'Máster universitario',
  'Universidade · posgrao',
  'Galicia',
  true,
  'Consultar requisitos, prazas, centros, modalidade e fontes oficiais antes de decidir.',
  '["Consultar criterios de admisión e plan de estudos na universidade."]'::jsonb,
  '[{"subject": "Non aplica", "weight": "consultar universidade"}]'::jsonb,
  '[]'::jsonb,
  '{"Galicia": ["Campus de Santiago de Compostela"]}'::jsonb,
  '["usc-udc-masteres-doctorados", "ruct", "qedu"]'::jsonb,
  'https://www.usc.gal/',
  'usc-udc-masteres-doctorados',
  '{"source_upload": "3 base de datos itinera.zip", "source_file": "Másteres y doctorados usc y udc.pdf", "campus": "Campus de Santiago de Compostela"}'::jsonb,
  'official_upload',
  now(),
  now(),
  now()
)
on conflict (id) do update set
  name=excluded.name,
  type=excluded.type,
  level=excluded.level,
  family=excluded.family,
  jurisdiction=excluded.jurisdiction,
  route=excluded.route,
  subjects=excluded.subjects,
  ponderation_subjects=excluded.ponderation_subjects,
  route_options=excluded.route_options,
  availability_by_province=excluded.availability_by_province,
  sources=excluded.sources,
  source_url=excluded.source_url,
  source_id=excluded.source_id,
  raw=excluded.raw,
  data_quality=excluded.data_quality,
  verified_at=excluded.verified_at,
  last_seen_at=excluded.last_seen_at,
  updated_at=now();


insert into public.itinera_postgraduate_catalog(id,study_id,postgraduate_type,campus,source_file,raw)
values ('post-master-v36-master-universitario-en-gestion-sostenible-del-agua','master-v36-master-universitario-en-gestion-sostenible-del-agua','master','Campus de Santiago de Compostela','Másteres y doctorados usc y udc.pdf',jsonb_build_object('source_upload','3 base de datos itinera.zip'))
on conflict (id) do update set study_id=excluded.study_id,postgraduate_type=excluded.postgraduate_type,campus=excluded.campus,source_file=excluded.source_file,raw=excluded.raw,updated_at=now();


insert into public.itinera_studies(id,name,type,level,family,jurisdiction,official_title,route,subjects,ponderation_subjects,route_options,availability_by_province,sources,source_url,source_id,raw,data_quality,verified_at,last_seen_at,updated_at)
values (
  'master-v36-master-universitario-en-ingenieria-agronomica-2a-edicion',
  'Máster Universitario en Ingeniería Agronómica (2ª edición)',
  'master',
  'Máster universitario',
  'Universidade · posgrao',
  'Galicia',
  true,
  'Consultar requisitos, prazas, centros, modalidade e fontes oficiais antes de decidir.',
  '["Consultar criterios de admisión e plan de estudos na universidade."]'::jsonb,
  '[{"subject": "Non aplica", "weight": "consultar universidade"}]'::jsonb,
  '[]'::jsonb,
  '{"Galicia": ["Campus de Lugo"]}'::jsonb,
  '["usc-udc-masteres-doctorados", "ruct", "qedu"]'::jsonb,
  'https://www.usc.gal/',
  'usc-udc-masteres-doctorados',
  '{"source_upload": "3 base de datos itinera.zip", "source_file": "Másteres y doctorados usc y udc.pdf", "campus": "Campus de Lugo"}'::jsonb,
  'official_upload',
  now(),
  now(),
  now()
)
on conflict (id) do update set
  name=excluded.name,
  type=excluded.type,
  level=excluded.level,
  family=excluded.family,
  jurisdiction=excluded.jurisdiction,
  route=excluded.route,
  subjects=excluded.subjects,
  ponderation_subjects=excluded.ponderation_subjects,
  route_options=excluded.route_options,
  availability_by_province=excluded.availability_by_province,
  sources=excluded.sources,
  source_url=excluded.source_url,
  source_id=excluded.source_id,
  raw=excluded.raw,
  data_quality=excluded.data_quality,
  verified_at=excluded.verified_at,
  last_seen_at=excluded.last_seen_at,
  updated_at=now();


insert into public.itinera_postgraduate_catalog(id,study_id,postgraduate_type,campus,source_file,raw)
values ('post-master-v36-master-universitario-en-ingenieria-agronomica-2a-edicion','master-v36-master-universitario-en-ingenieria-agronomica-2a-edicion','master','Campus de Lugo','Másteres y doctorados usc y udc.pdf',jsonb_build_object('source_upload','3 base de datos itinera.zip'))
on conflict (id) do update set study_id=excluded.study_id,postgraduate_type=excluded.postgraduate_type,campus=excluded.campus,source_file=excluded.source_file,raw=excluded.raw,updated_at=now();


insert into public.itinera_studies(id,name,type,level,family,jurisdiction,official_title,route,subjects,ponderation_subjects,route_options,availability_by_province,sources,source_url,source_id,raw,data_quality,verified_at,last_seen_at,updated_at)
values (
  'master-v36-master-universitario-en-ingenieria-ambiental-3a-ed',
  'Máster Universitario en Ingeniería Ambiental (3ª ed)',
  'master',
  'Máster universitario',
  'Universidade · posgrao',
  'Galicia',
  true,
  'Consultar requisitos, prazas, centros, modalidade e fontes oficiais antes de decidir.',
  '["Consultar criterios de admisión e plan de estudos na universidade."]'::jsonb,
  '[{"subject": "Non aplica", "weight": "consultar universidade"}]'::jsonb,
  '[]'::jsonb,
  '{"Galicia": ["Campus de Santiago de Compostela"]}'::jsonb,
  '["usc-udc-masteres-doctorados", "ruct", "qedu"]'::jsonb,
  'https://www.usc.gal/',
  'usc-udc-masteres-doctorados',
  '{"source_upload": "3 base de datos itinera.zip", "source_file": "Másteres y doctorados usc y udc.pdf", "campus": "Campus de Santiago de Compostela"}'::jsonb,
  'official_upload',
  now(),
  now(),
  now()
)
on conflict (id) do update set
  name=excluded.name,
  type=excluded.type,
  level=excluded.level,
  family=excluded.family,
  jurisdiction=excluded.jurisdiction,
  route=excluded.route,
  subjects=excluded.subjects,
  ponderation_subjects=excluded.ponderation_subjects,
  route_options=excluded.route_options,
  availability_by_province=excluded.availability_by_province,
  sources=excluded.sources,
  source_url=excluded.source_url,
  source_id=excluded.source_id,
  raw=excluded.raw,
  data_quality=excluded.data_quality,
  verified_at=excluded.verified_at,
  last_seen_at=excluded.last_seen_at,
  updated_at=now();


insert into public.itinera_postgraduate_catalog(id,study_id,postgraduate_type,campus,source_file,raw)
values ('post-master-v36-master-universitario-en-ingenieria-ambiental-3a-ed','master-v36-master-universitario-en-ingenieria-ambiental-3a-ed','master','Campus de Santiago de Compostela','Másteres y doctorados usc y udc.pdf',jsonb_build_object('source_upload','3 base de datos itinera.zip'))
on conflict (id) do update set study_id=excluded.study_id,postgraduate_type=excluded.postgraduate_type,campus=excluded.campus,source_file=excluded.source_file,raw=excluded.raw,updated_at=now();


insert into public.itinera_studies(id,name,type,level,family,jurisdiction,official_title,route,subjects,ponderation_subjects,route_options,availability_by_province,sources,source_url,source_id,raw,data_quality,verified_at,last_seen_at,updated_at)
values (
  'master-v36-master-universitario-en-ingenieria-de-montes-2a-edicion',
  'Máster Universitario en Ingeniería de Montes (2ª edición)',
  'master',
  'Máster universitario',
  'Universidade · posgrao',
  'Galicia',
  true,
  'Consultar requisitos, prazas, centros, modalidade e fontes oficiais antes de decidir.',
  '["Consultar criterios de admisión e plan de estudos na universidade."]'::jsonb,
  '[{"subject": "Non aplica", "weight": "consultar universidade"}]'::jsonb,
  '[]'::jsonb,
  '{"Galicia": ["Campus de Lugo"]}'::jsonb,
  '["usc-udc-masteres-doctorados", "ruct", "qedu"]'::jsonb,
  'https://www.usc.gal/',
  'usc-udc-masteres-doctorados',
  '{"source_upload": "3 base de datos itinera.zip", "source_file": "Másteres y doctorados usc y udc.pdf", "campus": "Campus de Lugo"}'::jsonb,
  'official_upload',
  now(),
  now(),
  now()
)
on conflict (id) do update set
  name=excluded.name,
  type=excluded.type,
  level=excluded.level,
  family=excluded.family,
  jurisdiction=excluded.jurisdiction,
  route=excluded.route,
  subjects=excluded.subjects,
  ponderation_subjects=excluded.ponderation_subjects,
  route_options=excluded.route_options,
  availability_by_province=excluded.availability_by_province,
  sources=excluded.sources,
  source_url=excluded.source_url,
  source_id=excluded.source_id,
  raw=excluded.raw,
  data_quality=excluded.data_quality,
  verified_at=excluded.verified_at,
  last_seen_at=excluded.last_seen_at,
  updated_at=now();


insert into public.itinera_postgraduate_catalog(id,study_id,postgraduate_type,campus,source_file,raw)
values ('post-master-v36-master-universitario-en-ingenieria-de-montes-2a-edicion','master-v36-master-universitario-en-ingenieria-de-montes-2a-edicion','master','Campus de Lugo','Másteres y doctorados usc y udc.pdf',jsonb_build_object('source_upload','3 base de datos itinera.zip'))
on conflict (id) do update set study_id=excluded.study_id,postgraduate_type=excluded.postgraduate_type,campus=excluded.campus,source_file=excluded.source_file,raw=excluded.raw,updated_at=now();


insert into public.itinera_studies(id,name,type,level,family,jurisdiction,official_title,route,subjects,ponderation_subjects,route_options,availability_by_province,sources,source_url,source_id,raw,data_quality,verified_at,last_seen_at,updated_at)
values (
  'master-v36-master-universitario-en-ingenieria-del-paisaje-infraestructura-verde-y-transicion-rural',
  'Máster Universitario en Ingeniería del Paisaje, Infraestructura Verde y Transición Rural',
  'master',
  'Máster universitario',
  'Universidade · posgrao',
  'Galicia',
  true,
  'Consultar requisitos, prazas, centros, modalidade e fontes oficiais antes de decidir.',
  '["Consultar criterios de admisión e plan de estudos na universidade."]'::jsonb,
  '[{"subject": "Non aplica", "weight": "consultar universidade"}]'::jsonb,
  '[]'::jsonb,
  '{"Galicia": ["Campus de Lugo"]}'::jsonb,
  '["usc-udc-masteres-doctorados", "ruct", "qedu"]'::jsonb,
  'https://www.usc.gal/',
  'usc-udc-masteres-doctorados',
  '{"source_upload": "3 base de datos itinera.zip", "source_file": "Másteres y doctorados usc y udc.pdf", "campus": "Campus de Lugo"}'::jsonb,
  'official_upload',
  now(),
  now(),
  now()
)
on conflict (id) do update set
  name=excluded.name,
  type=excluded.type,
  level=excluded.level,
  family=excluded.family,
  jurisdiction=excluded.jurisdiction,
  route=excluded.route,
  subjects=excluded.subjects,
  ponderation_subjects=excluded.ponderation_subjects,
  route_options=excluded.route_options,
  availability_by_province=excluded.availability_by_province,
  sources=excluded.sources,
  source_url=excluded.source_url,
  source_id=excluded.source_id,
  raw=excluded.raw,
  data_quality=excluded.data_quality,
  verified_at=excluded.verified_at,
  last_seen_at=excluded.last_seen_at,
  updated_at=now();


insert into public.itinera_postgraduate_catalog(id,study_id,postgraduate_type,campus,source_file,raw)
values ('post-master-v36-master-universitario-en-ingenieria-del-paisaje-infraestructura-verde-y-transicion-rural','master-v36-master-universitario-en-ingenieria-del-paisaje-infraestructura-verde-y-transicion-rural','master','Campus de Lugo','Másteres y doctorados usc y udc.pdf',jsonb_build_object('source_upload','3 base de datos itinera.zip'))
on conflict (id) do update set study_id=excluded.study_id,postgraduate_type=excluded.postgraduate_type,campus=excluded.campus,source_file=excluded.source_file,raw=excluded.raw,updated_at=now();


insert into public.itinera_studies(id,name,type,level,family,jurisdiction,official_title,route,subjects,ponderation_subjects,route_options,availability_by_province,sources,source_url,source_id,raw,data_quality,verified_at,last_seen_at,updated_at)
values (
  'master-v36-master-universitario-en-ingenieria-quimica-y-bioprocesos-2a-edicion',
  'Máster Universitario en Ingeniería Química y Bioprocesos (2ª edición)',
  'master',
  'Máster universitario',
  'Universidade · posgrao',
  'Galicia',
  true,
  'Consultar requisitos, prazas, centros, modalidade e fontes oficiais antes de decidir.',
  '["Consultar criterios de admisión e plan de estudos na universidade."]'::jsonb,
  '[{"subject": "Non aplica", "weight": "consultar universidade"}]'::jsonb,
  '[]'::jsonb,
  '{"Galicia": ["Campus de Santiago de Compostela"]}'::jsonb,
  '["usc-udc-masteres-doctorados", "ruct", "qedu"]'::jsonb,
  'https://www.usc.gal/',
  'usc-udc-masteres-doctorados',
  '{"source_upload": "3 base de datos itinera.zip", "source_file": "Másteres y doctorados usc y udc.pdf", "campus": "Campus de Santiago de Compostela"}'::jsonb,
  'official_upload',
  now(),
  now(),
  now()
)
on conflict (id) do update set
  name=excluded.name,
  type=excluded.type,
  level=excluded.level,
  family=excluded.family,
  jurisdiction=excluded.jurisdiction,
  route=excluded.route,
  subjects=excluded.subjects,
  ponderation_subjects=excluded.ponderation_subjects,
  route_options=excluded.route_options,
  availability_by_province=excluded.availability_by_province,
  sources=excluded.sources,
  source_url=excluded.source_url,
  source_id=excluded.source_id,
  raw=excluded.raw,
  data_quality=excluded.data_quality,
  verified_at=excluded.verified_at,
  last_seen_at=excluded.last_seen_at,
  updated_at=now();


insert into public.itinera_postgraduate_catalog(id,study_id,postgraduate_type,campus,source_file,raw)
values ('post-master-v36-master-universitario-en-ingenieria-quimica-y-bioprocesos-2a-edicion','master-v36-master-universitario-en-ingenieria-quimica-y-bioprocesos-2a-edicion','master','Campus de Santiago de Compostela','Másteres y doctorados usc y udc.pdf',jsonb_build_object('source_upload','3 base de datos itinera.zip'))
on conflict (id) do update set study_id=excluded.study_id,postgraduate_type=excluded.postgraduate_type,campus=excluded.campus,source_file=excluded.source_file,raw=excluded.raw,updated_at=now();


insert into public.itinera_studies(id,name,type,level,family,jurisdiction,official_title,route,subjects,ponderation_subjects,route_options,availability_by_province,sources,source_url,source_id,raw,data_quality,verified_at,last_seen_at,updated_at)
values (
  'master-v36-master-universitario-en-intelixencia-artificial',
  'Máster Universitario en Intelixencia Artificial',
  'master',
  'Máster universitario',
  'Universidade · posgrao',
  'Galicia',
  true,
  'Consultar requisitos, prazas, centros, modalidade e fontes oficiais antes de decidir.',
  '["Consultar criterios de admisión e plan de estudos na universidade."]'::jsonb,
  '[{"subject": "Non aplica", "weight": "consultar universidade"}]'::jsonb,
  '[]'::jsonb,
  '{"Galicia": ["Campus de Santiago de Compostela"]}'::jsonb,
  '["usc-udc-masteres-doctorados", "ruct", "qedu"]'::jsonb,
  'https://www.usc.gal/',
  'usc-udc-masteres-doctorados',
  '{"source_upload": "3 base de datos itinera.zip", "source_file": "Másteres y doctorados usc y udc.pdf", "campus": "Campus de Santiago de Compostela"}'::jsonb,
  'official_upload',
  now(),
  now(),
  now()
)
on conflict (id) do update set
  name=excluded.name,
  type=excluded.type,
  level=excluded.level,
  family=excluded.family,
  jurisdiction=excluded.jurisdiction,
  route=excluded.route,
  subjects=excluded.subjects,
  ponderation_subjects=excluded.ponderation_subjects,
  route_options=excluded.route_options,
  availability_by_province=excluded.availability_by_province,
  sources=excluded.sources,
  source_url=excluded.source_url,
  source_id=excluded.source_id,
  raw=excluded.raw,
  data_quality=excluded.data_quality,
  verified_at=excluded.verified_at,
  last_seen_at=excluded.last_seen_at,
  updated_at=now();


insert into public.itinera_postgraduate_catalog(id,study_id,postgraduate_type,campus,source_file,raw)
values ('post-master-v36-master-universitario-en-intelixencia-artificial','master-v36-master-universitario-en-intelixencia-artificial','master','Campus de Santiago de Compostela','Másteres y doctorados usc y udc.pdf',jsonb_build_object('source_upload','3 base de datos itinera.zip'))
on conflict (id) do update set study_id=excluded.study_id,postgraduate_type=excluded.postgraduate_type,campus=excluded.campus,source_file=excluded.source_file,raw=excluded.raw,updated_at=now();


insert into public.itinera_studies(id,name,type,level,family,jurisdiction,official_title,route,subjects,ponderation_subjects,route_options,availability_by_province,sources,source_url,source_id,raw,data_quality,verified_at,last_seen_at,updated_at)
values (
  'master-v36-master-universitario-en-internet-de-las-cosas-iot',
  'Máster Universitario en Internet de las Cosas - IoT',
  'master',
  'Máster universitario',
  'Universidade · posgrao',
  'Galicia',
  true,
  'Consultar requisitos, prazas, centros, modalidade e fontes oficiais antes de decidir.',
  '["Consultar criterios de admisión e plan de estudos na universidade."]'::jsonb,
  '[{"subject": "Non aplica", "weight": "consultar universidade"}]'::jsonb,
  '[]'::jsonb,
  '{"Galicia": ["Campus de Santiago de Compostela"]}'::jsonb,
  '["usc-udc-masteres-doctorados", "ruct", "qedu"]'::jsonb,
  'https://www.usc.gal/',
  'usc-udc-masteres-doctorados',
  '{"source_upload": "3 base de datos itinera.zip", "source_file": "Másteres y doctorados usc y udc.pdf", "campus": "Campus de Santiago de Compostela"}'::jsonb,
  'official_upload',
  now(),
  now(),
  now()
)
on conflict (id) do update set
  name=excluded.name,
  type=excluded.type,
  level=excluded.level,
  family=excluded.family,
  jurisdiction=excluded.jurisdiction,
  route=excluded.route,
  subjects=excluded.subjects,
  ponderation_subjects=excluded.ponderation_subjects,
  route_options=excluded.route_options,
  availability_by_province=excluded.availability_by_province,
  sources=excluded.sources,
  source_url=excluded.source_url,
  source_id=excluded.source_id,
  raw=excluded.raw,
  data_quality=excluded.data_quality,
  verified_at=excluded.verified_at,
  last_seen_at=excluded.last_seen_at,
  updated_at=now();


insert into public.itinera_postgraduate_catalog(id,study_id,postgraduate_type,campus,source_file,raw)
values ('post-master-v36-master-universitario-en-internet-de-las-cosas-iot','master-v36-master-universitario-en-internet-de-las-cosas-iot','master','Campus de Santiago de Compostela','Másteres y doctorados usc y udc.pdf',jsonb_build_object('source_upload','3 base de datos itinera.zip'))
on conflict (id) do update set study_id=excluded.study_id,postgraduate_type=excluded.postgraduate_type,campus=excluded.campus,source_file=excluded.source_file,raw=excluded.raw,updated_at=now();


insert into public.itinera_studies(id,name,type,level,family,jurisdiction,official_title,route,subjects,ponderation_subjects,route_options,availability_by_province,sources,source_url,source_id,raw,data_quality,verified_at,last_seen_at,updated_at)
values (
  'master-v36-master-universitario-en-matematica-industrial',
  'Máster Universitario en Matemática Industrial',
  'master',
  'Máster universitario',
  'Universidade · posgrao',
  'Galicia',
  true,
  'Consultar requisitos, prazas, centros, modalidade e fontes oficiais antes de decidir.',
  '["Consultar criterios de admisión e plan de estudos na universidade."]'::jsonb,
  '[{"subject": "Non aplica", "weight": "consultar universidade"}]'::jsonb,
  '[]'::jsonb,
  '{"Galicia": ["Campus de Santiago de Compostela"]}'::jsonb,
  '["usc-udc-masteres-doctorados", "ruct", "qedu"]'::jsonb,
  'https://www.usc.gal/',
  'usc-udc-masteres-doctorados',
  '{"source_upload": "3 base de datos itinera.zip", "source_file": "Másteres y doctorados usc y udc.pdf", "campus": "Campus de Santiago de Compostela"}'::jsonb,
  'official_upload',
  now(),
  now(),
  now()
)
on conflict (id) do update set
  name=excluded.name,
  type=excluded.type,
  level=excluded.level,
  family=excluded.family,
  jurisdiction=excluded.jurisdiction,
  route=excluded.route,
  subjects=excluded.subjects,
  ponderation_subjects=excluded.ponderation_subjects,
  route_options=excluded.route_options,
  availability_by_province=excluded.availability_by_province,
  sources=excluded.sources,
  source_url=excluded.source_url,
  source_id=excluded.source_id,
  raw=excluded.raw,
  data_quality=excluded.data_quality,
  verified_at=excluded.verified_at,
  last_seen_at=excluded.last_seen_at,
  updated_at=now();


insert into public.itinera_postgraduate_catalog(id,study_id,postgraduate_type,campus,source_file,raw)
values ('post-master-v36-master-universitario-en-matematica-industrial','master-v36-master-universitario-en-matematica-industrial','master','Campus de Santiago de Compostela','Másteres y doctorados usc y udc.pdf',jsonb_build_object('source_upload','3 base de datos itinera.zip'))
on conflict (id) do update set study_id=excluded.study_id,postgraduate_type=excluded.postgraduate_type,campus=excluded.campus,source_file=excluded.source_file,raw=excluded.raw,updated_at=now();


insert into public.itinera_studies(id,name,type,level,family,jurisdiction,official_title,route,subjects,ponderation_subjects,route_options,availability_by_province,sources,source_url,source_id,raw,data_quality,verified_at,last_seen_at,updated_at)
values (
  'master-v36-master-universitario-en-sistemas-aereos-no-tripulados',
  'Máster Universitario en Sistemas Aéreos no Tripulados',
  'master',
  'Máster universitario',
  'Universidade · posgrao',
  'Galicia',
  true,
  'Consultar requisitos, prazas, centros, modalidade e fontes oficiais antes de decidir.',
  '["Consultar criterios de admisión e plan de estudos na universidade."]'::jsonb,
  '[{"subject": "Non aplica", "weight": "consultar universidade"}]'::jsonb,
  '[]'::jsonb,
  '{"Galicia": ["Campus de Lugo"]}'::jsonb,
  '["usc-udc-masteres-doctorados", "ruct", "qedu"]'::jsonb,
  'https://www.usc.gal/',
  'usc-udc-masteres-doctorados',
  '{"source_upload": "3 base de datos itinera.zip", "source_file": "Másteres y doctorados usc y udc.pdf", "campus": "Campus de Lugo"}'::jsonb,
  'official_upload',
  now(),
  now(),
  now()
)
on conflict (id) do update set
  name=excluded.name,
  type=excluded.type,
  level=excluded.level,
  family=excluded.family,
  jurisdiction=excluded.jurisdiction,
  route=excluded.route,
  subjects=excluded.subjects,
  ponderation_subjects=excluded.ponderation_subjects,
  route_options=excluded.route_options,
  availability_by_province=excluded.availability_by_province,
  sources=excluded.sources,
  source_url=excluded.source_url,
  source_id=excluded.source_id,
  raw=excluded.raw,
  data_quality=excluded.data_quality,
  verified_at=excluded.verified_at,
  last_seen_at=excluded.last_seen_at,
  updated_at=now();


insert into public.itinera_postgraduate_catalog(id,study_id,postgraduate_type,campus,source_file,raw)
values ('post-master-v36-master-universitario-en-sistemas-aereos-no-tripulados','master-v36-master-universitario-en-sistemas-aereos-no-tripulados','master','Campus de Lugo','Másteres y doctorados usc y udc.pdf',jsonb_build_object('source_upload','3 base de datos itinera.zip'))
on conflict (id) do update set study_id=excluded.study_id,postgraduate_type=excluded.postgraduate_type,campus=excluded.campus,source_file=excluded.source_file,raw=excluded.raw,updated_at=now();


insert into public.itinera_studies(id,name,type,level,family,jurisdiction,official_title,route,subjects,ponderation_subjects,route_options,availability_by_province,sources,source_url,source_id,raw,data_quality,verified_at,last_seen_at,updated_at)
values (
  'master-v36-master-universitario-en-tecnologias-de-analisis-de-datos-masivos-big-data',
  'Máster Universitario en Tecnologías de Análisis de Datos Masivos: Big Data',
  'master',
  'Máster universitario',
  'Universidade · posgrao',
  'Galicia',
  true,
  'Consultar requisitos, prazas, centros, modalidade e fontes oficiais antes de decidir.',
  '["Consultar criterios de admisión e plan de estudos na universidade."]'::jsonb,
  '[{"subject": "Non aplica", "weight": "consultar universidade"}]'::jsonb,
  '[]'::jsonb,
  '{"Galicia": ["Campus de Santiago de Compostela"]}'::jsonb,
  '["usc-udc-masteres-doctorados", "ruct", "qedu"]'::jsonb,
  'https://www.usc.gal/',
  'usc-udc-masteres-doctorados',
  '{"source_upload": "3 base de datos itinera.zip", "source_file": "Másteres y doctorados usc y udc.pdf", "campus": "Campus de Santiago de Compostela"}'::jsonb,
  'official_upload',
  now(),
  now(),
  now()
)
on conflict (id) do update set
  name=excluded.name,
  type=excluded.type,
  level=excluded.level,
  family=excluded.family,
  jurisdiction=excluded.jurisdiction,
  route=excluded.route,
  subjects=excluded.subjects,
  ponderation_subjects=excluded.ponderation_subjects,
  route_options=excluded.route_options,
  availability_by_province=excluded.availability_by_province,
  sources=excluded.sources,
  source_url=excluded.source_url,
  source_id=excluded.source_id,
  raw=excluded.raw,
  data_quality=excluded.data_quality,
  verified_at=excluded.verified_at,
  last_seen_at=excluded.last_seen_at,
  updated_at=now();


insert into public.itinera_postgraduate_catalog(id,study_id,postgraduate_type,campus,source_file,raw)
values ('post-master-v36-master-universitario-en-tecnologias-de-analisis-de-datos-masivos-big-data','master-v36-master-universitario-en-tecnologias-de-analisis-de-datos-masivos-big-data','master','Campus de Santiago de Compostela','Másteres y doctorados usc y udc.pdf',jsonb_build_object('source_upload','3 base de datos itinera.zip'))
on conflict (id) do update set study_id=excluded.study_id,postgraduate_type=excluded.postgraduate_type,campus=excluded.campus,source_file=excluded.source_file,raw=excluded.raw,updated_at=now();


insert into public.itinera_studies(id,name,type,level,family,jurisdiction,official_title,route,subjects,ponderation_subjects,route_options,availability_by_province,sources,source_url,source_id,raw,data_quality,verified_at,last_seen_at,updated_at)
values (
  'master-v36-master-universitario-en-vehiculos-autonomos',
  'Máster Universitario en Vehículos Autónomos',
  'master',
  'Máster universitario',
  'Universidade · posgrao',
  'Galicia',
  true,
  'Consultar requisitos, prazas, centros, modalidade e fontes oficiais antes de decidir.',
  '["Consultar criterios de admisión e plan de estudos na universidade."]'::jsonb,
  '[{"subject": "Non aplica", "weight": "consultar universidade"}]'::jsonb,
  '[]'::jsonb,
  '{"Galicia": ["Campus de Lugo"]}'::jsonb,
  '["usc-udc-masteres-doctorados", "ruct", "qedu"]'::jsonb,
  'https://www.usc.gal/',
  'usc-udc-masteres-doctorados',
  '{"source_upload": "3 base de datos itinera.zip", "source_file": "Másteres y doctorados usc y udc.pdf", "campus": "Campus de Lugo"}'::jsonb,
  'official_upload',
  now(),
  now(),
  now()
)
on conflict (id) do update set
  name=excluded.name,
  type=excluded.type,
  level=excluded.level,
  family=excluded.family,
  jurisdiction=excluded.jurisdiction,
  route=excluded.route,
  subjects=excluded.subjects,
  ponderation_subjects=excluded.ponderation_subjects,
  route_options=excluded.route_options,
  availability_by_province=excluded.availability_by_province,
  sources=excluded.sources,
  source_url=excluded.source_url,
  source_id=excluded.source_id,
  raw=excluded.raw,
  data_quality=excluded.data_quality,
  verified_at=excluded.verified_at,
  last_seen_at=excluded.last_seen_at,
  updated_at=now();


insert into public.itinera_postgraduate_catalog(id,study_id,postgraduate_type,campus,source_file,raw)
values ('post-master-v36-master-universitario-en-vehiculos-autonomos','master-v36-master-universitario-en-vehiculos-autonomos','master','Campus de Lugo','Másteres y doctorados usc y udc.pdf',jsonb_build_object('source_upload','3 base de datos itinera.zip'))
on conflict (id) do update set study_id=excluded.study_id,postgraduate_type=excluded.postgraduate_type,campus=excluded.campus,source_file=excluded.source_file,raw=excluded.raw,updated_at=now();


insert into public.itinera_studies(id,name,type,level,family,jurisdiction,official_title,route,subjects,ponderation_subjects,route_options,availability_by_province,sources,source_url,source_id,raw,data_quality,verified_at,last_seen_at,updated_at)
values (
  'master-v36-master-universitario-en-vision-por-computador-computer-vision',
  'Máster Universitario en Visión por Computador (Computer Vision)',
  'master',
  'Máster universitario',
  'Universidade · posgrao',
  'Galicia',
  true,
  'Consultar requisitos, prazas, centros, modalidade e fontes oficiais antes de decidir.',
  '["Consultar criterios de admisión e plan de estudos na universidade."]'::jsonb,
  '[{"subject": "Non aplica", "weight": "consultar universidade"}]'::jsonb,
  '[]'::jsonb,
  '{"Galicia": ["Campus de Santiago de Compostela"]}'::jsonb,
  '["usc-udc-masteres-doctorados", "ruct", "qedu"]'::jsonb,
  'https://www.usc.gal/',
  'usc-udc-masteres-doctorados',
  '{"source_upload": "3 base de datos itinera.zip", "source_file": "Másteres y doctorados usc y udc.pdf", "campus": "Campus de Santiago de Compostela"}'::jsonb,
  'official_upload',
  now(),
  now(),
  now()
)
on conflict (id) do update set
  name=excluded.name,
  type=excluded.type,
  level=excluded.level,
  family=excluded.family,
  jurisdiction=excluded.jurisdiction,
  route=excluded.route,
  subjects=excluded.subjects,
  ponderation_subjects=excluded.ponderation_subjects,
  route_options=excluded.route_options,
  availability_by_province=excluded.availability_by_province,
  sources=excluded.sources,
  source_url=excluded.source_url,
  source_id=excluded.source_id,
  raw=excluded.raw,
  data_quality=excluded.data_quality,
  verified_at=excluded.verified_at,
  last_seen_at=excluded.last_seen_at,
  updated_at=now();


insert into public.itinera_postgraduate_catalog(id,study_id,postgraduate_type,campus,source_file,raw)
values ('post-master-v36-master-universitario-en-vision-por-computador-computer-vision','master-v36-master-universitario-en-vision-por-computador-computer-vision','master','Campus de Santiago de Compostela','Másteres y doctorados usc y udc.pdf',jsonb_build_object('source_upload','3 base de datos itinera.zip'))
on conflict (id) do update set study_id=excluded.study_id,postgraduate_type=excluded.postgraduate_type,campus=excluded.campus,source_file=excluded.source_file,raw=excluded.raw,updated_at=now();


insert into public.itinera_studies(id,name,type,level,family,jurisdiction,official_title,route,subjects,ponderation_subjects,route_options,availability_by_province,sources,source_url,source_id,raw,data_quality,verified_at,last_seen_at,updated_at)
values (
  'master-v36-master-universitario-en-arqueoloxia-e-ciencias-da-antiguidade',
  'Máster Universitario en Arqueoloxía e Ciencias da Antigüidade',
  'master',
  'Máster universitario',
  'Universidade · posgrao',
  'Galicia',
  true,
  'Consultar requisitos, prazas, centros, modalidade e fontes oficiais antes de decidir.',
  '["Consultar criterios de admisión e plan de estudos na universidade."]'::jsonb,
  '[{"subject": "Non aplica", "weight": "consultar universidade"}]'::jsonb,
  '[]'::jsonb,
  '{"Galicia": ["Consultar campus e universidade."]}'::jsonb,
  '["usc-udc-masteres-doctorados", "ruct", "qedu"]'::jsonb,
  'https://www.usc.gal/',
  'usc-udc-masteres-doctorados',
  '{"source_upload": "3 base de datos itinera.zip", "source_file": "Másteres y doctorados usc y udc.pdf", "campus": ""}'::jsonb,
  'official_upload',
  now(),
  now(),
  now()
)
on conflict (id) do update set
  name=excluded.name,
  type=excluded.type,
  level=excluded.level,
  family=excluded.family,
  jurisdiction=excluded.jurisdiction,
  route=excluded.route,
  subjects=excluded.subjects,
  ponderation_subjects=excluded.ponderation_subjects,
  route_options=excluded.route_options,
  availability_by_province=excluded.availability_by_province,
  sources=excluded.sources,
  source_url=excluded.source_url,
  source_id=excluded.source_id,
  raw=excluded.raw,
  data_quality=excluded.data_quality,
  verified_at=excluded.verified_at,
  last_seen_at=excluded.last_seen_at,
  updated_at=now();


insert into public.itinera_postgraduate_catalog(id,study_id,postgraduate_type,campus,source_file,raw)
values ('post-master-v36-master-universitario-en-arqueoloxia-e-ciencias-da-antiguidade','master-v36-master-universitario-en-arqueoloxia-e-ciencias-da-antiguidade','master','','Másteres y doctorados usc y udc.pdf',jsonb_build_object('source_upload','3 base de datos itinera.zip'))
on conflict (id) do update set study_id=excluded.study_id,postgraduate_type=excluded.postgraduate_type,campus=excluded.campus,source_file=excluded.source_file,raw=excluded.raw,updated_at=now();


insert into public.itinera_studies(id,name,type,level,family,jurisdiction,official_title,route,subjects,ponderation_subjects,route_options,availability_by_province,sources,source_url,source_id,raw,data_quality,verified_at,last_seen_at,updated_at)
values (
  'master-v36-master-universitario-en-ensinanza-de-espanol-como-lingua-estranxeira-ou-segunda-lingua',
  'Máster Universitario en Ensinanza de Español como Lingua Estranxeira ou Segunda Lingua',
  'master',
  'Máster universitario',
  'Universidade · posgrao',
  'Galicia',
  true,
  'Consultar requisitos, prazas, centros, modalidade e fontes oficiais antes de decidir.',
  '["Consultar criterios de admisión e plan de estudos na universidade."]'::jsonb,
  '[{"subject": "Non aplica", "weight": "consultar universidade"}]'::jsonb,
  '[]'::jsonb,
  '{"Galicia": ["Consultar campus e universidade."]}'::jsonb,
  '["usc-udc-masteres-doctorados", "ruct", "qedu"]'::jsonb,
  'https://www.usc.gal/',
  'usc-udc-masteres-doctorados',
  '{"source_upload": "3 base de datos itinera.zip", "source_file": "Másteres y doctorados usc y udc.pdf", "campus": ""}'::jsonb,
  'official_upload',
  now(),
  now(),
  now()
)
on conflict (id) do update set
  name=excluded.name,
  type=excluded.type,
  level=excluded.level,
  family=excluded.family,
  jurisdiction=excluded.jurisdiction,
  route=excluded.route,
  subjects=excluded.subjects,
  ponderation_subjects=excluded.ponderation_subjects,
  route_options=excluded.route_options,
  availability_by_province=excluded.availability_by_province,
  sources=excluded.sources,
  source_url=excluded.source_url,
  source_id=excluded.source_id,
  raw=excluded.raw,
  data_quality=excluded.data_quality,
  verified_at=excluded.verified_at,
  last_seen_at=excluded.last_seen_at,
  updated_at=now();


insert into public.itinera_postgraduate_catalog(id,study_id,postgraduate_type,campus,source_file,raw)
values ('post-master-v36-master-universitario-en-ensinanza-de-espanol-como-lingua-estranxeira-ou-segunda-lingua','master-v36-master-universitario-en-ensinanza-de-espanol-como-lingua-estranxeira-ou-segunda-lingua','master','','Másteres y doctorados usc y udc.pdf',jsonb_build_object('source_upload','3 base de datos itinera.zip'))
on conflict (id) do update set study_id=excluded.study_id,postgraduate_type=excluded.postgraduate_type,campus=excluded.campus,source_file=excluded.source_file,raw=excluded.raw,updated_at=now();


insert into public.itinera_studies(id,name,type,level,family,jurisdiction,official_title,route,subjects,ponderation_subjects,route_options,availability_by_province,sources,source_url,source_id,raw,data_quality,verified_at,last_seen_at,updated_at)
values (
  'master-v36-master-universitario-en-estudos-avanzados-en-museos-arquivos-e-bibliotecas',
  'Máster Universitario en Estudos Avanzados en Museos, Arquivos e Bibliotecas',
  'master',
  'Máster universitario',
  'Universidade · posgrao',
  'Galicia',
  true,
  'Consultar requisitos, prazas, centros, modalidade e fontes oficiais antes de decidir.',
  '["Consultar criterios de admisión e plan de estudos na universidade."]'::jsonb,
  '[{"subject": "Non aplica", "weight": "consultar universidade"}]'::jsonb,
  '[]'::jsonb,
  '{"Galicia": ["Consultar campus e universidade."]}'::jsonb,
  '["usc-udc-masteres-doctorados", "ruct", "qedu"]'::jsonb,
  'https://www.usc.gal/',
  'usc-udc-masteres-doctorados',
  '{"source_upload": "3 base de datos itinera.zip", "source_file": "Másteres y doctorados usc y udc.pdf", "campus": ""}'::jsonb,
  'official_upload',
  now(),
  now(),
  now()
)
on conflict (id) do update set
  name=excluded.name,
  type=excluded.type,
  level=excluded.level,
  family=excluded.family,
  jurisdiction=excluded.jurisdiction,
  route=excluded.route,
  subjects=excluded.subjects,
  ponderation_subjects=excluded.ponderation_subjects,
  route_options=excluded.route_options,
  availability_by_province=excluded.availability_by_province,
  sources=excluded.sources,
  source_url=excluded.source_url,
  source_id=excluded.source_id,
  raw=excluded.raw,
  data_quality=excluded.data_quality,
  verified_at=excluded.verified_at,
  last_seen_at=excluded.last_seen_at,
  updated_at=now();


insert into public.itinera_postgraduate_catalog(id,study_id,postgraduate_type,campus,source_file,raw)
values ('post-master-v36-master-universitario-en-estudos-avanzados-en-museos-arquivos-e-bibliotecas','master-v36-master-universitario-en-estudos-avanzados-en-museos-arquivos-e-bibliotecas','master','','Másteres y doctorados usc y udc.pdf',jsonb_build_object('source_upload','3 base de datos itinera.zip'))
on conflict (id) do update set study_id=excluded.study_id,postgraduate_type=excluded.postgraduate_type,campus=excluded.campus,source_file=excluded.source_file,raw=excluded.raw,updated_at=now();


insert into public.itinera_studies(id,name,type,level,family,jurisdiction,official_title,route,subjects,ponderation_subjects,route_options,availability_by_province,sources,source_url,source_id,raw,data_quality,verified_at,last_seen_at,updated_at)
values (
  'master-v36-master-universitario-en-estudos-ingleses-avanzados-e-as-suas-aplicacions',
  'Máster Universitario en Estudos Ingleses Avanzados e as súas Aplicacións',
  'master',
  'Máster universitario',
  'Universidade · posgrao',
  'Galicia',
  true,
  'Consultar requisitos, prazas, centros, modalidade e fontes oficiais antes de decidir.',
  '["Consultar criterios de admisión e plan de estudos na universidade."]'::jsonb,
  '[{"subject": "Non aplica", "weight": "consultar universidade"}]'::jsonb,
  '[]'::jsonb,
  '{"Galicia": ["Consultar campus e universidade."]}'::jsonb,
  '["usc-udc-masteres-doctorados", "ruct", "qedu"]'::jsonb,
  'https://www.usc.gal/',
  'usc-udc-masteres-doctorados',
  '{"source_upload": "3 base de datos itinera.zip", "source_file": "Másteres y doctorados usc y udc.pdf", "campus": ""}'::jsonb,
  'official_upload',
  now(),
  now(),
  now()
)
on conflict (id) do update set
  name=excluded.name,
  type=excluded.type,
  level=excluded.level,
  family=excluded.family,
  jurisdiction=excluded.jurisdiction,
  route=excluded.route,
  subjects=excluded.subjects,
  ponderation_subjects=excluded.ponderation_subjects,
  route_options=excluded.route_options,
  availability_by_province=excluded.availability_by_province,
  sources=excluded.sources,
  source_url=excluded.source_url,
  source_id=excluded.source_id,
  raw=excluded.raw,
  data_quality=excluded.data_quality,
  verified_at=excluded.verified_at,
  last_seen_at=excluded.last_seen_at,
  updated_at=now();


insert into public.itinera_postgraduate_catalog(id,study_id,postgraduate_type,campus,source_file,raw)
values ('post-master-v36-master-universitario-en-estudos-ingleses-avanzados-e-as-suas-aplicacions','master-v36-master-universitario-en-estudos-ingleses-avanzados-e-as-suas-aplicacions','master','','Másteres y doctorados usc y udc.pdf',jsonb_build_object('source_upload','3 base de datos itinera.zip'))
on conflict (id) do update set study_id=excluded.study_id,postgraduate_type=excluded.postgraduate_type,campus=excluded.campus,source_file=excluded.source_file,raw=excluded.raw,updated_at=now();


insert into public.itinera_studies(id,name,type,level,family,jurisdiction,official_title,route,subjects,ponderation_subjects,route_options,availability_by_province,sources,source_url,source_id,raw,data_quality,verified_at,last_seen_at,updated_at)
values (
  'master-v36-master-universitario-en-literatura-cultura-e-diversidade',
  'Máster Universitario en Literatura, Cultura e Diversidade',
  'master',
  'Máster universitario',
  'Universidade · posgrao',
  'Galicia',
  true,
  'Consultar requisitos, prazas, centros, modalidade e fontes oficiais antes de decidir.',
  '["Consultar criterios de admisión e plan de estudos na universidade."]'::jsonb,
  '[{"subject": "Non aplica", "weight": "consultar universidade"}]'::jsonb,
  '[]'::jsonb,
  '{"Galicia": ["Consultar campus e universidade."]}'::jsonb,
  '["usc-udc-masteres-doctorados", "ruct", "qedu"]'::jsonb,
  'https://www.usc.gal/',
  'usc-udc-masteres-doctorados',
  '{"source_upload": "3 base de datos itinera.zip", "source_file": "Másteres y doctorados usc y udc.pdf", "campus": ""}'::jsonb,
  'official_upload',
  now(),
  now(),
  now()
)
on conflict (id) do update set
  name=excluded.name,
  type=excluded.type,
  level=excluded.level,
  family=excluded.family,
  jurisdiction=excluded.jurisdiction,
  route=excluded.route,
  subjects=excluded.subjects,
  ponderation_subjects=excluded.ponderation_subjects,
  route_options=excluded.route_options,
  availability_by_province=excluded.availability_by_province,
  sources=excluded.sources,
  source_url=excluded.source_url,
  source_id=excluded.source_id,
  raw=excluded.raw,
  data_quality=excluded.data_quality,
  verified_at=excluded.verified_at,
  last_seen_at=excluded.last_seen_at,
  updated_at=now();


insert into public.itinera_postgraduate_catalog(id,study_id,postgraduate_type,campus,source_file,raw)
values ('post-master-v36-master-universitario-en-literatura-cultura-e-diversidade','master-v36-master-universitario-en-literatura-cultura-e-diversidade','master','','Másteres y doctorados usc y udc.pdf',jsonb_build_object('source_upload','3 base de datos itinera.zip'))
on conflict (id) do update set study_id=excluded.study_id,postgraduate_type=excluded.postgraduate_type,campus=excluded.campus,source_file=excluded.source_file,raw=excluded.raw,updated_at=now();


insert into public.itinera_studies(id,name,type,level,family,jurisdiction,official_title,route,subjects,ponderation_subjects,route_options,availability_by_province,sources,source_url,source_id,raw,data_quality,verified_at,last_seen_at,updated_at)
values (
  'master-v36-master-universitario-en-patrimonio-cultural-dixital',
  'Máster Universitario en Patrimonio Cultural Dixital',
  'master',
  'Máster universitario',
  'Universidade · posgrao',
  'Galicia',
  true,
  'Consultar requisitos, prazas, centros, modalidade e fontes oficiais antes de decidir.',
  '["Consultar criterios de admisión e plan de estudos na universidade."]'::jsonb,
  '[{"subject": "Non aplica", "weight": "consultar universidade"}]'::jsonb,
  '[]'::jsonb,
  '{"Galicia": ["Consultar campus e universidade."]}'::jsonb,
  '["usc-udc-masteres-doctorados", "ruct", "qedu"]'::jsonb,
  'https://www.usc.gal/',
  'usc-udc-masteres-doctorados',
  '{"source_upload": "3 base de datos itinera.zip", "source_file": "Másteres y doctorados usc y udc.pdf", "campus": ""}'::jsonb,
  'official_upload',
  now(),
  now(),
  now()
)
on conflict (id) do update set
  name=excluded.name,
  type=excluded.type,
  level=excluded.level,
  family=excluded.family,
  jurisdiction=excluded.jurisdiction,
  route=excluded.route,
  subjects=excluded.subjects,
  ponderation_subjects=excluded.ponderation_subjects,
  route_options=excluded.route_options,
  availability_by_province=excluded.availability_by_province,
  sources=excluded.sources,
  source_url=excluded.source_url,
  source_id=excluded.source_id,
  raw=excluded.raw,
  data_quality=excluded.data_quality,
  verified_at=excluded.verified_at,
  last_seen_at=excluded.last_seen_at,
  updated_at=now();


insert into public.itinera_postgraduate_catalog(id,study_id,postgraduate_type,campus,source_file,raw)
values ('post-master-v36-master-universitario-en-patrimonio-cultural-dixital','master-v36-master-universitario-en-patrimonio-cultural-dixital','master','','Másteres y doctorados usc y udc.pdf',jsonb_build_object('source_upload','3 base de datos itinera.zip'))
on conflict (id) do update set study_id=excluded.study_id,postgraduate_type=excluded.postgraduate_type,campus=excluded.campus,source_file=excluded.source_file,raw=excluded.raw,updated_at=now();


insert into public.itinera_studies(id,name,type,level,family,jurisdiction,official_title,route,subjects,ponderation_subjects,route_options,availability_by_province,sources,source_url,source_id,raw,data_quality,verified_at,last_seen_at,updated_at)
values (
  'master-v36-master-universitario-en-biodiversidade-terrestre-caracterizacion-conservacion-e-xestion',
  'Máster Universitario en Biodiversidade Terrestre: Caracterización, Conservación e Xestión',
  'master',
  'Máster universitario',
  'Universidade · posgrao',
  'Galicia',
  true,
  'Consultar requisitos, prazas, centros, modalidade e fontes oficiais antes de decidir.',
  '["Consultar criterios de admisión e plan de estudos na universidade."]'::jsonb,
  '[{"subject": "Non aplica", "weight": "consultar universidade"}]'::jsonb,
  '[]'::jsonb,
  '{"Galicia": ["Consultar campus e universidade."]}'::jsonb,
  '["usc-udc-masteres-doctorados", "ruct", "qedu"]'::jsonb,
  'https://www.usc.gal/',
  'usc-udc-masteres-doctorados',
  '{"source_upload": "3 base de datos itinera.zip", "source_file": "Másteres y doctorados usc y udc.pdf", "campus": ""}'::jsonb,
  'official_upload',
  now(),
  now(),
  now()
)
on conflict (id) do update set
  name=excluded.name,
  type=excluded.type,
  level=excluded.level,
  family=excluded.family,
  jurisdiction=excluded.jurisdiction,
  route=excluded.route,
  subjects=excluded.subjects,
  ponderation_subjects=excluded.ponderation_subjects,
  route_options=excluded.route_options,
  availability_by_province=excluded.availability_by_province,
  sources=excluded.sources,
  source_url=excluded.source_url,
  source_id=excluded.source_id,
  raw=excluded.raw,
  data_quality=excluded.data_quality,
  verified_at=excluded.verified_at,
  last_seen_at=excluded.last_seen_at,
  updated_at=now();


insert into public.itinera_postgraduate_catalog(id,study_id,postgraduate_type,campus,source_file,raw)
values ('post-master-v36-master-universitario-en-biodiversidade-terrestre-caracterizacion-conservacion-e-xestion','master-v36-master-universitario-en-biodiversidade-terrestre-caracterizacion-conservacion-e-xestion','master','','Másteres y doctorados usc y udc.pdf',jsonb_build_object('source_upload','3 base de datos itinera.zip'))
on conflict (id) do update set study_id=excluded.study_id,postgraduate_type=excluded.postgraduate_type,campus=excluded.campus,source_file=excluded.source_file,raw=excluded.raw,updated_at=now();


insert into public.itinera_studies(id,name,type,level,family,jurisdiction,official_title,route,subjects,ponderation_subjects,route_options,availability_by_province,sources,source_url,source_id,raw,data_quality,verified_at,last_seen_at,updated_at)
values (
  'master-v36-master-universitario-en-bioloxia-marina',
  'Máster Universitario en Bioloxía Mariña',
  'master',
  'Máster universitario',
  'Universidade · posgrao',
  'Galicia',
  true,
  'Consultar requisitos, prazas, centros, modalidade e fontes oficiais antes de decidir.',
  '["Consultar criterios de admisión e plan de estudos na universidade."]'::jsonb,
  '[{"subject": "Non aplica", "weight": "consultar universidade"}]'::jsonb,
  '[]'::jsonb,
  '{"Galicia": ["Consultar campus e universidade."]}'::jsonb,
  '["usc-udc-masteres-doctorados", "ruct", "qedu"]'::jsonb,
  'https://www.usc.gal/',
  'usc-udc-masteres-doctorados',
  '{"source_upload": "3 base de datos itinera.zip", "source_file": "Másteres y doctorados usc y udc.pdf", "campus": ""}'::jsonb,
  'official_upload',
  now(),
  now(),
  now()
)
on conflict (id) do update set
  name=excluded.name,
  type=excluded.type,
  level=excluded.level,
  family=excluded.family,
  jurisdiction=excluded.jurisdiction,
  route=excluded.route,
  subjects=excluded.subjects,
  ponderation_subjects=excluded.ponderation_subjects,
  route_options=excluded.route_options,
  availability_by_province=excluded.availability_by_province,
  sources=excluded.sources,
  source_url=excluded.source_url,
  source_id=excluded.source_id,
  raw=excluded.raw,
  data_quality=excluded.data_quality,
  verified_at=excluded.verified_at,
  last_seen_at=excluded.last_seen_at,
  updated_at=now();


insert into public.itinera_postgraduate_catalog(id,study_id,postgraduate_type,campus,source_file,raw)
values ('post-master-v36-master-universitario-en-bioloxia-marina','master-v36-master-universitario-en-bioloxia-marina','master','','Másteres y doctorados usc y udc.pdf',jsonb_build_object('source_upload','3 base de datos itinera.zip'))
on conflict (id) do update set study_id=excluded.study_id,postgraduate_type=excluded.postgraduate_type,campus=excluded.campus,source_file=excluded.source_file,raw=excluded.raw,updated_at=now();


insert into public.itinera_studies(id,name,type,level,family,jurisdiction,official_title,route,subjects,ponderation_subjects,route_options,availability_by_province,sources,source_url,source_id,raw,data_quality,verified_at,last_seen_at,updated_at)
values (
  'master-v36-master-universitario-en-bioloxia-molecular-celular-e-xenetica',
  'Máster Universitario en Bioloxía Molecular, Celular e Xenética',
  'master',
  'Máster universitario',
  'Universidade · posgrao',
  'Galicia',
  true,
  'Consultar requisitos, prazas, centros, modalidade e fontes oficiais antes de decidir.',
  '["Consultar criterios de admisión e plan de estudos na universidade."]'::jsonb,
  '[{"subject": "Non aplica", "weight": "consultar universidade"}]'::jsonb,
  '[]'::jsonb,
  '{"Galicia": ["Consultar campus e universidade."]}'::jsonb,
  '["usc-udc-masteres-doctorados", "ruct", "qedu"]'::jsonb,
  'https://www.usc.gal/',
  'usc-udc-masteres-doctorados',
  '{"source_upload": "3 base de datos itinera.zip", "source_file": "Másteres y doctorados usc y udc.pdf", "campus": ""}'::jsonb,
  'official_upload',
  now(),
  now(),
  now()
)
on conflict (id) do update set
  name=excluded.name,
  type=excluded.type,
  level=excluded.level,
  family=excluded.family,
  jurisdiction=excluded.jurisdiction,
  route=excluded.route,
  subjects=excluded.subjects,
  ponderation_subjects=excluded.ponderation_subjects,
  route_options=excluded.route_options,
  availability_by_province=excluded.availability_by_province,
  sources=excluded.sources,
  source_url=excluded.source_url,
  source_id=excluded.source_id,
  raw=excluded.raw,
  data_quality=excluded.data_quality,
  verified_at=excluded.verified_at,
  last_seen_at=excluded.last_seen_at,
  updated_at=now();


insert into public.itinera_postgraduate_catalog(id,study_id,postgraduate_type,campus,source_file,raw)
values ('post-master-v36-master-universitario-en-bioloxia-molecular-celular-e-xenetica','master-v36-master-universitario-en-bioloxia-molecular-celular-e-xenetica','master','','Másteres y doctorados usc y udc.pdf',jsonb_build_object('source_upload','3 base de datos itinera.zip'))
on conflict (id) do update set study_id=excluded.study_id,postgraduate_type=excluded.postgraduate_type,campus=excluded.campus,source_file=excluded.source_file,raw=excluded.raw,updated_at=now();


insert into public.itinera_studies(id,name,type,level,family,jurisdiction,official_title,route,subjects,ponderation_subjects,route_options,availability_by_province,sources,source_url,source_id,raw,data_quality,verified_at,last_seen_at,updated_at)
values (
  'master-v36-master-universitario-en-biotecnoloxia-avanzada',
  'Máster Universitario en Biotecnoloxía Avanzada',
  'master',
  'Máster universitario',
  'Universidade · posgrao',
  'Galicia',
  true,
  'Consultar requisitos, prazas, centros, modalidade e fontes oficiais antes de decidir.',
  '["Consultar criterios de admisión e plan de estudos na universidade."]'::jsonb,
  '[{"subject": "Non aplica", "weight": "consultar universidade"}]'::jsonb,
  '[]'::jsonb,
  '{"Galicia": ["Consultar campus e universidade."]}'::jsonb,
  '["usc-udc-masteres-doctorados", "ruct", "qedu"]'::jsonb,
  'https://www.usc.gal/',
  'usc-udc-masteres-doctorados',
  '{"source_upload": "3 base de datos itinera.zip", "source_file": "Másteres y doctorados usc y udc.pdf", "campus": ""}'::jsonb,
  'official_upload',
  now(),
  now(),
  now()
)
on conflict (id) do update set
  name=excluded.name,
  type=excluded.type,
  level=excluded.level,
  family=excluded.family,
  jurisdiction=excluded.jurisdiction,
  route=excluded.route,
  subjects=excluded.subjects,
  ponderation_subjects=excluded.ponderation_subjects,
  route_options=excluded.route_options,
  availability_by_province=excluded.availability_by_province,
  sources=excluded.sources,
  source_url=excluded.source_url,
  source_id=excluded.source_id,
  raw=excluded.raw,
  data_quality=excluded.data_quality,
  verified_at=excluded.verified_at,
  last_seen_at=excluded.last_seen_at,
  updated_at=now();


insert into public.itinera_postgraduate_catalog(id,study_id,postgraduate_type,campus,source_file,raw)
values ('post-master-v36-master-universitario-en-biotecnoloxia-avanzada','master-v36-master-universitario-en-biotecnoloxia-avanzada','master','','Másteres y doctorados usc y udc.pdf',jsonb_build_object('source_upload','3 base de datos itinera.zip'))
on conflict (id) do update set study_id=excluded.study_id,postgraduate_type=excluded.postgraduate_type,campus=excluded.campus,source_file=excluded.source_file,raw=excluded.raw,updated_at=now();


insert into public.itinera_studies(id,name,type,level,family,jurisdiction,official_title,route,subjects,ponderation_subjects,route_options,availability_by_province,sources,source_url,source_id,raw,data_quality,verified_at,last_seen_at,updated_at)
values (
  'master-v36-master-universitario-en-ciencia-e-tecnoloxias-de-informacion-cuantica',
  'Máster Universitario en Ciencia e Tecnoloxías de Información Cuántica',
  'master',
  'Máster universitario',
  'Universidade · posgrao',
  'Galicia',
  true,
  'Consultar requisitos, prazas, centros, modalidade e fontes oficiais antes de decidir.',
  '["Consultar criterios de admisión e plan de estudos na universidade."]'::jsonb,
  '[{"subject": "Non aplica", "weight": "consultar universidade"}]'::jsonb,
  '[]'::jsonb,
  '{"Galicia": ["Consultar campus e universidade."]}'::jsonb,
  '["usc-udc-masteres-doctorados", "ruct", "qedu"]'::jsonb,
  'https://www.usc.gal/',
  'usc-udc-masteres-doctorados',
  '{"source_upload": "3 base de datos itinera.zip", "source_file": "Másteres y doctorados usc y udc.pdf", "campus": ""}'::jsonb,
  'official_upload',
  now(),
  now(),
  now()
)
on conflict (id) do update set
  name=excluded.name,
  type=excluded.type,
  level=excluded.level,
  family=excluded.family,
  jurisdiction=excluded.jurisdiction,
  route=excluded.route,
  subjects=excluded.subjects,
  ponderation_subjects=excluded.ponderation_subjects,
  route_options=excluded.route_options,
  availability_by_province=excluded.availability_by_province,
  sources=excluded.sources,
  source_url=excluded.source_url,
  source_id=excluded.source_id,
  raw=excluded.raw,
  data_quality=excluded.data_quality,
  verified_at=excluded.verified_at,
  last_seen_at=excluded.last_seen_at,
  updated_at=now();


insert into public.itinera_postgraduate_catalog(id,study_id,postgraduate_type,campus,source_file,raw)
values ('post-master-v36-master-universitario-en-ciencia-e-tecnoloxias-de-informacion-cuantica','master-v36-master-universitario-en-ciencia-e-tecnoloxias-de-informacion-cuantica','master','','Másteres y doctorados usc y udc.pdf',jsonb_build_object('source_upload','3 base de datos itinera.zip'))
on conflict (id) do update set study_id=excluded.study_id,postgraduate_type=excluded.postgraduate_type,campus=excluded.campus,source_file=excluded.source_file,raw=excluded.raw,updated_at=now();


insert into public.itinera_studies(id,name,type,level,family,jurisdiction,official_title,route,subjects,ponderation_subjects,route_options,availability_by_province,sources,source_url,source_id,raw,data_quality,verified_at,last_seen_at,updated_at)
values (
  'master-v36-master-universitario-en-ciencias-tecnoloxias-e-xestion-ambiental',
  'Máster Universitario en Ciencias, Tecnoloxías e Xestión Ambiental',
  'master',
  'Máster universitario',
  'Universidade · posgrao',
  'Galicia',
  true,
  'Consultar requisitos, prazas, centros, modalidade e fontes oficiais antes de decidir.',
  '["Consultar criterios de admisión e plan de estudos na universidade."]'::jsonb,
  '[{"subject": "Non aplica", "weight": "consultar universidade"}]'::jsonb,
  '[]'::jsonb,
  '{"Galicia": ["Consultar campus e universidade."]}'::jsonb,
  '["usc-udc-masteres-doctorados", "ruct", "qedu"]'::jsonb,
  'https://www.usc.gal/',
  'usc-udc-masteres-doctorados',
  '{"source_upload": "3 base de datos itinera.zip", "source_file": "Másteres y doctorados usc y udc.pdf", "campus": ""}'::jsonb,
  'official_upload',
  now(),
  now(),
  now()
)
on conflict (id) do update set
  name=excluded.name,
  type=excluded.type,
  level=excluded.level,
  family=excluded.family,
  jurisdiction=excluded.jurisdiction,
  route=excluded.route,
  subjects=excluded.subjects,
  ponderation_subjects=excluded.ponderation_subjects,
  route_options=excluded.route_options,
  availability_by_province=excluded.availability_by_province,
  sources=excluded.sources,
  source_url=excluded.source_url,
  source_id=excluded.source_id,
  raw=excluded.raw,
  data_quality=excluded.data_quality,
  verified_at=excluded.verified_at,
  last_seen_at=excluded.last_seen_at,
  updated_at=now();


insert into public.itinera_postgraduate_catalog(id,study_id,postgraduate_type,campus,source_file,raw)
values ('post-master-v36-master-universitario-en-ciencias-tecnoloxias-e-xestion-ambiental','master-v36-master-universitario-en-ciencias-tecnoloxias-e-xestion-ambiental','master','','Másteres y doctorados usc y udc.pdf',jsonb_build_object('source_upload','3 base de datos itinera.zip'))
on conflict (id) do update set study_id=excluded.study_id,postgraduate_type=excluded.postgraduate_type,campus=excluded.campus,source_file=excluded.source_file,raw=excluded.raw,updated_at=now();


insert into public.itinera_studies(id,name,type,level,family,jurisdiction,official_title,route,subjects,ponderation_subjects,route_options,availability_by_province,sources,source_url,source_id,raw,data_quality,verified_at,last_seen_at,updated_at)
values (
  'master-v36-master-universitario-en-investigacion-quimica-e-quimica-industrial',
  'Máster Universitario en Investigación Química e Química Industrial',
  'master',
  'Máster universitario',
  'Universidade · posgrao',
  'Galicia',
  true,
  'Consultar requisitos, prazas, centros, modalidade e fontes oficiais antes de decidir.',
  '["Consultar criterios de admisión e plan de estudos na universidade."]'::jsonb,
  '[{"subject": "Non aplica", "weight": "consultar universidade"}]'::jsonb,
  '[]'::jsonb,
  '{"Galicia": ["Consultar campus e universidade."]}'::jsonb,
  '["usc-udc-masteres-doctorados", "ruct", "qedu"]'::jsonb,
  'https://www.usc.gal/',
  'usc-udc-masteres-doctorados',
  '{"source_upload": "3 base de datos itinera.zip", "source_file": "Másteres y doctorados usc y udc.pdf", "campus": ""}'::jsonb,
  'official_upload',
  now(),
  now(),
  now()
)
on conflict (id) do update set
  name=excluded.name,
  type=excluded.type,
  level=excluded.level,
  family=excluded.family,
  jurisdiction=excluded.jurisdiction,
  route=excluded.route,
  subjects=excluded.subjects,
  ponderation_subjects=excluded.ponderation_subjects,
  route_options=excluded.route_options,
  availability_by_province=excluded.availability_by_province,
  sources=excluded.sources,
  source_url=excluded.source_url,
  source_id=excluded.source_id,
  raw=excluded.raw,
  data_quality=excluded.data_quality,
  verified_at=excluded.verified_at,
  last_seen_at=excluded.last_seen_at,
  updated_at=now();


insert into public.itinera_postgraduate_catalog(id,study_id,postgraduate_type,campus,source_file,raw)
values ('post-master-v36-master-universitario-en-investigacion-quimica-e-quimica-industrial','master-v36-master-universitario-en-investigacion-quimica-e-quimica-industrial','master','','Másteres y doctorados usc y udc.pdf',jsonb_build_object('source_upload','3 base de datos itinera.zip'))
on conflict (id) do update set study_id=excluded.study_id,postgraduate_type=excluded.postgraduate_type,campus=excluded.campus,source_file=excluded.source_file,raw=excluded.raw,updated_at=now();


insert into public.itinera_studies(id,name,type,level,family,jurisdiction,official_title,route,subjects,ponderation_subjects,route_options,availability_by_province,sources,source_url,source_id,raw,data_quality,verified_at,last_seen_at,updated_at)
values (
  'master-v36-master-universitario-en-tecnicas-estatisticas',
  'Máster Universitario en Técnicas Estatísticas',
  'master',
  'Máster universitario',
  'Universidade · posgrao',
  'Galicia',
  true,
  'Consultar requisitos, prazas, centros, modalidade e fontes oficiais antes de decidir.',
  '["Consultar criterios de admisión e plan de estudos na universidade."]'::jsonb,
  '[{"subject": "Non aplica", "weight": "consultar universidade"}]'::jsonb,
  '[]'::jsonb,
  '{"Galicia": ["Consultar campus e universidade."]}'::jsonb,
  '["usc-udc-masteres-doctorados", "ruct", "qedu"]'::jsonb,
  'https://www.usc.gal/',
  'usc-udc-masteres-doctorados',
  '{"source_upload": "3 base de datos itinera.zip", "source_file": "Másteres y doctorados usc y udc.pdf", "campus": ""}'::jsonb,
  'official_upload',
  now(),
  now(),
  now()
)
on conflict (id) do update set
  name=excluded.name,
  type=excluded.type,
  level=excluded.level,
  family=excluded.family,
  jurisdiction=excluded.jurisdiction,
  route=excluded.route,
  subjects=excluded.subjects,
  ponderation_subjects=excluded.ponderation_subjects,
  route_options=excluded.route_options,
  availability_by_province=excluded.availability_by_province,
  sources=excluded.sources,
  source_url=excluded.source_url,
  source_id=excluded.source_id,
  raw=excluded.raw,
  data_quality=excluded.data_quality,
  verified_at=excluded.verified_at,
  last_seen_at=excluded.last_seen_at,
  updated_at=now();


insert into public.itinera_postgraduate_catalog(id,study_id,postgraduate_type,campus,source_file,raw)
values ('post-master-v36-master-universitario-en-tecnicas-estatisticas','master-v36-master-universitario-en-tecnicas-estatisticas','master','','Másteres y doctorados usc y udc.pdf',jsonb_build_object('source_upload','3 base de datos itinera.zip'))
on conflict (id) do update set study_id=excluded.study_id,postgraduate_type=excluded.postgraduate_type,campus=excluded.campus,source_file=excluded.source_file,raw=excluded.raw,updated_at=now();


insert into public.itinera_studies(id,name,type,level,family,jurisdiction,official_title,route,subjects,ponderation_subjects,route_options,availability_by_province,sources,source_url,source_id,raw,data_quality,verified_at,last_seen_at,updated_at)
values (
  'master-v36-master-universitario-en-asistencia-e-investigacion-sanitaria',
  'Máster Universitario en Asistencia e Investigación Sanitaria',
  'master',
  'Máster universitario',
  'Universidade · posgrao',
  'Galicia',
  true,
  'Consultar requisitos, prazas, centros, modalidade e fontes oficiais antes de decidir.',
  '["Consultar criterios de admisión e plan de estudos na universidade."]'::jsonb,
  '[{"subject": "Non aplica", "weight": "consultar universidade"}]'::jsonb,
  '[]'::jsonb,
  '{"Galicia": ["Consultar campus e universidade."]}'::jsonb,
  '["usc-udc-masteres-doctorados", "ruct", "qedu"]'::jsonb,
  'https://www.usc.gal/',
  'usc-udc-masteres-doctorados',
  '{"source_upload": "3 base de datos itinera.zip", "source_file": "Másteres y doctorados usc y udc.pdf", "campus": ""}'::jsonb,
  'official_upload',
  now(),
  now(),
  now()
)
on conflict (id) do update set
  name=excluded.name,
  type=excluded.type,
  level=excluded.level,
  family=excluded.family,
  jurisdiction=excluded.jurisdiction,
  route=excluded.route,
  subjects=excluded.subjects,
  ponderation_subjects=excluded.ponderation_subjects,
  route_options=excluded.route_options,
  availability_by_province=excluded.availability_by_province,
  sources=excluded.sources,
  source_url=excluded.source_url,
  source_id=excluded.source_id,
  raw=excluded.raw,
  data_quality=excluded.data_quality,
  verified_at=excluded.verified_at,
  last_seen_at=excluded.last_seen_at,
  updated_at=now();


insert into public.itinera_postgraduate_catalog(id,study_id,postgraduate_type,campus,source_file,raw)
values ('post-master-v36-master-universitario-en-asistencia-e-investigacion-sanitaria','master-v36-master-universitario-en-asistencia-e-investigacion-sanitaria','master','','Másteres y doctorados usc y udc.pdf',jsonb_build_object('source_upload','3 base de datos itinera.zip'))
on conflict (id) do update set study_id=excluded.study_id,postgraduate_type=excluded.postgraduate_type,campus=excluded.campus,source_file=excluded.source_file,raw=excluded.raw,updated_at=now();


insert into public.itinera_studies(id,name,type,level,family,jurisdiction,official_title,route,subjects,ponderation_subjects,route_options,availability_by_province,sources,source_url,source_id,raw,data_quality,verified_at,last_seen_at,updated_at)
values (
  'master-v36-master-universitario-en-cronicidade-e-novos-modelos-de-atencion-sociosanitaria',
  'Máster Universitario en Cronicidade e Novos Modelos de Atención Sociosanitaria',
  'master',
  'Máster universitario',
  'Universidade · posgrao',
  'Galicia',
  true,
  'Consultar requisitos, prazas, centros, modalidade e fontes oficiais antes de decidir.',
  '["Consultar criterios de admisión e plan de estudos na universidade."]'::jsonb,
  '[{"subject": "Non aplica", "weight": "consultar universidade"}]'::jsonb,
  '[]'::jsonb,
  '{"Galicia": ["Consultar campus e universidade."]}'::jsonb,
  '["usc-udc-masteres-doctorados", "ruct", "qedu"]'::jsonb,
  'https://www.usc.gal/',
  'usc-udc-masteres-doctorados',
  '{"source_upload": "3 base de datos itinera.zip", "source_file": "Másteres y doctorados usc y udc.pdf", "campus": ""}'::jsonb,
  'official_upload',
  now(),
  now(),
  now()
)
on conflict (id) do update set
  name=excluded.name,
  type=excluded.type,
  level=excluded.level,
  family=excluded.family,
  jurisdiction=excluded.jurisdiction,
  route=excluded.route,
  subjects=excluded.subjects,
  ponderation_subjects=excluded.ponderation_subjects,
  route_options=excluded.route_options,
  availability_by_province=excluded.availability_by_province,
  sources=excluded.sources,
  source_url=excluded.source_url,
  source_id=excluded.source_id,
  raw=excluded.raw,
  data_quality=excluded.data_quality,
  verified_at=excluded.verified_at,
  last_seen_at=excluded.last_seen_at,
  updated_at=now();


insert into public.itinera_postgraduate_catalog(id,study_id,postgraduate_type,campus,source_file,raw)
values ('post-master-v36-master-universitario-en-cronicidade-e-novos-modelos-de-atencion-sociosanitaria','master-v36-master-universitario-en-cronicidade-e-novos-modelos-de-atencion-sociosanitaria','master','','Másteres y doctorados usc y udc.pdf',jsonb_build_object('source_upload','3 base de datos itinera.zip'))
on conflict (id) do update set study_id=excluded.study_id,postgraduate_type=excluded.postgraduate_type,campus=excluded.campus,source_file=excluded.source_file,raw=excluded.raw,updated_at=now();


insert into public.itinera_studies(id,name,type,level,family,jurisdiction,official_title,route,subjects,ponderation_subjects,route_options,availability_by_province,sources,source_url,source_id,raw,data_quality,verified_at,last_seen_at,updated_at)
values (
  'master-v36-master-universitario-en-xerontoloxia',
  'Máster Universitario en Xerontoloxía',
  'master',
  'Máster universitario',
  'Universidade · posgrao',
  'Galicia',
  true,
  'Consultar requisitos, prazas, centros, modalidade e fontes oficiais antes de decidir.',
  '["Consultar criterios de admisión e plan de estudos na universidade."]'::jsonb,
  '[{"subject": "Non aplica", "weight": "consultar universidade"}]'::jsonb,
  '[]'::jsonb,
  '{"Galicia": ["Consultar campus e universidade."]}'::jsonb,
  '["usc-udc-masteres-doctorados", "ruct", "qedu"]'::jsonb,
  'https://www.usc.gal/',
  'usc-udc-masteres-doctorados',
  '{"source_upload": "3 base de datos itinera.zip", "source_file": "Másteres y doctorados usc y udc.pdf", "campus": ""}'::jsonb,
  'official_upload',
  now(),
  now(),
  now()
)
on conflict (id) do update set
  name=excluded.name,
  type=excluded.type,
  level=excluded.level,
  family=excluded.family,
  jurisdiction=excluded.jurisdiction,
  route=excluded.route,
  subjects=excluded.subjects,
  ponderation_subjects=excluded.ponderation_subjects,
  route_options=excluded.route_options,
  availability_by_province=excluded.availability_by_province,
  sources=excluded.sources,
  source_url=excluded.source_url,
  source_id=excluded.source_id,
  raw=excluded.raw,
  data_quality=excluded.data_quality,
  verified_at=excluded.verified_at,
  last_seen_at=excluded.last_seen_at,
  updated_at=now();


insert into public.itinera_postgraduate_catalog(id,study_id,postgraduate_type,campus,source_file,raw)
values ('post-master-v36-master-universitario-en-xerontoloxia','master-v36-master-universitario-en-xerontoloxia','master','','Másteres y doctorados usc y udc.pdf',jsonb_build_object('source_upload','3 base de datos itinera.zip'))
on conflict (id) do update set study_id=excluded.study_id,postgraduate_type=excluded.postgraduate_type,campus=excluded.campus,source_file=excluded.source_file,raw=excluded.raw,updated_at=now();


insert into public.itinera_studies(id,name,type,level,family,jurisdiction,official_title,route,subjects,ponderation_subjects,route_options,availability_by_province,sources,source_url,source_id,raw,data_quality,verified_at,last_seen_at,updated_at)
values (
  'master-v36-master-universitario-en-avogacia-e-procuradoria',
  'Máster Universitario en Avogacía e Procuradoría',
  'master',
  'Máster universitario',
  'Universidade · posgrao',
  'Galicia',
  true,
  'Consultar requisitos, prazas, centros, modalidade e fontes oficiais antes de decidir.',
  '["Consultar criterios de admisión e plan de estudos na universidade."]'::jsonb,
  '[{"subject": "Non aplica", "weight": "consultar universidade"}]'::jsonb,
  '[]'::jsonb,
  '{"Galicia": ["Consultar campus e universidade."]}'::jsonb,
  '["usc-udc-masteres-doctorados", "ruct", "qedu"]'::jsonb,
  'https://www.usc.gal/',
  'usc-udc-masteres-doctorados',
  '{"source_upload": "3 base de datos itinera.zip", "source_file": "Másteres y doctorados usc y udc.pdf", "campus": ""}'::jsonb,
  'official_upload',
  now(),
  now(),
  now()
)
on conflict (id) do update set
  name=excluded.name,
  type=excluded.type,
  level=excluded.level,
  family=excluded.family,
  jurisdiction=excluded.jurisdiction,
  route=excluded.route,
  subjects=excluded.subjects,
  ponderation_subjects=excluded.ponderation_subjects,
  route_options=excluded.route_options,
  availability_by_province=excluded.availability_by_province,
  sources=excluded.sources,
  source_url=excluded.source_url,
  source_id=excluded.source_id,
  raw=excluded.raw,
  data_quality=excluded.data_quality,
  verified_at=excluded.verified_at,
  last_seen_at=excluded.last_seen_at,
  updated_at=now();


insert into public.itinera_postgraduate_catalog(id,study_id,postgraduate_type,campus,source_file,raw)
values ('post-master-v36-master-universitario-en-avogacia-e-procuradoria','master-v36-master-universitario-en-avogacia-e-procuradoria','master','','Másteres y doctorados usc y udc.pdf',jsonb_build_object('source_upload','3 base de datos itinera.zip'))
on conflict (id) do update set study_id=excluded.study_id,postgraduate_type=excluded.postgraduate_type,campus=excluded.campus,source_file=excluded.source_file,raw=excluded.raw,updated_at=now();


insert into public.itinera_studies(id,name,type,level,family,jurisdiction,official_title,route,subjects,ponderation_subjects,route_options,availability_by_province,sources,source_url,source_id,raw,data_quality,verified_at,last_seen_at,updated_at)
values (
  'master-v36-master-universitario-en-banca-e-finanzas',
  'Máster Universitario en Banca e Finanzas',
  'master',
  'Máster universitario',
  'Universidade · posgrao',
  'Galicia',
  true,
  'Consultar requisitos, prazas, centros, modalidade e fontes oficiais antes de decidir.',
  '["Consultar criterios de admisión e plan de estudos na universidade."]'::jsonb,
  '[{"subject": "Non aplica", "weight": "consultar universidade"}]'::jsonb,
  '[]'::jsonb,
  '{"Galicia": ["Consultar campus e universidade."]}'::jsonb,
  '["usc-udc-masteres-doctorados", "ruct", "qedu"]'::jsonb,
  'https://www.usc.gal/',
  'usc-udc-masteres-doctorados',
  '{"source_upload": "3 base de datos itinera.zip", "source_file": "Másteres y doctorados usc y udc.pdf", "campus": ""}'::jsonb,
  'official_upload',
  now(),
  now(),
  now()
)
on conflict (id) do update set
  name=excluded.name,
  type=excluded.type,
  level=excluded.level,
  family=excluded.family,
  jurisdiction=excluded.jurisdiction,
  route=excluded.route,
  subjects=excluded.subjects,
  ponderation_subjects=excluded.ponderation_subjects,
  route_options=excluded.route_options,
  availability_by_province=excluded.availability_by_province,
  sources=excluded.sources,
  source_url=excluded.source_url,
  source_id=excluded.source_id,
  raw=excluded.raw,
  data_quality=excluded.data_quality,
  verified_at=excluded.verified_at,
  last_seen_at=excluded.last_seen_at,
  updated_at=now();


insert into public.itinera_postgraduate_catalog(id,study_id,postgraduate_type,campus,source_file,raw)
values ('post-master-v36-master-universitario-en-banca-e-finanzas','master-v36-master-universitario-en-banca-e-finanzas','master','','Másteres y doctorados usc y udc.pdf',jsonb_build_object('source_upload','3 base de datos itinera.zip'))
on conflict (id) do update set study_id=excluded.study_id,postgraduate_type=excluded.postgraduate_type,campus=excluded.campus,source_file=excluded.source_file,raw=excluded.raw,updated_at=now();


insert into public.itinera_studies(id,name,type,level,family,jurisdiction,official_title,route,subjects,ponderation_subjects,route_options,availability_by_province,sources,source_url,source_id,raw,data_quality,verified_at,last_seen_at,updated_at)
values (
  'master-v36-master-universitario-en-ciencia-do-exercicio-preparacion-fisica-e-readaptacion-deportiva',
  'Máster Universitario en Ciencia do Exercicio, Preparación Física e Readaptación Deportiva',
  'master',
  'Máster universitario',
  'Universidade · posgrao',
  'Galicia',
  true,
  'Consultar requisitos, prazas, centros, modalidade e fontes oficiais antes de decidir.',
  '["Consultar criterios de admisión e plan de estudos na universidade."]'::jsonb,
  '[{"subject": "Non aplica", "weight": "consultar universidade"}]'::jsonb,
  '[]'::jsonb,
  '{"Galicia": ["Consultar campus e universidade."]}'::jsonb,
  '["usc-udc-masteres-doctorados", "ruct", "qedu"]'::jsonb,
  'https://www.usc.gal/',
  'usc-udc-masteres-doctorados',
  '{"source_upload": "3 base de datos itinera.zip", "source_file": "Másteres y doctorados usc y udc.pdf", "campus": ""}'::jsonb,
  'official_upload',
  now(),
  now(),
  now()
)
on conflict (id) do update set
  name=excluded.name,
  type=excluded.type,
  level=excluded.level,
  family=excluded.family,
  jurisdiction=excluded.jurisdiction,
  route=excluded.route,
  subjects=excluded.subjects,
  ponderation_subjects=excluded.ponderation_subjects,
  route_options=excluded.route_options,
  availability_by_province=excluded.availability_by_province,
  sources=excluded.sources,
  source_url=excluded.source_url,
  source_id=excluded.source_id,
  raw=excluded.raw,
  data_quality=excluded.data_quality,
  verified_at=excluded.verified_at,
  last_seen_at=excluded.last_seen_at,
  updated_at=now();


insert into public.itinera_postgraduate_catalog(id,study_id,postgraduate_type,campus,source_file,raw)
values ('post-master-v36-master-universitario-en-ciencia-do-exercicio-preparacion-fisica-e-readaptacion-deportiva','master-v36-master-universitario-en-ciencia-do-exercicio-preparacion-fisica-e-readaptacion-deportiva','master','','Másteres y doctorados usc y udc.pdf',jsonb_build_object('source_upload','3 base de datos itinera.zip'))
on conflict (id) do update set study_id=excluded.study_id,postgraduate_type=excluded.postgraduate_type,campus=excluded.campus,source_file=excluded.source_file,raw=excluded.raw,updated_at=now();


insert into public.itinera_studies(id,name,type,level,family,jurisdiction,official_title,route,subjects,ponderation_subjects,route_options,availability_by_province,sources,source_url,source_id,raw,data_quality,verified_at,last_seen_at,updated_at)
values (
  'master-v36-master-universitario-en-contabilidade-superior-e-auditoria-de-contas',
  'Máster Universitario en Contabilidade Superior e Auditoría de Contas',
  'master',
  'Máster universitario',
  'Universidade · posgrao',
  'Galicia',
  true,
  'Consultar requisitos, prazas, centros, modalidade e fontes oficiais antes de decidir.',
  '["Consultar criterios de admisión e plan de estudos na universidade."]'::jsonb,
  '[{"subject": "Non aplica", "weight": "consultar universidade"}]'::jsonb,
  '[]'::jsonb,
  '{"Galicia": ["Consultar campus e universidade."]}'::jsonb,
  '["usc-udc-masteres-doctorados", "ruct", "qedu"]'::jsonb,
  'https://www.usc.gal/',
  'usc-udc-masteres-doctorados',
  '{"source_upload": "3 base de datos itinera.zip", "source_file": "Másteres y doctorados usc y udc.pdf", "campus": ""}'::jsonb,
  'official_upload',
  now(),
  now(),
  now()
)
on conflict (id) do update set
  name=excluded.name,
  type=excluded.type,
  level=excluded.level,
  family=excluded.family,
  jurisdiction=excluded.jurisdiction,
  route=excluded.route,
  subjects=excluded.subjects,
  ponderation_subjects=excluded.ponderation_subjects,
  route_options=excluded.route_options,
  availability_by_province=excluded.availability_by_province,
  sources=excluded.sources,
  source_url=excluded.source_url,
  source_id=excluded.source_id,
  raw=excluded.raw,
  data_quality=excluded.data_quality,
  verified_at=excluded.verified_at,
  last_seen_at=excluded.last_seen_at,
  updated_at=now();


insert into public.itinera_postgraduate_catalog(id,study_id,postgraduate_type,campus,source_file,raw)
values ('post-master-v36-master-universitario-en-contabilidade-superior-e-auditoria-de-contas','master-v36-master-universitario-en-contabilidade-superior-e-auditoria-de-contas','master','','Másteres y doctorados usc y udc.pdf',jsonb_build_object('source_upload','3 base de datos itinera.zip'))
on conflict (id) do update set study_id=excluded.study_id,postgraduate_type=excluded.postgraduate_type,campus=excluded.campus,source_file=excluded.source_file,raw=excluded.raw,updated_at=now();


insert into public.itinera_studies(id,name,type,level,family,jurisdiction,official_title,route,subjects,ponderation_subjects,route_options,availability_by_province,sources,source_url,source_id,raw,data_quality,verified_at,last_seen_at,updated_at)
values (
  'master-v36-master-universitario-en-dereito-dixital-e-da-intelixencia-artificial',
  'Máster Universitario en Dereito Dixital e da Intelixencia Artificial',
  'master',
  'Máster universitario',
  'Universidade · posgrao',
  'Galicia',
  true,
  'Consultar requisitos, prazas, centros, modalidade e fontes oficiais antes de decidir.',
  '["Consultar criterios de admisión e plan de estudos na universidade."]'::jsonb,
  '[{"subject": "Non aplica", "weight": "consultar universidade"}]'::jsonb,
  '[]'::jsonb,
  '{"Galicia": ["Consultar campus e universidade."]}'::jsonb,
  '["usc-udc-masteres-doctorados", "ruct", "qedu"]'::jsonb,
  'https://www.usc.gal/',
  'usc-udc-masteres-doctorados',
  '{"source_upload": "3 base de datos itinera.zip", "source_file": "Másteres y doctorados usc y udc.pdf", "campus": ""}'::jsonb,
  'official_upload',
  now(),
  now(),
  now()
)
on conflict (id) do update set
  name=excluded.name,
  type=excluded.type,
  level=excluded.level,
  family=excluded.family,
  jurisdiction=excluded.jurisdiction,
  route=excluded.route,
  subjects=excluded.subjects,
  ponderation_subjects=excluded.ponderation_subjects,
  route_options=excluded.route_options,
  availability_by_province=excluded.availability_by_province,
  sources=excluded.sources,
  source_url=excluded.source_url,
  source_id=excluded.source_id,
  raw=excluded.raw,
  data_quality=excluded.data_quality,
  verified_at=excluded.verified_at,
  last_seen_at=excluded.last_seen_at,
  updated_at=now();


insert into public.itinera_postgraduate_catalog(id,study_id,postgraduate_type,campus,source_file,raw)
values ('post-master-v36-master-universitario-en-dereito-dixital-e-da-intelixencia-artificial','master-v36-master-universitario-en-dereito-dixital-e-da-intelixencia-artificial','master','','Másteres y doctorados usc y udc.pdf',jsonb_build_object('source_upload','3 base de datos itinera.zip'))
on conflict (id) do update set study_id=excluded.study_id,postgraduate_type=excluded.postgraduate_type,campus=excluded.campus,source_file=excluded.source_file,raw=excluded.raw,updated_at=now();


insert into public.itinera_studies(id,name,type,level,family,jurisdiction,official_title,route,subjects,ponderation_subjects,route_options,availability_by_province,sources,source_url,source_id,raw,data_quality,verified_at,last_seen_at,updated_at)
values (
  'master-v36-master-universitario-en-direccion-e-administracion-de-empresas',
  'Máster Universitario en Dirección e Administración de Empresas',
  'master',
  'Máster universitario',
  'Universidade · posgrao',
  'Galicia',
  true,
  'Consultar requisitos, prazas, centros, modalidade e fontes oficiais antes de decidir.',
  '["Consultar criterios de admisión e plan de estudos na universidade."]'::jsonb,
  '[{"subject": "Non aplica", "weight": "consultar universidade"}]'::jsonb,
  '[]'::jsonb,
  '{"Galicia": ["Consultar campus e universidade."]}'::jsonb,
  '["usc-udc-masteres-doctorados", "ruct", "qedu"]'::jsonb,
  'https://www.usc.gal/',
  'usc-udc-masteres-doctorados',
  '{"source_upload": "3 base de datos itinera.zip", "source_file": "Másteres y doctorados usc y udc.pdf", "campus": ""}'::jsonb,
  'official_upload',
  now(),
  now(),
  now()
)
on conflict (id) do update set
  name=excluded.name,
  type=excluded.type,
  level=excluded.level,
  family=excluded.family,
  jurisdiction=excluded.jurisdiction,
  route=excluded.route,
  subjects=excluded.subjects,
  ponderation_subjects=excluded.ponderation_subjects,
  route_options=excluded.route_options,
  availability_by_province=excluded.availability_by_province,
  sources=excluded.sources,
  source_url=excluded.source_url,
  source_id=excluded.source_id,
  raw=excluded.raw,
  data_quality=excluded.data_quality,
  verified_at=excluded.verified_at,
  last_seen_at=excluded.last_seen_at,
  updated_at=now();


insert into public.itinera_postgraduate_catalog(id,study_id,postgraduate_type,campus,source_file,raw)
values ('post-master-v36-master-universitario-en-direccion-e-administracion-de-empresas','master-v36-master-universitario-en-direccion-e-administracion-de-empresas','master','','Másteres y doctorados usc y udc.pdf',jsonb_build_object('source_upload','3 base de datos itinera.zip'))
on conflict (id) do update set study_id=excluded.study_id,postgraduate_type=excluded.postgraduate_type,campus=excluded.campus,source_file=excluded.source_file,raw=excluded.raw,updated_at=now();


insert into public.itinera_studies(id,name,type,level,family,jurisdiction,official_title,route,subjects,ponderation_subjects,route_options,availability_by_province,sources,source_url,source_id,raw,data_quality,verified_at,last_seen_at,updated_at)
values (
  'master-v36-master-universitario-en-estudos-avanzados-sobre-a-linguaxe-a-comunicacion-e-as-suas-patoloxias',
  'Máster Universitario en Estudos Avanzados sobre a Linguaxe, a Comunicación e as súas Patoloxías',
  'master',
  'Máster universitario',
  'Universidade · posgrao',
  'Galicia',
  true,
  'Consultar requisitos, prazas, centros, modalidade e fontes oficiais antes de decidir.',
  '["Consultar criterios de admisión e plan de estudos na universidade."]'::jsonb,
  '[{"subject": "Non aplica", "weight": "consultar universidade"}]'::jsonb,
  '[]'::jsonb,
  '{"Galicia": ["Consultar campus e universidade."]}'::jsonb,
  '["usc-udc-masteres-doctorados", "ruct", "qedu"]'::jsonb,
  'https://www.usc.gal/',
  'usc-udc-masteres-doctorados',
  '{"source_upload": "3 base de datos itinera.zip", "source_file": "Másteres y doctorados usc y udc.pdf", "campus": ""}'::jsonb,
  'official_upload',
  now(),
  now(),
  now()
)
on conflict (id) do update set
  name=excluded.name,
  type=excluded.type,
  level=excluded.level,
  family=excluded.family,
  jurisdiction=excluded.jurisdiction,
  route=excluded.route,
  subjects=excluded.subjects,
  ponderation_subjects=excluded.ponderation_subjects,
  route_options=excluded.route_options,
  availability_by_province=excluded.availability_by_province,
  sources=excluded.sources,
  source_url=excluded.source_url,
  source_id=excluded.source_id,
  raw=excluded.raw,
  data_quality=excluded.data_quality,
  verified_at=excluded.verified_at,
  last_seen_at=excluded.last_seen_at,
  updated_at=now();


insert into public.itinera_postgraduate_catalog(id,study_id,postgraduate_type,campus,source_file,raw)
values ('post-master-v36-master-universitario-en-estudos-avanzados-sobre-a-linguaxe-a-comunicacion-e-as-suas-patoloxias','master-v36-master-universitario-en-estudos-avanzados-sobre-a-linguaxe-a-comunicacion-e-as-suas-patoloxias','master','','Másteres y doctorados usc y udc.pdf',jsonb_build_object('source_upload','3 base de datos itinera.zip'))
on conflict (id) do update set study_id=excluded.study_id,postgraduate_type=excluded.postgraduate_type,campus=excluded.campus,source_file=excluded.source_file,raw=excluded.raw,updated_at=now();


insert into public.itinera_studies(id,name,type,level,family,jurisdiction,official_title,route,subjects,ponderation_subjects,route_options,availability_by_province,sources,source_url,source_id,raw,data_quality,verified_at,last_seen_at,updated_at)
values (
  'master-v36-master-universitario-en-investigacion-e-innovacion-en-didacticas-especificas-para-educacion-infantil',
  'Máster Universitario en Investigación e Innovación en Didácticas Específicas para Educación Infantil e Primaria',
  'master',
  'Máster universitario',
  'Universidade · posgrao',
  'Galicia',
  true,
  'Consultar requisitos, prazas, centros, modalidade e fontes oficiais antes de decidir.',
  '["Consultar criterios de admisión e plan de estudos na universidade."]'::jsonb,
  '[{"subject": "Non aplica", "weight": "consultar universidade"}]'::jsonb,
  '[]'::jsonb,
  '{"Galicia": ["Consultar campus e universidade."]}'::jsonb,
  '["usc-udc-masteres-doctorados", "ruct", "qedu"]'::jsonb,
  'https://www.usc.gal/',
  'usc-udc-masteres-doctorados',
  '{"source_upload": "3 base de datos itinera.zip", "source_file": "Másteres y doctorados usc y udc.pdf", "campus": ""}'::jsonb,
  'official_upload',
  now(),
  now(),
  now()
)
on conflict (id) do update set
  name=excluded.name,
  type=excluded.type,
  level=excluded.level,
  family=excluded.family,
  jurisdiction=excluded.jurisdiction,
  route=excluded.route,
  subjects=excluded.subjects,
  ponderation_subjects=excluded.ponderation_subjects,
  route_options=excluded.route_options,
  availability_by_province=excluded.availability_by_province,
  sources=excluded.sources,
  source_url=excluded.source_url,
  source_id=excluded.source_id,
  raw=excluded.raw,
  data_quality=excluded.data_quality,
  verified_at=excluded.verified_at,
  last_seen_at=excluded.last_seen_at,
  updated_at=now();


insert into public.itinera_postgraduate_catalog(id,study_id,postgraduate_type,campus,source_file,raw)
values ('post-master-v36-master-universitario-en-investigacion-e-innovacion-en-didacticas-especificas-para-educacion-infantil','master-v36-master-universitario-en-investigacion-e-innovacion-en-didacticas-especificas-para-educacion-infantil','master','','Másteres y doctorados usc y udc.pdf',jsonb_build_object('source_upload','3 base de datos itinera.zip'))
on conflict (id) do update set study_id=excluded.study_id,postgraduate_type=excluded.postgraduate_type,campus=excluded.campus,source_file=excluded.source_file,raw=excluded.raw,updated_at=now();


insert into public.itinera_studies(id,name,type,level,family,jurisdiction,official_title,route,subjects,ponderation_subjects,route_options,availability_by_province,sources,source_url,source_id,raw,data_quality,verified_at,last_seen_at,updated_at)
values (
  'master-v36-master-universitario-en-investigacion-en-actividade-fisica-deporte-e-saude',
  'Máster Universitario en Investigación en Actividade Física, Deporte e Saúde',
  'master',
  'Máster universitario',
  'Universidade · posgrao',
  'Galicia',
  true,
  'Consultar requisitos, prazas, centros, modalidade e fontes oficiais antes de decidir.',
  '["Consultar criterios de admisión e plan de estudos na universidade."]'::jsonb,
  '[{"subject": "Non aplica", "weight": "consultar universidade"}]'::jsonb,
  '[]'::jsonb,
  '{"Galicia": ["Consultar campus e universidade."]}'::jsonb,
  '["usc-udc-masteres-doctorados", "ruct", "qedu"]'::jsonb,
  'https://www.usc.gal/',
  'usc-udc-masteres-doctorados',
  '{"source_upload": "3 base de datos itinera.zip", "source_file": "Másteres y doctorados usc y udc.pdf", "campus": ""}'::jsonb,
  'official_upload',
  now(),
  now(),
  now()
)
on conflict (id) do update set
  name=excluded.name,
  type=excluded.type,
  level=excluded.level,
  family=excluded.family,
  jurisdiction=excluded.jurisdiction,
  route=excluded.route,
  subjects=excluded.subjects,
  ponderation_subjects=excluded.ponderation_subjects,
  route_options=excluded.route_options,
  availability_by_province=excluded.availability_by_province,
  sources=excluded.sources,
  source_url=excluded.source_url,
  source_id=excluded.source_id,
  raw=excluded.raw,
  data_quality=excluded.data_quality,
  verified_at=excluded.verified_at,
  last_seen_at=excluded.last_seen_at,
  updated_at=now();


insert into public.itinera_postgraduate_catalog(id,study_id,postgraduate_type,campus,source_file,raw)
values ('post-master-v36-master-universitario-en-investigacion-en-actividade-fisica-deporte-e-saude','master-v36-master-universitario-en-investigacion-en-actividade-fisica-deporte-e-saude','master','','Másteres y doctorados usc y udc.pdf',jsonb_build_object('source_upload','3 base de datos itinera.zip'))
on conflict (id) do update set study_id=excluded.study_id,postgraduate_type=excluded.postgraduate_type,campus=excluded.campus,source_file=excluded.source_file,raw=excluded.raw,updated_at=now();


insert into public.itinera_studies(id,name,type,level,family,jurisdiction,official_title,route,subjects,ponderation_subjects,route_options,availability_by_province,sources,source_url,source_id,raw,data_quality,verified_at,last_seen_at,updated_at)
values (
  'master-v36-master-universitario-en-metodos-avanzados-de-investigacion-e-innovacion-na-analise-social',
  'Máster Universitario en Métodos Avanzados de Investigación e Innovación na Análise Social',
  'master',
  'Máster universitario',
  'Universidade · posgrao',
  'Galicia',
  true,
  'Consultar requisitos, prazas, centros, modalidade e fontes oficiais antes de decidir.',
  '["Consultar criterios de admisión e plan de estudos na universidade."]'::jsonb,
  '[{"subject": "Non aplica", "weight": "consultar universidade"}]'::jsonb,
  '[]'::jsonb,
  '{"Galicia": ["Consultar campus e universidade."]}'::jsonb,
  '["usc-udc-masteres-doctorados", "ruct", "qedu"]'::jsonb,
  'https://www.usc.gal/',
  'usc-udc-masteres-doctorados',
  '{"source_upload": "3 base de datos itinera.zip", "source_file": "Másteres y doctorados usc y udc.pdf", "campus": ""}'::jsonb,
  'official_upload',
  now(),
  now(),
  now()
)
on conflict (id) do update set
  name=excluded.name,
  type=excluded.type,
  level=excluded.level,
  family=excluded.family,
  jurisdiction=excluded.jurisdiction,
  route=excluded.route,
  subjects=excluded.subjects,
  ponderation_subjects=excluded.ponderation_subjects,
  route_options=excluded.route_options,
  availability_by_province=excluded.availability_by_province,
  sources=excluded.sources,
  source_url=excluded.source_url,
  source_id=excluded.source_id,
  raw=excluded.raw,
  data_quality=excluded.data_quality,
  verified_at=excluded.verified_at,
  last_seen_at=excluded.last_seen_at,
  updated_at=now();


insert into public.itinera_postgraduate_catalog(id,study_id,postgraduate_type,campus,source_file,raw)
values ('post-master-v36-master-universitario-en-metodos-avanzados-de-investigacion-e-innovacion-na-analise-social','master-v36-master-universitario-en-metodos-avanzados-de-investigacion-e-innovacion-na-analise-social','master','','Másteres y doctorados usc y udc.pdf',jsonb_build_object('source_upload','3 base de datos itinera.zip'))
on conflict (id) do update set study_id=excluded.study_id,postgraduate_type=excluded.postgraduate_type,campus=excluded.campus,source_file=excluded.source_file,raw=excluded.raw,updated_at=now();


insert into public.itinera_studies(id,name,type,level,family,jurisdiction,official_title,route,subjects,ponderation_subjects,route_options,availability_by_province,sources,source_url,source_id,raw,data_quality,verified_at,last_seen_at,updated_at)
values (
  'master-v36-master-universitario-en-planificacion-e-xestion-de-destinos-e-produtos-turisticos',
  'Máster Universitario en Planificación e Xestión de Destinos e Produtos Turísticos',
  'master',
  'Máster universitario',
  'Universidade · posgrao',
  'Galicia',
  true,
  'Consultar requisitos, prazas, centros, modalidade e fontes oficiais antes de decidir.',
  '["Consultar criterios de admisión e plan de estudos na universidade."]'::jsonb,
  '[{"subject": "Non aplica", "weight": "consultar universidade"}]'::jsonb,
  '[]'::jsonb,
  '{"Galicia": ["Consultar campus e universidade."]}'::jsonb,
  '["usc-udc-masteres-doctorados", "ruct", "qedu"]'::jsonb,
  'https://www.usc.gal/',
  'usc-udc-masteres-doctorados',
  '{"source_upload": "3 base de datos itinera.zip", "source_file": "Másteres y doctorados usc y udc.pdf", "campus": ""}'::jsonb,
  'official_upload',
  now(),
  now(),
  now()
)
on conflict (id) do update set
  name=excluded.name,
  type=excluded.type,
  level=excluded.level,
  family=excluded.family,
  jurisdiction=excluded.jurisdiction,
  route=excluded.route,
  subjects=excluded.subjects,
  ponderation_subjects=excluded.ponderation_subjects,
  route_options=excluded.route_options,
  availability_by_province=excluded.availability_by_province,
  sources=excluded.sources,
  source_url=excluded.source_url,
  source_id=excluded.source_id,
  raw=excluded.raw,
  data_quality=excluded.data_quality,
  verified_at=excluded.verified_at,
  last_seen_at=excluded.last_seen_at,
  updated_at=now();


insert into public.itinera_postgraduate_catalog(id,study_id,postgraduate_type,campus,source_file,raw)
values ('post-master-v36-master-universitario-en-planificacion-e-xestion-de-destinos-e-produtos-turisticos','master-v36-master-universitario-en-planificacion-e-xestion-de-destinos-e-produtos-turisticos','master','','Másteres y doctorados usc y udc.pdf',jsonb_build_object('source_upload','3 base de datos itinera.zip'))
on conflict (id) do update set study_id=excluded.study_id,postgraduate_type=excluded.postgraduate_type,campus=excluded.campus,source_file=excluded.source_file,raw=excluded.raw,updated_at=now();


insert into public.itinera_studies(id,name,type,level,family,jurisdiction,official_title,route,subjects,ponderation_subjects,route_options,availability_by_province,sources,source_url,source_id,raw,data_quality,verified_at,last_seen_at,updated_at)
values (
  'master-v36-master-universitario-en-politicas-sociais-e-intervencion-sociocomunitaria',
  'Máster Universitario en Políticas Sociais e Intervención Sociocomunitaria',
  'master',
  'Máster universitario',
  'Universidade · posgrao',
  'Galicia',
  true,
  'Consultar requisitos, prazas, centros, modalidade e fontes oficiais antes de decidir.',
  '["Consultar criterios de admisión e plan de estudos na universidade."]'::jsonb,
  '[{"subject": "Non aplica", "weight": "consultar universidade"}]'::jsonb,
  '[]'::jsonb,
  '{"Galicia": ["Consultar campus e universidade."]}'::jsonb,
  '["usc-udc-masteres-doctorados", "ruct", "qedu"]'::jsonb,
  'https://www.usc.gal/',
  'usc-udc-masteres-doctorados',
  '{"source_upload": "3 base de datos itinera.zip", "source_file": "Másteres y doctorados usc y udc.pdf", "campus": ""}'::jsonb,
  'official_upload',
  now(),
  now(),
  now()
)
on conflict (id) do update set
  name=excluded.name,
  type=excluded.type,
  level=excluded.level,
  family=excluded.family,
  jurisdiction=excluded.jurisdiction,
  route=excluded.route,
  subjects=excluded.subjects,
  ponderation_subjects=excluded.ponderation_subjects,
  route_options=excluded.route_options,
  availability_by_province=excluded.availability_by_province,
  sources=excluded.sources,
  source_url=excluded.source_url,
  source_id=excluded.source_id,
  raw=excluded.raw,
  data_quality=excluded.data_quality,
  verified_at=excluded.verified_at,
  last_seen_at=excluded.last_seen_at,
  updated_at=now();


insert into public.itinera_postgraduate_catalog(id,study_id,postgraduate_type,campus,source_file,raw)
values ('post-master-v36-master-universitario-en-politicas-sociais-e-intervencion-sociocomunitaria','master-v36-master-universitario-en-politicas-sociais-e-intervencion-sociocomunitaria','master','','Másteres y doctorados usc y udc.pdf',jsonb_build_object('source_upload','3 base de datos itinera.zip'))
on conflict (id) do update set study_id=excluded.study_id,postgraduate_type=excluded.postgraduate_type,campus=excluded.campus,source_file=excluded.source_file,raw=excluded.raw,updated_at=now();


insert into public.itinera_studies(id,name,type,level,family,jurisdiction,official_title,route,subjects,ponderation_subjects,route_options,availability_by_province,sources,source_url,source_id,raw,data_quality,verified_at,last_seen_at,updated_at)
values (
  'master-v36-master-universitario-en-prevencion-de-riscos-laborais-e-riscos-comuns',
  'Máster Universitario en Prevención de Riscos Laborais e Riscos Comúns',
  'master',
  'Máster universitario',
  'Universidade · posgrao',
  'Galicia',
  true,
  'Consultar requisitos, prazas, centros, modalidade e fontes oficiais antes de decidir.',
  '["Consultar criterios de admisión e plan de estudos na universidade."]'::jsonb,
  '[{"subject": "Non aplica", "weight": "consultar universidade"}]'::jsonb,
  '[]'::jsonb,
  '{"Galicia": ["Consultar campus e universidade."]}'::jsonb,
  '["usc-udc-masteres-doctorados", "ruct", "qedu"]'::jsonb,
  'https://www.usc.gal/',
  'usc-udc-masteres-doctorados',
  '{"source_upload": "3 base de datos itinera.zip", "source_file": "Másteres y doctorados usc y udc.pdf", "campus": ""}'::jsonb,
  'official_upload',
  now(),
  now(),
  now()
)
on conflict (id) do update set
  name=excluded.name,
  type=excluded.type,
  level=excluded.level,
  family=excluded.family,
  jurisdiction=excluded.jurisdiction,
  route=excluded.route,
  subjects=excluded.subjects,
  ponderation_subjects=excluded.ponderation_subjects,
  route_options=excluded.route_options,
  availability_by_province=excluded.availability_by_province,
  sources=excluded.sources,
  source_url=excluded.source_url,
  source_id=excluded.source_id,
  raw=excluded.raw,
  data_quality=excluded.data_quality,
  verified_at=excluded.verified_at,
  last_seen_at=excluded.last_seen_at,
  updated_at=now();


insert into public.itinera_postgraduate_catalog(id,study_id,postgraduate_type,campus,source_file,raw)
values ('post-master-v36-master-universitario-en-prevencion-de-riscos-laborais-e-riscos-comuns','master-v36-master-universitario-en-prevencion-de-riscos-laborais-e-riscos-comuns','master','','Másteres y doctorados usc y udc.pdf',jsonb_build_object('source_upload','3 base de datos itinera.zip'))
on conflict (id) do update set study_id=excluded.study_id,postgraduate_type=excluded.postgraduate_type,campus=excluded.campus,source_file=excluded.source_file,raw=excluded.raw,updated_at=now();


insert into public.itinera_studies(id,name,type,level,family,jurisdiction,official_title,route,subjects,ponderation_subjects,route_options,availability_by_province,sources,source_url,source_id,raw,data_quality,verified_at,last_seen_at,updated_at)
values (
  'master-v36-master-universitario-en-producion-xornalistica-e-audiovisual',
  'Máster Universitario en Produción Xornalística e Audiovisual',
  'master',
  'Máster universitario',
  'Universidade · posgrao',
  'Galicia',
  true,
  'Consultar requisitos, prazas, centros, modalidade e fontes oficiais antes de decidir.',
  '["Consultar criterios de admisión e plan de estudos na universidade."]'::jsonb,
  '[{"subject": "Non aplica", "weight": "consultar universidade"}]'::jsonb,
  '[]'::jsonb,
  '{"Galicia": ["Consultar campus e universidade."]}'::jsonb,
  '["usc-udc-masteres-doctorados", "ruct", "qedu"]'::jsonb,
  'https://www.usc.gal/',
  'usc-udc-masteres-doctorados',
  '{"source_upload": "3 base de datos itinera.zip", "source_file": "Másteres y doctorados usc y udc.pdf", "campus": ""}'::jsonb,
  'official_upload',
  now(),
  now(),
  now()
)
on conflict (id) do update set
  name=excluded.name,
  type=excluded.type,
  level=excluded.level,
  family=excluded.family,
  jurisdiction=excluded.jurisdiction,
  route=excluded.route,
  subjects=excluded.subjects,
  ponderation_subjects=excluded.ponderation_subjects,
  route_options=excluded.route_options,
  availability_by_province=excluded.availability_by_province,
  sources=excluded.sources,
  source_url=excluded.source_url,
  source_id=excluded.source_id,
  raw=excluded.raw,
  data_quality=excluded.data_quality,
  verified_at=excluded.verified_at,
  last_seen_at=excluded.last_seen_at,
  updated_at=now();


insert into public.itinera_postgraduate_catalog(id,study_id,postgraduate_type,campus,source_file,raw)
values ('post-master-v36-master-universitario-en-producion-xornalistica-e-audiovisual','master-v36-master-universitario-en-producion-xornalistica-e-audiovisual','master','','Másteres y doctorados usc y udc.pdf',jsonb_build_object('source_upload','3 base de datos itinera.zip'))
on conflict (id) do update set study_id=excluded.study_id,postgraduate_type=excluded.postgraduate_type,campus=excluded.campus,source_file=excluded.source_file,raw=excluded.raw,updated_at=now();


insert into public.itinera_studies(id,name,type,level,family,jurisdiction,official_title,route,subjects,ponderation_subjects,route_options,availability_by_province,sources,source_url,source_id,raw,data_quality,verified_at,last_seen_at,updated_at)
values (
  'master-v36-master-universitario-en-profesorado-de-educacion-secundaria-obrigatoria-bacharelato-formacion-profes',
  'Máster Universitario en Profesorado de Educación Secundaria Obrigatoria, Bacharelato, Formación Profesional e Ensinanza de Idiomas',
  'master',
  'Máster universitario',
  'Universidade · posgrao',
  'Galicia',
  true,
  'Consultar requisitos, prazas, centros, modalidade e fontes oficiais antes de decidir.',
  '["Consultar criterios de admisión e plan de estudos na universidade."]'::jsonb,
  '[{"subject": "Non aplica", "weight": "consultar universidade"}]'::jsonb,
  '[]'::jsonb,
  '{"Galicia": ["Consultar campus e universidade."]}'::jsonb,
  '["usc-udc-masteres-doctorados", "ruct", "qedu"]'::jsonb,
  'https://www.usc.gal/',
  'usc-udc-masteres-doctorados',
  '{"source_upload": "3 base de datos itinera.zip", "source_file": "Másteres y doctorados usc y udc.pdf", "campus": ""}'::jsonb,
  'official_upload',
  now(),
  now(),
  now()
)
on conflict (id) do update set
  name=excluded.name,
  type=excluded.type,
  level=excluded.level,
  family=excluded.family,
  jurisdiction=excluded.jurisdiction,
  route=excluded.route,
  subjects=excluded.subjects,
  ponderation_subjects=excluded.ponderation_subjects,
  route_options=excluded.route_options,
  availability_by_province=excluded.availability_by_province,
  sources=excluded.sources,
  source_url=excluded.source_url,
  source_id=excluded.source_id,
  raw=excluded.raw,
  data_quality=excluded.data_quality,
  verified_at=excluded.verified_at,
  last_seen_at=excluded.last_seen_at,
  updated_at=now();


insert into public.itinera_postgraduate_catalog(id,study_id,postgraduate_type,campus,source_file,raw)
values ('post-master-v36-master-universitario-en-profesorado-de-educacion-secundaria-obrigatoria-bacharelato-formacion-profes','master-v36-master-universitario-en-profesorado-de-educacion-secundaria-obrigatoria-bacharelato-formacion-profes','master','','Másteres y doctorados usc y udc.pdf',jsonb_build_object('source_upload','3 base de datos itinera.zip'))
on conflict (id) do update set study_id=excluded.study_id,postgraduate_type=excluded.postgraduate_type,campus=excluded.campus,source_file=excluded.source_file,raw=excluded.raw,updated_at=now();


insert into public.itinera_studies(id,name,type,level,family,jurisdiction,official_title,route,subjects,ponderation_subjects,route_options,availability_by_province,sources,source_url,source_id,raw,data_quality,verified_at,last_seen_at,updated_at)
values (
  'master-v36-master-universitario-en-psicoloxia-aplicada',
  'Máster Universitario en Psicoloxía Aplicada',
  'master',
  'Máster universitario',
  'Universidade · posgrao',
  'Galicia',
  true,
  'Consultar requisitos, prazas, centros, modalidade e fontes oficiais antes de decidir.',
  '["Consultar criterios de admisión e plan de estudos na universidade."]'::jsonb,
  '[{"subject": "Non aplica", "weight": "consultar universidade"}]'::jsonb,
  '[]'::jsonb,
  '{"Galicia": ["Consultar campus e universidade."]}'::jsonb,
  '["usc-udc-masteres-doctorados", "ruct", "qedu"]'::jsonb,
  'https://www.usc.gal/',
  'usc-udc-masteres-doctorados',
  '{"source_upload": "3 base de datos itinera.zip", "source_file": "Másteres y doctorados usc y udc.pdf", "campus": ""}'::jsonb,
  'official_upload',
  now(),
  now(),
  now()
)
on conflict (id) do update set
  name=excluded.name,
  type=excluded.type,
  level=excluded.level,
  family=excluded.family,
  jurisdiction=excluded.jurisdiction,
  route=excluded.route,
  subjects=excluded.subjects,
  ponderation_subjects=excluded.ponderation_subjects,
  route_options=excluded.route_options,
  availability_by_province=excluded.availability_by_province,
  sources=excluded.sources,
  source_url=excluded.source_url,
  source_id=excluded.source_id,
  raw=excluded.raw,
  data_quality=excluded.data_quality,
  verified_at=excluded.verified_at,
  last_seen_at=excluded.last_seen_at,
  updated_at=now();


insert into public.itinera_postgraduate_catalog(id,study_id,postgraduate_type,campus,source_file,raw)
values ('post-master-v36-master-universitario-en-psicoloxia-aplicada','master-v36-master-universitario-en-psicoloxia-aplicada','master','','Másteres y doctorados usc y udc.pdf',jsonb_build_object('source_upload','3 base de datos itinera.zip'))
on conflict (id) do update set study_id=excluded.study_id,postgraduate_type=excluded.postgraduate_type,campus=excluded.campus,source_file=excluded.source_file,raw=excluded.raw,updated_at=now();


insert into public.itinera_studies(id,name,type,level,family,jurisdiction,official_title,route,subjects,ponderation_subjects,route_options,availability_by_province,sources,source_url,source_id,raw,data_quality,verified_at,last_seen_at,updated_at)
values (
  'master-v36-master-universitario-en-psicopedagoxia',
  'Máster Universitario en Psicopedagoxía',
  'master',
  'Máster universitario',
  'Universidade · posgrao',
  'Galicia',
  true,
  'Consultar requisitos, prazas, centros, modalidade e fontes oficiais antes de decidir.',
  '["Consultar criterios de admisión e plan de estudos na universidade."]'::jsonb,
  '[{"subject": "Non aplica", "weight": "consultar universidade"}]'::jsonb,
  '[]'::jsonb,
  '{"Galicia": ["Consultar campus e universidade."]}'::jsonb,
  '["usc-udc-masteres-doctorados", "ruct", "qedu"]'::jsonb,
  'https://www.usc.gal/',
  'usc-udc-masteres-doctorados',
  '{"source_upload": "3 base de datos itinera.zip", "source_file": "Másteres y doctorados usc y udc.pdf", "campus": ""}'::jsonb,
  'official_upload',
  now(),
  now(),
  now()
)
on conflict (id) do update set
  name=excluded.name,
  type=excluded.type,
  level=excluded.level,
  family=excluded.family,
  jurisdiction=excluded.jurisdiction,
  route=excluded.route,
  subjects=excluded.subjects,
  ponderation_subjects=excluded.ponderation_subjects,
  route_options=excluded.route_options,
  availability_by_province=excluded.availability_by_province,
  sources=excluded.sources,
  source_url=excluded.source_url,
  source_id=excluded.source_id,
  raw=excluded.raw,
  data_quality=excluded.data_quality,
  verified_at=excluded.verified_at,
  last_seen_at=excluded.last_seen_at,
  updated_at=now();


insert into public.itinera_postgraduate_catalog(id,study_id,postgraduate_type,campus,source_file,raw)
values ('post-master-v36-master-universitario-en-psicopedagoxia','master-v36-master-universitario-en-psicopedagoxia','master','','Másteres y doctorados usc y udc.pdf',jsonb_build_object('source_upload','3 base de datos itinera.zip'))
on conflict (id) do update set study_id=excluded.study_id,postgraduate_type=excluded.postgraduate_type,campus=excluded.campus,source_file=excluded.source_file,raw=excluded.raw,updated_at=now();


insert into public.itinera_studies(id,name,type,level,family,jurisdiction,official_title,route,subjects,ponderation_subjects,route_options,availability_by_province,sources,source_url,source_id,raw,data_quality,verified_at,last_seen_at,updated_at)
values (
  'master-v36-master-universitario-en-xestion-e-direccion-laboral',
  'Máster Universitario en Xestión e Dirección Laboral',
  'master',
  'Máster universitario',
  'Universidade · posgrao',
  'Galicia',
  true,
  'Consultar requisitos, prazas, centros, modalidade e fontes oficiais antes de decidir.',
  '["Consultar criterios de admisión e plan de estudos na universidade."]'::jsonb,
  '[{"subject": "Non aplica", "weight": "consultar universidade"}]'::jsonb,
  '[]'::jsonb,
  '{"Galicia": ["Consultar campus e universidade."]}'::jsonb,
  '["usc-udc-masteres-doctorados", "ruct", "qedu"]'::jsonb,
  'https://www.usc.gal/',
  'usc-udc-masteres-doctorados',
  '{"source_upload": "3 base de datos itinera.zip", "source_file": "Másteres y doctorados usc y udc.pdf", "campus": ""}'::jsonb,
  'official_upload',
  now(),
  now(),
  now()
)
on conflict (id) do update set
  name=excluded.name,
  type=excluded.type,
  level=excluded.level,
  family=excluded.family,
  jurisdiction=excluded.jurisdiction,
  route=excluded.route,
  subjects=excluded.subjects,
  ponderation_subjects=excluded.ponderation_subjects,
  route_options=excluded.route_options,
  availability_by_province=excluded.availability_by_province,
  sources=excluded.sources,
  source_url=excluded.source_url,
  source_id=excluded.source_id,
  raw=excluded.raw,
  data_quality=excluded.data_quality,
  verified_at=excluded.verified_at,
  last_seen_at=excluded.last_seen_at,
  updated_at=now();


insert into public.itinera_postgraduate_catalog(id,study_id,postgraduate_type,campus,source_file,raw)
values ('post-master-v36-master-universitario-en-xestion-e-direccion-laboral','master-v36-master-universitario-en-xestion-e-direccion-laboral','master','','Másteres y doctorados usc y udc.pdf',jsonb_build_object('source_upload','3 base de datos itinera.zip'))
on conflict (id) do update set study_id=excluded.study_id,postgraduate_type=excluded.postgraduate_type,campus=excluded.campus,source_file=excluded.source_file,raw=excluded.raw,updated_at=now();


insert into public.itinera_studies(id,name,type,level,family,jurisdiction,official_title,route,subjects,ponderation_subjects,route_options,availability_by_province,sources,source_url,source_id,raw,data_quality,verified_at,last_seen_at,updated_at)
values (
  'master-v36-master-universitario-en-arquitectura',
  'Máster Universitario en Arquitectura',
  'master',
  'Máster universitario',
  'Universidade · posgrao',
  'Galicia',
  true,
  'Consultar requisitos, prazas, centros, modalidade e fontes oficiais antes de decidir.',
  '["Consultar criterios de admisión e plan de estudos na universidade."]'::jsonb,
  '[{"subject": "Non aplica", "weight": "consultar universidade"}]'::jsonb,
  '[]'::jsonb,
  '{"Galicia": ["Consultar campus e universidade."]}'::jsonb,
  '["usc-udc-masteres-doctorados", "ruct", "qedu"]'::jsonb,
  'https://www.usc.gal/',
  'usc-udc-masteres-doctorados',
  '{"source_upload": "3 base de datos itinera.zip", "source_file": "Másteres y doctorados usc y udc.pdf", "campus": ""}'::jsonb,
  'official_upload',
  now(),
  now(),
  now()
)
on conflict (id) do update set
  name=excluded.name,
  type=excluded.type,
  level=excluded.level,
  family=excluded.family,
  jurisdiction=excluded.jurisdiction,
  route=excluded.route,
  subjects=excluded.subjects,
  ponderation_subjects=excluded.ponderation_subjects,
  route_options=excluded.route_options,
  availability_by_province=excluded.availability_by_province,
  sources=excluded.sources,
  source_url=excluded.source_url,
  source_id=excluded.source_id,
  raw=excluded.raw,
  data_quality=excluded.data_quality,
  verified_at=excluded.verified_at,
  last_seen_at=excluded.last_seen_at,
  updated_at=now();


insert into public.itinera_postgraduate_catalog(id,study_id,postgraduate_type,campus,source_file,raw)
values ('post-master-v36-master-universitario-en-arquitectura','master-v36-master-universitario-en-arquitectura','master','','Másteres y doctorados usc y udc.pdf',jsonb_build_object('source_upload','3 base de datos itinera.zip'))
on conflict (id) do update set study_id=excluded.study_id,postgraduate_type=excluded.postgraduate_type,campus=excluded.campus,source_file=excluded.source_file,raw=excluded.raw,updated_at=now();


insert into public.itinera_studies(id,name,type,level,family,jurisdiction,official_title,route,subjects,ponderation_subjects,route_options,availability_by_province,sources,source_url,source_id,raw,data_quality,verified_at,last_seen_at,updated_at)
values (
  'master-v36-master-universitario-en-bioinformatica-para-ciencias-da-saude',
  'Máster Universitario en Bioinformática para Ciencias da Saúde',
  'master',
  'Máster universitario',
  'Universidade · posgrao',
  'Galicia',
  true,
  'Consultar requisitos, prazas, centros, modalidade e fontes oficiais antes de decidir.',
  '["Consultar criterios de admisión e plan de estudos na universidade."]'::jsonb,
  '[{"subject": "Non aplica", "weight": "consultar universidade"}]'::jsonb,
  '[]'::jsonb,
  '{"Galicia": ["Consultar campus e universidade."]}'::jsonb,
  '["usc-udc-masteres-doctorados", "ruct", "qedu"]'::jsonb,
  'https://www.usc.gal/',
  'usc-udc-masteres-doctorados',
  '{"source_upload": "3 base de datos itinera.zip", "source_file": "Másteres y doctorados usc y udc.pdf", "campus": ""}'::jsonb,
  'official_upload',
  now(),
  now(),
  now()
)
on conflict (id) do update set
  name=excluded.name,
  type=excluded.type,
  level=excluded.level,
  family=excluded.family,
  jurisdiction=excluded.jurisdiction,
  route=excluded.route,
  subjects=excluded.subjects,
  ponderation_subjects=excluded.ponderation_subjects,
  route_options=excluded.route_options,
  availability_by_province=excluded.availability_by_province,
  sources=excluded.sources,
  source_url=excluded.source_url,
  source_id=excluded.source_id,
  raw=excluded.raw,
  data_quality=excluded.data_quality,
  verified_at=excluded.verified_at,
  last_seen_at=excluded.last_seen_at,
  updated_at=now();


insert into public.itinera_postgraduate_catalog(id,study_id,postgraduate_type,campus,source_file,raw)
values ('post-master-v36-master-universitario-en-bioinformatica-para-ciencias-da-saude','master-v36-master-universitario-en-bioinformatica-para-ciencias-da-saude','master','','Másteres y doctorados usc y udc.pdf',jsonb_build_object('source_upload','3 base de datos itinera.zip'))
on conflict (id) do update set study_id=excluded.study_id,postgraduate_type=excluded.postgraduate_type,campus=excluded.campus,source_file=excluded.source_file,raw=excluded.raw,updated_at=now();


insert into public.itinera_studies(id,name,type,level,family,jurisdiction,official_title,route,subjects,ponderation_subjects,route_options,availability_by_province,sources,source_url,source_id,raw,data_quality,verified_at,last_seen_at,updated_at)
values (
  'master-v36-master-universitario-en-ciberseguridade',
  'Máster Universitario en Ciberseguridade',
  'master',
  'Máster universitario',
  'Universidade · posgrao',
  'Galicia',
  true,
  'Consultar requisitos, prazas, centros, modalidade e fontes oficiais antes de decidir.',
  '["Consultar criterios de admisión e plan de estudos na universidade."]'::jsonb,
  '[{"subject": "Non aplica", "weight": "consultar universidade"}]'::jsonb,
  '[]'::jsonb,
  '{"Galicia": ["Consultar campus e universidade."]}'::jsonb,
  '["usc-udc-masteres-doctorados", "ruct", "qedu"]'::jsonb,
  'https://www.usc.gal/',
  'usc-udc-masteres-doctorados',
  '{"source_upload": "3 base de datos itinera.zip", "source_file": "Másteres y doctorados usc y udc.pdf", "campus": ""}'::jsonb,
  'official_upload',
  now(),
  now(),
  now()
)
on conflict (id) do update set
  name=excluded.name,
  type=excluded.type,
  level=excluded.level,
  family=excluded.family,
  jurisdiction=excluded.jurisdiction,
  route=excluded.route,
  subjects=excluded.subjects,
  ponderation_subjects=excluded.ponderation_subjects,
  route_options=excluded.route_options,
  availability_by_province=excluded.availability_by_province,
  sources=excluded.sources,
  source_url=excluded.source_url,
  source_id=excluded.source_id,
  raw=excluded.raw,
  data_quality=excluded.data_quality,
  verified_at=excluded.verified_at,
  last_seen_at=excluded.last_seen_at,
  updated_at=now();


insert into public.itinera_postgraduate_catalog(id,study_id,postgraduate_type,campus,source_file,raw)
values ('post-master-v36-master-universitario-en-ciberseguridade','master-v36-master-universitario-en-ciberseguridade','master','','Másteres y doctorados usc y udc.pdf',jsonb_build_object('source_upload','3 base de datos itinera.zip'))
on conflict (id) do update set study_id=excluded.study_id,postgraduate_type=excluded.postgraduate_type,campus=excluded.campus,source_file=excluded.source_file,raw=excluded.raw,updated_at=now();


insert into public.itinera_studies(id,name,type,level,family,jurisdiction,official_title,route,subjects,ponderation_subjects,route_options,availability_by_province,sources,source_url,source_id,raw,data_quality,verified_at,last_seen_at,updated_at)
values (
  'master-v36-master-universitario-en-computacion-de-altas-prestacions',
  'Máster Universitario en Computación de Altas Prestacións',
  'master',
  'Máster universitario',
  'Universidade · posgrao',
  'Galicia',
  true,
  'Consultar requisitos, prazas, centros, modalidade e fontes oficiais antes de decidir.',
  '["Consultar criterios de admisión e plan de estudos na universidade."]'::jsonb,
  '[{"subject": "Non aplica", "weight": "consultar universidade"}]'::jsonb,
  '[]'::jsonb,
  '{"Galicia": ["Consultar campus e universidade."]}'::jsonb,
  '["usc-udc-masteres-doctorados", "ruct", "qedu"]'::jsonb,
  'https://www.usc.gal/',
  'usc-udc-masteres-doctorados',
  '{"source_upload": "3 base de datos itinera.zip", "source_file": "Másteres y doctorados usc y udc.pdf", "campus": ""}'::jsonb,
  'official_upload',
  now(),
  now(),
  now()
)
on conflict (id) do update set
  name=excluded.name,
  type=excluded.type,
  level=excluded.level,
  family=excluded.family,
  jurisdiction=excluded.jurisdiction,
  route=excluded.route,
  subjects=excluded.subjects,
  ponderation_subjects=excluded.ponderation_subjects,
  route_options=excluded.route_options,
  availability_by_province=excluded.availability_by_province,
  sources=excluded.sources,
  source_url=excluded.source_url,
  source_id=excluded.source_id,
  raw=excluded.raw,
  data_quality=excluded.data_quality,
  verified_at=excluded.verified_at,
  last_seen_at=excluded.last_seen_at,
  updated_at=now();


insert into public.itinera_postgraduate_catalog(id,study_id,postgraduate_type,campus,source_file,raw)
values ('post-master-v36-master-universitario-en-computacion-de-altas-prestacions','master-v36-master-universitario-en-computacion-de-altas-prestacions','master','','Másteres y doctorados usc y udc.pdf',jsonb_build_object('source_upload','3 base de datos itinera.zip'))
on conflict (id) do update set study_id=excluded.study_id,postgraduate_type=excluded.postgraduate_type,campus=excluded.campus,source_file=excluded.source_file,raw=excluded.raw,updated_at=now();


insert into public.itinera_studies(id,name,type,level,family,jurisdiction,official_title,route,subjects,ponderation_subjects,route_options,availability_by_province,sources,source_url,source_id,raw,data_quality,verified_at,last_seen_at,updated_at)
values (
  'master-v36-master-universitario-en-desafios-das-cidades',
  'Máster Universitario en Desafíos das Cidades',
  'master',
  'Máster universitario',
  'Universidade · posgrao',
  'Galicia',
  true,
  'Consultar requisitos, prazas, centros, modalidade e fontes oficiais antes de decidir.',
  '["Consultar criterios de admisión e plan de estudos na universidade."]'::jsonb,
  '[{"subject": "Non aplica", "weight": "consultar universidade"}]'::jsonb,
  '[]'::jsonb,
  '{"Galicia": ["Consultar campus e universidade."]}'::jsonb,
  '["usc-udc-masteres-doctorados", "ruct", "qedu"]'::jsonb,
  'https://www.usc.gal/',
  'usc-udc-masteres-doctorados',
  '{"source_upload": "3 base de datos itinera.zip", "source_file": "Másteres y doctorados usc y udc.pdf", "campus": ""}'::jsonb,
  'official_upload',
  now(),
  now(),
  now()
)
on conflict (id) do update set
  name=excluded.name,
  type=excluded.type,
  level=excluded.level,
  family=excluded.family,
  jurisdiction=excluded.jurisdiction,
  route=excluded.route,
  subjects=excluded.subjects,
  ponderation_subjects=excluded.ponderation_subjects,
  route_options=excluded.route_options,
  availability_by_province=excluded.availability_by_province,
  sources=excluded.sources,
  source_url=excluded.source_url,
  source_id=excluded.source_id,
  raw=excluded.raw,
  data_quality=excluded.data_quality,
  verified_at=excluded.verified_at,
  last_seen_at=excluded.last_seen_at,
  updated_at=now();


insert into public.itinera_postgraduate_catalog(id,study_id,postgraduate_type,campus,source_file,raw)
values ('post-master-v36-master-universitario-en-desafios-das-cidades','master-v36-master-universitario-en-desafios-das-cidades','master','','Másteres y doctorados usc y udc.pdf',jsonb_build_object('source_upload','3 base de datos itinera.zip'))
on conflict (id) do update set study_id=excluded.study_id,postgraduate_type=excluded.postgraduate_type,campus=excluded.campus,source_file=excluded.source_file,raw=excluded.raw,updated_at=now();


insert into public.itinera_studies(id,name,type,level,family,jurisdiction,official_title,route,subjects,ponderation_subjects,route_options,availability_by_province,sources,source_url,source_id,raw,data_quality,verified_at,last_seen_at,updated_at)
values (
  'master-v36-master-universitario-en-deseno-desenvolvemento-e-comercializacion-de-videoxogos',
  'Máster Universitario en Deseño, Desenvolvemento e Comercialización de Videoxogos',
  'master',
  'Máster universitario',
  'Universidade · posgrao',
  'Galicia',
  true,
  'Consultar requisitos, prazas, centros, modalidade e fontes oficiais antes de decidir.',
  '["Consultar criterios de admisión e plan de estudos na universidade."]'::jsonb,
  '[{"subject": "Non aplica", "weight": "consultar universidade"}]'::jsonb,
  '[]'::jsonb,
  '{"Galicia": ["Consultar campus e universidade."]}'::jsonb,
  '["usc-udc-masteres-doctorados", "ruct", "qedu"]'::jsonb,
  'https://www.usc.gal/',
  'usc-udc-masteres-doctorados',
  '{"source_upload": "3 base de datos itinera.zip", "source_file": "Másteres y doctorados usc y udc.pdf", "campus": ""}'::jsonb,
  'official_upload',
  now(),
  now(),
  now()
)
on conflict (id) do update set
  name=excluded.name,
  type=excluded.type,
  level=excluded.level,
  family=excluded.family,
  jurisdiction=excluded.jurisdiction,
  route=excluded.route,
  subjects=excluded.subjects,
  ponderation_subjects=excluded.ponderation_subjects,
  route_options=excluded.route_options,
  availability_by_province=excluded.availability_by_province,
  sources=excluded.sources,
  source_url=excluded.source_url,
  source_id=excluded.source_id,
  raw=excluded.raw,
  data_quality=excluded.data_quality,
  verified_at=excluded.verified_at,
  last_seen_at=excluded.last_seen_at,
  updated_at=now();


insert into public.itinera_postgraduate_catalog(id,study_id,postgraduate_type,campus,source_file,raw)
values ('post-master-v36-master-universitario-en-deseno-desenvolvemento-e-comercializacion-de-videoxogos','master-v36-master-universitario-en-deseno-desenvolvemento-e-comercializacion-de-videoxogos','master','','Másteres y doctorados usc y udc.pdf',jsonb_build_object('source_upload','3 base de datos itinera.zip'))
on conflict (id) do update set study_id=excluded.study_id,postgraduate_type=excluded.postgraduate_type,campus=excluded.campus,source_file=excluded.source_file,raw=excluded.raw,updated_at=now();


insert into public.itinera_studies(id,name,type,level,family,jurisdiction,official_title,route,subjects,ponderation_subjects,route_options,availability_by_province,sources,source_url,source_id,raw,data_quality,verified_at,last_seen_at,updated_at)
values (
  'master-v36-master-universitario-en-direccion-integrada-de-proxectos',
  'Máster Universitario en Dirección Integrada de Proxectos',
  'master',
  'Máster universitario',
  'Universidade · posgrao',
  'Galicia',
  true,
  'Consultar requisitos, prazas, centros, modalidade e fontes oficiais antes de decidir.',
  '["Consultar criterios de admisión e plan de estudos na universidade."]'::jsonb,
  '[{"subject": "Non aplica", "weight": "consultar universidade"}]'::jsonb,
  '[]'::jsonb,
  '{"Galicia": ["Consultar campus e universidade."]}'::jsonb,
  '["usc-udc-masteres-doctorados", "ruct", "qedu"]'::jsonb,
  'https://www.usc.gal/',
  'usc-udc-masteres-doctorados',
  '{"source_upload": "3 base de datos itinera.zip", "source_file": "Másteres y doctorados usc y udc.pdf", "campus": ""}'::jsonb,
  'official_upload',
  now(),
  now(),
  now()
)
on conflict (id) do update set
  name=excluded.name,
  type=excluded.type,
  level=excluded.level,
  family=excluded.family,
  jurisdiction=excluded.jurisdiction,
  route=excluded.route,
  subjects=excluded.subjects,
  ponderation_subjects=excluded.ponderation_subjects,
  route_options=excluded.route_options,
  availability_by_province=excluded.availability_by_province,
  sources=excluded.sources,
  source_url=excluded.source_url,
  source_id=excluded.source_id,
  raw=excluded.raw,
  data_quality=excluded.data_quality,
  verified_at=excluded.verified_at,
  last_seen_at=excluded.last_seen_at,
  updated_at=now();


insert into public.itinera_postgraduate_catalog(id,study_id,postgraduate_type,campus,source_file,raw)
values ('post-master-v36-master-universitario-en-direccion-integrada-de-proxectos','master-v36-master-universitario-en-direccion-integrada-de-proxectos','master','','Másteres y doctorados usc y udc.pdf',jsonb_build_object('source_upload','3 base de datos itinera.zip'))
on conflict (id) do update set study_id=excluded.study_id,postgraduate_type=excluded.postgraduate_type,campus=excluded.campus,source_file=excluded.source_file,raw=excluded.raw,updated_at=now();


insert into public.itinera_studies(id,name,type,level,family,jurisdiction,official_title,route,subjects,ponderation_subjects,route_options,availability_by_province,sources,source_url,source_id,raw,data_quality,verified_at,last_seen_at,updated_at)
values (
  'master-v36-master-universitario-en-edificacion-sostible',
  'Máster Universitario en Edificación Sostible',
  'master',
  'Máster universitario',
  'Universidade · posgrao',
  'Galicia',
  true,
  'Consultar requisitos, prazas, centros, modalidade e fontes oficiais antes de decidir.',
  '["Consultar criterios de admisión e plan de estudos na universidade."]'::jsonb,
  '[{"subject": "Non aplica", "weight": "consultar universidade"}]'::jsonb,
  '[]'::jsonb,
  '{"Galicia": ["Consultar campus e universidade."]}'::jsonb,
  '["usc-udc-masteres-doctorados", "ruct", "qedu"]'::jsonb,
  'https://www.usc.gal/',
  'usc-udc-masteres-doctorados',
  '{"source_upload": "3 base de datos itinera.zip", "source_file": "Másteres y doctorados usc y udc.pdf", "campus": ""}'::jsonb,
  'official_upload',
  now(),
  now(),
  now()
)
on conflict (id) do update set
  name=excluded.name,
  type=excluded.type,
  level=excluded.level,
  family=excluded.family,
  jurisdiction=excluded.jurisdiction,
  route=excluded.route,
  subjects=excluded.subjects,
  ponderation_subjects=excluded.ponderation_subjects,
  route_options=excluded.route_options,
  availability_by_province=excluded.availability_by_province,
  sources=excluded.sources,
  source_url=excluded.source_url,
  source_id=excluded.source_id,
  raw=excluded.raw,
  data_quality=excluded.data_quality,
  verified_at=excluded.verified_at,
  last_seen_at=excluded.last_seen_at,
  updated_at=now();


insert into public.itinera_postgraduate_catalog(id,study_id,postgraduate_type,campus,source_file,raw)
values ('post-master-v36-master-universitario-en-edificacion-sostible','master-v36-master-universitario-en-edificacion-sostible','master','','Másteres y doctorados usc y udc.pdf',jsonb_build_object('source_upload','3 base de datos itinera.zip'))
on conflict (id) do update set study_id=excluded.study_id,postgraduate_type=excluded.postgraduate_type,campus=excluded.campus,source_file=excluded.source_file,raw=excluded.raw,updated_at=now();


insert into public.itinera_studies(id,name,type,level,family,jurisdiction,official_title,route,subjects,ponderation_subjects,route_options,availability_by_province,sources,source_url,source_id,raw,data_quality,verified_at,last_seen_at,updated_at)
values (
  'master-v36-master-universitario-en-eficiencia-enerxetica-e-sustentabilidade',
  'Máster Universitario en Eficiencia Enerxética e Sustentabilidade',
  'master',
  'Máster universitario',
  'Universidade · posgrao',
  'Galicia',
  true,
  'Consultar requisitos, prazas, centros, modalidade e fontes oficiais antes de decidir.',
  '["Consultar criterios de admisión e plan de estudos na universidade."]'::jsonb,
  '[{"subject": "Non aplica", "weight": "consultar universidade"}]'::jsonb,
  '[]'::jsonb,
  '{"Galicia": ["Consultar campus e universidade."]}'::jsonb,
  '["usc-udc-masteres-doctorados", "ruct", "qedu"]'::jsonb,
  'https://www.usc.gal/',
  'usc-udc-masteres-doctorados',
  '{"source_upload": "3 base de datos itinera.zip", "source_file": "Másteres y doctorados usc y udc.pdf", "campus": ""}'::jsonb,
  'official_upload',
  now(),
  now(),
  now()
)
on conflict (id) do update set
  name=excluded.name,
  type=excluded.type,
  level=excluded.level,
  family=excluded.family,
  jurisdiction=excluded.jurisdiction,
  route=excluded.route,
  subjects=excluded.subjects,
  ponderation_subjects=excluded.ponderation_subjects,
  route_options=excluded.route_options,
  availability_by_province=excluded.availability_by_province,
  sources=excluded.sources,
  source_url=excluded.source_url,
  source_id=excluded.source_id,
  raw=excluded.raw,
  data_quality=excluded.data_quality,
  verified_at=excluded.verified_at,
  last_seen_at=excluded.last_seen_at,
  updated_at=now();


insert into public.itinera_postgraduate_catalog(id,study_id,postgraduate_type,campus,source_file,raw)
values ('post-master-v36-master-universitario-en-eficiencia-enerxetica-e-sustentabilidade','master-v36-master-universitario-en-eficiencia-enerxetica-e-sustentabilidade','master','','Másteres y doctorados usc y udc.pdf',jsonb_build_object('source_upload','3 base de datos itinera.zip'))
on conflict (id) do update set study_id=excluded.study_id,postgraduate_type=excluded.postgraduate_type,campus=excluded.campus,source_file=excluded.source_file,raw=excluded.raw,updated_at=now();


insert into public.itinera_studies(id,name,type,level,family,jurisdiction,official_title,route,subjects,ponderation_subjects,route_options,availability_by_province,sources,source_url,source_id,raw,data_quality,verified_at,last_seen_at,updated_at)
values (
  'master-v36-master-universitario-en-enxenaria-de-caminos-canais-e-portos',
  'Máster Universitario en Enxeñaría de Camiños, Canais e Portos',
  'master',
  'Máster universitario',
  'Universidade · posgrao',
  'Galicia',
  true,
  'Consultar requisitos, prazas, centros, modalidade e fontes oficiais antes de decidir.',
  '["Consultar criterios de admisión e plan de estudos na universidade."]'::jsonb,
  '[{"subject": "Non aplica", "weight": "consultar universidade"}]'::jsonb,
  '[]'::jsonb,
  '{"Galicia": ["Consultar campus e universidade."]}'::jsonb,
  '["usc-udc-masteres-doctorados", "ruct", "qedu"]'::jsonb,
  'https://www.usc.gal/',
  'usc-udc-masteres-doctorados',
  '{"source_upload": "3 base de datos itinera.zip", "source_file": "Másteres y doctorados usc y udc.pdf", "campus": ""}'::jsonb,
  'official_upload',
  now(),
  now(),
  now()
)
on conflict (id) do update set
  name=excluded.name,
  type=excluded.type,
  level=excluded.level,
  family=excluded.family,
  jurisdiction=excluded.jurisdiction,
  route=excluded.route,
  subjects=excluded.subjects,
  ponderation_subjects=excluded.ponderation_subjects,
  route_options=excluded.route_options,
  availability_by_province=excluded.availability_by_province,
  sources=excluded.sources,
  source_url=excluded.source_url,
  source_id=excluded.source_id,
  raw=excluded.raw,
  data_quality=excluded.data_quality,
  verified_at=excluded.verified_at,
  last_seen_at=excluded.last_seen_at,
  updated_at=now();


insert into public.itinera_postgraduate_catalog(id,study_id,postgraduate_type,campus,source_file,raw)
values ('post-master-v36-master-universitario-en-enxenaria-de-caminos-canais-e-portos','master-v36-master-universitario-en-enxenaria-de-caminos-canais-e-portos','master','','Másteres y doctorados usc y udc.pdf',jsonb_build_object('source_upload','3 base de datos itinera.zip'))
on conflict (id) do update set study_id=excluded.study_id,postgraduate_type=excluded.postgraduate_type,campus=excluded.campus,source_file=excluded.source_file,raw=excluded.raw,updated_at=now();


insert into public.itinera_studies(id,name,type,level,family,jurisdiction,official_title,route,subjects,ponderation_subjects,route_options,availability_by_province,sources,source_url,source_id,raw,data_quality,verified_at,last_seen_at,updated_at)
values (
  'master-v36-master-universitario-en-enxenaria-en-deseno-industrial',
  'Máster Universitario en Enxeñaría en Deseño Industrial',
  'master',
  'Máster universitario',
  'Universidade · posgrao',
  'Galicia',
  true,
  'Consultar requisitos, prazas, centros, modalidade e fontes oficiais antes de decidir.',
  '["Consultar criterios de admisión e plan de estudos na universidade."]'::jsonb,
  '[{"subject": "Non aplica", "weight": "consultar universidade"}]'::jsonb,
  '[]'::jsonb,
  '{"Galicia": ["Consultar campus e universidade."]}'::jsonb,
  '["usc-udc-masteres-doctorados", "ruct", "qedu"]'::jsonb,
  'https://www.usc.gal/',
  'usc-udc-masteres-doctorados',
  '{"source_upload": "3 base de datos itinera.zip", "source_file": "Másteres y doctorados usc y udc.pdf", "campus": ""}'::jsonb,
  'official_upload',
  now(),
  now(),
  now()
)
on conflict (id) do update set
  name=excluded.name,
  type=excluded.type,
  level=excluded.level,
  family=excluded.family,
  jurisdiction=excluded.jurisdiction,
  route=excluded.route,
  subjects=excluded.subjects,
  ponderation_subjects=excluded.ponderation_subjects,
  route_options=excluded.route_options,
  availability_by_province=excluded.availability_by_province,
  sources=excluded.sources,
  source_url=excluded.source_url,
  source_id=excluded.source_id,
  raw=excluded.raw,
  data_quality=excluded.data_quality,
  verified_at=excluded.verified_at,
  last_seen_at=excluded.last_seen_at,
  updated_at=now();


insert into public.itinera_postgraduate_catalog(id,study_id,postgraduate_type,campus,source_file,raw)
values ('post-master-v36-master-universitario-en-enxenaria-en-deseno-industrial','master-v36-master-universitario-en-enxenaria-en-deseno-industrial','master','','Másteres y doctorados usc y udc.pdf',jsonb_build_object('source_upload','3 base de datos itinera.zip'))
on conflict (id) do update set study_id=excluded.study_id,postgraduate_type=excluded.postgraduate_type,campus=excluded.campus,source_file=excluded.source_file,raw=excluded.raw,updated_at=now();


insert into public.itinera_studies(id,name,type,level,family,jurisdiction,official_title,route,subjects,ponderation_subjects,route_options,availability_by_province,sources,source_url,source_id,raw,data_quality,verified_at,last_seen_at,updated_at)
values (
  'master-v36-master-universitario-en-enxenaria-industrial',
  'Máster Universitario en Enxeñaría Industrial',
  'master',
  'Máster universitario',
  'Universidade · posgrao',
  'Galicia',
  true,
  'Consultar requisitos, prazas, centros, modalidade e fontes oficiais antes de decidir.',
  '["Consultar criterios de admisión e plan de estudos na universidade."]'::jsonb,
  '[{"subject": "Non aplica", "weight": "consultar universidade"}]'::jsonb,
  '[]'::jsonb,
  '{"Galicia": ["Consultar campus e universidade."]}'::jsonb,
  '["usc-udc-masteres-doctorados", "ruct", "qedu"]'::jsonb,
  'https://www.usc.gal/',
  'usc-udc-masteres-doctorados',
  '{"source_upload": "3 base de datos itinera.zip", "source_file": "Másteres y doctorados usc y udc.pdf", "campus": ""}'::jsonb,
  'official_upload',
  now(),
  now(),
  now()
)
on conflict (id) do update set
  name=excluded.name,
  type=excluded.type,
  level=excluded.level,
  family=excluded.family,
  jurisdiction=excluded.jurisdiction,
  route=excluded.route,
  subjects=excluded.subjects,
  ponderation_subjects=excluded.ponderation_subjects,
  route_options=excluded.route_options,
  availability_by_province=excluded.availability_by_province,
  sources=excluded.sources,
  source_url=excluded.source_url,
  source_id=excluded.source_id,
  raw=excluded.raw,
  data_quality=excluded.data_quality,
  verified_at=excluded.verified_at,
  last_seen_at=excluded.last_seen_at,
  updated_at=now();


insert into public.itinera_postgraduate_catalog(id,study_id,postgraduate_type,campus,source_file,raw)
values ('post-master-v36-master-universitario-en-enxenaria-industrial','master-v36-master-universitario-en-enxenaria-industrial','master','','Másteres y doctorados usc y udc.pdf',jsonb_build_object('source_upload','3 base de datos itinera.zip'))
on conflict (id) do update set study_id=excluded.study_id,postgraduate_type=excluded.postgraduate_type,campus=excluded.campus,source_file=excluded.source_file,raw=excluded.raw,updated_at=now();


insert into public.itinera_studies(id,name,type,level,family,jurisdiction,official_title,route,subjects,ponderation_subjects,route_options,availability_by_province,sources,source_url,source_id,raw,data_quality,verified_at,last_seen_at,updated_at)
values (
  'master-v36-master-universitario-en-enxenaria-informatica',
  'Máster Universitario en Enxeñaría Informática',
  'master',
  'Máster universitario',
  'Universidade · posgrao',
  'Galicia',
  true,
  'Consultar requisitos, prazas, centros, modalidade e fontes oficiais antes de decidir.',
  '["Consultar criterios de admisión e plan de estudos na universidade."]'::jsonb,
  '[{"subject": "Non aplica", "weight": "consultar universidade"}]'::jsonb,
  '[]'::jsonb,
  '{"Galicia": ["Consultar campus e universidade."]}'::jsonb,
  '["usc-udc-masteres-doctorados", "ruct", "qedu"]'::jsonb,
  'https://www.usc.gal/',
  'usc-udc-masteres-doctorados',
  '{"source_upload": "3 base de datos itinera.zip", "source_file": "Másteres y doctorados usc y udc.pdf", "campus": ""}'::jsonb,
  'official_upload',
  now(),
  now(),
  now()
)
on conflict (id) do update set
  name=excluded.name,
  type=excluded.type,
  level=excluded.level,
  family=excluded.family,
  jurisdiction=excluded.jurisdiction,
  route=excluded.route,
  subjects=excluded.subjects,
  ponderation_subjects=excluded.ponderation_subjects,
  route_options=excluded.route_options,
  availability_by_province=excluded.availability_by_province,
  sources=excluded.sources,
  source_url=excluded.source_url,
  source_id=excluded.source_id,
  raw=excluded.raw,
  data_quality=excluded.data_quality,
  verified_at=excluded.verified_at,
  last_seen_at=excluded.last_seen_at,
  updated_at=now();


insert into public.itinera_postgraduate_catalog(id,study_id,postgraduate_type,campus,source_file,raw)
values ('post-master-v36-master-universitario-en-enxenaria-informatica','master-v36-master-universitario-en-enxenaria-informatica','master','','Másteres y doctorados usc y udc.pdf',jsonb_build_object('source_upload','3 base de datos itinera.zip'))
on conflict (id) do update set study_id=excluded.study_id,postgraduate_type=excluded.postgraduate_type,campus=excluded.campus,source_file=excluded.source_file,raw=excluded.raw,updated_at=now();


insert into public.itinera_studies(id,name,type,level,family,jurisdiction,official_title,route,subjects,ponderation_subjects,route_options,availability_by_province,sources,source_url,source_id,raw,data_quality,verified_at,last_seen_at,updated_at)
values (
  'master-v36-master-universitario-en-enxenaria-marina',
  'Máster Universitario en Enxeñaría Mariña',
  'master',
  'Máster universitario',
  'Universidade · posgrao',
  'Galicia',
  true,
  'Consultar requisitos, prazas, centros, modalidade e fontes oficiais antes de decidir.',
  '["Consultar criterios de admisión e plan de estudos na universidade."]'::jsonb,
  '[{"subject": "Non aplica", "weight": "consultar universidade"}]'::jsonb,
  '[]'::jsonb,
  '{"Galicia": ["Consultar campus e universidade."]}'::jsonb,
  '["usc-udc-masteres-doctorados", "ruct", "qedu"]'::jsonb,
  'https://www.usc.gal/',
  'usc-udc-masteres-doctorados',
  '{"source_upload": "3 base de datos itinera.zip", "source_file": "Másteres y doctorados usc y udc.pdf", "campus": ""}'::jsonb,
  'official_upload',
  now(),
  now(),
  now()
)
on conflict (id) do update set
  name=excluded.name,
  type=excluded.type,
  level=excluded.level,
  family=excluded.family,
  jurisdiction=excluded.jurisdiction,
  route=excluded.route,
  subjects=excluded.subjects,
  ponderation_subjects=excluded.ponderation_subjects,
  route_options=excluded.route_options,
  availability_by_province=excluded.availability_by_province,
  sources=excluded.sources,
  source_url=excluded.source_url,
  source_id=excluded.source_id,
  raw=excluded.raw,
  data_quality=excluded.data_quality,
  verified_at=excluded.verified_at,
  last_seen_at=excluded.last_seen_at,
  updated_at=now();


insert into public.itinera_postgraduate_catalog(id,study_id,postgraduate_type,campus,source_file,raw)
values ('post-master-v36-master-universitario-en-enxenaria-marina','master-v36-master-universitario-en-enxenaria-marina','master','','Másteres y doctorados usc y udc.pdf',jsonb_build_object('source_upload','3 base de datos itinera.zip'))
on conflict (id) do update set study_id=excluded.study_id,postgraduate_type=excluded.postgraduate_type,campus=excluded.campus,source_file=excluded.source_file,raw=excluded.raw,updated_at=now();


insert into public.itinera_studies(id,name,type,level,family,jurisdiction,official_title,route,subjects,ponderation_subjects,route_options,availability_by_province,sources,source_url,source_id,raw,data_quality,verified_at,last_seen_at,updated_at)
values (
  'master-v36-master-universitario-en-enxenaria-naval-e-oceanica',
  'Máster Universitario en Enxeñaría Naval e Oceánica',
  'master',
  'Máster universitario',
  'Universidade · posgrao',
  'Galicia',
  true,
  'Consultar requisitos, prazas, centros, modalidade e fontes oficiais antes de decidir.',
  '["Consultar criterios de admisión e plan de estudos na universidade."]'::jsonb,
  '[{"subject": "Non aplica", "weight": "consultar universidade"}]'::jsonb,
  '[]'::jsonb,
  '{"Galicia": ["Consultar campus e universidade."]}'::jsonb,
  '["usc-udc-masteres-doctorados", "ruct", "qedu"]'::jsonb,
  'https://www.usc.gal/',
  'usc-udc-masteres-doctorados',
  '{"source_upload": "3 base de datos itinera.zip", "source_file": "Másteres y doctorados usc y udc.pdf", "campus": ""}'::jsonb,
  'official_upload',
  now(),
  now(),
  now()
)
on conflict (id) do update set
  name=excluded.name,
  type=excluded.type,
  level=excluded.level,
  family=excluded.family,
  jurisdiction=excluded.jurisdiction,
  route=excluded.route,
  subjects=excluded.subjects,
  ponderation_subjects=excluded.ponderation_subjects,
  route_options=excluded.route_options,
  availability_by_province=excluded.availability_by_province,
  sources=excluded.sources,
  source_url=excluded.source_url,
  source_id=excluded.source_id,
  raw=excluded.raw,
  data_quality=excluded.data_quality,
  verified_at=excluded.verified_at,
  last_seen_at=excluded.last_seen_at,
  updated_at=now();


insert into public.itinera_postgraduate_catalog(id,study_id,postgraduate_type,campus,source_file,raw)
values ('post-master-v36-master-universitario-en-enxenaria-naval-e-oceanica','master-v36-master-universitario-en-enxenaria-naval-e-oceanica','master','','Másteres y doctorados usc y udc.pdf',jsonb_build_object('source_upload','3 base de datos itinera.zip'))
on conflict (id) do update set study_id=excluded.study_id,postgraduate_type=excluded.postgraduate_type,campus=excluded.campus,source_file=excluded.source_file,raw=excluded.raw,updated_at=now();


insert into public.itinera_studies(id,name,type,level,family,jurisdiction,official_title,route,subjects,ponderation_subjects,route_options,availability_by_province,sources,source_url,source_id,raw,data_quality,verified_at,last_seen_at,updated_at)
values (
  'master-v36-master-universitario-en-fabricacion-aditiva',
  'Máster Universitario en Fabricación Aditiva',
  'master',
  'Máster universitario',
  'Universidade · posgrao',
  'Galicia',
  true,
  'Consultar requisitos, prazas, centros, modalidade e fontes oficiais antes de decidir.',
  '["Consultar criterios de admisión e plan de estudos na universidade."]'::jsonb,
  '[{"subject": "Non aplica", "weight": "consultar universidade"}]'::jsonb,
  '[]'::jsonb,
  '{"Galicia": ["Consultar campus e universidade."]}'::jsonb,
  '["usc-udc-masteres-doctorados", "ruct", "qedu"]'::jsonb,
  'https://www.usc.gal/',
  'usc-udc-masteres-doctorados',
  '{"source_upload": "3 base de datos itinera.zip", "source_file": "Másteres y doctorados usc y udc.pdf", "campus": ""}'::jsonb,
  'official_upload',
  now(),
  now(),
  now()
)
on conflict (id) do update set
  name=excluded.name,
  type=excluded.type,
  level=excluded.level,
  family=excluded.family,
  jurisdiction=excluded.jurisdiction,
  route=excluded.route,
  subjects=excluded.subjects,
  ponderation_subjects=excluded.ponderation_subjects,
  route_options=excluded.route_options,
  availability_by_province=excluded.availability_by_province,
  sources=excluded.sources,
  source_url=excluded.source_url,
  source_id=excluded.source_id,
  raw=excluded.raw,
  data_quality=excluded.data_quality,
  verified_at=excluded.verified_at,
  last_seen_at=excluded.last_seen_at,
  updated_at=now();


insert into public.itinera_postgraduate_catalog(id,study_id,postgraduate_type,campus,source_file,raw)
values ('post-master-v36-master-universitario-en-fabricacion-aditiva','master-v36-master-universitario-en-fabricacion-aditiva','master','','Másteres y doctorados usc y udc.pdf',jsonb_build_object('source_upload','3 base de datos itinera.zip'))
on conflict (id) do update set study_id=excluded.study_id,postgraduate_type=excluded.postgraduate_type,campus=excluded.campus,source_file=excluded.source_file,raw=excluded.raw,updated_at=now();


insert into public.itinera_studies(id,name,type,level,family,jurisdiction,official_title,route,subjects,ponderation_subjects,route_options,availability_by_province,sources,source_url,source_id,raw,data_quality,verified_at,last_seen_at,updated_at)
values (
  'master-v36-master-universitario-en-informatica-industrial-e-robotica',
  'Máster Universitario en Informática Industrial e Robótica',
  'master',
  'Máster universitario',
  'Universidade · posgrao',
  'Galicia',
  true,
  'Consultar requisitos, prazas, centros, modalidade e fontes oficiais antes de decidir.',
  '["Consultar criterios de admisión e plan de estudos na universidade."]'::jsonb,
  '[{"subject": "Non aplica", "weight": "consultar universidade"}]'::jsonb,
  '[]'::jsonb,
  '{"Galicia": ["Consultar campus e universidade."]}'::jsonb,
  '["usc-udc-masteres-doctorados", "ruct", "qedu"]'::jsonb,
  'https://www.usc.gal/',
  'usc-udc-masteres-doctorados',
  '{"source_upload": "3 base de datos itinera.zip", "source_file": "Másteres y doctorados usc y udc.pdf", "campus": ""}'::jsonb,
  'official_upload',
  now(),
  now(),
  now()
)
on conflict (id) do update set
  name=excluded.name,
  type=excluded.type,
  level=excluded.level,
  family=excluded.family,
  jurisdiction=excluded.jurisdiction,
  route=excluded.route,
  subjects=excluded.subjects,
  ponderation_subjects=excluded.ponderation_subjects,
  route_options=excluded.route_options,
  availability_by_province=excluded.availability_by_province,
  sources=excluded.sources,
  source_url=excluded.source_url,
  source_id=excluded.source_id,
  raw=excluded.raw,
  data_quality=excluded.data_quality,
  verified_at=excluded.verified_at,
  last_seen_at=excluded.last_seen_at,
  updated_at=now();


insert into public.itinera_postgraduate_catalog(id,study_id,postgraduate_type,campus,source_file,raw)
values ('post-master-v36-master-universitario-en-informatica-industrial-e-robotica','master-v36-master-universitario-en-informatica-industrial-e-robotica','master','','Másteres y doctorados usc y udc.pdf',jsonb_build_object('source_upload','3 base de datos itinera.zip'))
on conflict (id) do update set study_id=excluded.study_id,postgraduate_type=excluded.postgraduate_type,campus=excluded.campus,source_file=excluded.source_file,raw=excluded.raw,updated_at=now();


insert into public.itinera_studies(id,name,type,level,family,jurisdiction,official_title,route,subjects,ponderation_subjects,route_options,availability_by_province,sources,source_url,source_id,raw,data_quality,verified_at,last_seen_at,updated_at)
values (
  'master-v36-master-universitario-en-internet-das-cousas-iot',
  'Máster Universitario en Internet das Cousas - IoT',
  'master',
  'Máster universitario',
  'Universidade · posgrao',
  'Galicia',
  true,
  'Consultar requisitos, prazas, centros, modalidade e fontes oficiais antes de decidir.',
  '["Consultar criterios de admisión e plan de estudos na universidade."]'::jsonb,
  '[{"subject": "Non aplica", "weight": "consultar universidade"}]'::jsonb,
  '[]'::jsonb,
  '{"Galicia": ["Consultar campus e universidade."]}'::jsonb,
  '["usc-udc-masteres-doctorados", "ruct", "qedu"]'::jsonb,
  'https://www.usc.gal/',
  'usc-udc-masteres-doctorados',
  '{"source_upload": "3 base de datos itinera.zip", "source_file": "Másteres y doctorados usc y udc.pdf", "campus": ""}'::jsonb,
  'official_upload',
  now(),
  now(),
  now()
)
on conflict (id) do update set
  name=excluded.name,
  type=excluded.type,
  level=excluded.level,
  family=excluded.family,
  jurisdiction=excluded.jurisdiction,
  route=excluded.route,
  subjects=excluded.subjects,
  ponderation_subjects=excluded.ponderation_subjects,
  route_options=excluded.route_options,
  availability_by_province=excluded.availability_by_province,
  sources=excluded.sources,
  source_url=excluded.source_url,
  source_id=excluded.source_id,
  raw=excluded.raw,
  data_quality=excluded.data_quality,
  verified_at=excluded.verified_at,
  last_seen_at=excluded.last_seen_at,
  updated_at=now();


insert into public.itinera_postgraduate_catalog(id,study_id,postgraduate_type,campus,source_file,raw)
values ('post-master-v36-master-universitario-en-internet-das-cousas-iot','master-v36-master-universitario-en-internet-das-cousas-iot','master','','Másteres y doctorados usc y udc.pdf',jsonb_build_object('source_upload','3 base de datos itinera.zip'))
on conflict (id) do update set study_id=excluded.study_id,postgraduate_type=excluded.postgraduate_type,campus=excluded.campus,source_file=excluded.source_file,raw=excluded.raw,updated_at=now();


insert into public.itinera_studies(id,name,type,level,family,jurisdiction,official_title,route,subjects,ponderation_subjects,route_options,availability_by_province,sources,source_url,source_id,raw,data_quality,verified_at,last_seen_at,updated_at)
values (
  'master-v36-master-universitario-en-nautica-e-transporte-maritimo',
  'Máster Universitario en Náutica e Transporte Marítimo',
  'master',
  'Máster universitario',
  'Universidade · posgrao',
  'Galicia',
  true,
  'Consultar requisitos, prazas, centros, modalidade e fontes oficiais antes de decidir.',
  '["Consultar criterios de admisión e plan de estudos na universidade."]'::jsonb,
  '[{"subject": "Non aplica", "weight": "consultar universidade"}]'::jsonb,
  '[]'::jsonb,
  '{"Galicia": ["Consultar campus e universidade."]}'::jsonb,
  '["usc-udc-masteres-doctorados", "ruct", "qedu"]'::jsonb,
  'https://www.usc.gal/',
  'usc-udc-masteres-doctorados',
  '{"source_upload": "3 base de datos itinera.zip", "source_file": "Másteres y doctorados usc y udc.pdf", "campus": ""}'::jsonb,
  'official_upload',
  now(),
  now(),
  now()
)
on conflict (id) do update set
  name=excluded.name,
  type=excluded.type,
  level=excluded.level,
  family=excluded.family,
  jurisdiction=excluded.jurisdiction,
  route=excluded.route,
  subjects=excluded.subjects,
  ponderation_subjects=excluded.ponderation_subjects,
  route_options=excluded.route_options,
  availability_by_province=excluded.availability_by_province,
  sources=excluded.sources,
  source_url=excluded.source_url,
  source_id=excluded.source_id,
  raw=excluded.raw,
  data_quality=excluded.data_quality,
  verified_at=excluded.verified_at,
  last_seen_at=excluded.last_seen_at,
  updated_at=now();


insert into public.itinera_postgraduate_catalog(id,study_id,postgraduate_type,campus,source_file,raw)
values ('post-master-v36-master-universitario-en-nautica-e-transporte-maritimo','master-v36-master-universitario-en-nautica-e-transporte-maritimo','master','','Másteres y doctorados usc y udc.pdf',jsonb_build_object('source_upload','3 base de datos itinera.zip'))
on conflict (id) do update set study_id=excluded.study_id,postgraduate_type=excluded.postgraduate_type,campus=excluded.campus,source_file=excluded.source_file,raw=excluded.raw,updated_at=now();


insert into public.itinera_studies(id,name,type,level,family,jurisdiction,official_title,route,subjects,ponderation_subjects,route_options,availability_by_province,sources,source_url,source_id,raw,data_quality,verified_at,last_seen_at,updated_at)
values (
  'master-v36-master-universitario-en-realidade-estendida',
  'Máster Universitario en Realidade Estendida',
  'master',
  'Máster universitario',
  'Universidade · posgrao',
  'Galicia',
  true,
  'Consultar requisitos, prazas, centros, modalidade e fontes oficiais antes de decidir.',
  '["Consultar criterios de admisión e plan de estudos na universidade."]'::jsonb,
  '[{"subject": "Non aplica", "weight": "consultar universidade"}]'::jsonb,
  '[]'::jsonb,
  '{"Galicia": ["Consultar campus e universidade."]}'::jsonb,
  '["usc-udc-masteres-doctorados", "ruct", "qedu"]'::jsonb,
  'https://www.usc.gal/',
  'usc-udc-masteres-doctorados',
  '{"source_upload": "3 base de datos itinera.zip", "source_file": "Másteres y doctorados usc y udc.pdf", "campus": ""}'::jsonb,
  'official_upload',
  now(),
  now(),
  now()
)
on conflict (id) do update set
  name=excluded.name,
  type=excluded.type,
  level=excluded.level,
  family=excluded.family,
  jurisdiction=excluded.jurisdiction,
  route=excluded.route,
  subjects=excluded.subjects,
  ponderation_subjects=excluded.ponderation_subjects,
  route_options=excluded.route_options,
  availability_by_province=excluded.availability_by_province,
  sources=excluded.sources,
  source_url=excluded.source_url,
  source_id=excluded.source_id,
  raw=excluded.raw,
  data_quality=excluded.data_quality,
  verified_at=excluded.verified_at,
  last_seen_at=excluded.last_seen_at,
  updated_at=now();


insert into public.itinera_postgraduate_catalog(id,study_id,postgraduate_type,campus,source_file,raw)
values ('post-master-v36-master-universitario-en-realidade-estendida','master-v36-master-universitario-en-realidade-estendida','master','','Másteres y doctorados usc y udc.pdf',jsonb_build_object('source_upload','3 base de datos itinera.zip'))
on conflict (id) do update set study_id=excluded.study_id,postgraduate_type=excluded.postgraduate_type,campus=excluded.campus,source_file=excluded.source_file,raw=excluded.raw,updated_at=now();


insert into public.itinera_studies(id,name,type,level,family,jurisdiction,official_title,route,subjects,ponderation_subjects,route_options,availability_by_province,sources,source_url,source_id,raw,data_quality,verified_at,last_seen_at,updated_at)
values (
  'master-v36-master-universitario-en-rehabilitacion-arquitectonica',
  'Máster Universitario en Rehabilitación Arquitectónica',
  'master',
  'Máster universitario',
  'Universidade · posgrao',
  'Galicia',
  true,
  'Consultar requisitos, prazas, centros, modalidade e fontes oficiais antes de decidir.',
  '["Consultar criterios de admisión e plan de estudos na universidade."]'::jsonb,
  '[{"subject": "Non aplica", "weight": "consultar universidade"}]'::jsonb,
  '[]'::jsonb,
  '{"Galicia": ["Consultar campus e universidade."]}'::jsonb,
  '["usc-udc-masteres-doctorados", "ruct", "qedu"]'::jsonb,
  'https://www.usc.gal/',
  'usc-udc-masteres-doctorados',
  '{"source_upload": "3 base de datos itinera.zip", "source_file": "Másteres y doctorados usc y udc.pdf", "campus": ""}'::jsonb,
  'official_upload',
  now(),
  now(),
  now()
)
on conflict (id) do update set
  name=excluded.name,
  type=excluded.type,
  level=excluded.level,
  family=excluded.family,
  jurisdiction=excluded.jurisdiction,
  route=excluded.route,
  subjects=excluded.subjects,
  ponderation_subjects=excluded.ponderation_subjects,
  route_options=excluded.route_options,
  availability_by_province=excluded.availability_by_province,
  sources=excluded.sources,
  source_url=excluded.source_url,
  source_id=excluded.source_id,
  raw=excluded.raw,
  data_quality=excluded.data_quality,
  verified_at=excluded.verified_at,
  last_seen_at=excluded.last_seen_at,
  updated_at=now();


insert into public.itinera_postgraduate_catalog(id,study_id,postgraduate_type,campus,source_file,raw)
values ('post-master-v36-master-universitario-en-rehabilitacion-arquitectonica','master-v36-master-universitario-en-rehabilitacion-arquitectonica','master','','Másteres y doctorados usc y udc.pdf',jsonb_build_object('source_upload','3 base de datos itinera.zip'))
on conflict (id) do update set study_id=excluded.study_id,postgraduate_type=excluded.postgraduate_type,campus=excluded.campus,source_file=excluded.source_file,raw=excluded.raw,updated_at=now();


insert into public.itinera_studies(id,name,type,level,family,jurisdiction,official_title,route,subjects,ponderation_subjects,route_options,availability_by_province,sources,source_url,source_id,raw,data_quality,verified_at,last_seen_at,updated_at)
values (
  'master-v36-master-universitario-en-tecnoloxia-textil-e-moda-sustentable-muttms',
  'Máster Universitario en Tecnoloxía Textil e Moda Sustentable (MUTTMS)',
  'master',
  'Máster universitario',
  'Universidade · posgrao',
  'Galicia',
  true,
  'Consultar requisitos, prazas, centros, modalidade e fontes oficiais antes de decidir.',
  '["Consultar criterios de admisión e plan de estudos na universidade."]'::jsonb,
  '[{"subject": "Non aplica", "weight": "consultar universidade"}]'::jsonb,
  '[]'::jsonb,
  '{"Galicia": ["Consultar campus e universidade."]}'::jsonb,
  '["usc-udc-masteres-doctorados", "ruct", "qedu"]'::jsonb,
  'https://www.usc.gal/',
  'usc-udc-masteres-doctorados',
  '{"source_upload": "3 base de datos itinera.zip", "source_file": "Másteres y doctorados usc y udc.pdf", "campus": ""}'::jsonb,
  'official_upload',
  now(),
  now(),
  now()
)
on conflict (id) do update set
  name=excluded.name,
  type=excluded.type,
  level=excluded.level,
  family=excluded.family,
  jurisdiction=excluded.jurisdiction,
  route=excluded.route,
  subjects=excluded.subjects,
  ponderation_subjects=excluded.ponderation_subjects,
  route_options=excluded.route_options,
  availability_by_province=excluded.availability_by_province,
  sources=excluded.sources,
  source_url=excluded.source_url,
  source_id=excluded.source_id,
  raw=excluded.raw,
  data_quality=excluded.data_quality,
  verified_at=excluded.verified_at,
  last_seen_at=excluded.last_seen_at,
  updated_at=now();


insert into public.itinera_postgraduate_catalog(id,study_id,postgraduate_type,campus,source_file,raw)
values ('post-master-v36-master-universitario-en-tecnoloxia-textil-e-moda-sustentable-muttms','master-v36-master-universitario-en-tecnoloxia-textil-e-moda-sustentable-muttms','master','','Másteres y doctorados usc y udc.pdf',jsonb_build_object('source_upload','3 base de datos itinera.zip'))
on conflict (id) do update set study_id=excluded.study_id,postgraduate_type=excluded.postgraduate_type,campus=excluded.campus,source_file=excluded.source_file,raw=excluded.raw,updated_at=now();


insert into public.itinera_studies(id,name,type,level,family,jurisdiction,official_title,route,subjects,ponderation_subjects,route_options,availability_by_province,sources,source_url,source_id,raw,data_quality,verified_at,last_seen_at,updated_at)
values (
  'master-v36-master-universitario-en-vision-por-computador',
  'Máster Universitario en Visión por Computador',
  'master',
  'Máster universitario',
  'Universidade · posgrao',
  'Galicia',
  true,
  'Consultar requisitos, prazas, centros, modalidade e fontes oficiais antes de decidir.',
  '["Consultar criterios de admisión e plan de estudos na universidade."]'::jsonb,
  '[{"subject": "Non aplica", "weight": "consultar universidade"}]'::jsonb,
  '[]'::jsonb,
  '{"Galicia": ["Consultar campus e universidade."]}'::jsonb,
  '["usc-udc-masteres-doctorados", "ruct", "qedu"]'::jsonb,
  'https://www.usc.gal/',
  'usc-udc-masteres-doctorados',
  '{"source_upload": "3 base de datos itinera.zip", "source_file": "Másteres y doctorados usc y udc.pdf", "campus": ""}'::jsonb,
  'official_upload',
  now(),
  now(),
  now()
)
on conflict (id) do update set
  name=excluded.name,
  type=excluded.type,
  level=excluded.level,
  family=excluded.family,
  jurisdiction=excluded.jurisdiction,
  route=excluded.route,
  subjects=excluded.subjects,
  ponderation_subjects=excluded.ponderation_subjects,
  route_options=excluded.route_options,
  availability_by_province=excluded.availability_by_province,
  sources=excluded.sources,
  source_url=excluded.source_url,
  source_id=excluded.source_id,
  raw=excluded.raw,
  data_quality=excluded.data_quality,
  verified_at=excluded.verified_at,
  last_seen_at=excluded.last_seen_at,
  updated_at=now();


insert into public.itinera_postgraduate_catalog(id,study_id,postgraduate_type,campus,source_file,raw)
values ('post-master-v36-master-universitario-en-vision-por-computador','master-v36-master-universitario-en-vision-por-computador','master','','Másteres y doctorados usc y udc.pdf',jsonb_build_object('source_upload','3 base de datos itinera.zip'))
on conflict (id) do update set study_id=excluded.study_id,postgraduate_type=excluded.postgraduate_type,campus=excluded.campus,source_file=excluded.source_file,raw=excluded.raw,updated_at=now();


insert into public.itinera_studies(id,name,type,level,family,jurisdiction,official_title,route,subjects,ponderation_subjects,route_options,availability_by_province,sources,source_url,source_id,raw,data_quality,verified_at,last_seen_at,updated_at)
values (
  'master-v36-master-universitario-en-xestion-sostible-da-auga',
  'Máster Universitario en Xestión Sostible da Auga',
  'master',
  'Máster universitario',
  'Universidade · posgrao',
  'Galicia',
  true,
  'Consultar requisitos, prazas, centros, modalidade e fontes oficiais antes de decidir.',
  '["Consultar criterios de admisión e plan de estudos na universidade."]'::jsonb,
  '[{"subject": "Non aplica", "weight": "consultar universidade"}]'::jsonb,
  '[]'::jsonb,
  '{"Galicia": ["Consultar campus e universidade."]}'::jsonb,
  '["usc-udc-masteres-doctorados", "ruct", "qedu"]'::jsonb,
  'https://www.usc.gal/',
  'usc-udc-masteres-doctorados',
  '{"source_upload": "3 base de datos itinera.zip", "source_file": "Másteres y doctorados usc y udc.pdf", "campus": ""}'::jsonb,
  'official_upload',
  now(),
  now(),
  now()
)
on conflict (id) do update set
  name=excluded.name,
  type=excluded.type,
  level=excluded.level,
  family=excluded.family,
  jurisdiction=excluded.jurisdiction,
  route=excluded.route,
  subjects=excluded.subjects,
  ponderation_subjects=excluded.ponderation_subjects,
  route_options=excluded.route_options,
  availability_by_province=excluded.availability_by_province,
  sources=excluded.sources,
  source_url=excluded.source_url,
  source_id=excluded.source_id,
  raw=excluded.raw,
  data_quality=excluded.data_quality,
  verified_at=excluded.verified_at,
  last_seen_at=excluded.last_seen_at,
  updated_at=now();


insert into public.itinera_postgraduate_catalog(id,study_id,postgraduate_type,campus,source_file,raw)
values ('post-master-v36-master-universitario-en-xestion-sostible-da-auga','master-v36-master-universitario-en-xestion-sostible-da-auga','master','','Másteres y doctorados usc y udc.pdf',jsonb_build_object('source_upload','3 base de datos itinera.zip'))
on conflict (id) do update set study_id=excluded.study_id,postgraduate_type=excluded.postgraduate_type,campus=excluded.campus,source_file=excluded.source_file,raw=excluded.raw,updated_at=now();


insert into public.itinera_studies(id,name,type,level,family,jurisdiction,official_title,route,subjects,ponderation_subjects,route_options,availability_by_province,sources,source_url,source_id,raw,data_quality,verified_at,last_seen_at,updated_at)
values (
  'master-v36-master-universitario-erasmus-mundus-en-renewable-energy-and-sustainable-construction-resco',
  'Máster Universitario Erasmus Mundus en Renewable Energy and Sustainable Construction (RESCO)',
  'master',
  'Máster universitario',
  'Universidade · posgrao',
  'Galicia',
  true,
  'Consultar requisitos, prazas, centros, modalidade e fontes oficiais antes de decidir.',
  '["Consultar criterios de admisión e plan de estudos na universidade."]'::jsonb,
  '[{"subject": "Non aplica", "weight": "consultar universidade"}]'::jsonb,
  '[]'::jsonb,
  '{"Galicia": ["Consultar campus e universidade."]}'::jsonb,
  '["usc-udc-masteres-doctorados", "ruct", "qedu"]'::jsonb,
  'https://www.usc.gal/',
  'usc-udc-masteres-doctorados',
  '{"source_upload": "3 base de datos itinera.zip", "source_file": "Másteres y doctorados usc y udc.pdf", "campus": ""}'::jsonb,
  'official_upload',
  now(),
  now(),
  now()
)
on conflict (id) do update set
  name=excluded.name,
  type=excluded.type,
  level=excluded.level,
  family=excluded.family,
  jurisdiction=excluded.jurisdiction,
  route=excluded.route,
  subjects=excluded.subjects,
  ponderation_subjects=excluded.ponderation_subjects,
  route_options=excluded.route_options,
  availability_by_province=excluded.availability_by_province,
  sources=excluded.sources,
  source_url=excluded.source_url,
  source_id=excluded.source_id,
  raw=excluded.raw,
  data_quality=excluded.data_quality,
  verified_at=excluded.verified_at,
  last_seen_at=excluded.last_seen_at,
  updated_at=now();


insert into public.itinera_postgraduate_catalog(id,study_id,postgraduate_type,campus,source_file,raw)
values ('post-master-v36-master-universitario-erasmus-mundus-en-renewable-energy-and-sustainable-construction-resco','master-v36-master-universitario-erasmus-mundus-en-renewable-energy-and-sustainable-construction-resco','master','','Másteres y doctorados usc y udc.pdf',jsonb_build_object('source_upload','3 base de datos itinera.zip'))
on conflict (id) do update set study_id=excluded.study_id,postgraduate_type=excluded.postgraduate_type,campus=excluded.campus,source_file=excluded.source_file,raw=excluded.raw,updated_at=now();


insert into public.itinera_studies(id,name,type,level,family,jurisdiction,official_title,route,subjects,ponderation_subjects,route_options,availability_by_province,sources,source_url,source_id,raw,data_quality,verified_at,last_seen_at,updated_at)
values (
  'master-v36-master-universitario-erasmus-mundus-en-sostibilidade-e-industria-4-0-aplicada-ao-sector-maritimo',
  'Máster Universitario Erasmus Mundus en Sostibilidade e Industria 4.0 aplicada ao Sector Marítimo',
  'master',
  'Máster universitario',
  'Universidade · posgrao',
  'Galicia',
  true,
  'Consultar requisitos, prazas, centros, modalidade e fontes oficiais antes de decidir.',
  '["Consultar criterios de admisión e plan de estudos na universidade."]'::jsonb,
  '[{"subject": "Non aplica", "weight": "consultar universidade"}]'::jsonb,
  '[]'::jsonb,
  '{"Galicia": ["Consultar campus e universidade."]}'::jsonb,
  '["usc-udc-masteres-doctorados", "ruct", "qedu"]'::jsonb,
  'https://www.usc.gal/',
  'usc-udc-masteres-doctorados',
  '{"source_upload": "3 base de datos itinera.zip", "source_file": "Másteres y doctorados usc y udc.pdf", "campus": ""}'::jsonb,
  'official_upload',
  now(),
  now(),
  now()
)
on conflict (id) do update set
  name=excluded.name,
  type=excluded.type,
  level=excluded.level,
  family=excluded.family,
  jurisdiction=excluded.jurisdiction,
  route=excluded.route,
  subjects=excluded.subjects,
  ponderation_subjects=excluded.ponderation_subjects,
  route_options=excluded.route_options,
  availability_by_province=excluded.availability_by_province,
  sources=excluded.sources,
  source_url=excluded.source_url,
  source_id=excluded.source_id,
  raw=excluded.raw,
  data_quality=excluded.data_quality,
  verified_at=excluded.verified_at,
  last_seen_at=excluded.last_seen_at,
  updated_at=now();


insert into public.itinera_postgraduate_catalog(id,study_id,postgraduate_type,campus,source_file,raw)
values ('post-master-v36-master-universitario-erasmus-mundus-en-sostibilidade-e-industria-4-0-aplicada-ao-sector-maritimo','master-v36-master-universitario-erasmus-mundus-en-sostibilidade-e-industria-4-0-aplicada-ao-sector-maritimo','master','','Másteres y doctorados usc y udc.pdf',jsonb_build_object('source_upload','3 base de datos itinera.zip'))
on conflict (id) do update set study_id=excluded.study_id,postgraduate_type=excluded.postgraduate_type,campus=excluded.campus,source_file=excluded.source_file,raw=excluded.raw,updated_at=now();


insert into public.itinera_studies(id,name,type,level,family,jurisdiction,official_title,route,subjects,ponderation_subjects,route_options,availability_by_province,sources,source_url,source_id,raw,data_quality,verified_at,last_seen_at,updated_at)
values (
  'doctorado-v36-programa-de-doctorado-en-estudios-culturales-memoria-identidad-territorio-y-lenguaje',
  'Programa de Doctorado en Estudios Culturales: Memoria, Identidad, Territorio y Lenguaje',
  'doctorado',
  'Doutoramento',
  'Universidade · investigación',
  'Galicia',
  true,
  'Consultar requisitos, prazas, centros, modalidade e fontes oficiais antes de decidir.',
  '["Consultar liñas de investigación, requisitos de acceso e dirección de tese."]'::jsonb,
  '[{"subject": "Non aplica", "weight": "consultar universidade"}]'::jsonb,
  '[]'::jsonb,
  '{"Galicia": ["Campus de Lugo"]}'::jsonb,
  '["usc-udc-masteres-doctorados", "ruct", "qedu"]'::jsonb,
  'https://www.usc.gal/',
  'usc-udc-masteres-doctorados',
  '{"source_upload": "3 base de datos itinera.zip", "source_file": "Másteres y doctorados usc y udc.pdf", "campus": "Campus de Lugo"}'::jsonb,
  'official_upload',
  now(),
  now(),
  now()
)
on conflict (id) do update set
  name=excluded.name,
  type=excluded.type,
  level=excluded.level,
  family=excluded.family,
  jurisdiction=excluded.jurisdiction,
  route=excluded.route,
  subjects=excluded.subjects,
  ponderation_subjects=excluded.ponderation_subjects,
  route_options=excluded.route_options,
  availability_by_province=excluded.availability_by_province,
  sources=excluded.sources,
  source_url=excluded.source_url,
  source_id=excluded.source_id,
  raw=excluded.raw,
  data_quality=excluded.data_quality,
  verified_at=excluded.verified_at,
  last_seen_at=excluded.last_seen_at,
  updated_at=now();


insert into public.itinera_postgraduate_catalog(id,study_id,postgraduate_type,campus,source_file,raw)
values ('post-doctorado-v36-programa-de-doctorado-en-estudios-culturales-memoria-identidad-territorio-y-lenguaje','doctorado-v36-programa-de-doctorado-en-estudios-culturales-memoria-identidad-territorio-y-lenguaje','doctorado','Campus de Lugo','Másteres y doctorados usc y udc.pdf',jsonb_build_object('source_upload','3 base de datos itinera.zip'))
on conflict (id) do update set study_id=excluded.study_id,postgraduate_type=excluded.postgraduate_type,campus=excluded.campus,source_file=excluded.source_file,raw=excluded.raw,updated_at=now();


insert into public.itinera_studies(id,name,type,level,family,jurisdiction,official_title,route,subjects,ponderation_subjects,route_options,availability_by_province,sources,source_url,source_id,raw,data_quality,verified_at,last_seen_at,updated_at)
values (
  'doctorado-v36-programa-de-doctorado-en-estudios-de-la-literatura-y-la-cultura',
  'Programa de Doctorado en Estudios de la Literatura y la Cultura',
  'doctorado',
  'Doutoramento',
  'Universidade · investigación',
  'Galicia',
  true,
  'Consultar requisitos, prazas, centros, modalidade e fontes oficiais antes de decidir.',
  '["Consultar liñas de investigación, requisitos de acceso e dirección de tese."]'::jsonb,
  '[{"subject": "Non aplica", "weight": "consultar universidade"}]'::jsonb,
  '[]'::jsonb,
  '{"Galicia": ["Campus de Santiago de Compostela"]}'::jsonb,
  '["usc-udc-masteres-doctorados", "ruct", "qedu"]'::jsonb,
  'https://www.usc.gal/',
  'usc-udc-masteres-doctorados',
  '{"source_upload": "3 base de datos itinera.zip", "source_file": "Másteres y doctorados usc y udc.pdf", "campus": "Campus de Santiago de Compostela"}'::jsonb,
  'official_upload',
  now(),
  now(),
  now()
)
on conflict (id) do update set
  name=excluded.name,
  type=excluded.type,
  level=excluded.level,
  family=excluded.family,
  jurisdiction=excluded.jurisdiction,
  route=excluded.route,
  subjects=excluded.subjects,
  ponderation_subjects=excluded.ponderation_subjects,
  route_options=excluded.route_options,
  availability_by_province=excluded.availability_by_province,
  sources=excluded.sources,
  source_url=excluded.source_url,
  source_id=excluded.source_id,
  raw=excluded.raw,
  data_quality=excluded.data_quality,
  verified_at=excluded.verified_at,
  last_seen_at=excluded.last_seen_at,
  updated_at=now();


insert into public.itinera_postgraduate_catalog(id,study_id,postgraduate_type,campus,source_file,raw)
values ('post-doctorado-v36-programa-de-doctorado-en-estudios-de-la-literatura-y-la-cultura','doctorado-v36-programa-de-doctorado-en-estudios-de-la-literatura-y-la-cultura','doctorado','Campus de Santiago de Compostela','Másteres y doctorados usc y udc.pdf',jsonb_build_object('source_upload','3 base de datos itinera.zip'))
on conflict (id) do update set study_id=excluded.study_id,postgraduate_type=excluded.postgraduate_type,campus=excluded.campus,source_file=excluded.source_file,raw=excluded.raw,updated_at=now();


insert into public.itinera_studies(id,name,type,level,family,jurisdiction,official_title,route,subjects,ponderation_subjects,route_options,availability_by_province,sources,source_url,source_id,raw,data_quality,verified_at,last_seen_at,updated_at)
values (
  'doctorado-v36-programa-de-doctorado-en-estudios-ingleses-avanzados-linguistica-literatura-y-cultura',
  'Programa de Doctorado en Estudios Ingleses Avanzados: Lingüística, Literatura y Cultura',
  'doctorado',
  'Doutoramento',
  'Universidade · investigación',
  'Galicia',
  true,
  'Consultar requisitos, prazas, centros, modalidade e fontes oficiais antes de decidir.',
  '["Consultar liñas de investigación, requisitos de acceso e dirección de tese."]'::jsonb,
  '[{"subject": "Non aplica", "weight": "consultar universidade"}]'::jsonb,
  '[]'::jsonb,
  '{"Galicia": ["Campus de Santiago de Compostela"]}'::jsonb,
  '["usc-udc-masteres-doctorados", "ruct", "qedu"]'::jsonb,
  'https://www.usc.gal/',
  'usc-udc-masteres-doctorados',
  '{"source_upload": "3 base de datos itinera.zip", "source_file": "Másteres y doctorados usc y udc.pdf", "campus": "Campus de Santiago de Compostela"}'::jsonb,
  'official_upload',
  now(),
  now(),
  now()
)
on conflict (id) do update set
  name=excluded.name,
  type=excluded.type,
  level=excluded.level,
  family=excluded.family,
  jurisdiction=excluded.jurisdiction,
  route=excluded.route,
  subjects=excluded.subjects,
  ponderation_subjects=excluded.ponderation_subjects,
  route_options=excluded.route_options,
  availability_by_province=excluded.availability_by_province,
  sources=excluded.sources,
  source_url=excluded.source_url,
  source_id=excluded.source_id,
  raw=excluded.raw,
  data_quality=excluded.data_quality,
  verified_at=excluded.verified_at,
  last_seen_at=excluded.last_seen_at,
  updated_at=now();


insert into public.itinera_postgraduate_catalog(id,study_id,postgraduate_type,campus,source_file,raw)
values ('post-doctorado-v36-programa-de-doctorado-en-estudios-ingleses-avanzados-linguistica-literatura-y-cultura','doctorado-v36-programa-de-doctorado-en-estudios-ingleses-avanzados-linguistica-literatura-y-cultura','doctorado','Campus de Santiago de Compostela','Másteres y doctorados usc y udc.pdf',jsonb_build_object('source_upload','3 base de datos itinera.zip'))
on conflict (id) do update set study_id=excluded.study_id,postgraduate_type=excluded.postgraduate_type,campus=excluded.campus,source_file=excluded.source_file,raw=excluded.raw,updated_at=now();


insert into public.itinera_studies(id,name,type,level,family,jurisdiction,official_title,route,subjects,ponderation_subjects,route_options,availability_by_province,sources,source_url,source_id,raw,data_quality,verified_at,last_seen_at,updated_at)
values (
  'doctorado-v36-programa-de-doctorado-en-estudios-medievales',
  'Programa de Doctorado en Estudios Medievales',
  'doctorado',
  'Doutoramento',
  'Universidade · investigación',
  'Galicia',
  true,
  'Consultar requisitos, prazas, centros, modalidade e fontes oficiais antes de decidir.',
  '["Consultar liñas de investigación, requisitos de acceso e dirección de tese."]'::jsonb,
  '[{"subject": "Non aplica", "weight": "consultar universidade"}]'::jsonb,
  '[]'::jsonb,
  '{"Galicia": ["Campus de Santiago de Compostela"]}'::jsonb,
  '["usc-udc-masteres-doctorados", "ruct", "qedu"]'::jsonb,
  'https://www.usc.gal/',
  'usc-udc-masteres-doctorados',
  '{"source_upload": "3 base de datos itinera.zip", "source_file": "Másteres y doctorados usc y udc.pdf", "campus": "Campus de Santiago de Compostela"}'::jsonb,
  'official_upload',
  now(),
  now(),
  now()
)
on conflict (id) do update set
  name=excluded.name,
  type=excluded.type,
  level=excluded.level,
  family=excluded.family,
  jurisdiction=excluded.jurisdiction,
  route=excluded.route,
  subjects=excluded.subjects,
  ponderation_subjects=excluded.ponderation_subjects,
  route_options=excluded.route_options,
  availability_by_province=excluded.availability_by_province,
  sources=excluded.sources,
  source_url=excluded.source_url,
  source_id=excluded.source_id,
  raw=excluded.raw,
  data_quality=excluded.data_quality,
  verified_at=excluded.verified_at,
  last_seen_at=excluded.last_seen_at,
  updated_at=now();


insert into public.itinera_postgraduate_catalog(id,study_id,postgraduate_type,campus,source_file,raw)
values ('post-doctorado-v36-programa-de-doctorado-en-estudios-medievales','doctorado-v36-programa-de-doctorado-en-estudios-medievales','doctorado','Campus de Santiago de Compostela','Másteres y doctorados usc y udc.pdf',jsonb_build_object('source_upload','3 base de datos itinera.zip'))
on conflict (id) do update set study_id=excluded.study_id,postgraduate_type=excluded.postgraduate_type,campus=excluded.campus,source_file=excluded.source_file,raw=excluded.raw,updated_at=now();


insert into public.itinera_studies(id,name,type,level,family,jurisdiction,official_title,route,subjects,ponderation_subjects,route_options,availability_by_province,sources,source_url,source_id,raw,data_quality,verified_at,last_seen_at,updated_at)
values (
  'doctorado-v36-programa-de-doctorado-en-filosofia',
  'Programa de Doctorado en Filosofía',
  'doctorado',
  'Doutoramento',
  'Universidade · investigación',
  'Galicia',
  true,
  'Consultar requisitos, prazas, centros, modalidade e fontes oficiais antes de decidir.',
  '["Consultar liñas de investigación, requisitos de acceso e dirección de tese."]'::jsonb,
  '[{"subject": "Non aplica", "weight": "consultar universidade"}]'::jsonb,
  '[]'::jsonb,
  '{"Galicia": ["Campus de Santiago de Compostela"]}'::jsonb,
  '["usc-udc-masteres-doctorados", "ruct", "qedu"]'::jsonb,
  'https://www.usc.gal/',
  'usc-udc-masteres-doctorados',
  '{"source_upload": "3 base de datos itinera.zip", "source_file": "Másteres y doctorados usc y udc.pdf", "campus": "Campus de Santiago de Compostela"}'::jsonb,
  'official_upload',
  now(),
  now(),
  now()
)
on conflict (id) do update set
  name=excluded.name,
  type=excluded.type,
  level=excluded.level,
  family=excluded.family,
  jurisdiction=excluded.jurisdiction,
  route=excluded.route,
  subjects=excluded.subjects,
  ponderation_subjects=excluded.ponderation_subjects,
  route_options=excluded.route_options,
  availability_by_province=excluded.availability_by_province,
  sources=excluded.sources,
  source_url=excluded.source_url,
  source_id=excluded.source_id,
  raw=excluded.raw,
  data_quality=excluded.data_quality,
  verified_at=excluded.verified_at,
  last_seen_at=excluded.last_seen_at,
  updated_at=now();


insert into public.itinera_postgraduate_catalog(id,study_id,postgraduate_type,campus,source_file,raw)
values ('post-doctorado-v36-programa-de-doctorado-en-filosofia','doctorado-v36-programa-de-doctorado-en-filosofia','doctorado','Campus de Santiago de Compostela','Másteres y doctorados usc y udc.pdf',jsonb_build_object('source_upload','3 base de datos itinera.zip'))
on conflict (id) do update set study_id=excluded.study_id,postgraduate_type=excluded.postgraduate_type,campus=excluded.campus,source_file=excluded.source_file,raw=excluded.raw,updated_at=now();


insert into public.itinera_studies(id,name,type,level,family,jurisdiction,official_title,route,subjects,ponderation_subjects,route_options,availability_by_province,sources,source_url,source_id,raw,data_quality,verified_at,last_seen_at,updated_at)
values (
  'doctorado-v36-programa-de-doctorado-en-historia-contemporanea',
  'Programa de Doctorado en Historia Contemporánea',
  'doctorado',
  'Doutoramento',
  'Universidade · investigación',
  'Galicia',
  true,
  'Consultar requisitos, prazas, centros, modalidade e fontes oficiais antes de decidir.',
  '["Consultar liñas de investigación, requisitos de acceso e dirección de tese."]'::jsonb,
  '[{"subject": "Non aplica", "weight": "consultar universidade"}]'::jsonb,
  '[]'::jsonb,
  '{"Galicia": ["Campus de Santiago de Compostela"]}'::jsonb,
  '["usc-udc-masteres-doctorados", "ruct", "qedu"]'::jsonb,
  'https://www.usc.gal/',
  'usc-udc-masteres-doctorados',
  '{"source_upload": "3 base de datos itinera.zip", "source_file": "Másteres y doctorados usc y udc.pdf", "campus": "Campus de Santiago de Compostela"}'::jsonb,
  'official_upload',
  now(),
  now(),
  now()
)
on conflict (id) do update set
  name=excluded.name,
  type=excluded.type,
  level=excluded.level,
  family=excluded.family,
  jurisdiction=excluded.jurisdiction,
  route=excluded.route,
  subjects=excluded.subjects,
  ponderation_subjects=excluded.ponderation_subjects,
  route_options=excluded.route_options,
  availability_by_province=excluded.availability_by_province,
  sources=excluded.sources,
  source_url=excluded.source_url,
  source_id=excluded.source_id,
  raw=excluded.raw,
  data_quality=excluded.data_quality,
  verified_at=excluded.verified_at,
  last_seen_at=excluded.last_seen_at,
  updated_at=now();


insert into public.itinera_postgraduate_catalog(id,study_id,postgraduate_type,campus,source_file,raw)
values ('post-doctorado-v36-programa-de-doctorado-en-historia-contemporanea','doctorado-v36-programa-de-doctorado-en-historia-contemporanea','doctorado','Campus de Santiago de Compostela','Másteres y doctorados usc y udc.pdf',jsonb_build_object('source_upload','3 base de datos itinera.zip'))
on conflict (id) do update set study_id=excluded.study_id,postgraduate_type=excluded.postgraduate_type,campus=excluded.campus,source_file=excluded.source_file,raw=excluded.raw,updated_at=now();


insert into public.itinera_studies(id,name,type,level,family,jurisdiction,official_title,route,subjects,ponderation_subjects,route_options,availability_by_province,sources,source_url,source_id,raw,data_quality,verified_at,last_seen_at,updated_at)
values (
  'doctorado-v36-programa-de-doctorado-en-historia-geografia-e-historia-del-arte',
  'Programa de Doctorado en Historia, Geografía e Historia del Arte',
  'doctorado',
  'Doutoramento',
  'Universidade · investigación',
  'Galicia',
  true,
  'Consultar requisitos, prazas, centros, modalidade e fontes oficiais antes de decidir.',
  '["Consultar liñas de investigación, requisitos de acceso e dirección de tese."]'::jsonb,
  '[{"subject": "Non aplica", "weight": "consultar universidade"}]'::jsonb,
  '[]'::jsonb,
  '{"Galicia": ["Campus de Santiago de Compostela"]}'::jsonb,
  '["usc-udc-masteres-doctorados", "ruct", "qedu"]'::jsonb,
  'https://www.usc.gal/',
  'usc-udc-masteres-doctorados',
  '{"source_upload": "3 base de datos itinera.zip", "source_file": "Másteres y doctorados usc y udc.pdf", "campus": "Campus de Santiago de Compostela"}'::jsonb,
  'official_upload',
  now(),
  now(),
  now()
)
on conflict (id) do update set
  name=excluded.name,
  type=excluded.type,
  level=excluded.level,
  family=excluded.family,
  jurisdiction=excluded.jurisdiction,
  route=excluded.route,
  subjects=excluded.subjects,
  ponderation_subjects=excluded.ponderation_subjects,
  route_options=excluded.route_options,
  availability_by_province=excluded.availability_by_province,
  sources=excluded.sources,
  source_url=excluded.source_url,
  source_id=excluded.source_id,
  raw=excluded.raw,
  data_quality=excluded.data_quality,
  verified_at=excluded.verified_at,
  last_seen_at=excluded.last_seen_at,
  updated_at=now();


insert into public.itinera_postgraduate_catalog(id,study_id,postgraduate_type,campus,source_file,raw)
values ('post-doctorado-v36-programa-de-doctorado-en-historia-geografia-e-historia-del-arte','doctorado-v36-programa-de-doctorado-en-historia-geografia-e-historia-del-arte','doctorado','Campus de Santiago de Compostela','Másteres y doctorados usc y udc.pdf',jsonb_build_object('source_upload','3 base de datos itinera.zip'))
on conflict (id) do update set study_id=excluded.study_id,postgraduate_type=excluded.postgraduate_type,campus=excluded.campus,source_file=excluded.source_file,raw=excluded.raw,updated_at=now();


insert into public.itinera_studies(id,name,type,level,family,jurisdiction,official_title,route,subjects,ponderation_subjects,route_options,availability_by_province,sources,source_url,source_id,raw,data_quality,verified_at,last_seen_at,updated_at)
values (
  'doctorado-v36-programa-de-doctorado-en-linguistica',
  'Programa de Doctorado en Lingüística',
  'doctorado',
  'Doutoramento',
  'Universidade · investigación',
  'Galicia',
  true,
  'Consultar requisitos, prazas, centros, modalidade e fontes oficiais antes de decidir.',
  '["Consultar liñas de investigación, requisitos de acceso e dirección de tese."]'::jsonb,
  '[{"subject": "Non aplica", "weight": "consultar universidade"}]'::jsonb,
  '[]'::jsonb,
  '{"Galicia": ["Campus de Santiago de Compostela"]}'::jsonb,
  '["usc-udc-masteres-doctorados", "ruct", "qedu"]'::jsonb,
  'https://www.usc.gal/',
  'usc-udc-masteres-doctorados',
  '{"source_upload": "3 base de datos itinera.zip", "source_file": "Másteres y doctorados usc y udc.pdf", "campus": "Campus de Santiago de Compostela"}'::jsonb,
  'official_upload',
  now(),
  now(),
  now()
)
on conflict (id) do update set
  name=excluded.name,
  type=excluded.type,
  level=excluded.level,
  family=excluded.family,
  jurisdiction=excluded.jurisdiction,
  route=excluded.route,
  subjects=excluded.subjects,
  ponderation_subjects=excluded.ponderation_subjects,
  route_options=excluded.route_options,
  availability_by_province=excluded.availability_by_province,
  sources=excluded.sources,
  source_url=excluded.source_url,
  source_id=excluded.source_id,
  raw=excluded.raw,
  data_quality=excluded.data_quality,
  verified_at=excluded.verified_at,
  last_seen_at=excluded.last_seen_at,
  updated_at=now();


insert into public.itinera_postgraduate_catalog(id,study_id,postgraduate_type,campus,source_file,raw)
values ('post-doctorado-v36-programa-de-doctorado-en-linguistica','doctorado-v36-programa-de-doctorado-en-linguistica','doctorado','Campus de Santiago de Compostela','Másteres y doctorados usc y udc.pdf',jsonb_build_object('source_upload','3 base de datos itinera.zip'))
on conflict (id) do update set study_id=excluded.study_id,postgraduate_type=excluded.postgraduate_type,campus=excluded.campus,source_file=excluded.source_file,raw=excluded.raw,updated_at=now();


insert into public.itinera_studies(id,name,type,level,family,jurisdiction,official_title,route,subjects,ponderation_subjects,route_options,availability_by_province,sources,source_url,source_id,raw,data_quality,verified_at,last_seen_at,updated_at)
values (
  'doctorado-v36-programa-de-doctorado-en-logica-filosofia-de-la-ciencia-y-estudios-sociales-de-la-ciencia',
  'Programa de Doctorado en Lógica, Filosofía de la Ciencia y Estudios Sociales de la Ciencia',
  'doctorado',
  'Doutoramento',
  'Universidade · investigación',
  'Galicia',
  true,
  'Consultar requisitos, prazas, centros, modalidade e fontes oficiais antes de decidir.',
  '["Consultar liñas de investigación, requisitos de acceso e dirección de tese."]'::jsonb,
  '[{"subject": "Non aplica", "weight": "consultar universidade"}]'::jsonb,
  '[]'::jsonb,
  '{"Galicia": ["Campus de Santiago de Compostela"]}'::jsonb,
  '["usc-udc-masteres-doctorados", "ruct", "qedu"]'::jsonb,
  'https://www.usc.gal/',
  'usc-udc-masteres-doctorados',
  '{"source_upload": "3 base de datos itinera.zip", "source_file": "Másteres y doctorados usc y udc.pdf", "campus": "Campus de Santiago de Compostela"}'::jsonb,
  'official_upload',
  now(),
  now(),
  now()
)
on conflict (id) do update set
  name=excluded.name,
  type=excluded.type,
  level=excluded.level,
  family=excluded.family,
  jurisdiction=excluded.jurisdiction,
  route=excluded.route,
  subjects=excluded.subjects,
  ponderation_subjects=excluded.ponderation_subjects,
  route_options=excluded.route_options,
  availability_by_province=excluded.availability_by_province,
  sources=excluded.sources,
  source_url=excluded.source_url,
  source_id=excluded.source_id,
  raw=excluded.raw,
  data_quality=excluded.data_quality,
  verified_at=excluded.verified_at,
  last_seen_at=excluded.last_seen_at,
  updated_at=now();


insert into public.itinera_postgraduate_catalog(id,study_id,postgraduate_type,campus,source_file,raw)
values ('post-doctorado-v36-programa-de-doctorado-en-logica-filosofia-de-la-ciencia-y-estudios-sociales-de-la-ciencia','doctorado-v36-programa-de-doctorado-en-logica-filosofia-de-la-ciencia-y-estudios-sociales-de-la-ciencia','doctorado','Campus de Santiago de Compostela','Másteres y doctorados usc y udc.pdf',jsonb_build_object('source_upload','3 base de datos itinera.zip'))
on conflict (id) do update set study_id=excluded.study_id,postgraduate_type=excluded.postgraduate_type,campus=excluded.campus,source_file=excluded.source_file,raw=excluded.raw,updated_at=now();


insert into public.itinera_studies(id,name,type,level,family,jurisdiction,official_title,route,subjects,ponderation_subjects,route_options,availability_by_province,sources,source_url,source_id,raw,data_quality,verified_at,last_seen_at,updated_at)
values (
  'doctorado-v36-programa-de-doctorado-en-proteccion-del-patrimonio-cultural',
  'Programa de Doctorado en Protección del Patrimonio Cultural',
  'doctorado',
  'Doutoramento',
  'Universidade · investigación',
  'Galicia',
  true,
  'Consultar requisitos, prazas, centros, modalidade e fontes oficiais antes de decidir.',
  '["Consultar liñas de investigación, requisitos de acceso e dirección de tese."]'::jsonb,
  '[{"subject": "Non aplica", "weight": "consultar universidade"}]'::jsonb,
  '[]'::jsonb,
  '{"Galicia": ["Campus de Santiago de Compostela"]}'::jsonb,
  '["usc-udc-masteres-doctorados", "ruct", "qedu"]'::jsonb,
  'https://www.usc.gal/',
  'usc-udc-masteres-doctorados',
  '{"source_upload": "3 base de datos itinera.zip", "source_file": "Másteres y doctorados usc y udc.pdf", "campus": "Campus de Santiago de Compostela"}'::jsonb,
  'official_upload',
  now(),
  now(),
  now()
)
on conflict (id) do update set
  name=excluded.name,
  type=excluded.type,
  level=excluded.level,
  family=excluded.family,
  jurisdiction=excluded.jurisdiction,
  route=excluded.route,
  subjects=excluded.subjects,
  ponderation_subjects=excluded.ponderation_subjects,
  route_options=excluded.route_options,
  availability_by_province=excluded.availability_by_province,
  sources=excluded.sources,
  source_url=excluded.source_url,
  source_id=excluded.source_id,
  raw=excluded.raw,
  data_quality=excluded.data_quality,
  verified_at=excluded.verified_at,
  last_seen_at=excluded.last_seen_at,
  updated_at=now();


insert into public.itinera_postgraduate_catalog(id,study_id,postgraduate_type,campus,source_file,raw)
values ('post-doctorado-v36-programa-de-doctorado-en-proteccion-del-patrimonio-cultural','doctorado-v36-programa-de-doctorado-en-proteccion-del-patrimonio-cultural','doctorado','Campus de Santiago de Compostela','Másteres y doctorados usc y udc.pdf',jsonb_build_object('source_upload','3 base de datos itinera.zip'))
on conflict (id) do update set study_id=excluded.study_id,postgraduate_type=excluded.postgraduate_type,campus=excluded.campus,source_file=excluded.source_file,raw=excluded.raw,updated_at=now();


insert into public.itinera_studies(id,name,type,level,family,jurisdiction,official_title,route,subjects,ponderation_subjects,route_options,availability_by_province,sources,source_url,source_id,raw,data_quality,verified_at,last_seen_at,updated_at)
values (
  'doctorado-v36-programa-de-doctorado-en-textos-de-la-antiguedad-clasica-y-su-pervivencia',
  'Programa de Doctorado en Textos de la Antigüedad Clásica y su Pervivencia',
  'doctorado',
  'Doutoramento',
  'Universidade · investigación',
  'Galicia',
  true,
  'Consultar requisitos, prazas, centros, modalidade e fontes oficiais antes de decidir.',
  '["Consultar liñas de investigación, requisitos de acceso e dirección de tese."]'::jsonb,
  '[{"subject": "Non aplica", "weight": "consultar universidade"}]'::jsonb,
  '[]'::jsonb,
  '{"Galicia": ["Campus de Santiago de Compostela"]}'::jsonb,
  '["usc-udc-masteres-doctorados", "ruct", "qedu"]'::jsonb,
  'https://www.usc.gal/',
  'usc-udc-masteres-doctorados',
  '{"source_upload": "3 base de datos itinera.zip", "source_file": "Másteres y doctorados usc y udc.pdf", "campus": "Campus de Santiago de Compostela"}'::jsonb,
  'official_upload',
  now(),
  now(),
  now()
)
on conflict (id) do update set
  name=excluded.name,
  type=excluded.type,
  level=excluded.level,
  family=excluded.family,
  jurisdiction=excluded.jurisdiction,
  route=excluded.route,
  subjects=excluded.subjects,
  ponderation_subjects=excluded.ponderation_subjects,
  route_options=excluded.route_options,
  availability_by_province=excluded.availability_by_province,
  sources=excluded.sources,
  source_url=excluded.source_url,
  source_id=excluded.source_id,
  raw=excluded.raw,
  data_quality=excluded.data_quality,
  verified_at=excluded.verified_at,
  last_seen_at=excluded.last_seen_at,
  updated_at=now();


insert into public.itinera_postgraduate_catalog(id,study_id,postgraduate_type,campus,source_file,raw)
values ('post-doctorado-v36-programa-de-doctorado-en-textos-de-la-antiguedad-clasica-y-su-pervivencia','doctorado-v36-programa-de-doctorado-en-textos-de-la-antiguedad-clasica-y-su-pervivencia','doctorado','Campus de Santiago de Compostela','Másteres y doctorados usc y udc.pdf',jsonb_build_object('source_upload','3 base de datos itinera.zip'))
on conflict (id) do update set study_id=excluded.study_id,postgraduate_type=excluded.postgraduate_type,campus=excluded.campus,source_file=excluded.source_file,raw=excluded.raw,updated_at=now();


insert into public.itinera_studies(id,name,type,level,family,jurisdiction,official_title,route,subjects,ponderation_subjects,route_options,availability_by_province,sources,source_url,source_id,raw,data_quality,verified_at,last_seen_at,updated_at)
values (
  'doctorado-v36-programa-de-doctorado-en-agricultura-y-medio-ambiente-para-el-desarollo',
  'Programa de Doctorado en Agricultura y Medio Ambiente para el Desarollo',
  'doctorado',
  'Doutoramento',
  'Universidade · investigación',
  'Galicia',
  true,
  'Consultar requisitos, prazas, centros, modalidade e fontes oficiais antes de decidir.',
  '["Consultar liñas de investigación, requisitos de acceso e dirección de tese."]'::jsonb,
  '[{"subject": "Non aplica", "weight": "consultar universidade"}]'::jsonb,
  '[]'::jsonb,
  '{"Galicia": ["Campus de Lugo"]}'::jsonb,
  '["usc-udc-masteres-doctorados", "ruct", "qedu"]'::jsonb,
  'https://www.usc.gal/',
  'usc-udc-masteres-doctorados',
  '{"source_upload": "3 base de datos itinera.zip", "source_file": "Másteres y doctorados usc y udc.pdf", "campus": "Campus de Lugo"}'::jsonb,
  'official_upload',
  now(),
  now(),
  now()
)
on conflict (id) do update set
  name=excluded.name,
  type=excluded.type,
  level=excluded.level,
  family=excluded.family,
  jurisdiction=excluded.jurisdiction,
  route=excluded.route,
  subjects=excluded.subjects,
  ponderation_subjects=excluded.ponderation_subjects,
  route_options=excluded.route_options,
  availability_by_province=excluded.availability_by_province,
  sources=excluded.sources,
  source_url=excluded.source_url,
  source_id=excluded.source_id,
  raw=excluded.raw,
  data_quality=excluded.data_quality,
  verified_at=excluded.verified_at,
  last_seen_at=excluded.last_seen_at,
  updated_at=now();


insert into public.itinera_postgraduate_catalog(id,study_id,postgraduate_type,campus,source_file,raw)
values ('post-doctorado-v36-programa-de-doctorado-en-agricultura-y-medio-ambiente-para-el-desarollo','doctorado-v36-programa-de-doctorado-en-agricultura-y-medio-ambiente-para-el-desarollo','doctorado','Campus de Lugo','Másteres y doctorados usc y udc.pdf',jsonb_build_object('source_upload','3 base de datos itinera.zip'))
on conflict (id) do update set study_id=excluded.study_id,postgraduate_type=excluded.postgraduate_type,campus=excluded.campus,source_file=excluded.source_file,raw=excluded.raw,updated_at=now();


insert into public.itinera_studies(id,name,type,level,family,jurisdiction,official_title,route,subjects,ponderation_subjects,route_options,availability_by_province,sources,source_url,source_id,raw,data_quality,verified_at,last_seen_at,updated_at)
values (
  'doctorado-v36-programa-de-doctorado-en-biodiversidad-y-conservacion-del-medio-natural',
  'Programa de Doctorado en Biodiversidad y Conservación del Medio Natural',
  'doctorado',
  'Doutoramento',
  'Universidade · investigación',
  'Galicia',
  true,
  'Consultar requisitos, prazas, centros, modalidade e fontes oficiais antes de decidir.',
  '["Consultar liñas de investigación, requisitos de acceso e dirección de tese."]'::jsonb,
  '[{"subject": "Non aplica", "weight": "consultar universidade"}]'::jsonb,
  '[]'::jsonb,
  '{"Galicia": ["Campus de Santiago de Compostela"]}'::jsonb,
  '["usc-udc-masteres-doctorados", "ruct", "qedu"]'::jsonb,
  'https://www.usc.gal/',
  'usc-udc-masteres-doctorados',
  '{"source_upload": "3 base de datos itinera.zip", "source_file": "Másteres y doctorados usc y udc.pdf", "campus": "Campus de Santiago de Compostela"}'::jsonb,
  'official_upload',
  now(),
  now(),
  now()
)
on conflict (id) do update set
  name=excluded.name,
  type=excluded.type,
  level=excluded.level,
  family=excluded.family,
  jurisdiction=excluded.jurisdiction,
  route=excluded.route,
  subjects=excluded.subjects,
  ponderation_subjects=excluded.ponderation_subjects,
  route_options=excluded.route_options,
  availability_by_province=excluded.availability_by_province,
  sources=excluded.sources,
  source_url=excluded.source_url,
  source_id=excluded.source_id,
  raw=excluded.raw,
  data_quality=excluded.data_quality,
  verified_at=excluded.verified_at,
  last_seen_at=excluded.last_seen_at,
  updated_at=now();


insert into public.itinera_postgraduate_catalog(id,study_id,postgraduate_type,campus,source_file,raw)
values ('post-doctorado-v36-programa-de-doctorado-en-biodiversidad-y-conservacion-del-medio-natural','doctorado-v36-programa-de-doctorado-en-biodiversidad-y-conservacion-del-medio-natural','doctorado','Campus de Santiago de Compostela','Másteres y doctorados usc y udc.pdf',jsonb_build_object('source_upload','3 base de datos itinera.zip'))
on conflict (id) do update set study_id=excluded.study_id,postgraduate_type=excluded.postgraduate_type,campus=excluded.campus,source_file=excluded.source_file,raw=excluded.raw,updated_at=now();


insert into public.itinera_studies(id,name,type,level,family,jurisdiction,official_title,route,subjects,ponderation_subjects,route_options,availability_by_province,sources,source_url,source_id,raw,data_quality,verified_at,last_seen_at,updated_at)
values (
  'doctorado-v36-programa-de-doctorado-en-ciencia-de-materiales',
  'Programa de Doctorado en Ciencia de Materiales',
  'doctorado',
  'Doutoramento',
  'Universidade · investigación',
  'Galicia',
  true,
  'Consultar requisitos, prazas, centros, modalidade e fontes oficiais antes de decidir.',
  '["Consultar liñas de investigación, requisitos de acceso e dirección de tese."]'::jsonb,
  '[{"subject": "Non aplica", "weight": "consultar universidade"}]'::jsonb,
  '[]'::jsonb,
  '{"Galicia": ["Campus de Santiago de Compostela"]}'::jsonb,
  '["usc-udc-masteres-doctorados", "ruct", "qedu"]'::jsonb,
  'https://www.usc.gal/',
  'usc-udc-masteres-doctorados',
  '{"source_upload": "3 base de datos itinera.zip", "source_file": "Másteres y doctorados usc y udc.pdf", "campus": "Campus de Santiago de Compostela"}'::jsonb,
  'official_upload',
  now(),
  now(),
  now()
)
on conflict (id) do update set
  name=excluded.name,
  type=excluded.type,
  level=excluded.level,
  family=excluded.family,
  jurisdiction=excluded.jurisdiction,
  route=excluded.route,
  subjects=excluded.subjects,
  ponderation_subjects=excluded.ponderation_subjects,
  route_options=excluded.route_options,
  availability_by_province=excluded.availability_by_province,
  sources=excluded.sources,
  source_url=excluded.source_url,
  source_id=excluded.source_id,
  raw=excluded.raw,
  data_quality=excluded.data_quality,
  verified_at=excluded.verified_at,
  last_seen_at=excluded.last_seen_at,
  updated_at=now();


insert into public.itinera_postgraduate_catalog(id,study_id,postgraduate_type,campus,source_file,raw)
values ('post-doctorado-v36-programa-de-doctorado-en-ciencia-de-materiales','doctorado-v36-programa-de-doctorado-en-ciencia-de-materiales','doctorado','Campus de Santiago de Compostela','Másteres y doctorados usc y udc.pdf',jsonb_build_object('source_upload','3 base de datos itinera.zip'))
on conflict (id) do update set study_id=excluded.study_id,postgraduate_type=excluded.postgraduate_type,campus=excluded.campus,source_file=excluded.source_file,raw=excluded.raw,updated_at=now();


insert into public.itinera_studies(id,name,type,level,family,jurisdiction,official_title,route,subjects,ponderation_subjects,route_options,availability_by_province,sources,source_url,source_id,raw,data_quality,verified_at,last_seen_at,updated_at)
values (
  'doctorado-v36-programa-de-doctorado-en-ciencia-y-tecnologia-quimica',
  'Programa de Doctorado en Ciencia y Tecnología Química',
  'doctorado',
  'Doutoramento',
  'Universidade · investigación',
  'Galicia',
  true,
  'Consultar requisitos, prazas, centros, modalidade e fontes oficiais antes de decidir.',
  '["Consultar liñas de investigación, requisitos de acceso e dirección de tese."]'::jsonb,
  '[{"subject": "Non aplica", "weight": "consultar universidade"}]'::jsonb,
  '[]'::jsonb,
  '{"Galicia": ["Campus de Santiago de Compostela"]}'::jsonb,
  '["usc-udc-masteres-doctorados", "ruct", "qedu"]'::jsonb,
  'https://www.usc.gal/',
  'usc-udc-masteres-doctorados',
  '{"source_upload": "3 base de datos itinera.zip", "source_file": "Másteres y doctorados usc y udc.pdf", "campus": "Campus de Santiago de Compostela"}'::jsonb,
  'official_upload',
  now(),
  now(),
  now()
)
on conflict (id) do update set
  name=excluded.name,
  type=excluded.type,
  level=excluded.level,
  family=excluded.family,
  jurisdiction=excluded.jurisdiction,
  route=excluded.route,
  subjects=excluded.subjects,
  ponderation_subjects=excluded.ponderation_subjects,
  route_options=excluded.route_options,
  availability_by_province=excluded.availability_by_province,
  sources=excluded.sources,
  source_url=excluded.source_url,
  source_id=excluded.source_id,
  raw=excluded.raw,
  data_quality=excluded.data_quality,
  verified_at=excluded.verified_at,
  last_seen_at=excluded.last_seen_at,
  updated_at=now();


insert into public.itinera_postgraduate_catalog(id,study_id,postgraduate_type,campus,source_file,raw)
values ('post-doctorado-v36-programa-de-doctorado-en-ciencia-y-tecnologia-quimica','doctorado-v36-programa-de-doctorado-en-ciencia-y-tecnologia-quimica','doctorado','Campus de Santiago de Compostela','Másteres y doctorados usc y udc.pdf',jsonb_build_object('source_upload','3 base de datos itinera.zip'))
on conflict (id) do update set study_id=excluded.study_id,postgraduate_type=excluded.postgraduate_type,campus=excluded.campus,source_file=excluded.source_file,raw=excluded.raw,updated_at=now();


insert into public.itinera_studies(id,name,type,level,family,jurisdiction,official_title,route,subjects,ponderation_subjects,route_options,availability_by_province,sources,source_url,source_id,raw,data_quality,verified_at,last_seen_at,updated_at)
values (
  'doctorado-v36-programa-de-doctorado-en-energias-renovables-y-sostenibilidad-energetica',
  'Programa de Doctorado en Energías Renovables y Sostenibilidad energética',
  'doctorado',
  'Doutoramento',
  'Universidade · investigación',
  'Galicia',
  true,
  'Consultar requisitos, prazas, centros, modalidade e fontes oficiais antes de decidir.',
  '["Consultar liñas de investigación, requisitos de acceso e dirección de tese."]'::jsonb,
  '[{"subject": "Non aplica", "weight": "consultar universidade"}]'::jsonb,
  '[]'::jsonb,
  '{"Galicia": ["Campus de Santiago de Compostela"]}'::jsonb,
  '["usc-udc-masteres-doctorados", "ruct", "qedu"]'::jsonb,
  'https://www.usc.gal/',
  'usc-udc-masteres-doctorados',
  '{"source_upload": "3 base de datos itinera.zip", "source_file": "Másteres y doctorados usc y udc.pdf", "campus": "Campus de Santiago de Compostela"}'::jsonb,
  'official_upload',
  now(),
  now(),
  now()
)
on conflict (id) do update set
  name=excluded.name,
  type=excluded.type,
  level=excluded.level,
  family=excluded.family,
  jurisdiction=excluded.jurisdiction,
  route=excluded.route,
  subjects=excluded.subjects,
  ponderation_subjects=excluded.ponderation_subjects,
  route_options=excluded.route_options,
  availability_by_province=excluded.availability_by_province,
  sources=excluded.sources,
  source_url=excluded.source_url,
  source_id=excluded.source_id,
  raw=excluded.raw,
  data_quality=excluded.data_quality,
  verified_at=excluded.verified_at,
  last_seen_at=excluded.last_seen_at,
  updated_at=now();


insert into public.itinera_postgraduate_catalog(id,study_id,postgraduate_type,campus,source_file,raw)
values ('post-doctorado-v36-programa-de-doctorado-en-energias-renovables-y-sostenibilidad-energetica','doctorado-v36-programa-de-doctorado-en-energias-renovables-y-sostenibilidad-energetica','doctorado','Campus de Santiago de Compostela','Másteres y doctorados usc y udc.pdf',jsonb_build_object('source_upload','3 base de datos itinera.zip'))
on conflict (id) do update set study_id=excluded.study_id,postgraduate_type=excluded.postgraduate_type,campus=excluded.campus,source_file=excluded.source_file,raw=excluded.raw,updated_at=now();


insert into public.itinera_studies(id,name,type,level,family,jurisdiction,official_title,route,subjects,ponderation_subjects,route_options,availability_by_province,sources,source_url,source_id,raw,data_quality,verified_at,last_seen_at,updated_at)
values (
  'doctorado-v36-programa-de-doctorado-en-estadistica-e-investigacion-operativa',
  'Programa de Doctorado en Estadística e Investigación Operativa',
  'doctorado',
  'Doutoramento',
  'Universidade · investigación',
  'Galicia',
  true,
  'Consultar requisitos, prazas, centros, modalidade e fontes oficiais antes de decidir.',
  '["Consultar liñas de investigación, requisitos de acceso e dirección de tese."]'::jsonb,
  '[{"subject": "Non aplica", "weight": "consultar universidade"}]'::jsonb,
  '[]'::jsonb,
  '{"Galicia": ["Campus de Santiago de Compostela"]}'::jsonb,
  '["usc-udc-masteres-doctorados", "ruct", "qedu"]'::jsonb,
  'https://www.usc.gal/',
  'usc-udc-masteres-doctorados',
  '{"source_upload": "3 base de datos itinera.zip", "source_file": "Másteres y doctorados usc y udc.pdf", "campus": "Campus de Santiago de Compostela"}'::jsonb,
  'official_upload',
  now(),
  now(),
  now()
)
on conflict (id) do update set
  name=excluded.name,
  type=excluded.type,
  level=excluded.level,
  family=excluded.family,
  jurisdiction=excluded.jurisdiction,
  route=excluded.route,
  subjects=excluded.subjects,
  ponderation_subjects=excluded.ponderation_subjects,
  route_options=excluded.route_options,
  availability_by_province=excluded.availability_by_province,
  sources=excluded.sources,
  source_url=excluded.source_url,
  source_id=excluded.source_id,
  raw=excluded.raw,
  data_quality=excluded.data_quality,
  verified_at=excluded.verified_at,
  last_seen_at=excluded.last_seen_at,
  updated_at=now();


insert into public.itinera_postgraduate_catalog(id,study_id,postgraduate_type,campus,source_file,raw)
values ('post-doctorado-v36-programa-de-doctorado-en-estadistica-e-investigacion-operativa','doctorado-v36-programa-de-doctorado-en-estadistica-e-investigacion-operativa','doctorado','Campus de Santiago de Compostela','Másteres y doctorados usc y udc.pdf',jsonb_build_object('source_upload','3 base de datos itinera.zip'))
on conflict (id) do update set study_id=excluded.study_id,postgraduate_type=excluded.postgraduate_type,campus=excluded.campus,source_file=excluded.source_file,raw=excluded.raw,updated_at=now();


insert into public.itinera_studies(id,name,type,level,family,jurisdiction,official_title,route,subjects,ponderation_subjects,route_options,availability_by_province,sources,source_url,source_id,raw,data_quality,verified_at,last_seen_at,updated_at)
values (
  'doctorado-v36-programa-de-doctorado-en-fisica-nuclear-y-de-particulas',
  'Programa de Doctorado en Física Nuclear y de Partículas',
  'doctorado',
  'Doutoramento',
  'Universidade · investigación',
  'Galicia',
  true,
  'Consultar requisitos, prazas, centros, modalidade e fontes oficiais antes de decidir.',
  '["Consultar liñas de investigación, requisitos de acceso e dirección de tese."]'::jsonb,
  '[{"subject": "Non aplica", "weight": "consultar universidade"}]'::jsonb,
  '[]'::jsonb,
  '{"Galicia": ["Campus de Santiago de Compostela"]}'::jsonb,
  '["usc-udc-masteres-doctorados", "ruct", "qedu"]'::jsonb,
  'https://www.usc.gal/',
  'usc-udc-masteres-doctorados',
  '{"source_upload": "3 base de datos itinera.zip", "source_file": "Másteres y doctorados usc y udc.pdf", "campus": "Campus de Santiago de Compostela"}'::jsonb,
  'official_upload',
  now(),
  now(),
  now()
)
on conflict (id) do update set
  name=excluded.name,
  type=excluded.type,
  level=excluded.level,
  family=excluded.family,
  jurisdiction=excluded.jurisdiction,
  route=excluded.route,
  subjects=excluded.subjects,
  ponderation_subjects=excluded.ponderation_subjects,
  route_options=excluded.route_options,
  availability_by_province=excluded.availability_by_province,
  sources=excluded.sources,
  source_url=excluded.source_url,
  source_id=excluded.source_id,
  raw=excluded.raw,
  data_quality=excluded.data_quality,
  verified_at=excluded.verified_at,
  last_seen_at=excluded.last_seen_at,
  updated_at=now();


insert into public.itinera_postgraduate_catalog(id,study_id,postgraduate_type,campus,source_file,raw)
values ('post-doctorado-v36-programa-de-doctorado-en-fisica-nuclear-y-de-particulas','doctorado-v36-programa-de-doctorado-en-fisica-nuclear-y-de-particulas','doctorado','Campus de Santiago de Compostela','Másteres y doctorados usc y udc.pdf',jsonb_build_object('source_upload','3 base de datos itinera.zip'))
on conflict (id) do update set study_id=excluded.study_id,postgraduate_type=excluded.postgraduate_type,campus=excluded.campus,source_file=excluded.source_file,raw=excluded.raw,updated_at=now();


insert into public.itinera_studies(id,name,type,level,family,jurisdiction,official_title,route,subjects,ponderation_subjects,route_options,availability_by_province,sources,source_url,source_id,raw,data_quality,verified_at,last_seen_at,updated_at)
values (
  'doctorado-v36-programa-de-doctorado-en-laser-fotonica-y-vision',
  'Programa de Doctorado en Láser, Fotónica y Visión',
  'doctorado',
  'Doutoramento',
  'Universidade · investigación',
  'Galicia',
  true,
  'Consultar requisitos, prazas, centros, modalidade e fontes oficiais antes de decidir.',
  '["Consultar liñas de investigación, requisitos de acceso e dirección de tese."]'::jsonb,
  '[{"subject": "Non aplica", "weight": "consultar universidade"}]'::jsonb,
  '[]'::jsonb,
  '{"Galicia": ["Campus de Santiago de Compostela"]}'::jsonb,
  '["usc-udc-masteres-doctorados", "ruct", "qedu"]'::jsonb,
  'https://www.usc.gal/',
  'usc-udc-masteres-doctorados',
  '{"source_upload": "3 base de datos itinera.zip", "source_file": "Másteres y doctorados usc y udc.pdf", "campus": "Campus de Santiago de Compostela"}'::jsonb,
  'official_upload',
  now(),
  now(),
  now()
)
on conflict (id) do update set
  name=excluded.name,
  type=excluded.type,
  level=excluded.level,
  family=excluded.family,
  jurisdiction=excluded.jurisdiction,
  route=excluded.route,
  subjects=excluded.subjects,
  ponderation_subjects=excluded.ponderation_subjects,
  route_options=excluded.route_options,
  availability_by_province=excluded.availability_by_province,
  sources=excluded.sources,
  source_url=excluded.source_url,
  source_id=excluded.source_id,
  raw=excluded.raw,
  data_quality=excluded.data_quality,
  verified_at=excluded.verified_at,
  last_seen_at=excluded.last_seen_at,
  updated_at=now();


insert into public.itinera_postgraduate_catalog(id,study_id,postgraduate_type,campus,source_file,raw)
values ('post-doctorado-v36-programa-de-doctorado-en-laser-fotonica-y-vision','doctorado-v36-programa-de-doctorado-en-laser-fotonica-y-vision','doctorado','Campus de Santiago de Compostela','Másteres y doctorados usc y udc.pdf',jsonb_build_object('source_upload','3 base de datos itinera.zip'))
on conflict (id) do update set study_id=excluded.study_id,postgraduate_type=excluded.postgraduate_type,campus=excluded.campus,source_file=excluded.source_file,raw=excluded.raw,updated_at=now();


insert into public.itinera_studies(id,name,type,level,family,jurisdiction,official_title,route,subjects,ponderation_subjects,route_options,availability_by_province,sources,source_url,source_id,raw,data_quality,verified_at,last_seen_at,updated_at)
values (
  'doctorado-v36-programa-de-doctorado-en-matematicas',
  'Programa de Doctorado en Matemáticas',
  'doctorado',
  'Doutoramento',
  'Universidade · investigación',
  'Galicia',
  true,
  'Consultar requisitos, prazas, centros, modalidade e fontes oficiais antes de decidir.',
  '["Consultar liñas de investigación, requisitos de acceso e dirección de tese."]'::jsonb,
  '[{"subject": "Non aplica", "weight": "consultar universidade"}]'::jsonb,
  '[]'::jsonb,
  '{"Galicia": ["Campus de Santiago de Compostela"]}'::jsonb,
  '["usc-udc-masteres-doctorados", "ruct", "qedu"]'::jsonb,
  'https://www.usc.gal/',
  'usc-udc-masteres-doctorados',
  '{"source_upload": "3 base de datos itinera.zip", "source_file": "Másteres y doctorados usc y udc.pdf", "campus": "Campus de Santiago de Compostela"}'::jsonb,
  'official_upload',
  now(),
  now(),
  now()
)
on conflict (id) do update set
  name=excluded.name,
  type=excluded.type,
  level=excluded.level,
  family=excluded.family,
  jurisdiction=excluded.jurisdiction,
  route=excluded.route,
  subjects=excluded.subjects,
  ponderation_subjects=excluded.ponderation_subjects,
  route_options=excluded.route_options,
  availability_by_province=excluded.availability_by_province,
  sources=excluded.sources,
  source_url=excluded.source_url,
  source_id=excluded.source_id,
  raw=excluded.raw,
  data_quality=excluded.data_quality,
  verified_at=excluded.verified_at,
  last_seen_at=excluded.last_seen_at,
  updated_at=now();


insert into public.itinera_postgraduate_catalog(id,study_id,postgraduate_type,campus,source_file,raw)
values ('post-doctorado-v36-programa-de-doctorado-en-matematicas','doctorado-v36-programa-de-doctorado-en-matematicas','doctorado','Campus de Santiago de Compostela','Másteres y doctorados usc y udc.pdf',jsonb_build_object('source_upload','3 base de datos itinera.zip'))
on conflict (id) do update set study_id=excluded.study_id,postgraduate_type=excluded.postgraduate_type,campus=excluded.campus,source_file=excluded.source_file,raw=excluded.raw,updated_at=now();


insert into public.itinera_studies(id,name,type,level,family,jurisdiction,official_title,route,subjects,ponderation_subjects,route_options,availability_by_province,sources,source_url,source_id,raw,data_quality,verified_at,last_seen_at,updated_at)
values (
  'doctorado-v36-programa-de-doctorado-en-matematicas-y-aplicaciones',
  'Programa de Doctorado en Matemáticas y Aplicaciones',
  'doctorado',
  'Doutoramento',
  'Universidade · investigación',
  'Galicia',
  true,
  'Consultar requisitos, prazas, centros, modalidade e fontes oficiais antes de decidir.',
  '["Consultar liñas de investigación, requisitos de acceso e dirección de tese."]'::jsonb,
  '[{"subject": "Non aplica", "weight": "consultar universidade"}]'::jsonb,
  '[]'::jsonb,
  '{"Galicia": ["Campus de Santiago de Compostela"]}'::jsonb,
  '["usc-udc-masteres-doctorados", "ruct", "qedu"]'::jsonb,
  'https://www.usc.gal/',
  'usc-udc-masteres-doctorados',
  '{"source_upload": "3 base de datos itinera.zip", "source_file": "Másteres y doctorados usc y udc.pdf", "campus": "Campus de Santiago de Compostela"}'::jsonb,
  'official_upload',
  now(),
  now(),
  now()
)
on conflict (id) do update set
  name=excluded.name,
  type=excluded.type,
  level=excluded.level,
  family=excluded.family,
  jurisdiction=excluded.jurisdiction,
  route=excluded.route,
  subjects=excluded.subjects,
  ponderation_subjects=excluded.ponderation_subjects,
  route_options=excluded.route_options,
  availability_by_province=excluded.availability_by_province,
  sources=excluded.sources,
  source_url=excluded.source_url,
  source_id=excluded.source_id,
  raw=excluded.raw,
  data_quality=excluded.data_quality,
  verified_at=excluded.verified_at,
  last_seen_at=excluded.last_seen_at,
  updated_at=now();


insert into public.itinera_postgraduate_catalog(id,study_id,postgraduate_type,campus,source_file,raw)
values ('post-doctorado-v36-programa-de-doctorado-en-matematicas-y-aplicaciones','doctorado-v36-programa-de-doctorado-en-matematicas-y-aplicaciones','doctorado','Campus de Santiago de Compostela','Másteres y doctorados usc y udc.pdf',jsonb_build_object('source_upload','3 base de datos itinera.zip'))
on conflict (id) do update set study_id=excluded.study_id,postgraduate_type=excluded.postgraduate_type,campus=excluded.campus,source_file=excluded.source_file,raw=excluded.raw,updated_at=now();


insert into public.itinera_studies(id,name,type,level,family,jurisdiction,official_title,route,subjects,ponderation_subjects,route_options,availability_by_province,sources,source_url,source_id,raw,data_quality,verified_at,last_seen_at,updated_at)
values (
  'doctorado-v36-programa-de-doctorado-en-medio-ambiente-y-recursos-naturales',
  'Programa de Doctorado en Medio Ambiente y Recursos Naturales',
  'doctorado',
  'Doutoramento',
  'Universidade · investigación',
  'Galicia',
  true,
  'Consultar requisitos, prazas, centros, modalidade e fontes oficiais antes de decidir.',
  '["Consultar liñas de investigación, requisitos de acceso e dirección de tese."]'::jsonb,
  '[{"subject": "Non aplica", "weight": "consultar universidade"}]'::jsonb,
  '[]'::jsonb,
  '{"Galicia": ["Campus de Santiago de Compostela"]}'::jsonb,
  '["usc-udc-masteres-doctorados", "ruct", "qedu"]'::jsonb,
  'https://www.usc.gal/',
  'usc-udc-masteres-doctorados',
  '{"source_upload": "3 base de datos itinera.zip", "source_file": "Másteres y doctorados usc y udc.pdf", "campus": "Campus de Santiago de Compostela"}'::jsonb,
  'official_upload',
  now(),
  now(),
  now()
)
on conflict (id) do update set
  name=excluded.name,
  type=excluded.type,
  level=excluded.level,
  family=excluded.family,
  jurisdiction=excluded.jurisdiction,
  route=excluded.route,
  subjects=excluded.subjects,
  ponderation_subjects=excluded.ponderation_subjects,
  route_options=excluded.route_options,
  availability_by_province=excluded.availability_by_province,
  sources=excluded.sources,
  source_url=excluded.source_url,
  source_id=excluded.source_id,
  raw=excluded.raw,
  data_quality=excluded.data_quality,
  verified_at=excluded.verified_at,
  last_seen_at=excluded.last_seen_at,
  updated_at=now();


insert into public.itinera_postgraduate_catalog(id,study_id,postgraduate_type,campus,source_file,raw)
values ('post-doctorado-v36-programa-de-doctorado-en-medio-ambiente-y-recursos-naturales','doctorado-v36-programa-de-doctorado-en-medio-ambiente-y-recursos-naturales','doctorado','Campus de Santiago de Compostela','Másteres y doctorados usc y udc.pdf',jsonb_build_object('source_upload','3 base de datos itinera.zip'))
on conflict (id) do update set study_id=excluded.study_id,postgraduate_type=excluded.postgraduate_type,campus=excluded.campus,source_file=excluded.source_file,raw=excluded.raw,updated_at=now();


insert into public.itinera_studies(id,name,type,level,family,jurisdiction,official_title,route,subjects,ponderation_subjects,route_options,availability_by_province,sources,source_url,source_id,raw,data_quality,verified_at,last_seen_at,updated_at)
values (
  'doctorado-v36-programa-de-doutoramento-en-ciencias-marinas-tecnoloxia-e-xestion',
  'Programa de Doutoramento en Ciencias Mariñas, Tecnoloxía e Xestión',
  'doctorado',
  'Doutoramento',
  'Universidade · investigación',
  'Galicia',
  true,
  'Consultar requisitos, prazas, centros, modalidade e fontes oficiais antes de decidir.',
  '["Consultar liñas de investigación, requisitos de acceso e dirección de tese."]'::jsonb,
  '[{"subject": "Non aplica", "weight": "consultar universidade"}]'::jsonb,
  '[]'::jsonb,
  '{"Galicia": ["Campus de Santiago de Compostela"]}'::jsonb,
  '["usc-udc-masteres-doctorados", "ruct", "qedu"]'::jsonb,
  'https://www.usc.gal/',
  'usc-udc-masteres-doctorados',
  '{"source_upload": "3 base de datos itinera.zip", "source_file": "Másteres y doctorados usc y udc.pdf", "campus": "Campus de Santiago de Compostela"}'::jsonb,
  'official_upload',
  now(),
  now(),
  now()
)
on conflict (id) do update set
  name=excluded.name,
  type=excluded.type,
  level=excluded.level,
  family=excluded.family,
  jurisdiction=excluded.jurisdiction,
  route=excluded.route,
  subjects=excluded.subjects,
  ponderation_subjects=excluded.ponderation_subjects,
  route_options=excluded.route_options,
  availability_by_province=excluded.availability_by_province,
  sources=excluded.sources,
  source_url=excluded.source_url,
  source_id=excluded.source_id,
  raw=excluded.raw,
  data_quality=excluded.data_quality,
  verified_at=excluded.verified_at,
  last_seen_at=excluded.last_seen_at,
  updated_at=now();


insert into public.itinera_postgraduate_catalog(id,study_id,postgraduate_type,campus,source_file,raw)
values ('post-doctorado-v36-programa-de-doutoramento-en-ciencias-marinas-tecnoloxia-e-xestion','doctorado-v36-programa-de-doutoramento-en-ciencias-marinas-tecnoloxia-e-xestion','doctorado','Campus de Santiago de Compostela','Másteres y doctorados usc y udc.pdf',jsonb_build_object('source_upload','3 base de datos itinera.zip'))
on conflict (id) do update set study_id=excluded.study_id,postgraduate_type=excluded.postgraduate_type,campus=excluded.campus,source_file=excluded.source_file,raw=excluded.raw,updated_at=now();


insert into public.itinera_studies(id,name,type,level,family,jurisdiction,official_title,route,subjects,ponderation_subjects,route_options,availability_by_province,sources,source_url,source_id,raw,data_quality,verified_at,last_seen_at,updated_at)
values (
  'doctorado-v36-programa-de-doctorado-en-avances-en-biologia-microbiana-y-parasitaria',
  'Programa de Doctorado en Avances en Biología Microbiana y Parasitaria',
  'doctorado',
  'Doutoramento',
  'Universidade · investigación',
  'Galicia',
  true,
  'Consultar requisitos, prazas, centros, modalidade e fontes oficiais antes de decidir.',
  '["Consultar liñas de investigación, requisitos de acceso e dirección de tese."]'::jsonb,
  '[{"subject": "Non aplica", "weight": "consultar universidade"}]'::jsonb,
  '[]'::jsonb,
  '{"Galicia": ["Campus de Santiago de Compostela"]}'::jsonb,
  '["usc-udc-masteres-doctorados", "ruct", "qedu"]'::jsonb,
  'https://www.usc.gal/',
  'usc-udc-masteres-doctorados',
  '{"source_upload": "3 base de datos itinera.zip", "source_file": "Másteres y doctorados usc y udc.pdf", "campus": "Campus de Santiago de Compostela"}'::jsonb,
  'official_upload',
  now(),
  now(),
  now()
)
on conflict (id) do update set
  name=excluded.name,
  type=excluded.type,
  level=excluded.level,
  family=excluded.family,
  jurisdiction=excluded.jurisdiction,
  route=excluded.route,
  subjects=excluded.subjects,
  ponderation_subjects=excluded.ponderation_subjects,
  route_options=excluded.route_options,
  availability_by_province=excluded.availability_by_province,
  sources=excluded.sources,
  source_url=excluded.source_url,
  source_id=excluded.source_id,
  raw=excluded.raw,
  data_quality=excluded.data_quality,
  verified_at=excluded.verified_at,
  last_seen_at=excluded.last_seen_at,
  updated_at=now();


insert into public.itinera_postgraduate_catalog(id,study_id,postgraduate_type,campus,source_file,raw)
values ('post-doctorado-v36-programa-de-doctorado-en-avances-en-biologia-microbiana-y-parasitaria','doctorado-v36-programa-de-doctorado-en-avances-en-biologia-microbiana-y-parasitaria','doctorado','Campus de Santiago de Compostela','Másteres y doctorados usc y udc.pdf',jsonb_build_object('source_upload','3 base de datos itinera.zip'))
on conflict (id) do update set study_id=excluded.study_id,postgraduate_type=excluded.postgraduate_type,campus=excluded.campus,source_file=excluded.source_file,raw=excluded.raw,updated_at=now();


insert into public.itinera_studies(id,name,type,level,family,jurisdiction,official_title,route,subjects,ponderation_subjects,route_options,availability_by_province,sources,source_url,source_id,raw,data_quality,verified_at,last_seen_at,updated_at)
values (
  'doctorado-v36-programa-de-doctorado-en-avances-y-nuevas-estrategias-en-ciencias-forenses',
  'Programa de Doctorado en Avances y Nuevas Estrategias en Ciencias Forenses',
  'doctorado',
  'Doutoramento',
  'Universidade · investigación',
  'Galicia',
  true,
  'Consultar requisitos, prazas, centros, modalidade e fontes oficiais antes de decidir.',
  '["Consultar liñas de investigación, requisitos de acceso e dirección de tese."]'::jsonb,
  '[{"subject": "Non aplica", "weight": "consultar universidade"}]'::jsonb,
  '[]'::jsonb,
  '{"Galicia": ["Campus de Santiago de Compostela"]}'::jsonb,
  '["usc-udc-masteres-doctorados", "ruct", "qedu"]'::jsonb,
  'https://www.usc.gal/',
  'usc-udc-masteres-doctorados',
  '{"source_upload": "3 base de datos itinera.zip", "source_file": "Másteres y doctorados usc y udc.pdf", "campus": "Campus de Santiago de Compostela"}'::jsonb,
  'official_upload',
  now(),
  now(),
  now()
)
on conflict (id) do update set
  name=excluded.name,
  type=excluded.type,
  level=excluded.level,
  family=excluded.family,
  jurisdiction=excluded.jurisdiction,
  route=excluded.route,
  subjects=excluded.subjects,
  ponderation_subjects=excluded.ponderation_subjects,
  route_options=excluded.route_options,
  availability_by_province=excluded.availability_by_province,
  sources=excluded.sources,
  source_url=excluded.source_url,
  source_id=excluded.source_id,
  raw=excluded.raw,
  data_quality=excluded.data_quality,
  verified_at=excluded.verified_at,
  last_seen_at=excluded.last_seen_at,
  updated_at=now();


insert into public.itinera_postgraduate_catalog(id,study_id,postgraduate_type,campus,source_file,raw)
values ('post-doctorado-v36-programa-de-doctorado-en-avances-y-nuevas-estrategias-en-ciencias-forenses','doctorado-v36-programa-de-doctorado-en-avances-y-nuevas-estrategias-en-ciencias-forenses','doctorado','Campus de Santiago de Compostela','Másteres y doctorados usc y udc.pdf',jsonb_build_object('source_upload','3 base de datos itinera.zip'))
on conflict (id) do update set study_id=excluded.study_id,postgraduate_type=excluded.postgraduate_type,campus=excluded.campus,source_file=excluded.source_file,raw=excluded.raw,updated_at=now();


insert into public.itinera_studies(id,name,type,level,family,jurisdiction,official_title,route,subjects,ponderation_subjects,route_options,availability_by_province,sources,source_url,source_id,raw,data_quality,verified_at,last_seen_at,updated_at)
values (
  'doctorado-v36-programa-de-doctorado-en-ciencias-de-la-vision',
  'Programa de Doctorado en Ciencias de la Visión',
  'doctorado',
  'Doutoramento',
  'Universidade · investigación',
  'Galicia',
  true,
  'Consultar requisitos, prazas, centros, modalidade e fontes oficiais antes de decidir.',
  '["Consultar liñas de investigación, requisitos de acceso e dirección de tese."]'::jsonb,
  '[{"subject": "Non aplica", "weight": "consultar universidade"}]'::jsonb,
  '[]'::jsonb,
  '{"Galicia": ["Campus de Santiago de Compostela"]}'::jsonb,
  '["usc-udc-masteres-doctorados", "ruct", "qedu"]'::jsonb,
  'https://www.usc.gal/',
  'usc-udc-masteres-doctorados',
  '{"source_upload": "3 base de datos itinera.zip", "source_file": "Másteres y doctorados usc y udc.pdf", "campus": "Campus de Santiago de Compostela"}'::jsonb,
  'official_upload',
  now(),
  now(),
  now()
)
on conflict (id) do update set
  name=excluded.name,
  type=excluded.type,
  level=excluded.level,
  family=excluded.family,
  jurisdiction=excluded.jurisdiction,
  route=excluded.route,
  subjects=excluded.subjects,
  ponderation_subjects=excluded.ponderation_subjects,
  route_options=excluded.route_options,
  availability_by_province=excluded.availability_by_province,
  sources=excluded.sources,
  source_url=excluded.source_url,
  source_id=excluded.source_id,
  raw=excluded.raw,
  data_quality=excluded.data_quality,
  verified_at=excluded.verified_at,
  last_seen_at=excluded.last_seen_at,
  updated_at=now();


insert into public.itinera_postgraduate_catalog(id,study_id,postgraduate_type,campus,source_file,raw)
values ('post-doctorado-v36-programa-de-doctorado-en-ciencias-de-la-vision','doctorado-v36-programa-de-doctorado-en-ciencias-de-la-vision','doctorado','Campus de Santiago de Compostela','Másteres y doctorados usc y udc.pdf',jsonb_build_object('source_upload','3 base de datos itinera.zip'))
on conflict (id) do update set study_id=excluded.study_id,postgraduate_type=excluded.postgraduate_type,campus=excluded.campus,source_file=excluded.source_file,raw=excluded.raw,updated_at=now();


insert into public.itinera_studies(id,name,type,level,family,jurisdiction,official_title,route,subjects,ponderation_subjects,route_options,availability_by_province,sources,source_url,source_id,raw,data_quality,verified_at,last_seen_at,updated_at)
values (
  'doctorado-v36-programa-de-doctorado-en-ciencias-odontologicas',
  'Programa de Doctorado en Ciencias Odontológicas',
  'doctorado',
  'Doutoramento',
  'Universidade · investigación',
  'Galicia',
  true,
  'Consultar requisitos, prazas, centros, modalidade e fontes oficiais antes de decidir.',
  '["Consultar liñas de investigación, requisitos de acceso e dirección de tese."]'::jsonb,
  '[{"subject": "Non aplica", "weight": "consultar universidade"}]'::jsonb,
  '[]'::jsonb,
  '{"Galicia": ["Campus de Santiago de Compostela"]}'::jsonb,
  '["usc-udc-masteres-doctorados", "ruct", "qedu"]'::jsonb,
  'https://www.usc.gal/',
  'usc-udc-masteres-doctorados',
  '{"source_upload": "3 base de datos itinera.zip", "source_file": "Másteres y doctorados usc y udc.pdf", "campus": "Campus de Santiago de Compostela"}'::jsonb,
  'official_upload',
  now(),
  now(),
  now()
)
on conflict (id) do update set
  name=excluded.name,
  type=excluded.type,
  level=excluded.level,
  family=excluded.family,
  jurisdiction=excluded.jurisdiction,
  route=excluded.route,
  subjects=excluded.subjects,
  ponderation_subjects=excluded.ponderation_subjects,
  route_options=excluded.route_options,
  availability_by_province=excluded.availability_by_province,
  sources=excluded.sources,
  source_url=excluded.source_url,
  source_id=excluded.source_id,
  raw=excluded.raw,
  data_quality=excluded.data_quality,
  verified_at=excluded.verified_at,
  last_seen_at=excluded.last_seen_at,
  updated_at=now();


insert into public.itinera_postgraduate_catalog(id,study_id,postgraduate_type,campus,source_file,raw)
values ('post-doctorado-v36-programa-de-doctorado-en-ciencias-odontologicas','doctorado-v36-programa-de-doctorado-en-ciencias-odontologicas','doctorado','Campus de Santiago de Compostela','Másteres y doctorados usc y udc.pdf',jsonb_build_object('source_upload','3 base de datos itinera.zip'))
on conflict (id) do update set study_id=excluded.study_id,postgraduate_type=excluded.postgraduate_type,campus=excluded.campus,source_file=excluded.source_file,raw=excluded.raw,updated_at=now();


insert into public.itinera_studies(id,name,type,level,family,jurisdiction,official_title,route,subjects,ponderation_subjects,route_options,availability_by_province,sources,source_url,source_id,raw,data_quality,verified_at,last_seen_at,updated_at)
values (
  'doctorado-v36-programa-de-doctorado-en-endocrinologia',
  'Programa de Doctorado en Endocrinología',
  'doctorado',
  'Doutoramento',
  'Universidade · investigación',
  'Galicia',
  true,
  'Consultar requisitos, prazas, centros, modalidade e fontes oficiais antes de decidir.',
  '["Consultar liñas de investigación, requisitos de acceso e dirección de tese."]'::jsonb,
  '[{"subject": "Non aplica", "weight": "consultar universidade"}]'::jsonb,
  '[]'::jsonb,
  '{"Galicia": ["Campus de Santiago de Compostela"]}'::jsonb,
  '["usc-udc-masteres-doctorados", "ruct", "qedu"]'::jsonb,
  'https://www.usc.gal/',
  'usc-udc-masteres-doctorados',
  '{"source_upload": "3 base de datos itinera.zip", "source_file": "Másteres y doctorados usc y udc.pdf", "campus": "Campus de Santiago de Compostela"}'::jsonb,
  'official_upload',
  now(),
  now(),
  now()
)
on conflict (id) do update set
  name=excluded.name,
  type=excluded.type,
  level=excluded.level,
  family=excluded.family,
  jurisdiction=excluded.jurisdiction,
  route=excluded.route,
  subjects=excluded.subjects,
  ponderation_subjects=excluded.ponderation_subjects,
  route_options=excluded.route_options,
  availability_by_province=excluded.availability_by_province,
  sources=excluded.sources,
  source_url=excluded.source_url,
  source_id=excluded.source_id,
  raw=excluded.raw,
  data_quality=excluded.data_quality,
  verified_at=excluded.verified_at,
  last_seen_at=excluded.last_seen_at,
  updated_at=now();


insert into public.itinera_postgraduate_catalog(id,study_id,postgraduate_type,campus,source_file,raw)
values ('post-doctorado-v36-programa-de-doctorado-en-endocrinologia','doctorado-v36-programa-de-doctorado-en-endocrinologia','doctorado','Campus de Santiago de Compostela','Másteres y doctorados usc y udc.pdf',jsonb_build_object('source_upload','3 base de datos itinera.zip'))
on conflict (id) do update set study_id=excluded.study_id,postgraduate_type=excluded.postgraduate_type,campus=excluded.campus,source_file=excluded.source_file,raw=excluded.raw,updated_at=now();


insert into public.itinera_studies(id,name,type,level,family,jurisdiction,official_title,route,subjects,ponderation_subjects,route_options,availability_by_province,sources,source_url,source_id,raw,data_quality,verified_at,last_seen_at,updated_at)
values (
  'doctorado-v36-programa-de-doctorado-en-epidemologia-y-salud-publica',
  'Programa de Doctorado en Epidemología y Salud Pública',
  'doctorado',
  'Doutoramento',
  'Universidade · investigación',
  'Galicia',
  true,
  'Consultar requisitos, prazas, centros, modalidade e fontes oficiais antes de decidir.',
  '["Consultar liñas de investigación, requisitos de acceso e dirección de tese."]'::jsonb,
  '[{"subject": "Non aplica", "weight": "consultar universidade"}]'::jsonb,
  '[]'::jsonb,
  '{"Galicia": ["Campus de Santiago de Compostela"]}'::jsonb,
  '["usc-udc-masteres-doctorados", "ruct", "qedu"]'::jsonb,
  'https://www.usc.gal/',
  'usc-udc-masteres-doctorados',
  '{"source_upload": "3 base de datos itinera.zip", "source_file": "Másteres y doctorados usc y udc.pdf", "campus": "Campus de Santiago de Compostela"}'::jsonb,
  'official_upload',
  now(),
  now(),
  now()
)
on conflict (id) do update set
  name=excluded.name,
  type=excluded.type,
  level=excluded.level,
  family=excluded.family,
  jurisdiction=excluded.jurisdiction,
  route=excluded.route,
  subjects=excluded.subjects,
  ponderation_subjects=excluded.ponderation_subjects,
  route_options=excluded.route_options,
  availability_by_province=excluded.availability_by_province,
  sources=excluded.sources,
  source_url=excluded.source_url,
  source_id=excluded.source_id,
  raw=excluded.raw,
  data_quality=excluded.data_quality,
  verified_at=excluded.verified_at,
  last_seen_at=excluded.last_seen_at,
  updated_at=now();


insert into public.itinera_postgraduate_catalog(id,study_id,postgraduate_type,campus,source_file,raw)
values ('post-doctorado-v36-programa-de-doctorado-en-epidemologia-y-salud-publica','doctorado-v36-programa-de-doctorado-en-epidemologia-y-salud-publica','doctorado','Campus de Santiago de Compostela','Másteres y doctorados usc y udc.pdf',jsonb_build_object('source_upload','3 base de datos itinera.zip'))
on conflict (id) do update set study_id=excluded.study_id,postgraduate_type=excluded.postgraduate_type,campus=excluded.campus,source_file=excluded.source_file,raw=excluded.raw,updated_at=now();


insert into public.itinera_studies(id,name,type,level,family,jurisdiction,official_title,route,subjects,ponderation_subjects,route_options,availability_by_province,sources,source_url,source_id,raw,data_quality,verified_at,last_seen_at,updated_at)
values (
  'doctorado-v36-programa-de-doctorado-en-investigacion-basica-y-aplicada-en-ciencias-veterinarias',
  'Programa de Doctorado en Investigación Básica y Aplicada en Ciencias Veterinarias',
  'doctorado',
  'Doutoramento',
  'Universidade · investigación',
  'Galicia',
  true,
  'Consultar requisitos, prazas, centros, modalidade e fontes oficiais antes de decidir.',
  '["Consultar liñas de investigación, requisitos de acceso e dirección de tese."]'::jsonb,
  '[{"subject": "Non aplica", "weight": "consultar universidade"}]'::jsonb,
  '[]'::jsonb,
  '{"Galicia": ["Campus de Lugo"]}'::jsonb,
  '["usc-udc-masteres-doctorados", "ruct", "qedu"]'::jsonb,
  'https://www.usc.gal/',
  'usc-udc-masteres-doctorados',
  '{"source_upload": "3 base de datos itinera.zip", "source_file": "Másteres y doctorados usc y udc.pdf", "campus": "Campus de Lugo"}'::jsonb,
  'official_upload',
  now(),
  now(),
  now()
)
on conflict (id) do update set
  name=excluded.name,
  type=excluded.type,
  level=excluded.level,
  family=excluded.family,
  jurisdiction=excluded.jurisdiction,
  route=excluded.route,
  subjects=excluded.subjects,
  ponderation_subjects=excluded.ponderation_subjects,
  route_options=excluded.route_options,
  availability_by_province=excluded.availability_by_province,
  sources=excluded.sources,
  source_url=excluded.source_url,
  source_id=excluded.source_id,
  raw=excluded.raw,
  data_quality=excluded.data_quality,
  verified_at=excluded.verified_at,
  last_seen_at=excluded.last_seen_at,
  updated_at=now();


insert into public.itinera_postgraduate_catalog(id,study_id,postgraduate_type,campus,source_file,raw)
values ('post-doctorado-v36-programa-de-doctorado-en-investigacion-basica-y-aplicada-en-ciencias-veterinarias','doctorado-v36-programa-de-doctorado-en-investigacion-basica-y-aplicada-en-ciencias-veterinarias','doctorado','Campus de Lugo','Másteres y doctorados usc y udc.pdf',jsonb_build_object('source_upload','3 base de datos itinera.zip'))
on conflict (id) do update set study_id=excluded.study_id,postgraduate_type=excluded.postgraduate_type,campus=excluded.campus,source_file=excluded.source_file,raw=excluded.raw,updated_at=now();


insert into public.itinera_studies(id,name,type,level,family,jurisdiction,official_title,route,subjects,ponderation_subjects,route_options,availability_by_province,sources,source_url,source_id,raw,data_quality,verified_at,last_seen_at,updated_at)
values (
  'doctorado-v36-programa-de-doctorado-en-investigacion-clinica-en-medicina',
  'Programa de Doctorado en Investigación Clínica en Medicina',
  'doctorado',
  'Doutoramento',
  'Universidade · investigación',
  'Galicia',
  true,
  'Consultar requisitos, prazas, centros, modalidade e fontes oficiais antes de decidir.',
  '["Consultar liñas de investigación, requisitos de acceso e dirección de tese."]'::jsonb,
  '[{"subject": "Non aplica", "weight": "consultar universidade"}]'::jsonb,
  '[]'::jsonb,
  '{"Galicia": ["Campus de Santiago de Compostela"]}'::jsonb,
  '["usc-udc-masteres-doctorados", "ruct", "qedu"]'::jsonb,
  'https://www.usc.gal/',
  'usc-udc-masteres-doctorados',
  '{"source_upload": "3 base de datos itinera.zip", "source_file": "Másteres y doctorados usc y udc.pdf", "campus": "Campus de Santiago de Compostela"}'::jsonb,
  'official_upload',
  now(),
  now(),
  now()
)
on conflict (id) do update set
  name=excluded.name,
  type=excluded.type,
  level=excluded.level,
  family=excluded.family,
  jurisdiction=excluded.jurisdiction,
  route=excluded.route,
  subjects=excluded.subjects,
  ponderation_subjects=excluded.ponderation_subjects,
  route_options=excluded.route_options,
  availability_by_province=excluded.availability_by_province,
  sources=excluded.sources,
  source_url=excluded.source_url,
  source_id=excluded.source_id,
  raw=excluded.raw,
  data_quality=excluded.data_quality,
  verified_at=excluded.verified_at,
  last_seen_at=excluded.last_seen_at,
  updated_at=now();


insert into public.itinera_postgraduate_catalog(id,study_id,postgraduate_type,campus,source_file,raw)
values ('post-doctorado-v36-programa-de-doctorado-en-investigacion-clinica-en-medicina','doctorado-v36-programa-de-doctorado-en-investigacion-clinica-en-medicina','doctorado','Campus de Santiago de Compostela','Másteres y doctorados usc y udc.pdf',jsonb_build_object('source_upload','3 base de datos itinera.zip'))
on conflict (id) do update set study_id=excluded.study_id,postgraduate_type=excluded.postgraduate_type,campus=excluded.campus,source_file=excluded.source_file,raw=excluded.raw,updated_at=now();


insert into public.itinera_studies(id,name,type,level,family,jurisdiction,official_title,route,subjects,ponderation_subjects,route_options,availability_by_province,sources,source_url,source_id,raw,data_quality,verified_at,last_seen_at,updated_at)
values (
  'doctorado-v36-programa-de-doctorado-en-investigacion-y-desarrollo-de-medicamentos',
  'Programa de Doctorado en Investigación y Desarrollo de Medicamentos',
  'doctorado',
  'Doutoramento',
  'Universidade · investigación',
  'Galicia',
  true,
  'Consultar requisitos, prazas, centros, modalidade e fontes oficiais antes de decidir.',
  '["Consultar liñas de investigación, requisitos de acceso e dirección de tese."]'::jsonb,
  '[{"subject": "Non aplica", "weight": "consultar universidade"}]'::jsonb,
  '[]'::jsonb,
  '{"Galicia": ["Campus de Santiago de Compostela"]}'::jsonb,
  '["usc-udc-masteres-doctorados", "ruct", "qedu"]'::jsonb,
  'https://www.usc.gal/',
  'usc-udc-masteres-doctorados',
  '{"source_upload": "3 base de datos itinera.zip", "source_file": "Másteres y doctorados usc y udc.pdf", "campus": "Campus de Santiago de Compostela"}'::jsonb,
  'official_upload',
  now(),
  now(),
  now()
)
on conflict (id) do update set
  name=excluded.name,
  type=excluded.type,
  level=excluded.level,
  family=excluded.family,
  jurisdiction=excluded.jurisdiction,
  route=excluded.route,
  subjects=excluded.subjects,
  ponderation_subjects=excluded.ponderation_subjects,
  route_options=excluded.route_options,
  availability_by_province=excluded.availability_by_province,
  sources=excluded.sources,
  source_url=excluded.source_url,
  source_id=excluded.source_id,
  raw=excluded.raw,
  data_quality=excluded.data_quality,
  verified_at=excluded.verified_at,
  last_seen_at=excluded.last_seen_at,
  updated_at=now();


insert into public.itinera_postgraduate_catalog(id,study_id,postgraduate_type,campus,source_file,raw)
values ('post-doctorado-v36-programa-de-doctorado-en-investigacion-y-desarrollo-de-medicamentos','doctorado-v36-programa-de-doctorado-en-investigacion-y-desarrollo-de-medicamentos','doctorado','Campus de Santiago de Compostela','Másteres y doctorados usc y udc.pdf',jsonb_build_object('source_upload','3 base de datos itinera.zip'))
on conflict (id) do update set study_id=excluded.study_id,postgraduate_type=excluded.postgraduate_type,campus=excluded.campus,source_file=excluded.source_file,raw=excluded.raw,updated_at=now();


insert into public.itinera_studies(id,name,type,level,family,jurisdiction,official_title,route,subjects,ponderation_subjects,route_options,availability_by_province,sources,source_url,source_id,raw,data_quality,verified_at,last_seen_at,updated_at)
values (
  'doctorado-v36-programa-de-doctorado-en-medicina-molecular',
  'Programa de Doctorado en Medicina Molecular',
  'doctorado',
  'Doutoramento',
  'Universidade · investigación',
  'Galicia',
  true,
  'Consultar requisitos, prazas, centros, modalidade e fontes oficiais antes de decidir.',
  '["Consultar liñas de investigación, requisitos de acceso e dirección de tese."]'::jsonb,
  '[{"subject": "Non aplica", "weight": "consultar universidade"}]'::jsonb,
  '[]'::jsonb,
  '{"Galicia": ["Campus de Santiago de Compostela"]}'::jsonb,
  '["usc-udc-masteres-doctorados", "ruct", "qedu"]'::jsonb,
  'https://www.usc.gal/',
  'usc-udc-masteres-doctorados',
  '{"source_upload": "3 base de datos itinera.zip", "source_file": "Másteres y doctorados usc y udc.pdf", "campus": "Campus de Santiago de Compostela"}'::jsonb,
  'official_upload',
  now(),
  now(),
  now()
)
on conflict (id) do update set
  name=excluded.name,
  type=excluded.type,
  level=excluded.level,
  family=excluded.family,
  jurisdiction=excluded.jurisdiction,
  route=excluded.route,
  subjects=excluded.subjects,
  ponderation_subjects=excluded.ponderation_subjects,
  route_options=excluded.route_options,
  availability_by_province=excluded.availability_by_province,
  sources=excluded.sources,
  source_url=excluded.source_url,
  source_id=excluded.source_id,
  raw=excluded.raw,
  data_quality=excluded.data_quality,
  verified_at=excluded.verified_at,
  last_seen_at=excluded.last_seen_at,
  updated_at=now();


insert into public.itinera_postgraduate_catalog(id,study_id,postgraduate_type,campus,source_file,raw)
values ('post-doctorado-v36-programa-de-doctorado-en-medicina-molecular','doctorado-v36-programa-de-doctorado-en-medicina-molecular','doctorado','Campus de Santiago de Compostela','Másteres y doctorados usc y udc.pdf',jsonb_build_object('source_upload','3 base de datos itinera.zip'))
on conflict (id) do update set study_id=excluded.study_id,postgraduate_type=excluded.postgraduate_type,campus=excluded.campus,source_file=excluded.source_file,raw=excluded.raw,updated_at=now();


insert into public.itinera_studies(id,name,type,level,family,jurisdiction,official_title,route,subjects,ponderation_subjects,route_options,availability_by_province,sources,source_url,source_id,raw,data_quality,verified_at,last_seen_at,updated_at)
values (
  'doctorado-v36-programa-de-doctorado-en-medicina-y-sanidad-veterinaria',
  'Programa de Doctorado en Medicina y Sanidad Veterinaria',
  'doctorado',
  'Doutoramento',
  'Universidade · investigación',
  'Galicia',
  true,
  'Consultar requisitos, prazas, centros, modalidade e fontes oficiais antes de decidir.',
  '["Consultar liñas de investigación, requisitos de acceso e dirección de tese."]'::jsonb,
  '[{"subject": "Non aplica", "weight": "consultar universidade"}]'::jsonb,
  '[]'::jsonb,
  '{"Galicia": ["Campus de Lugo"]}'::jsonb,
  '["usc-udc-masteres-doctorados", "ruct", "qedu"]'::jsonb,
  'https://www.usc.gal/',
  'usc-udc-masteres-doctorados',
  '{"source_upload": "3 base de datos itinera.zip", "source_file": "Másteres y doctorados usc y udc.pdf", "campus": "Campus de Lugo"}'::jsonb,
  'official_upload',
  now(),
  now(),
  now()
)
on conflict (id) do update set
  name=excluded.name,
  type=excluded.type,
  level=excluded.level,
  family=excluded.family,
  jurisdiction=excluded.jurisdiction,
  route=excluded.route,
  subjects=excluded.subjects,
  ponderation_subjects=excluded.ponderation_subjects,
  route_options=excluded.route_options,
  availability_by_province=excluded.availability_by_province,
  sources=excluded.sources,
  source_url=excluded.source_url,
  source_id=excluded.source_id,
  raw=excluded.raw,
  data_quality=excluded.data_quality,
  verified_at=excluded.verified_at,
  last_seen_at=excluded.last_seen_at,
  updated_at=now();


insert into public.itinera_postgraduate_catalog(id,study_id,postgraduate_type,campus,source_file,raw)
values ('post-doctorado-v36-programa-de-doctorado-en-medicina-y-sanidad-veterinaria','doctorado-v36-programa-de-doctorado-en-medicina-y-sanidad-veterinaria','doctorado','Campus de Lugo','Másteres y doctorados usc y udc.pdf',jsonb_build_object('source_upload','3 base de datos itinera.zip'))
on conflict (id) do update set study_id=excluded.study_id,postgraduate_type=excluded.postgraduate_type,campus=excluded.campus,source_file=excluded.source_file,raw=excluded.raw,updated_at=now();


insert into public.itinera_studies(id,name,type,level,family,jurisdiction,official_title,route,subjects,ponderation_subjects,route_options,availability_by_province,sources,source_url,source_id,raw,data_quality,verified_at,last_seen_at,updated_at)
values (
  'doctorado-v36-programa-de-doctorado-en-neurociencia-y-psicologia-clinica',
  'Programa de Doctorado en Neurociencia y Psicología Clínica',
  'doctorado',
  'Doutoramento',
  'Universidade · investigación',
  'Galicia',
  true,
  'Consultar requisitos, prazas, centros, modalidade e fontes oficiais antes de decidir.',
  '["Consultar liñas de investigación, requisitos de acceso e dirección de tese."]'::jsonb,
  '[{"subject": "Non aplica", "weight": "consultar universidade"}]'::jsonb,
  '[]'::jsonb,
  '{"Galicia": ["Campus de Santiago de Compostela"]}'::jsonb,
  '["usc-udc-masteres-doctorados", "ruct", "qedu"]'::jsonb,
  'https://www.usc.gal/',
  'usc-udc-masteres-doctorados',
  '{"source_upload": "3 base de datos itinera.zip", "source_file": "Másteres y doctorados usc y udc.pdf", "campus": "Campus de Santiago de Compostela"}'::jsonb,
  'official_upload',
  now(),
  now(),
  now()
)
on conflict (id) do update set
  name=excluded.name,
  type=excluded.type,
  level=excluded.level,
  family=excluded.family,
  jurisdiction=excluded.jurisdiction,
  route=excluded.route,
  subjects=excluded.subjects,
  ponderation_subjects=excluded.ponderation_subjects,
  route_options=excluded.route_options,
  availability_by_province=excluded.availability_by_province,
  sources=excluded.sources,
  source_url=excluded.source_url,
  source_id=excluded.source_id,
  raw=excluded.raw,
  data_quality=excluded.data_quality,
  verified_at=excluded.verified_at,
  last_seen_at=excluded.last_seen_at,
  updated_at=now();


insert into public.itinera_postgraduate_catalog(id,study_id,postgraduate_type,campus,source_file,raw)
values ('post-doctorado-v36-programa-de-doctorado-en-neurociencia-y-psicologia-clinica','doctorado-v36-programa-de-doctorado-en-neurociencia-y-psicologia-clinica','doctorado','Campus de Santiago de Compostela','Másteres y doctorados usc y udc.pdf',jsonb_build_object('source_upload','3 base de datos itinera.zip'))
on conflict (id) do update set study_id=excluded.study_id,postgraduate_type=excluded.postgraduate_type,campus=excluded.campus,source_file=excluded.source_file,raw=excluded.raw,updated_at=now();


insert into public.itinera_studies(id,name,type,level,family,jurisdiction,official_title,route,subjects,ponderation_subjects,route_options,availability_by_province,sources,source_url,source_id,raw,data_quality,verified_at,last_seen_at,updated_at)
values (
  'doctorado-v36-programa-de-doctorado-innovacion-en-seguridad-y-tecnologias-alimentarias',
  'Programa de Doctorado Innovacion en Seguridad y Tecnologías Alimentarias',
  'doctorado',
  'Doutoramento',
  'Universidade · investigación',
  'Galicia',
  true,
  'Consultar requisitos, prazas, centros, modalidade e fontes oficiais antes de decidir.',
  '["Consultar liñas de investigación, requisitos de acceso e dirección de tese."]'::jsonb,
  '[{"subject": "Non aplica", "weight": "consultar universidade"}]'::jsonb,
  '[]'::jsonb,
  '{"Galicia": ["Campus de Santiago de Compostela"]}'::jsonb,
  '["usc-udc-masteres-doctorados", "ruct", "qedu"]'::jsonb,
  'https://www.usc.gal/',
  'usc-udc-masteres-doctorados',
  '{"source_upload": "3 base de datos itinera.zip", "source_file": "Másteres y doctorados usc y udc.pdf", "campus": "Campus de Santiago de Compostela"}'::jsonb,
  'official_upload',
  now(),
  now(),
  now()
)
on conflict (id) do update set
  name=excluded.name,
  type=excluded.type,
  level=excluded.level,
  family=excluded.family,
  jurisdiction=excluded.jurisdiction,
  route=excluded.route,
  subjects=excluded.subjects,
  ponderation_subjects=excluded.ponderation_subjects,
  route_options=excluded.route_options,
  availability_by_province=excluded.availability_by_province,
  sources=excluded.sources,
  source_url=excluded.source_url,
  source_id=excluded.source_id,
  raw=excluded.raw,
  data_quality=excluded.data_quality,
  verified_at=excluded.verified_at,
  last_seen_at=excluded.last_seen_at,
  updated_at=now();


insert into public.itinera_postgraduate_catalog(id,study_id,postgraduate_type,campus,source_file,raw)
values ('post-doctorado-v36-programa-de-doctorado-innovacion-en-seguridad-y-tecnologias-alimentarias','doctorado-v36-programa-de-doctorado-innovacion-en-seguridad-y-tecnologias-alimentarias','doctorado','Campus de Santiago de Compostela','Másteres y doctorados usc y udc.pdf',jsonb_build_object('source_upload','3 base de datos itinera.zip'))
on conflict (id) do update set study_id=excluded.study_id,postgraduate_type=excluded.postgraduate_type,campus=excluded.campus,source_file=excluded.source_file,raw=excluded.raw,updated_at=now();


insert into public.itinera_studies(id,name,type,level,family,jurisdiction,official_title,route,subjects,ponderation_subjects,route_options,availability_by_province,sources,source_url,source_id,raw,data_quality,verified_at,last_seen_at,updated_at)
values (
  'doctorado-v36-programa-de-doctorado-en-analisis-economico-y-estrategia-empresarial',
  'Programa de Doctorado en Análisis Económico y Estrategia Empresarial',
  'doctorado',
  'Doutoramento',
  'Universidade · investigación',
  'Galicia',
  true,
  'Consultar requisitos, prazas, centros, modalidade e fontes oficiais antes de decidir.',
  '["Consultar liñas de investigación, requisitos de acceso e dirección de tese."]'::jsonb,
  '[{"subject": "Non aplica", "weight": "consultar universidade"}]'::jsonb,
  '[]'::jsonb,
  '{"Galicia": ["Campus de Santiago de Compostela"]}'::jsonb,
  '["usc-udc-masteres-doctorados", "ruct", "qedu"]'::jsonb,
  'https://www.usc.gal/',
  'usc-udc-masteres-doctorados',
  '{"source_upload": "3 base de datos itinera.zip", "source_file": "Másteres y doctorados usc y udc.pdf", "campus": "Campus de Santiago de Compostela"}'::jsonb,
  'official_upload',
  now(),
  now(),
  now()
)
on conflict (id) do update set
  name=excluded.name,
  type=excluded.type,
  level=excluded.level,
  family=excluded.family,
  jurisdiction=excluded.jurisdiction,
  route=excluded.route,
  subjects=excluded.subjects,
  ponderation_subjects=excluded.ponderation_subjects,
  route_options=excluded.route_options,
  availability_by_province=excluded.availability_by_province,
  sources=excluded.sources,
  source_url=excluded.source_url,
  source_id=excluded.source_id,
  raw=excluded.raw,
  data_quality=excluded.data_quality,
  verified_at=excluded.verified_at,
  last_seen_at=excluded.last_seen_at,
  updated_at=now();


insert into public.itinera_postgraduate_catalog(id,study_id,postgraduate_type,campus,source_file,raw)
values ('post-doctorado-v36-programa-de-doctorado-en-analisis-economico-y-estrategia-empresarial','doctorado-v36-programa-de-doctorado-en-analisis-economico-y-estrategia-empresarial','doctorado','Campus de Santiago de Compostela','Másteres y doctorados usc y udc.pdf',jsonb_build_object('source_upload','3 base de datos itinera.zip'))
on conflict (id) do update set study_id=excluded.study_id,postgraduate_type=excluded.postgraduate_type,campus=excluded.campus,source_file=excluded.source_file,raw=excluded.raw,updated_at=now();


insert into public.itinera_studies(id,name,type,level,family,jurisdiction,official_title,route,subjects,ponderation_subjects,route_options,availability_by_province,sources,source_url,source_id,raw,data_quality,verified_at,last_seen_at,updated_at)
values (
  'doctorado-v36-programa-de-doctorado-en-ciencias-sociales-y-envejecimiento',
  'Programa de Doctorado en Ciencias Sociales y Envejecimiento',
  'doctorado',
  'Doutoramento',
  'Universidade · investigación',
  'Galicia',
  true,
  'Consultar requisitos, prazas, centros, modalidade e fontes oficiais antes de decidir.',
  '["Consultar liñas de investigación, requisitos de acceso e dirección de tese."]'::jsonb,
  '[{"subject": "Non aplica", "weight": "consultar universidade"}]'::jsonb,
  '[]'::jsonb,
  '{"Galicia": ["Campus de Lugo"]}'::jsonb,
  '["usc-udc-masteres-doctorados", "ruct", "qedu"]'::jsonb,
  'https://www.usc.gal/',
  'usc-udc-masteres-doctorados',
  '{"source_upload": "3 base de datos itinera.zip", "source_file": "Másteres y doctorados usc y udc.pdf", "campus": "Campus de Lugo"}'::jsonb,
  'official_upload',
  now(),
  now(),
  now()
)
on conflict (id) do update set
  name=excluded.name,
  type=excluded.type,
  level=excluded.level,
  family=excluded.family,
  jurisdiction=excluded.jurisdiction,
  route=excluded.route,
  subjects=excluded.subjects,
  ponderation_subjects=excluded.ponderation_subjects,
  route_options=excluded.route_options,
  availability_by_province=excluded.availability_by_province,
  sources=excluded.sources,
  source_url=excluded.source_url,
  source_id=excluded.source_id,
  raw=excluded.raw,
  data_quality=excluded.data_quality,
  verified_at=excluded.verified_at,
  last_seen_at=excluded.last_seen_at,
  updated_at=now();


insert into public.itinera_postgraduate_catalog(id,study_id,postgraduate_type,campus,source_file,raw)
values ('post-doctorado-v36-programa-de-doctorado-en-ciencias-sociales-y-envejecimiento','doctorado-v36-programa-de-doctorado-en-ciencias-sociales-y-envejecimiento','doctorado','Campus de Lugo','Másteres y doctorados usc y udc.pdf',jsonb_build_object('source_upload','3 base de datos itinera.zip'))
on conflict (id) do update set study_id=excluded.study_id,postgraduate_type=excluded.postgraduate_type,campus=excluded.campus,source_file=excluded.source_file,raw=excluded.raw,updated_at=now();


insert into public.itinera_studies(id,name,type,level,family,jurisdiction,official_title,route,subjects,ponderation_subjects,route_options,availability_by_province,sources,source_url,source_id,raw,data_quality,verified_at,last_seen_at,updated_at)
values (
  'doctorado-v36-programa-de-doctorado-en-comunicacion-e-informacion-contemporanea',
  'Programa de Doctorado en Comunicación e Información Contemporánea',
  'doctorado',
  'Doutoramento',
  'Universidade · investigación',
  'Galicia',
  true,
  'Consultar requisitos, prazas, centros, modalidade e fontes oficiais antes de decidir.',
  '["Consultar liñas de investigación, requisitos de acceso e dirección de tese."]'::jsonb,
  '[{"subject": "Non aplica", "weight": "consultar universidade"}]'::jsonb,
  '[]'::jsonb,
  '{"Galicia": ["Campus de Santiago de Compostela"]}'::jsonb,
  '["usc-udc-masteres-doctorados", "ruct", "qedu"]'::jsonb,
  'https://www.usc.gal/',
  'usc-udc-masteres-doctorados',
  '{"source_upload": "3 base de datos itinera.zip", "source_file": "Másteres y doctorados usc y udc.pdf", "campus": "Campus de Santiago de Compostela"}'::jsonb,
  'official_upload',
  now(),
  now(),
  now()
)
on conflict (id) do update set
  name=excluded.name,
  type=excluded.type,
  level=excluded.level,
  family=excluded.family,
  jurisdiction=excluded.jurisdiction,
  route=excluded.route,
  subjects=excluded.subjects,
  ponderation_subjects=excluded.ponderation_subjects,
  route_options=excluded.route_options,
  availability_by_province=excluded.availability_by_province,
  sources=excluded.sources,
  source_url=excluded.source_url,
  source_id=excluded.source_id,
  raw=excluded.raw,
  data_quality=excluded.data_quality,
  verified_at=excluded.verified_at,
  last_seen_at=excluded.last_seen_at,
  updated_at=now();


insert into public.itinera_postgraduate_catalog(id,study_id,postgraduate_type,campus,source_file,raw)
values ('post-doctorado-v36-programa-de-doctorado-en-comunicacion-e-informacion-contemporanea','doctorado-v36-programa-de-doctorado-en-comunicacion-e-informacion-contemporanea','doctorado','Campus de Santiago de Compostela','Másteres y doctorados usc y udc.pdf',jsonb_build_object('source_upload','3 base de datos itinera.zip'))
on conflict (id) do update set study_id=excluded.study_id,postgraduate_type=excluded.postgraduate_type,campus=excluded.campus,source_file=excluded.source_file,raw=excluded.raw,updated_at=now();


insert into public.itinera_studies(id,name,type,level,family,jurisdiction,official_title,route,subjects,ponderation_subjects,route_options,availability_by_province,sources,source_url,source_id,raw,data_quality,verified_at,last_seen_at,updated_at)
values (
  'doctorado-v36-programa-de-doctorado-en-derecho',
  'Programa de Doctorado en Derecho',
  'doctorado',
  'Doutoramento',
  'Universidade · investigación',
  'Galicia',
  true,
  'Consultar requisitos, prazas, centros, modalidade e fontes oficiais antes de decidir.',
  '["Consultar liñas de investigación, requisitos de acceso e dirección de tese."]'::jsonb,
  '[{"subject": "Non aplica", "weight": "consultar universidade"}]'::jsonb,
  '[]'::jsonb,
  '{"Galicia": ["Campus de Santiago de Compostela"]}'::jsonb,
  '["usc-udc-masteres-doctorados", "ruct", "qedu"]'::jsonb,
  'https://www.usc.gal/',
  'usc-udc-masteres-doctorados',
  '{"source_upload": "3 base de datos itinera.zip", "source_file": "Másteres y doctorados usc y udc.pdf", "campus": "Campus de Santiago de Compostela"}'::jsonb,
  'official_upload',
  now(),
  now(),
  now()
)
on conflict (id) do update set
  name=excluded.name,
  type=excluded.type,
  level=excluded.level,
  family=excluded.family,
  jurisdiction=excluded.jurisdiction,
  route=excluded.route,
  subjects=excluded.subjects,
  ponderation_subjects=excluded.ponderation_subjects,
  route_options=excluded.route_options,
  availability_by_province=excluded.availability_by_province,
  sources=excluded.sources,
  source_url=excluded.source_url,
  source_id=excluded.source_id,
  raw=excluded.raw,
  data_quality=excluded.data_quality,
  verified_at=excluded.verified_at,
  last_seen_at=excluded.last_seen_at,
  updated_at=now();


insert into public.itinera_postgraduate_catalog(id,study_id,postgraduate_type,campus,source_file,raw)
values ('post-doctorado-v36-programa-de-doctorado-en-derecho','doctorado-v36-programa-de-doctorado-en-derecho','doctorado','Campus de Santiago de Compostela','Másteres y doctorados usc y udc.pdf',jsonb_build_object('source_upload','3 base de datos itinera.zip'))
on conflict (id) do update set study_id=excluded.study_id,postgraduate_type=excluded.postgraduate_type,campus=excluded.campus,source_file=excluded.source_file,raw=excluded.raw,updated_at=now();


insert into public.itinera_studies(id,name,type,level,family,jurisdiction,official_title,route,subjects,ponderation_subjects,route_options,availability_by_province,sources,source_url,source_id,raw,data_quality,verified_at,last_seen_at,updated_at)
values (
  'doctorado-v36-programa-de-doctorado-en-desarrollo-psicologico-aprendizaje-y-salud',
  'Programa de Doctorado en Desarrollo Psicológico, Aprendizaje y Salud',
  'doctorado',
  'Doutoramento',
  'Universidade · investigación',
  'Galicia',
  true,
  'Consultar requisitos, prazas, centros, modalidade e fontes oficiais antes de decidir.',
  '["Consultar liñas de investigación, requisitos de acceso e dirección de tese."]'::jsonb,
  '[{"subject": "Non aplica", "weight": "consultar universidade"}]'::jsonb,
  '[]'::jsonb,
  '{"Galicia": ["Campus de Santiago de Compostela"]}'::jsonb,
  '["usc-udc-masteres-doctorados", "ruct", "qedu"]'::jsonb,
  'https://www.usc.gal/',
  'usc-udc-masteres-doctorados',
  '{"source_upload": "3 base de datos itinera.zip", "source_file": "Másteres y doctorados usc y udc.pdf", "campus": "Campus de Santiago de Compostela"}'::jsonb,
  'official_upload',
  now(),
  now(),
  now()
)
on conflict (id) do update set
  name=excluded.name,
  type=excluded.type,
  level=excluded.level,
  family=excluded.family,
  jurisdiction=excluded.jurisdiction,
  route=excluded.route,
  subjects=excluded.subjects,
  ponderation_subjects=excluded.ponderation_subjects,
  route_options=excluded.route_options,
  availability_by_province=excluded.availability_by_province,
  sources=excluded.sources,
  source_url=excluded.source_url,
  source_id=excluded.source_id,
  raw=excluded.raw,
  data_quality=excluded.data_quality,
  verified_at=excluded.verified_at,
  last_seen_at=excluded.last_seen_at,
  updated_at=now();


insert into public.itinera_postgraduate_catalog(id,study_id,postgraduate_type,campus,source_file,raw)
values ('post-doctorado-v36-programa-de-doctorado-en-desarrollo-psicologico-aprendizaje-y-salud','doctorado-v36-programa-de-doctorado-en-desarrollo-psicologico-aprendizaje-y-salud','doctorado','Campus de Santiago de Compostela','Másteres y doctorados usc y udc.pdf',jsonb_build_object('source_upload','3 base de datos itinera.zip'))
on conflict (id) do update set study_id=excluded.study_id,postgraduate_type=excluded.postgraduate_type,campus=excluded.campus,source_file=excluded.source_file,raw=excluded.raw,updated_at=now();


insert into public.itinera_studies(id,name,type,level,family,jurisdiction,official_title,route,subjects,ponderation_subjects,route_options,availability_by_province,sources,source_url,source_id,raw,data_quality,verified_at,last_seen_at,updated_at)
values (
  'doctorado-v36-programa-de-doctorado-en-desarrollo-regional-e-integracion-economica',
  'Programa de Doctorado en Desarrollo Regional e Integración Económica',
  'doctorado',
  'Doutoramento',
  'Universidade · investigación',
  'Galicia',
  true,
  'Consultar requisitos, prazas, centros, modalidade e fontes oficiais antes de decidir.',
  '["Consultar liñas de investigación, requisitos de acceso e dirección de tese."]'::jsonb,
  '[{"subject": "Non aplica", "weight": "consultar universidade"}]'::jsonb,
  '[]'::jsonb,
  '{"Galicia": ["Campus de Santiago de Compostela"]}'::jsonb,
  '["usc-udc-masteres-doctorados", "ruct", "qedu"]'::jsonb,
  'https://www.usc.gal/',
  'usc-udc-masteres-doctorados',
  '{"source_upload": "3 base de datos itinera.zip", "source_file": "Másteres y doctorados usc y udc.pdf", "campus": "Campus de Santiago de Compostela"}'::jsonb,
  'official_upload',
  now(),
  now(),
  now()
)
on conflict (id) do update set
  name=excluded.name,
  type=excluded.type,
  level=excluded.level,
  family=excluded.family,
  jurisdiction=excluded.jurisdiction,
  route=excluded.route,
  subjects=excluded.subjects,
  ponderation_subjects=excluded.ponderation_subjects,
  route_options=excluded.route_options,
  availability_by_province=excluded.availability_by_province,
  sources=excluded.sources,
  source_url=excluded.source_url,
  source_id=excluded.source_id,
  raw=excluded.raw,
  data_quality=excluded.data_quality,
  verified_at=excluded.verified_at,
  last_seen_at=excluded.last_seen_at,
  updated_at=now();


insert into public.itinera_postgraduate_catalog(id,study_id,postgraduate_type,campus,source_file,raw)
values ('post-doctorado-v36-programa-de-doctorado-en-desarrollo-regional-e-integracion-economica','doctorado-v36-programa-de-doctorado-en-desarrollo-regional-e-integracion-economica','doctorado','Campus de Santiago de Compostela','Másteres y doctorados usc y udc.pdf',jsonb_build_object('source_upload','3 base de datos itinera.zip'))
on conflict (id) do update set study_id=excluded.study_id,postgraduate_type=excluded.postgraduate_type,campus=excluded.campus,source_file=excluded.source_file,raw=excluded.raw,updated_at=now();


insert into public.itinera_studies(id,name,type,level,family,jurisdiction,official_title,route,subjects,ponderation_subjects,route_options,availability_by_province,sources,source_url,source_id,raw,data_quality,verified_at,last_seen_at,updated_at)
values (
  'doctorado-v36-programa-de-doctorado-en-didactica-de-las-ciencias-experimentales',
  'Programa de Doctorado en Didáctica de las Ciencias Experimentales',
  'doctorado',
  'Doutoramento',
  'Universidade · investigación',
  'Galicia',
  true,
  'Consultar requisitos, prazas, centros, modalidade e fontes oficiais antes de decidir.',
  '["Consultar liñas de investigación, requisitos de acceso e dirección de tese."]'::jsonb,
  '[{"subject": "Non aplica", "weight": "consultar universidade"}]'::jsonb,
  '[]'::jsonb,
  '{"Galicia": ["Campus de Santiago de Compostela"]}'::jsonb,
  '["usc-udc-masteres-doctorados", "ruct", "qedu"]'::jsonb,
  'https://www.usc.gal/',
  'usc-udc-masteres-doctorados',
  '{"source_upload": "3 base de datos itinera.zip", "source_file": "Másteres y doctorados usc y udc.pdf", "campus": "Campus de Santiago de Compostela"}'::jsonb,
  'official_upload',
  now(),
  now(),
  now()
)
on conflict (id) do update set
  name=excluded.name,
  type=excluded.type,
  level=excluded.level,
  family=excluded.family,
  jurisdiction=excluded.jurisdiction,
  route=excluded.route,
  subjects=excluded.subjects,
  ponderation_subjects=excluded.ponderation_subjects,
  route_options=excluded.route_options,
  availability_by_province=excluded.availability_by_province,
  sources=excluded.sources,
  source_url=excluded.source_url,
  source_id=excluded.source_id,
  raw=excluded.raw,
  data_quality=excluded.data_quality,
  verified_at=excluded.verified_at,
  last_seen_at=excluded.last_seen_at,
  updated_at=now();


insert into public.itinera_postgraduate_catalog(id,study_id,postgraduate_type,campus,source_file,raw)
values ('post-doctorado-v36-programa-de-doctorado-en-didactica-de-las-ciencias-experimentales','doctorado-v36-programa-de-doctorado-en-didactica-de-las-ciencias-experimentales','doctorado','Campus de Santiago de Compostela','Másteres y doctorados usc y udc.pdf',jsonb_build_object('source_upload','3 base de datos itinera.zip'))
on conflict (id) do update set study_id=excluded.study_id,postgraduate_type=excluded.postgraduate_type,campus=excluded.campus,source_file=excluded.source_file,raw=excluded.raw,updated_at=now();


insert into public.itinera_studies(id,name,type,level,family,jurisdiction,official_title,route,subjects,ponderation_subjects,route_options,availability_by_province,sources,source_url,source_id,raw,data_quality,verified_at,last_seen_at,updated_at)
values (
  'doctorado-v36-programa-de-doctorado-en-economia-y-empresa',
  'Programa de Doctorado en Economía y Empresa',
  'doctorado',
  'Doutoramento',
  'Universidade · investigación',
  'Galicia',
  true,
  'Consultar requisitos, prazas, centros, modalidade e fontes oficiais antes de decidir.',
  '["Consultar liñas de investigación, requisitos de acceso e dirección de tese."]'::jsonb,
  '[{"subject": "Non aplica", "weight": "consultar universidade"}]'::jsonb,
  '[]'::jsonb,
  '{"Galicia": ["Campus de Santiago de Compostela"]}'::jsonb,
  '["usc-udc-masteres-doctorados", "ruct", "qedu"]'::jsonb,
  'https://www.usc.gal/',
  'usc-udc-masteres-doctorados',
  '{"source_upload": "3 base de datos itinera.zip", "source_file": "Másteres y doctorados usc y udc.pdf", "campus": "Campus de Santiago de Compostela"}'::jsonb,
  'official_upload',
  now(),
  now(),
  now()
)
on conflict (id) do update set
  name=excluded.name,
  type=excluded.type,
  level=excluded.level,
  family=excluded.family,
  jurisdiction=excluded.jurisdiction,
  route=excluded.route,
  subjects=excluded.subjects,
  ponderation_subjects=excluded.ponderation_subjects,
  route_options=excluded.route_options,
  availability_by_province=excluded.availability_by_province,
  sources=excluded.sources,
  source_url=excluded.source_url,
  source_id=excluded.source_id,
  raw=excluded.raw,
  data_quality=excluded.data_quality,
  verified_at=excluded.verified_at,
  last_seen_at=excluded.last_seen_at,
  updated_at=now();


insert into public.itinera_postgraduate_catalog(id,study_id,postgraduate_type,campus,source_file,raw)
values ('post-doctorado-v36-programa-de-doctorado-en-economia-y-empresa','doctorado-v36-programa-de-doctorado-en-economia-y-empresa','doctorado','Campus de Santiago de Compostela','Másteres y doctorados usc y udc.pdf',jsonb_build_object('source_upload','3 base de datos itinera.zip'))
on conflict (id) do update set study_id=excluded.study_id,postgraduate_type=excluded.postgraduate_type,campus=excluded.campus,source_file=excluded.source_file,raw=excluded.raw,updated_at=now();


insert into public.itinera_studies(id,name,type,level,family,jurisdiction,official_title,route,subjects,ponderation_subjects,route_options,availability_by_province,sources,source_url,source_id,raw,data_quality,verified_at,last_seen_at,updated_at)
values (
  'doctorado-v36-programa-de-doctorado-en-educacion',
  'Programa de Doctorado en Educación',
  'doctorado',
  'Doutoramento',
  'Universidade · investigación',
  'Galicia',
  true,
  'Consultar requisitos, prazas, centros, modalidade e fontes oficiais antes de decidir.',
  '["Consultar liñas de investigación, requisitos de acceso e dirección de tese."]'::jsonb,
  '[{"subject": "Non aplica", "weight": "consultar universidade"}]'::jsonb,
  '[]'::jsonb,
  '{"Galicia": ["Campus de Santiago de Compostela"]}'::jsonb,
  '["usc-udc-masteres-doctorados", "ruct", "qedu"]'::jsonb,
  'https://www.usc.gal/',
  'usc-udc-masteres-doctorados',
  '{"source_upload": "3 base de datos itinera.zip", "source_file": "Másteres y doctorados usc y udc.pdf", "campus": "Campus de Santiago de Compostela"}'::jsonb,
  'official_upload',
  now(),
  now(),
  now()
)
on conflict (id) do update set
  name=excluded.name,
  type=excluded.type,
  level=excluded.level,
  family=excluded.family,
  jurisdiction=excluded.jurisdiction,
  route=excluded.route,
  subjects=excluded.subjects,
  ponderation_subjects=excluded.ponderation_subjects,
  route_options=excluded.route_options,
  availability_by_province=excluded.availability_by_province,
  sources=excluded.sources,
  source_url=excluded.source_url,
  source_id=excluded.source_id,
  raw=excluded.raw,
  data_quality=excluded.data_quality,
  verified_at=excluded.verified_at,
  last_seen_at=excluded.last_seen_at,
  updated_at=now();


insert into public.itinera_postgraduate_catalog(id,study_id,postgraduate_type,campus,source_file,raw)
values ('post-doctorado-v36-programa-de-doctorado-en-educacion','doctorado-v36-programa-de-doctorado-en-educacion','doctorado','Campus de Santiago de Compostela','Másteres y doctorados usc y udc.pdf',jsonb_build_object('source_upload','3 base de datos itinera.zip'))
on conflict (id) do update set study_id=excluded.study_id,postgraduate_type=excluded.postgraduate_type,campus=excluded.campus,source_file=excluded.source_file,raw=excluded.raw,updated_at=now();


insert into public.itinera_studies(id,name,type,level,family,jurisdiction,official_title,route,subjects,ponderation_subjects,route_options,availability_by_province,sources,source_url,source_id,raw,data_quality,verified_at,last_seen_at,updated_at)
values (
  'doctorado-v36-programa-de-doctorado-en-equidad-e-innovacion-en-educacion',
  'Programa de Doctorado en Equidad e Innovación en Educación',
  'doctorado',
  'Doutoramento',
  'Universidade · investigación',
  'Galicia',
  true,
  'Consultar requisitos, prazas, centros, modalidade e fontes oficiais antes de decidir.',
  '["Consultar liñas de investigación, requisitos de acceso e dirección de tese."]'::jsonb,
  '[{"subject": "Non aplica", "weight": "consultar universidade"}]'::jsonb,
  '[]'::jsonb,
  '{"Galicia": ["Campus de Santiago de Compostela"]}'::jsonb,
  '["usc-udc-masteres-doctorados", "ruct", "qedu"]'::jsonb,
  'https://www.usc.gal/',
  'usc-udc-masteres-doctorados',
  '{"source_upload": "3 base de datos itinera.zip", "source_file": "Másteres y doctorados usc y udc.pdf", "campus": "Campus de Santiago de Compostela"}'::jsonb,
  'official_upload',
  now(),
  now(),
  now()
)
on conflict (id) do update set
  name=excluded.name,
  type=excluded.type,
  level=excluded.level,
  family=excluded.family,
  jurisdiction=excluded.jurisdiction,
  route=excluded.route,
  subjects=excluded.subjects,
  ponderation_subjects=excluded.ponderation_subjects,
  route_options=excluded.route_options,
  availability_by_province=excluded.availability_by_province,
  sources=excluded.sources,
  source_url=excluded.source_url,
  source_id=excluded.source_id,
  raw=excluded.raw,
  data_quality=excluded.data_quality,
  verified_at=excluded.verified_at,
  last_seen_at=excluded.last_seen_at,
  updated_at=now();


insert into public.itinera_postgraduate_catalog(id,study_id,postgraduate_type,campus,source_file,raw)
values ('post-doctorado-v36-programa-de-doctorado-en-equidad-e-innovacion-en-educacion','doctorado-v36-programa-de-doctorado-en-equidad-e-innovacion-en-educacion','doctorado','Campus de Santiago de Compostela','Másteres y doctorados usc y udc.pdf',jsonb_build_object('source_upload','3 base de datos itinera.zip'))
on conflict (id) do update set study_id=excluded.study_id,postgraduate_type=excluded.postgraduate_type,campus=excluded.campus,source_file=excluded.source_file,raw=excluded.raw,updated_at=now();


insert into public.itinera_studies(id,name,type,level,family,jurisdiction,official_title,route,subjects,ponderation_subjects,route_options,availability_by_province,sources,source_url,source_id,raw,data_quality,verified_at,last_seen_at,updated_at)
values (
  'doctorado-v36-programa-de-doctorado-en-marketing-politico-actores-e-instituciones-en-las-sociedades-contemporaneas',
  'Programa de Doctorado en Marketing Político, Actores e Instituciones en las Sociedades Contemporáneas',
  'doctorado',
  'Doutoramento',
  'Universidade · investigación',
  'Galicia',
  true,
  'Consultar requisitos, prazas, centros, modalidade e fontes oficiais antes de decidir.',
  '["Consultar liñas de investigación, requisitos de acceso e dirección de tese."]'::jsonb,
  '[{"subject": "Non aplica", "weight": "consultar universidade"}]'::jsonb,
  '[]'::jsonb,
  '{"Galicia": ["Campus de Santiago de Compostela"]}'::jsonb,
  '["usc-udc-masteres-doctorados", "ruct", "qedu"]'::jsonb,
  'https://www.usc.gal/',
  'usc-udc-masteres-doctorados',
  '{"source_upload": "3 base de datos itinera.zip", "source_file": "Másteres y doctorados usc y udc.pdf", "campus": "Campus de Santiago de Compostela"}'::jsonb,
  'official_upload',
  now(),
  now(),
  now()
)
on conflict (id) do update set
  name=excluded.name,
  type=excluded.type,
  level=excluded.level,
  family=excluded.family,
  jurisdiction=excluded.jurisdiction,
  route=excluded.route,
  subjects=excluded.subjects,
  ponderation_subjects=excluded.ponderation_subjects,
  route_options=excluded.route_options,
  availability_by_province=excluded.availability_by_province,
  sources=excluded.sources,
  source_url=excluded.source_url,
  source_id=excluded.source_id,
  raw=excluded.raw,
  data_quality=excluded.data_quality,
  verified_at=excluded.verified_at,
  last_seen_at=excluded.last_seen_at,
  updated_at=now();


insert into public.itinera_postgraduate_catalog(id,study_id,postgraduate_type,campus,source_file,raw)
values ('post-doctorado-v36-programa-de-doctorado-en-marketing-politico-actores-e-instituciones-en-las-sociedades-contemporaneas','doctorado-v36-programa-de-doctorado-en-marketing-politico-actores-e-instituciones-en-las-sociedades-contemporaneas','doctorado','Campus de Santiago de Compostela','Másteres y doctorados usc y udc.pdf',jsonb_build_object('source_upload','3 base de datos itinera.zip'))
on conflict (id) do update set study_id=excluded.study_id,postgraduate_type=excluded.postgraduate_type,campus=excluded.campus,source_file=excluded.source_file,raw=excluded.raw,updated_at=now();


insert into public.itinera_studies(id,name,type,level,family,jurisdiction,official_title,route,subjects,ponderation_subjects,route_options,availability_by_province,sources,source_url,source_id,raw,data_quality,verified_at,last_seen_at,updated_at)
values (
  'doctorado-v36-programa-de-doctorado-en-procesos-psicologicos-y-comportamiento-social',
  'Programa de Doctorado en Procesos Psicológicos y Comportamiento Social',
  'doctorado',
  'Doutoramento',
  'Universidade · investigación',
  'Galicia',
  true,
  'Consultar requisitos, prazas, centros, modalidade e fontes oficiais antes de decidir.',
  '["Consultar liñas de investigación, requisitos de acceso e dirección de tese."]'::jsonb,
  '[{"subject": "Non aplica", "weight": "consultar universidade"}]'::jsonb,
  '[]'::jsonb,
  '{"Galicia": ["Campus de Santiago de Compostela"]}'::jsonb,
  '["usc-udc-masteres-doctorados", "ruct", "qedu"]'::jsonb,
  'https://www.usc.gal/',
  'usc-udc-masteres-doctorados',
  '{"source_upload": "3 base de datos itinera.zip", "source_file": "Másteres y doctorados usc y udc.pdf", "campus": "Campus de Santiago de Compostela"}'::jsonb,
  'official_upload',
  now(),
  now(),
  now()
)
on conflict (id) do update set
  name=excluded.name,
  type=excluded.type,
  level=excluded.level,
  family=excluded.family,
  jurisdiction=excluded.jurisdiction,
  route=excluded.route,
  subjects=excluded.subjects,
  ponderation_subjects=excluded.ponderation_subjects,
  route_options=excluded.route_options,
  availability_by_province=excluded.availability_by_province,
  sources=excluded.sources,
  source_url=excluded.source_url,
  source_id=excluded.source_id,
  raw=excluded.raw,
  data_quality=excluded.data_quality,
  verified_at=excluded.verified_at,
  last_seen_at=excluded.last_seen_at,
  updated_at=now();


insert into public.itinera_postgraduate_catalog(id,study_id,postgraduate_type,campus,source_file,raw)
values ('post-doctorado-v36-programa-de-doctorado-en-procesos-psicologicos-y-comportamiento-social','doctorado-v36-programa-de-doctorado-en-procesos-psicologicos-y-comportamiento-social','doctorado','Campus de Santiago de Compostela','Másteres y doctorados usc y udc.pdf',jsonb_build_object('source_upload','3 base de datos itinera.zip'))
on conflict (id) do update set study_id=excluded.study_id,postgraduate_type=excluded.postgraduate_type,campus=excluded.campus,source_file=excluded.source_file,raw=excluded.raw,updated_at=now();


insert into public.itinera_studies(id,name,type,level,family,jurisdiction,official_title,route,subjects,ponderation_subjects,route_options,availability_by_province,sources,source_url,source_id,raw,data_quality,verified_at,last_seen_at,updated_at)
values (
  'doctorado-v36-programa-de-doctorado-en-psicologia-del-trabajo-y-las-organizaciones-juridica-forense-y-del-consumid',
  'Programa de Doctorado en Psicología del Trabajo y las Organizaciones, Jurídica-Forense y del Consumidor y Usuario',
  'doctorado',
  'Doutoramento',
  'Universidade · investigación',
  'Galicia',
  true,
  'Consultar requisitos, prazas, centros, modalidade e fontes oficiais antes de decidir.',
  '["Consultar liñas de investigación, requisitos de acceso e dirección de tese."]'::jsonb,
  '[{"subject": "Non aplica", "weight": "consultar universidade"}]'::jsonb,
  '[]'::jsonb,
  '{"Galicia": ["Campus de Santiago de Compostela"]}'::jsonb,
  '["usc-udc-masteres-doctorados", "ruct", "qedu"]'::jsonb,
  'https://www.usc.gal/',
  'usc-udc-masteres-doctorados',
  '{"source_upload": "3 base de datos itinera.zip", "source_file": "Másteres y doctorados usc y udc.pdf", "campus": "Campus de Santiago de Compostela"}'::jsonb,
  'official_upload',
  now(),
  now(),
  now()
)
on conflict (id) do update set
  name=excluded.name,
  type=excluded.type,
  level=excluded.level,
  family=excluded.family,
  jurisdiction=excluded.jurisdiction,
  route=excluded.route,
  subjects=excluded.subjects,
  ponderation_subjects=excluded.ponderation_subjects,
  route_options=excluded.route_options,
  availability_by_province=excluded.availability_by_province,
  sources=excluded.sources,
  source_url=excluded.source_url,
  source_id=excluded.source_id,
  raw=excluded.raw,
  data_quality=excluded.data_quality,
  verified_at=excluded.verified_at,
  last_seen_at=excluded.last_seen_at,
  updated_at=now();


insert into public.itinera_postgraduate_catalog(id,study_id,postgraduate_type,campus,source_file,raw)
values ('post-doctorado-v36-programa-de-doctorado-en-psicologia-del-trabajo-y-las-organizaciones-juridica-forense-y-del-consumid','doctorado-v36-programa-de-doctorado-en-psicologia-del-trabajo-y-las-organizaciones-juridica-forense-y-del-consumid','doctorado','Campus de Santiago de Compostela','Másteres y doctorados usc y udc.pdf',jsonb_build_object('source_upload','3 base de datos itinera.zip'))
on conflict (id) do update set study_id=excluded.study_id,postgraduate_type=excluded.postgraduate_type,campus=excluded.campus,source_file=excluded.source_file,raw=excluded.raw,updated_at=now();


insert into public.itinera_studies(id,name,type,level,family,jurisdiction,official_title,route,subjects,ponderation_subjects,route_options,availability_by_province,sources,source_url,source_id,raw,data_quality,verified_at,last_seen_at,updated_at)
values (
  'doctorado-v36-programa-de-doctorado-en-relaciones-laborales-y-recursos-humanos',
  'Programa de Doctorado en Relaciones Laborales y Recursos Humanos',
  'doctorado',
  'Doutoramento',
  'Universidade · investigación',
  'Galicia',
  true,
  'Consultar requisitos, prazas, centros, modalidade e fontes oficiais antes de decidir.',
  '["Consultar liñas de investigación, requisitos de acceso e dirección de tese."]'::jsonb,
  '[{"subject": "Non aplica", "weight": "consultar universidade"}]'::jsonb,
  '[]'::jsonb,
  '{"Galicia": ["Campus de Santiago de Compostela"]}'::jsonb,
  '["usc-udc-masteres-doctorados", "ruct", "qedu"]'::jsonb,
  'https://www.usc.gal/',
  'usc-udc-masteres-doctorados',
  '{"source_upload": "3 base de datos itinera.zip", "source_file": "Másteres y doctorados usc y udc.pdf", "campus": "Campus de Santiago de Compostela"}'::jsonb,
  'official_upload',
  now(),
  now(),
  now()
)
on conflict (id) do update set
  name=excluded.name,
  type=excluded.type,
  level=excluded.level,
  family=excluded.family,
  jurisdiction=excluded.jurisdiction,
  route=excluded.route,
  subjects=excluded.subjects,
  ponderation_subjects=excluded.ponderation_subjects,
  route_options=excluded.route_options,
  availability_by_province=excluded.availability_by_province,
  sources=excluded.sources,
  source_url=excluded.source_url,
  source_id=excluded.source_id,
  raw=excluded.raw,
  data_quality=excluded.data_quality,
  verified_at=excluded.verified_at,
  last_seen_at=excluded.last_seen_at,
  updated_at=now();


insert into public.itinera_postgraduate_catalog(id,study_id,postgraduate_type,campus,source_file,raw)
values ('post-doctorado-v36-programa-de-doctorado-en-relaciones-laborales-y-recursos-humanos','doctorado-v36-programa-de-doctorado-en-relaciones-laborales-y-recursos-humanos','doctorado','Campus de Santiago de Compostela','Másteres y doctorados usc y udc.pdf',jsonb_build_object('source_upload','3 base de datos itinera.zip'))
on conflict (id) do update set study_id=excluded.study_id,postgraduate_type=excluded.postgraduate_type,campus=excluded.campus,source_file=excluded.source_file,raw=excluded.raw,updated_at=now();


insert into public.itinera_studies(id,name,type,level,family,jurisdiction,official_title,route,subjects,ponderation_subjects,route_options,availability_by_province,sources,source_url,source_id,raw,data_quality,verified_at,last_seen_at,updated_at)
values (
  'doctorado-v36-programa-de-doctorado-en-ingenieria-para-el-desarrollo-rural-y-civil',
  'Programa de Doctorado en Ingeniería para el Desarrollo Rural y Civil',
  'doctorado',
  'Doutoramento',
  'Universidade · investigación',
  'Galicia',
  true,
  'Consultar requisitos, prazas, centros, modalidade e fontes oficiais antes de decidir.',
  '["Consultar liñas de investigación, requisitos de acceso e dirección de tese."]'::jsonb,
  '[{"subject": "Non aplica", "weight": "consultar universidade"}]'::jsonb,
  '[]'::jsonb,
  '{"Galicia": ["Campus de Lugo"]}'::jsonb,
  '["usc-udc-masteres-doctorados", "ruct", "qedu"]'::jsonb,
  'https://www.usc.gal/',
  'usc-udc-masteres-doctorados',
  '{"source_upload": "3 base de datos itinera.zip", "source_file": "Másteres y doctorados usc y udc.pdf", "campus": "Campus de Lugo"}'::jsonb,
  'official_upload',
  now(),
  now(),
  now()
)
on conflict (id) do update set
  name=excluded.name,
  type=excluded.type,
  level=excluded.level,
  family=excluded.family,
  jurisdiction=excluded.jurisdiction,
  route=excluded.route,
  subjects=excluded.subjects,
  ponderation_subjects=excluded.ponderation_subjects,
  route_options=excluded.route_options,
  availability_by_province=excluded.availability_by_province,
  sources=excluded.sources,
  source_url=excluded.source_url,
  source_id=excluded.source_id,
  raw=excluded.raw,
  data_quality=excluded.data_quality,
  verified_at=excluded.verified_at,
  last_seen_at=excluded.last_seen_at,
  updated_at=now();


insert into public.itinera_postgraduate_catalog(id,study_id,postgraduate_type,campus,source_file,raw)
values ('post-doctorado-v36-programa-de-doctorado-en-ingenieria-para-el-desarrollo-rural-y-civil','doctorado-v36-programa-de-doctorado-en-ingenieria-para-el-desarrollo-rural-y-civil','doctorado','Campus de Lugo','Másteres y doctorados usc y udc.pdf',jsonb_build_object('source_upload','3 base de datos itinera.zip'))
on conflict (id) do update set study_id=excluded.study_id,postgraduate_type=excluded.postgraduate_type,campus=excluded.campus,source_file=excluded.source_file,raw=excluded.raw,updated_at=now();


insert into public.itinera_studies(id,name,type,level,family,jurisdiction,official_title,route,subjects,ponderation_subjects,route_options,availability_by_province,sources,source_url,source_id,raw,data_quality,verified_at,last_seen_at,updated_at)
values (
  'doctorado-v36-programa-de-doctorado-en-ingenieria-quimica-y-ambiental',
  'Programa de Doctorado en Ingeniería Química y Ambiental',
  'doctorado',
  'Doutoramento',
  'Universidade · investigación',
  'Galicia',
  true,
  'Consultar requisitos, prazas, centros, modalidade e fontes oficiais antes de decidir.',
  '["Consultar liñas de investigación, requisitos de acceso e dirección de tese."]'::jsonb,
  '[{"subject": "Non aplica", "weight": "consultar universidade"}]'::jsonb,
  '[]'::jsonb,
  '{"Galicia": ["Campus de Santiago de Compostela"]}'::jsonb,
  '["usc-udc-masteres-doctorados", "ruct", "qedu"]'::jsonb,
  'https://www.usc.gal/',
  'usc-udc-masteres-doctorados',
  '{"source_upload": "3 base de datos itinera.zip", "source_file": "Másteres y doctorados usc y udc.pdf", "campus": "Campus de Santiago de Compostela"}'::jsonb,
  'official_upload',
  now(),
  now(),
  now()
)
on conflict (id) do update set
  name=excluded.name,
  type=excluded.type,
  level=excluded.level,
  family=excluded.family,
  jurisdiction=excluded.jurisdiction,
  route=excluded.route,
  subjects=excluded.subjects,
  ponderation_subjects=excluded.ponderation_subjects,
  route_options=excluded.route_options,
  availability_by_province=excluded.availability_by_province,
  sources=excluded.sources,
  source_url=excluded.source_url,
  source_id=excluded.source_id,
  raw=excluded.raw,
  data_quality=excluded.data_quality,
  verified_at=excluded.verified_at,
  last_seen_at=excluded.last_seen_at,
  updated_at=now();


insert into public.itinera_postgraduate_catalog(id,study_id,postgraduate_type,campus,source_file,raw)
values ('post-doctorado-v36-programa-de-doctorado-en-ingenieria-quimica-y-ambiental','doctorado-v36-programa-de-doctorado-en-ingenieria-quimica-y-ambiental','doctorado','Campus de Santiago de Compostela','Másteres y doctorados usc y udc.pdf',jsonb_build_object('source_upload','3 base de datos itinera.zip'))
on conflict (id) do update set study_id=excluded.study_id,postgraduate_type=excluded.postgraduate_type,campus=excluded.campus,source_file=excluded.source_file,raw=excluded.raw,updated_at=now();


insert into public.itinera_studies(id,name,type,level,family,jurisdiction,official_title,route,subjects,ponderation_subjects,route_options,availability_by_province,sources,source_url,source_id,raw,data_quality,verified_at,last_seen_at,updated_at)
values (
  'doctorado-v36-programa-de-doctorado-en-ingenieria-termodinamica-de-fluidos',
  'Programa de Doctorado en Ingeniería Termodinámica de Fluídos',
  'doctorado',
  'Doutoramento',
  'Universidade · investigación',
  'Galicia',
  true,
  'Consultar requisitos, prazas, centros, modalidade e fontes oficiais antes de decidir.',
  '["Consultar liñas de investigación, requisitos de acceso e dirección de tese."]'::jsonb,
  '[{"subject": "Non aplica", "weight": "consultar universidade"}]'::jsonb,
  '[]'::jsonb,
  '{"Galicia": ["Campus de Santiago de Compostela"]}'::jsonb,
  '["usc-udc-masteres-doctorados", "ruct", "qedu"]'::jsonb,
  'https://www.usc.gal/',
  'usc-udc-masteres-doctorados',
  '{"source_upload": "3 base de datos itinera.zip", "source_file": "Másteres y doctorados usc y udc.pdf", "campus": "Campus de Santiago de Compostela"}'::jsonb,
  'official_upload',
  now(),
  now(),
  now()
)
on conflict (id) do update set
  name=excluded.name,
  type=excluded.type,
  level=excluded.level,
  family=excluded.family,
  jurisdiction=excluded.jurisdiction,
  route=excluded.route,
  subjects=excluded.subjects,
  ponderation_subjects=excluded.ponderation_subjects,
  route_options=excluded.route_options,
  availability_by_province=excluded.availability_by_province,
  sources=excluded.sources,
  source_url=excluded.source_url,
  source_id=excluded.source_id,
  raw=excluded.raw,
  data_quality=excluded.data_quality,
  verified_at=excluded.verified_at,
  last_seen_at=excluded.last_seen_at,
  updated_at=now();


insert into public.itinera_postgraduate_catalog(id,study_id,postgraduate_type,campus,source_file,raw)
values ('post-doctorado-v36-programa-de-doctorado-en-ingenieria-termodinamica-de-fluidos','doctorado-v36-programa-de-doctorado-en-ingenieria-termodinamica-de-fluidos','doctorado','Campus de Santiago de Compostela','Másteres y doctorados usc y udc.pdf',jsonb_build_object('source_upload','3 base de datos itinera.zip'))
on conflict (id) do update set study_id=excluded.study_id,postgraduate_type=excluded.postgraduate_type,campus=excluded.campus,source_file=excluded.source_file,raw=excluded.raw,updated_at=now();


insert into public.itinera_studies(id,name,type,level,family,jurisdiction,official_title,route,subjects,ponderation_subjects,route_options,availability_by_province,sources,source_url,source_id,raw,data_quality,verified_at,last_seen_at,updated_at)
values (
  'doctorado-v36-programa-de-doctorado-en-investigacion-agraria-y-forestal',
  'Programa de Doctorado en Investigación Agraria y Forestal',
  'doctorado',
  'Doutoramento',
  'Universidade · investigación',
  'Galicia',
  true,
  'Consultar requisitos, prazas, centros, modalidade e fontes oficiais antes de decidir.',
  '["Consultar liñas de investigación, requisitos de acceso e dirección de tese."]'::jsonb,
  '[{"subject": "Non aplica", "weight": "consultar universidade"}]'::jsonb,
  '[]'::jsonb,
  '{"Galicia": ["Campus de Lugo"]}'::jsonb,
  '["usc-udc-masteres-doctorados", "ruct", "qedu"]'::jsonb,
  'https://www.usc.gal/',
  'usc-udc-masteres-doctorados',
  '{"source_upload": "3 base de datos itinera.zip", "source_file": "Másteres y doctorados usc y udc.pdf", "campus": "Campus de Lugo"}'::jsonb,
  'official_upload',
  now(),
  now(),
  now()
)
on conflict (id) do update set
  name=excluded.name,
  type=excluded.type,
  level=excluded.level,
  family=excluded.family,
  jurisdiction=excluded.jurisdiction,
  route=excluded.route,
  subjects=excluded.subjects,
  ponderation_subjects=excluded.ponderation_subjects,
  route_options=excluded.route_options,
  availability_by_province=excluded.availability_by_province,
  sources=excluded.sources,
  source_url=excluded.source_url,
  source_id=excluded.source_id,
  raw=excluded.raw,
  data_quality=excluded.data_quality,
  verified_at=excluded.verified_at,
  last_seen_at=excluded.last_seen_at,
  updated_at=now();


insert into public.itinera_postgraduate_catalog(id,study_id,postgraduate_type,campus,source_file,raw)
values ('post-doctorado-v36-programa-de-doctorado-en-investigacion-agraria-y-forestal','doctorado-v36-programa-de-doctorado-en-investigacion-agraria-y-forestal','doctorado','Campus de Lugo','Másteres y doctorados usc y udc.pdf',jsonb_build_object('source_upload','3 base de datos itinera.zip'))
on conflict (id) do update set study_id=excluded.study_id,postgraduate_type=excluded.postgraduate_type,campus=excluded.campus,source_file=excluded.source_file,raw=excluded.raw,updated_at=now();


insert into public.itinera_studies(id,name,type,level,family,jurisdiction,official_title,route,subjects,ponderation_subjects,route_options,availability_by_province,sources,source_url,source_id,raw,data_quality,verified_at,last_seen_at,updated_at)
values (
  'doctorado-v36-programa-de-doctorado-en-investigacion-en-tecnologias-de-la-informacion',
  'Programa de Doctorado en Investigación en Tecnologías de la Información',
  'doctorado',
  'Doutoramento',
  'Universidade · investigación',
  'Galicia',
  true,
  'Consultar requisitos, prazas, centros, modalidade e fontes oficiais antes de decidir.',
  '["Consultar liñas de investigación, requisitos de acceso e dirección de tese."]'::jsonb,
  '[{"subject": "Non aplica", "weight": "consultar universidade"}]'::jsonb,
  '[]'::jsonb,
  '{"Galicia": ["Campus de Santiago de Compostela"]}'::jsonb,
  '["usc-udc-masteres-doctorados", "ruct", "qedu"]'::jsonb,
  'https://www.usc.gal/',
  'usc-udc-masteres-doctorados',
  '{"source_upload": "3 base de datos itinera.zip", "source_file": "Másteres y doctorados usc y udc.pdf", "campus": "Campus de Santiago de Compostela"}'::jsonb,
  'official_upload',
  now(),
  now(),
  now()
)
on conflict (id) do update set
  name=excluded.name,
  type=excluded.type,
  level=excluded.level,
  family=excluded.family,
  jurisdiction=excluded.jurisdiction,
  route=excluded.route,
  subjects=excluded.subjects,
  ponderation_subjects=excluded.ponderation_subjects,
  route_options=excluded.route_options,
  availability_by_province=excluded.availability_by_province,
  sources=excluded.sources,
  source_url=excluded.source_url,
  source_id=excluded.source_id,
  raw=excluded.raw,
  data_quality=excluded.data_quality,
  verified_at=excluded.verified_at,
  last_seen_at=excluded.last_seen_at,
  updated_at=now();


insert into public.itinera_postgraduate_catalog(id,study_id,postgraduate_type,campus,source_file,raw)
values ('post-doctorado-v36-programa-de-doctorado-en-investigacion-en-tecnologias-de-la-informacion','doctorado-v36-programa-de-doctorado-en-investigacion-en-tecnologias-de-la-informacion','doctorado','Campus de Santiago de Compostela','Másteres y doctorados usc y udc.pdf',jsonb_build_object('source_upload','3 base de datos itinera.zip'))
on conflict (id) do update set study_id=excluded.study_id,postgraduate_type=excluded.postgraduate_type,campus=excluded.campus,source_file=excluded.source_file,raw=excluded.raw,updated_at=now();


insert into public.itinera_studies(id,name,type,level,family,jurisdiction,official_title,route,subjects,ponderation_subjects,route_options,availability_by_province,sources,source_url,source_id,raw,data_quality,verified_at,last_seen_at,updated_at)
values (
  'doctorado-v36-programa-de-doctorado-en-metodos-matematicos-y-simulacion-numerica-en-ingenieria-y-ciencias-aplicada',
  'Programa de Doctorado en métodos matemáticos y simulación numérica en ingeniería y ciencias aplicadas',
  'doctorado',
  'Doutoramento',
  'Universidade · investigación',
  'Galicia',
  true,
  'Consultar requisitos, prazas, centros, modalidade e fontes oficiais antes de decidir.',
  '["Consultar liñas de investigación, requisitos de acceso e dirección de tese."]'::jsonb,
  '[{"subject": "Non aplica", "weight": "consultar universidade"}]'::jsonb,
  '[]'::jsonb,
  '{"Galicia": ["Campus de Santiago de Compostela"]}'::jsonb,
  '["usc-udc-masteres-doctorados", "ruct", "qedu"]'::jsonb,
  'https://www.usc.gal/',
  'usc-udc-masteres-doctorados',
  '{"source_upload": "3 base de datos itinera.zip", "source_file": "Másteres y doctorados usc y udc.pdf", "campus": "Campus de Santiago de Compostela"}'::jsonb,
  'official_upload',
  now(),
  now(),
  now()
)
on conflict (id) do update set
  name=excluded.name,
  type=excluded.type,
  level=excluded.level,
  family=excluded.family,
  jurisdiction=excluded.jurisdiction,
  route=excluded.route,
  subjects=excluded.subjects,
  ponderation_subjects=excluded.ponderation_subjects,
  route_options=excluded.route_options,
  availability_by_province=excluded.availability_by_province,
  sources=excluded.sources,
  source_url=excluded.source_url,
  source_id=excluded.source_id,
  raw=excluded.raw,
  data_quality=excluded.data_quality,
  verified_at=excluded.verified_at,
  last_seen_at=excluded.last_seen_at,
  updated_at=now();


insert into public.itinera_postgraduate_catalog(id,study_id,postgraduate_type,campus,source_file,raw)
values ('post-doctorado-v36-programa-de-doctorado-en-metodos-matematicos-y-simulacion-numerica-en-ingenieria-y-ciencias-aplicada','doctorado-v36-programa-de-doctorado-en-metodos-matematicos-y-simulacion-numerica-en-ingenieria-y-ciencias-aplicada','doctorado','Campus de Santiago de Compostela','Másteres y doctorados usc y udc.pdf',jsonb_build_object('source_upload','3 base de datos itinera.zip'))
on conflict (id) do update set study_id=excluded.study_id,postgraduate_type=excluded.postgraduate_type,campus=excluded.campus,source_file=excluded.source_file,raw=excluded.raw,updated_at=now();

commit;
